2026-10-06T14:59:43.0063310Z Current runner version: '2.337.0'
2026-10-06T14:59:43.0077250Z ##[group]Runner Image Provisioner
2026-10-06T14:59:43.0077770Z Hosted Compute Agent
2026-10-06T14:59:43.0078130Z Version: 20260828.587
2026-10-06T14:59:43.0078540Z Commit: abac92662cab4cc7352de4f9f9d2e2419aad9c29
2026-10-06T14:59:43.0079010Z Build Date: 2026-08-28T16:44:25Z
2026-10-06T14:59:43.0079430Z Worker ID: {522868e5-0abe-4adb-905e-5c7be69124d1}
2026-10-06T14:59:43.0079880Z Azure Region: westus
2026-10-06T14:59:43.0080240Z ##[endgroup]
2026-10-06T14:59:43.0081040Z ##[group]Operating System
2026-10-06T14:59:43.0081430Z macOS
2026-10-06T14:59:43.0081750Z 14.8.9
2026-10-06T14:59:43.0082100Z 23J631
2026-10-06T14:59:43.0082420Z ##[endgroup]
2026-10-06T14:59:43.0082760Z ##[group]Runner Image
2026-10-06T14:59:43.0083130Z Image: macos-14-arm64
2026-10-06T14:59:43.0083480Z Version: 20260831.0302.1
2026-10-06T14:59:43.0084290Z Included Software: https://github.com/actions/runner-images/blob/macos-14-arm64/20260831.0302/images/macos/macos-14-arm64-Readme.md
2026-10-06T14:59:43.0085340Z Image Release: https://github.com/actions/runner-images/releases/tag/macos-14-arm64%2F20260831.0302
2026-10-06T14:59:43.0086000Z ##[endgroup]
2026-10-06T14:59:43.0086780Z ##[group]GITHUB_TOKEN Permissions
2026-10-06T14:59:43.0087920Z Contents: read
2026-10-06T14:59:43.0088280Z Metadata: read
2026-10-06T14:59:43.0088630Z Packages: read
2026-10-06T14:59:43.0088970Z ##[endgroup]
2026-10-06T14:59:43.0090250Z Secret source: Actions
2026-10-06T14:59:43.0090790Z Cache mode: write
2026-10-06T14:59:43.0091210Z Prepare workflow directory
2026-10-06T14:59:43.0302060Z Prepare all required actions
2026-10-06T14:59:43.0335790Z Getting action download info
2026-10-06T14:59:43.4436430Z Download action repository 'actions/checkout@v4' (SHA:11d5960a326750d5838078e36cf38b85af677262)
2026-10-06T14:59:43.6386840Z Download action repository 'actions/upload-artifact@v4' (SHA:ea165f8d65b6e75b540449e92b4886f43607fa02)
2026-10-06T14:59:43.7891910Z Complete job name: build-ipa
2026-10-06T14:59:43.8300430Z ##[group]Run actions/checkout@v4
2026-10-06T14:59:43.8301000Z with:
2026-10-06T14:59:43.8301330Z   repository: zhuof725/bookon
2026-10-06T14:59:43.8303790Z   token: ***
2026-10-06T14:59:43.8304100Z   ssh-strict: true
2026-10-06T14:59:43.8304420Z   ssh-user: git
2026-10-06T14:59:43.8304760Z   persist-credentials: true
2026-10-06T14:59:43.8305110Z   clean: true
2026-10-06T14:59:43.8305450Z   sparse-checkout-cone-mode: true
2026-10-06T14:59:43.8305840Z   fetch-depth: 1
2026-10-06T14:59:43.8306170Z   fetch-tags: false
2026-10-06T14:59:43.8306500Z   show-progress: true
2026-10-06T14:59:43.8306830Z   lfs: false
2026-10-06T14:59:43.8307150Z   submodules: false
2026-10-06T14:59:43.8307490Z   set-safe-directory: true
2026-10-06T14:59:43.8307860Z   allow-unsafe-pr-checkout: false
2026-10-06T14:59:43.8308350Z ##[endgroup]
2026-10-06T14:59:43.9415510Z Syncing repository: zhuof725/bookon
2026-10-06T14:59:43.9416910Z ##[group]Getting Git version info
2026-10-06T14:59:43.9417630Z Working directory is '/Users/runner/work/bookon/bookon'
2026-10-06T14:59:43.9418460Z [command]/opt/homebrew/bin/git version
2026-10-06T14:59:43.9616450Z git version 2.55.0
2026-10-06T14:59:43.9627330Z ##[endgroup]
2026-10-06T14:59:43.9633460Z Copying '/Users/runner/.gitconfig' to '/Users/runner/work/_temp/eee5f9bf-25e0-4d0a-8587-a91fa1b3b76b/.gitconfig'
2026-10-06T14:59:43.9640190Z Temporarily overriding HOME='/Users/runner/work/_temp/eee5f9bf-25e0-4d0a-8587-a91fa1b3b76b' before making global git config changes
2026-10-06T14:59:43.9641240Z Adding repository directory to the temporary git global config as a safe directory
2026-10-06T14:59:43.9643640Z [command]/opt/homebrew/bin/git config --global --add safe.directory /Users/runner/work/bookon/bookon
2026-10-06T14:59:43.9727030Z Deleting the contents of '/Users/runner/work/bookon/bookon'
2026-10-06T14:59:43.9729620Z ##[group]Initializing the repository
2026-10-06T14:59:43.9733780Z [command]/opt/homebrew/bin/git init /Users/runner/work/bookon/bookon
2026-10-06T14:59:43.9907530Z hint: Using 'master' as the name for the initial branch. This default branch name
2026-10-06T14:59:43.9908840Z hint: will change to "main" in Git 3.0. To configure the initial branch name
2026-10-06T14:59:43.9909590Z hint: to use in all of your new repositories, which will suppress this warning,
2026-10-06T14:59:43.9910230Z hint: call:
2026-10-06T14:59:43.9910550Z hint:
2026-10-06T14:59:43.9910950Z hint: 	git config --global init.defaultBranch <name>
2026-10-06T14:59:43.9911400Z hint:
2026-10-06T14:59:43.9911910Z hint: Names commonly chosen instead of 'master' are 'main', 'trunk' and
2026-10-06T14:59:43.9912610Z hint: 'development'. The just-created branch can be renamed via this command:
2026-10-06T14:59:43.9913180Z hint:
2026-10-06T14:59:43.9913510Z hint: 	git branch -m <name>
2026-10-06T14:59:43.9913900Z hint:
2026-10-06T14:59:43.9914370Z hint: Disable this message with "git config set advice.defaultBranchName false"
2026-10-06T14:59:43.9915080Z Initialized empty Git repository in /Users/runner/work/bookon/bookon/.git/
2026-10-06T14:59:43.9916490Z [command]/opt/homebrew/bin/git remote add origin https://github.com/zhuof725/bookon
2026-10-06T14:59:43.9969240Z ##[endgroup]
2026-10-06T14:59:43.9969860Z ##[group]Disabling automatic garbage collection
2026-10-06T14:59:43.9971830Z [command]/opt/homebrew/bin/git config --local gc.auto 0
2026-10-06T14:59:44.0012200Z ##[endgroup]
2026-10-06T14:59:44.0012820Z ##[group]Setting up auth
2026-10-06T14:59:44.0016400Z [command]/opt/homebrew/bin/git config --local --name-only --get-regexp core\.sshCommand
2026-10-06T14:59:44.0059810Z [command]/opt/homebrew/bin/git submodule foreach --recursive sh -c "git config --local --name-only --get-regexp 'core\.sshCommand' && git config --local --unset-all 'core.sshCommand' || :"
2026-10-06T14:59:44.0631680Z [command]/opt/homebrew/bin/git config --local --name-only --get-regexp http\.https\:\/\/github\.com\/\.extraheader
2026-10-06T14:59:44.0671420Z [command]/opt/homebrew/bin/git submodule foreach --recursive sh -c "git config --local --name-only --get-regexp 'http\.https\:\/\/github\.com\/\.extraheader' && git config --local --unset-all 'http.https://github.com/.extraheader' || :"
2026-10-06T14:59:44.1186950Z [command]/opt/homebrew/bin/git config --local --name-only --get-regexp ^includeIf\.gitdir:
2026-10-06T14:59:44.1215710Z [command]/opt/homebrew/bin/git submodule foreach --recursive git config --local --show-origin --name-only --get-regexp remote.origin.url
2026-10-06T14:59:44.1722200Z [command]/opt/homebrew/bin/git config --local http.https://github.com/.extraheader AUTHORIZATION: basic ***
2026-10-06T14:59:44.1765250Z ##[endgroup]
2026-10-06T14:59:44.1765850Z ##[group]Fetching the repository
2026-10-06T14:59:44.1770690Z [command]/opt/homebrew/bin/git -c protocol.version=2 fetch --no-tags --prune --no-recurse-submodules --depth=1 origin +38d59cf41e03a80eea0ab7c18d4b3c2c27a70e36:refs/remotes/origin/main
2026-10-06T14:59:46.6294610Z From https://github.com/zhuof725/bookon
2026-10-06T14:59:46.6295850Z  * [new ref]         38d59cf41e03a80eea0ab7c18d4b3c2c27a70e36 -> origin/main
2026-10-06T14:59:46.6298260Z ##[endgroup]
2026-10-06T14:59:46.6299130Z ##[group]Determining the checkout info
2026-10-06T14:59:46.6300110Z ##[endgroup]
2026-10-06T14:59:46.6303290Z [command]/opt/homebrew/bin/git sparse-checkout disable
2026-10-06T14:59:46.6357450Z [command]/opt/homebrew/bin/git config --local --unset-all extensions.worktreeConfig
2026-10-06T14:59:46.6398800Z ##[group]Checking out the ref
2026-10-06T14:59:46.6406410Z [command]/opt/homebrew/bin/git checkout --progress --force -B main refs/remotes/origin/main
2026-10-06T14:59:46.8321370Z Switched to a new branch 'main'
2026-10-06T14:59:46.8323230Z branch 'main' set up to track 'origin/main'.
2026-10-06T14:59:46.8337690Z ##[endgroup]
2026-10-06T14:59:46.8398560Z [command]/opt/homebrew/bin/git log -1 --format=%H
2026-10-06T14:59:46.8439050Z 38d59cf41e03a80eea0ab7c18d4b3c2c27a70e36
2026-10-06T14:59:46.8603140Z ##[group]Run brew install xcodegen
2026-10-06T14:59:46.8604320Z [36;1mbrew install xcodegen[0m
2026-10-06T14:59:46.8658030Z shell: /bin/bash -e {0}
2026-10-06T14:59:46.8658820Z ##[endgroup]
2026-10-06T14:59:48.3549350Z [32m==>[0m [1mDownloading bottle manifests[0m
2026-10-06T14:59:48.3662600Z ✔︎ Bottle Manifest xcodegen (2.46.0)
2026-10-06T14:59:48.3663640Z [34m==>[0m [1mWould install 1 formula:[0m
2026-10-06T14:59:48.3664180Z xcodegen
2026-10-06T14:59:48.3728660Z [32m==>[0m [1mFetching downloads for: [32mxcodegen[39m[0m
2026-10-06T14:59:48.6014300Z ✔︎ Bottle xcodegen (2.46.0)
2026-10-06T14:59:48.6333850Z [34m==>[0m [1mPouring xcodegen--2.46.0.arm64_sonoma.bottle.1.tar.gz[0m
2026-10-06T14:59:48.7052500Z 🍺  /opt/homebrew/Cellar/xcodegen/2.46.0: 38 files, 7.6MB
2026-10-06T14:59:48.7150780Z ##[group]Run bash scripts/build_ipa.sh
2026-10-06T14:59:48.7151090Z [36;1mbash scripts/build_ipa.sh[0m
2026-10-06T14:59:48.7198360Z shell: /bin/bash -e {0}
2026-10-06T14:59:48.7198600Z env:
2026-10-06T14:59:48.7198860Z   GIT_COMMIT: 38d59cf41e03a80eea0ab7c18d4b3c2c27a70e36
2026-10-06T14:59:48.7199160Z   CI_RUN_ID: 37483342891
2026-10-06T14:59:48.7199410Z ##[endgroup]
2026-10-06T14:59:48.7478890Z == 1/4 生成 Xcode 工程 ==
2026-10-06T14:59:48.7567180Z ⚙️  Generating plists...
2026-10-06T14:59:48.7567530Z ⚙️  Generating project...
2026-10-06T14:59:48.7623410Z ⚙️  Writing project...
2026-10-06T14:59:48.7662780Z Created project at /Users/runner/work/bookon/bookon/BookonDebug.xcodeproj
2026-10-06T14:59:48.7792710Z [verify_xcodeproj_format] Xcode=15.4 (major=15 minor=4) objectVersion=63 (需要 Xcode 15.3+)
2026-10-06T14:59:48.7793510Z [verify_xcodeproj_format] OK: objectVersion 63 is compatible with Xcode 15.4
2026-10-06T14:59:48.7794060Z == 2/4 归档（Release，无签名）==
2026-10-06T14:59:49.4355260Z Command line invocation:
2026-10-06T14:59:49.4356920Z     /Applications/Xcode_15.4.app/Contents/Developer/usr/bin/xcodebuild archive -project BookonDebug.xcodeproj -scheme BookonDebug -configuration Release -archivePath build/BookonDebug.xcarchive -destination generic/platform=iOS CODE_SIGNING_ALLOWED=NO CODE_SIGNING_REQUIRED=NO GIT_COMMIT=38d59cf41e03a80eea0ab7c18d4b3c2c27a70e36 CI_RUN_ID=37483342891
2026-10-06T14:59:49.4358270Z 
2026-10-06T14:59:49.4358380Z User defaults from command line:
2026-10-06T14:59:49.4373350Z     IDEArchivePathOverride = /Users/runner/work/bookon/bookon/build/BookonDebug.xcarchive
2026-10-06T14:59:49.4373810Z     IDEPackageSupportUseBuiltinSCM = YES
2026-10-06T14:59:49.4373970Z 
2026-10-06T14:59:49.4374040Z Build settings from command line:
2026-10-06T14:59:49.4374230Z     CI_RUN_ID = 37483342891
2026-10-06T14:59:49.4374470Z     CODE_SIGNING_ALLOWED = NO
2026-10-06T14:59:49.4374750Z     CODE_SIGNING_REQUIRED = NO
2026-10-06T14:59:49.4375070Z     GIT_COMMIT = 38d59cf41e03a80eea0ab7c18d4b3c2c27a70e36
2026-10-06T14:59:49.4375250Z 
2026-10-06T14:59:56.1167740Z Resolve Package Graph
2026-10-06T15:00:02.1373510Z 
2026-10-06T15:00:02.1393740Z Fetching from https://github.com/scinfu/SwiftSoup.git
2026-10-06T15:00:03.1572570Z 
2026-10-06T15:00:03.5813690Z Creating working copy of package ‘SwiftSoup’
2026-10-06T15:00:03.6104310Z 
2026-10-06T15:00:03.6105700Z Checking out 2.9.6 of package ‘SwiftSoup’
2026-10-06T15:00:03.6700370Z 
2026-10-06T15:00:04.0200680Z Invalid Resource 'Resources/golden': File not found.
2026-10-06T15:00:04.0202060Z Resolved source packages:
2026-10-06T15:00:04.0202940Z   LegadoBookSource: /Users/runner/work/bookon/bookon
2026-10-06T15:00:04.0203590Z   SwiftSoup: https://github.com/scinfu/SwiftSoup.git @ 2.9.6
2026-10-06T15:00:04.0206260Z 
2026-10-06T15:00:04.1056270Z Prepare packages
2026-10-06T15:00:04.1064820Z 
2026-10-06T15:00:04.5941660Z ComputeTargetDependencyGraph
2026-10-06T15:00:04.6794190Z note: Building targets in dependency order
2026-10-06T15:00:04.6802570Z note: Target dependency graph (8 targets)
2026-10-06T15:00:04.6856150Z     Target 'BookonDebug' in project 'BookonDebug'
2026-10-06T15:00:04.6876520Z         ➜ Explicit dependency on target 'BookonDebugKit' in project 'LegadoBookSource'
2026-10-06T15:00:04.6879980Z         ➜ Explicit dependency on target 'LegadoBookSource' in project 'LegadoBookSource'
2026-10-06T15:00:04.6884970Z     Target 'LegadoBookSource' in project 'LegadoBookSource'
2026-10-06T15:00:04.6885440Z         ➜ Explicit dependency on target 'LegadoBookSource' in project 'LegadoBookSource'
2026-10-06T15:00:04.6885990Z         ➜ Explicit dependency on target 'LegadoBookSource_LegadoBookSource' in project 'LegadoBookSource'
2026-10-06T15:00:04.6886510Z         ➜ Explicit dependency on target 'SwiftSoup' in project 'SwiftSoup'
2026-10-06T15:00:04.6886860Z     Target 'BookonDebugKit' in project 'LegadoBookSource'
2026-10-06T15:00:04.6887280Z         ➜ Explicit dependency on target 'BookonDebugKit' in project 'LegadoBookSource'
2026-10-06T15:00:04.6892170Z         ➜ Explicit dependency on target 'LegadoBookSource' in project 'LegadoBookSource'
2026-10-06T15:00:04.6892670Z         ➜ Explicit dependency on target 'SwiftSoup' in project 'SwiftSoup'
2026-10-06T15:00:04.6893060Z     Target 'BookonDebugKit' in project 'LegadoBookSource'
2026-10-06T15:00:04.6893490Z         ➜ Explicit dependency on target 'LegadoBookSource' in project 'LegadoBookSource'
2026-10-06T15:00:04.6893950Z         ➜ Explicit dependency on target 'SwiftSoup' in project 'SwiftSoup'
2026-10-06T15:00:04.6894300Z     Target 'LegadoBookSource' in project 'LegadoBookSource'
2026-10-06T15:00:04.6894770Z         ➜ Explicit dependency on target 'LegadoBookSource_LegadoBookSource' in project 'LegadoBookSource'
2026-10-06T15:00:04.6895250Z         ➜ Explicit dependency on target 'SwiftSoup' in project 'SwiftSoup'
2026-10-06T15:00:04.6895560Z     Target 'SwiftSoup' in project 'SwiftSoup'
2026-10-06T15:00:04.6895930Z         ➜ Explicit dependency on target 'SwiftSoup' in project 'SwiftSoup'
2026-10-06T15:00:04.6896360Z     Target 'SwiftSoup' in project 'SwiftSoup' (no dependencies)
2026-10-06T15:00:04.6896780Z     Target 'LegadoBookSource_LegadoBookSource' in project 'LegadoBookSource' (no dependencies)
2026-10-06T15:00:04.6897080Z 
2026-10-06T15:00:04.6897160Z GatherProvisioningInputs
2026-10-06T15:00:04.6897280Z 
2026-10-06T15:00:04.6934070Z CreateBuildDescription
2026-10-06T15:00:04.8016590Z 
2026-10-06T15:00:04.8027120Z ExecuteExternalTool /Applications/Xcode_15.4.app/Contents/Developer/Toolchains/XcodeDefault.xctoolchain/usr/bin/swiftc -v
2026-10-06T15:00:05.1479310Z 
2026-10-06T15:00:05.1490000Z ExecuteExternalTool /Applications/Xcode_15.4.app/Contents/Developer/Toolchains/XcodeDefault.xctoolchain/usr/bin/clang -v -E -dM -isysroot /Applications/Xcode_15.4.app/Contents/Developer/Platforms/iPhoneOS.platform/Developer/SDKs/iPhoneOS17.5.sdk -x c -c /dev/null
2026-10-06T15:00:05.4316880Z 
2026-10-06T15:00:05.4426090Z ExecuteExternalTool /Applications/Xcode_15.4.app/Contents/Developer/Toolchains/XcodeDefault.xctoolchain/usr/bin/ld -version_details
2026-10-06T15:00:05.4514610Z 
2026-10-06T15:00:05.5168020Z Build description signature: 85047ac72e2207da53e00e9adf0b092e
2026-10-06T15:00:05.5260150Z Build description path: /Users/runner/Library/Developer/Xcode/DerivedData/BookonDebug-ehazsigvxemoqzdtqumqzfgyfpkz/Build/Intermediates.noindex/ArchiveIntermediates/BookonDebug/IntermediateBuildFilesPath/XCBuildData/85047ac72e2207da53e00e9adf0b092e.xcbuilddata
2026-10-06T15:00:05.5369380Z CreateBuildDirectory /Users/runner/Library/Developer/Xcode/DerivedData/BookonDebug-ehazsigvxemoqzdtqumqzfgyfpkz/Build/Intermediates.noindex/ArchiveIntermediates/BookonDebug/InstallationBuildProductsLocation
2026-10-06T15:00:05.5471840Z     cd /Users/runner/work/bookon/bookon/BookonDebug.xcodeproj
2026-10-06T15:00:05.5569880Z     builtin-create-build-directory /Users/runner/Library/Developer/Xcode/DerivedData/BookonDebug-ehazsigvxemoqzdtqumqzfgyfpkz/Build/Intermediates.noindex/ArchiveIntermediates/BookonDebug/InstallationBuildProductsLocation
2026-10-06T15:00:05.5582750Z 
2026-10-06T15:00:05.5586040Z ClangStatCache /Applications/Xcode_15.4.app/Contents/Developer/Toolchains/XcodeDefault.xctoolchain/usr/bin/clang-stat-cache /Applications/Xcode_15.4.app/Contents/Developer/Platforms/iPhoneOS.platform/Developer/SDKs/iPhoneOS17.5.sdk /Users/runner/Library/Developer/Xcode/DerivedData/SDKStatCaches.noindex/iphoneos17.5-21F77-f0fa7969d082b13145125136a829df3a.sdkstatcache
2026-10-06T15:00:05.5604280Z     cd /Users/runner/work/bookon/bookon/BookonDebug.xcodeproj
2026-10-06T15:00:05.5607380Z     /Applications/Xcode_15.4.app/Contents/Developer/Toolchains/XcodeDefault.xctoolchain/usr/bin/clang-stat-cache /Applications/Xcode_15.4.app/Contents/Developer/Platforms/iPhoneOS.platform/Developer/SDKs/iPhoneOS17.5.sdk -o /Users/runner/Library/Developer/Xcode/DerivedData/SDKStatCaches.noindex/iphoneos17.5-21F77-f0fa7969d082b13145125136a829df3a.sdkstatcache
2026-10-06T15:00:06.7407190Z 
2026-10-06T15:00:06.7411020Z CreateBuildDirectory /Users/runner/Library/Developer/Xcode/DerivedData/BookonDebug-ehazsigvxemoqzdtqumqzfgyfpkz/Build/Intermediates.noindex/ArchiveIntermediates/BookonDebug/IntermediateBuildFilesPath
2026-10-06T15:00:06.7415230Z     cd /Users/runner/work/bookon/bookon/BookonDebug.xcodeproj
2026-10-06T15:00:06.7416690Z     builtin-create-build-directory /Users/runner/Library/Developer/Xcode/DerivedData/BookonDebug-ehazsigvxemoqzdtqumqzfgyfpkz/Build/Intermediates.noindex/ArchiveIntermediates/BookonDebug/IntermediateBuildFilesPath
2026-10-06T15:00:06.7417990Z 
2026-10-06T15:00:06.7418740Z CreateBuildDirectory /Users/runner/Library/Developer/Xcode/DerivedData/BookonDebug-ehazsigvxemoqzdtqumqzfgyfpkz/Build/Intermediates.noindex/ArchiveIntermediates/BookonDebug/BuildProductsPath
2026-10-06T15:00:06.7420570Z     cd /Users/runner/work/bookon/bookon/BookonDebug.xcodeproj
2026-10-06T15:00:06.7421780Z     builtin-create-build-directory /Users/runner/Library/Developer/Xcode/DerivedData/BookonDebug-ehazsigvxemoqzdtqumqzfgyfpkz/Build/Intermediates.noindex/ArchiveIntermediates/BookonDebug/BuildProductsPath
2026-10-06T15:00:06.7423200Z 
2026-10-06T15:00:06.7424260Z CreateBuildDirectory /Users/runner/Library/Developer/Xcode/DerivedData/BookonDebug-ehazsigvxemoqzdtqumqzfgyfpkz/Build/Intermediates.noindex/ArchiveIntermediates/BookonDebug/IntermediateBuildFilesPath/EagerLinkingTBDs/Release-iphoneos
2026-10-06T15:00:06.7431230Z     cd /Users/runner/work/bookon/bookon/BookonDebug.xcodeproj
2026-10-06T15:00:06.7432330Z     builtin-create-build-directory /Users/runner/Library/Developer/Xcode/DerivedData/BookonDebug-ehazsigvxemoqzdtqumqzfgyfpkz/Build/Intermediates.noindex/ArchiveIntermediates/BookonDebug/IntermediateBuildFilesPath/EagerLinkingTBDs/Release-iphoneos
2026-10-06T15:00:06.7433240Z 
2026-10-06T15:00:06.7434110Z CreateBuildDirectory /Users/runner/Library/Developer/Xcode/DerivedData/BookonDebug-ehazsigvxemoqzdtqumqzfgyfpkz/Build/Intermediates.noindex/ArchiveIntermediates/BookonDebug/BuildProductsPath/Release-iphoneos
2026-10-06T15:00:06.7435830Z     cd /Users/runner/work/bookon/bookon/BookonDebug.xcodeproj
2026-10-06T15:00:06.7436680Z     builtin-create-build-directory /Users/runner/Library/Developer/Xcode/DerivedData/BookonDebug-ehazsigvxemoqzdtqumqzfgyfpkz/Build/Intermediates.noindex/ArchiveIntermediates/BookonDebug/BuildProductsPath/Release-iphoneos
2026-10-06T15:00:06.7437380Z 
2026-10-06T15:00:06.7438340Z SymLink /Users/runner/Library/Developer/Xcode/DerivedData/BookonDebug-ehazsigvxemoqzdtqumqzfgyfpkz/Build/Intermediates.noindex/ArchiveIntermediates/BookonDebug/BuildProductsPath/Release-iphoneos/SwiftSoup.o ../../IntermediateBuildFilesPath/UninstalledProducts/iphoneos/SwiftSoup.o (in target 'SwiftSoup' from project 'SwiftSoup')
2026-10-06T15:00:06.7440350Z     cd /Users/runner/Library/Developer/Xcode/DerivedData/BookonDebug-ehazsigvxemoqzdtqumqzfgyfpkz/SourcePackages/checkouts/SwiftSoup
2026-10-06T15:00:06.7441600Z     /bin/ln -sfh ../../IntermediateBuildFilesPath/UninstalledProducts/iphoneos/SwiftSoup.o /Users/runner/Library/Developer/Xcode/DerivedData/BookonDebug-ehazsigvxemoqzdtqumqzfgyfpkz/Build/Intermediates.noindex/ArchiveIntermediates/BookonDebug/BuildProductsPath/Release-iphoneos/SwiftSoup.o
2026-10-06T15:00:06.7442510Z 
2026-10-06T15:00:06.7443810Z SymLink /Users/runner/Library/Developer/Xcode/DerivedData/BookonDebug-ehazsigvxemoqzdtqumqzfgyfpkz/Build/Intermediates.noindex/ArchiveIntermediates/BookonDebug/BuildProductsPath/Release-iphoneos/LegadoBookSource_LegadoBookSource.bundle ../../IntermediateBuildFilesPath/UninstalledProducts/iphoneos/LegadoBookSource_LegadoBookSource.bundle (in target 'LegadoBookSource_LegadoBookSource' from project 'LegadoBookSource')
2026-10-06T15:00:06.7445950Z     cd /Users/runner/work/bookon/bookon
2026-10-06T15:00:06.7447370Z     /bin/ln -sfh ../../IntermediateBuildFilesPath/UninstalledProducts/iphoneos/LegadoBookSource_LegadoBookSource.bundle /Users/runner/Library/Developer/Xcode/DerivedData/BookonDebug-ehazsigvxemoqzdtqumqzfgyfpkz/Build/Intermediates.noindex/ArchiveIntermediates/BookonDebug/BuildProductsPath/Release-iphoneos/LegadoBookSource_LegadoBookSource.bundle
2026-10-06T15:00:06.7448630Z 
2026-10-06T15:00:06.7449750Z MkDir /Users/runner/Library/Developer/Xcode/DerivedData/BookonDebug-ehazsigvxemoqzdtqumqzfgyfpkz/Build/Intermediates.noindex/ArchiveIntermediates/BookonDebug/IntermediateBuildFilesPath/UninstalledProducts/iphoneos/LegadoBookSource_LegadoBookSource.bundle (in target 'LegadoBookSource_LegadoBookSource' from project 'LegadoBookSource')
2026-10-06T15:00:06.7451160Z     cd /Users/runner/work/bookon/bookon
2026-10-06T15:00:06.7452840Z     /bin/mkdir -p /Users/runner/Library/Developer/Xcode/DerivedData/BookonDebug-ehazsigvxemoqzdtqumqzfgyfpkz/Build/Intermediates.noindex/ArchiveIntermediates/BookonDebug/IntermediateBuildFilesPath/UninstalledProducts/iphoneos/LegadoBookSource_LegadoBookSource.bundle
2026-10-06T15:00:06.7454110Z 
2026-10-06T15:00:06.7455270Z SymLink /Users/runner/Library/Developer/Xcode/DerivedData/BookonDebug-ehazsigvxemoqzdtqumqzfgyfpkz/Build/Intermediates.noindex/ArchiveIntermediates/BookonDebug/BuildProductsPath/Release-iphoneos/LegadoBookSource.o ../../IntermediateBuildFilesPath/UninstalledProducts/iphoneos/LegadoBookSource.o (in target 'LegadoBookSource' from project 'LegadoBookSource')
2026-10-06T15:00:06.7456850Z     cd /Users/runner/work/bookon/bookon
2026-10-06T15:00:06.7458110Z     /bin/ln -sfh ../../IntermediateBuildFilesPath/UninstalledProducts/iphoneos/LegadoBookSource.o /Users/runner/Library/Developer/Xcode/DerivedData/BookonDebug-ehazsigvxemoqzdtqumqzfgyfpkz/Build/Intermediates.noindex/ArchiveIntermediates/BookonDebug/BuildProductsPath/Release-iphoneos/LegadoBookSource.o
2026-10-06T15:00:06.7459050Z 
2026-10-06T15:00:06.7460050Z CreateBuildDirectory /Users/runner/Library/Developer/Xcode/DerivedData/BookonDebug-ehazsigvxemoqzdtqumqzfgyfpkz/Build/Intermediates.noindex/ArchiveIntermediates/BookonDebug/BuildProductsPath/Release-iphoneos/PackageFrameworks
2026-10-06T15:00:06.7460940Z     cd /Users/runner/work/bookon/bookon/BookonDebug.xcodeproj
2026-10-06T15:00:06.7462500Z     builtin-create-build-directory /Users/runner/Library/Developer/Xcode/DerivedData/BookonDebug-ehazsigvxemoqzdtqumqzfgyfpkz/Build/Intermediates.noindex/ArchiveIntermediates/BookonDebug/BuildProductsPath/Release-iphoneos/PackageFrameworks
2026-10-06T15:00:06.7464120Z 
2026-10-06T15:00:06.7465130Z SymLink /Users/runner/Library/Developer/Xcode/DerivedData/BookonDebug-ehazsigvxemoqzdtqumqzfgyfpkz/Build/Intermediates.noindex/ArchiveIntermediates/BookonDebug/BuildProductsPath/Release-iphoneos/BookonDebugKit.o ../../IntermediateBuildFilesPath/UninstalledProducts/iphoneos/BookonDebugKit.o (in target 'BookonDebugKit' from project 'LegadoBookSource')
2026-10-06T15:00:06.7466340Z     cd /Users/runner/work/bookon/bookon
2026-10-06T15:00:06.7468870Z     /bin/ln -sfh ../../IntermediateBuildFilesPath/UninstalledProducts/iphoneos/BookonDebugKit.o /Users/runner/Library/Developer/Xcode/DerivedData/BookonDebug-ehazsigvxemoqzdtqumqzfgyfpkz/Build/Intermediates.noindex/ArchiveIntermediates/BookonDebug/BuildProductsPath/Release-iphoneos/BookonDebugKit.o
2026-10-06T15:00:06.7469800Z 
2026-10-06T15:00:06.7470700Z WriteAuxiliaryFile /Users/runner/Library/Developer/Xcode/DerivedData/BookonDebug-ehazsigvxemoqzdtqumqzfgyfpkz/Build/Intermediates.noindex/ArchiveIntermediates/BookonDebug/IntermediateBuildFilesPath/SwiftSoup.build/Release-iphoneos/SwiftSoup.build/SwiftSoup.modulemap (in target 'SwiftSoup' from project 'SwiftSoup')
2026-10-06T15:00:06.7472250Z     cd /Users/runner/Library/Developer/Xcode/DerivedData/BookonDebug-ehazsigvxemoqzdtqumqzfgyfpkz/SourcePackages/checkouts/SwiftSoup
2026-10-06T15:00:06.7475860Z     write-file /Users/runner/Library/Developer/Xcode/DerivedData/BookonDebug-ehazsigvxemoqzdtqumqzfgyfpkz/Build/Intermediates.noindex/ArchiveIntermediates/BookonDebug/IntermediateBuildFilesPath/SwiftSoup.build/Release-iphoneos/SwiftSoup.build/SwiftSoup.modulemap
2026-10-06T15:00:06.7477620Z 
2026-10-06T15:00:06.7478850Z SymLink /Users/runner/Library/Developer/Xcode/DerivedData/BookonDebug-ehazsigvxemoqzdtqumqzfgyfpkz/Build/Intermediates.noindex/ArchiveIntermediates/BookonDebug/BuildProductsPath/Release-iphoneos/BookonDebug.app ../../InstallationBuildProductsLocation/Applications/BookonDebug.app (in target 'BookonDebug' from project 'BookonDebug')
2026-10-06T15:00:06.7479950Z     cd /Users/runner/work/bookon/bookon
2026-10-06T15:00:06.7480900Z     /bin/ln -sfh ../../InstallationBuildProductsLocation/Applications/BookonDebug.app /Users/runner/Library/Developer/Xcode/DerivedData/BookonDebug-ehazsigvxemoqzdtqumqzfgyfpkz/Build/Intermediates.noindex/ArchiveIntermediates/BookonDebug/BuildProductsPath/Release-iphoneos/BookonDebug.app
2026-10-06T15:00:06.7481810Z 
2026-10-06T15:00:06.7483270Z MkDir /Users/runner/Library/Developer/Xcode/DerivedData/BookonDebug-ehazsigvxemoqzdtqumqzfgyfpkz/Build/Intermediates.noindex/ArchiveIntermediates/BookonDebug/InstallationBuildProductsLocation/Applications/BookonDebug.app (in target 'BookonDebug' from project 'BookonDebug')
2026-10-06T15:00:06.7486000Z     cd /Users/runner/work/bookon/bookon
2026-10-06T15:00:06.7486890Z     /bin/mkdir -p /Users/runner/Library/Developer/Xcode/DerivedData/BookonDebug-ehazsigvxemoqzdtqumqzfgyfpkz/Build/Intermediates.noindex/ArchiveIntermediates/BookonDebug/InstallationBuildProductsLocation/Applications/BookonDebug.app
2026-10-06T15:00:06.7488140Z 
2026-10-06T15:00:06.7489980Z Copy /Users/runner/Library/Developer/Xcode/DerivedData/BookonDebug-ehazsigvxemoqzdtqumqzfgyfpkz/Build/Intermediates.noindex/ArchiveIntermediates/BookonDebug/IntermediateBuildFilesPath/GeneratedModuleMaps-iphoneos/SwiftSoup.modulemap /Users/runner/Library/Developer/Xcode/DerivedData/BookonDebug-ehazsigvxemoqzdtqumqzfgyfpkz/Build/Intermediates.noindex/ArchiveIntermediates/BookonDebug/IntermediateBuildFilesPath/SwiftSoup.build/Release-iphoneos/SwiftSoup.build/SwiftSoup.modulemap (in target 'SwiftSoup' from project 'SwiftSoup')
2026-10-06T15:00:06.7492280Z     cd /Users/runner/Library/Developer/Xcode/DerivedData/BookonDebug-ehazsigvxemoqzdtqumqzfgyfpkz/SourcePackages/checkouts/SwiftSoup
2026-10-06T15:00:06.7494840Z     builtin-copy -exclude .DS_Store -exclude CVS -exclude .svn -exclude .git -exclude .hg -strip-unsigned-binaries -strip-deterministic -strip-tool /Applications/Xcode_15.4.app/Contents/Developer/Toolchains/XcodeDefault.xctoolchain/usr/bin/strip -resolve-src-symlinks /Users/runner/Library/Developer/Xcode/DerivedData/BookonDebug-ehazsigvxemoqzdtqumqzfgyfpkz/Build/Intermediates.noindex/ArchiveIntermediates/BookonDebug/IntermediateBuildFilesPath/SwiftSoup.build/Release-iphoneos/SwiftSoup.build/SwiftSoup.modulemap /Users/runner/Library/Developer/Xcode/DerivedData/BookonDebug-ehazsigvxemoqzdtqumqzfgyfpkz/Build/Intermediates.noindex/ArchiveIntermediates/BookonDebug/IntermediateBuildFilesPath/GeneratedModuleMaps-iphoneos
2026-10-06T15:00:06.7497130Z 
2026-10-06T15:00:06.7498340Z WriteAuxiliaryFile /Users/runner/Library/Developer/Xcode/DerivedData/BookonDebug-ehazsigvxemoqzdtqumqzfgyfpkz/Build/Intermediates.noindex/ArchiveIntermediates/BookonDebug/IntermediateBuildFilesPath/LegadoBookSource.build/Release-iphoneos/LegadoBookSource_LegadoBookSource.build/empty-LegadoBookSource_LegadoBookSource.plist (in target 'LegadoBookSource_LegadoBookSource' from project 'LegadoBookSource')
2026-10-06T15:00:06.7499780Z     cd /Users/runner/work/bookon/bookon
2026-10-06T15:00:06.7501210Z     write-file /Users/runner/Library/Developer/Xcode/DerivedData/BookonDebug-ehazsigvxemoqzdtqumqzfgyfpkz/Build/Intermediates.noindex/ArchiveIntermediates/BookonDebug/IntermediateBuildFilesPath/LegadoBookSource.build/Release-iphoneos/LegadoBookSource_LegadoBookSource.build/empty-LegadoBookSource_LegadoBookSource.plist
2026-10-06T15:00:06.7502610Z 
2026-10-06T15:00:06.7504150Z CpResource /Users/runner/Library/Developer/Xcode/DerivedData/BookonDebug-ehazsigvxemoqzdtqumqzfgyfpkz/Build/Intermediates.noindex/ArchiveIntermediates/BookonDebug/IntermediateBuildFilesPath/UninstalledProducts/iphoneos/LegadoBookSource_LegadoBookSource.bundle/t2s_exclude.txt /Users/runner/work/bookon/bookon/Sources/LegadoBookSource/Resources/Chinese/t2s_exclude.txt (in target 'LegadoBookSource_LegadoBookSource' from project 'LegadoBookSource')
2026-10-06T15:00:06.7505590Z     cd /Users/runner/work/bookon/bookon
2026-10-06T15:00:06.7507470Z     builtin-copy -exclude .DS_Store -exclude CVS -exclude .svn -exclude .git -exclude .hg -strip-unsigned-binaries -strip-deterministic -strip-tool /Applications/Xcode_15.4.app/Contents/Developer/Toolchains/XcodeDefault.xctoolchain/usr/bin/strip -resolve-src-symlinks /Users/runner/work/bookon/bookon/Sources/LegadoBookSource/Resources/Chinese/t2s_exclude.txt /Users/runner/Library/Developer/Xcode/DerivedData/BookonDebug-ehazsigvxemoqzdtqumqzfgyfpkz/Build/Intermediates.noindex/ArchiveIntermediates/BookonDebug/IntermediateBuildFilesPath/UninstalledProducts/iphoneos/LegadoBookSource_LegadoBookSource.bundle
2026-10-06T15:00:06.7509270Z 
2026-10-06T15:00:06.7510530Z CpResource /Users/runner/Library/Developer/Xcode/DerivedData/BookonDebug-ehazsigvxemoqzdtqumqzfgyfpkz/Build/Intermediates.noindex/ArchiveIntermediates/BookonDebug/IntermediateBuildFilesPath/UninstalledProducts/iphoneos/LegadoBookSource_LegadoBookSource.bundle/t2s.txt /Users/runner/work/bookon/bookon/Sources/LegadoBookSource/Resources/Chinese/t2s.txt (in target 'LegadoBookSource_LegadoBookSource' from project 'LegadoBookSource')
2026-10-06T15:00:06.7512090Z     cd /Users/runner/work/bookon/bookon
2026-10-06T15:00:06.7513940Z     builtin-copy -exclude .DS_Store -exclude CVS -exclude .svn -exclude .git -exclude .hg -strip-unsigned-binaries -strip-deterministic -strip-tool /Applications/Xcode_15.4.app/Contents/Developer/Toolchains/XcodeDefault.xctoolchain/usr/bin/strip -resolve-src-symlinks /Users/runner/work/bookon/bookon/Sources/LegadoBookSource/Resources/Chinese/t2s.txt /Users/runner/Library/Developer/Xcode/DerivedData/BookonDebug-ehazsigvxemoqzdtqumqzfgyfpkz/Build/Intermediates.noindex/ArchiveIntermediates/BookonDebug/IntermediateBuildFilesPath/UninstalledProducts/iphoneos/LegadoBookSource_LegadoBookSource.bundle
2026-10-06T15:00:06.7515700Z 
2026-10-06T15:00:06.7517730Z ProcessInfoPlistFile /Users/runner/Library/Developer/Xcode/DerivedData/BookonDebug-ehazsigvxemoqzdtqumqzfgyfpkz/Build/Intermediates.noindex/ArchiveIntermediates/BookonDebug/IntermediateBuildFilesPath/UninstalledProducts/iphoneos/LegadoBookSource_LegadoBookSource.bundle/Info.plist /Users/runner/Library/Developer/Xcode/DerivedData/BookonDebug-ehazsigvxemoqzdtqumqzfgyfpkz/Build/Intermediates.noindex/ArchiveIntermediates/BookonDebug/IntermediateBuildFilesPath/LegadoBookSource.build/Release-iphoneos/LegadoBookSource_LegadoBookSource.build/empty-LegadoBookSource_LegadoBookSource.plist (in target 'LegadoBookSource_LegadoBookSource' from project 'LegadoBookSource')
2026-10-06T15:00:06.7519910Z     cd /Users/runner/work/bookon/bookon
2026-10-06T15:00:06.7522410Z     builtin-infoPlistUtility /Users/runner/Library/Developer/Xcode/DerivedData/BookonDebug-ehazsigvxemoqzdtqumqzfgyfpkz/Build/Intermediates.noindex/ArchiveIntermediates/BookonDebug/IntermediateBuildFilesPath/LegadoBookSource.build/Release-iphoneos/LegadoBookSource_LegadoBookSource.build/empty-LegadoBookSource_LegadoBookSource.plist -producttype com.apple.product-type.bundle -expandbuildsettings -format binary -platform iphoneos -requiredArchitecture arm64 -o /Users/runner/Library/Developer/Xcode/DerivedData/BookonDebug-ehazsigvxemoqzdtqumqzfgyfpkz/Build/Intermediates.noindex/ArchiveIntermediates/BookonDebug/IntermediateBuildFilesPath/UninstalledProducts/iphoneos/LegadoBookSource_LegadoBookSource.bundle/Info.plist
2026-10-06T15:00:06.7524790Z 
2026-10-06T15:00:06.7526410Z CpResource /Users/runner/Library/Developer/Xcode/DerivedData/BookonDebug-ehazsigvxemoqzdtqumqzfgyfpkz/Build/Intermediates.noindex/ArchiveIntermediates/BookonDebug/IntermediateBuildFilesPath/UninstalledProducts/iphoneos/LegadoBookSource_LegadoBookSource.bundle/s2t.txt /Users/runner/work/bookon/bookon/Sources/LegadoBookSource/Resources/Chinese/s2t.txt (in target 'LegadoBookSource_LegadoBookSource' from project 'LegadoBookSource')
2026-10-06T15:00:06.7527920Z     cd /Users/runner/work/bookon/bookon
2026-10-06T15:00:06.7530170Z     builtin-copy -exclude .DS_Store -exclude CVS -exclude .svn -exclude .git -exclude .hg -strip-unsigned-binaries -strip-deterministic -strip-tool /Applications/Xcode_15.4.app/Contents/Developer/Toolchains/XcodeDefault.xctoolchain/usr/bin/strip -resolve-src-symlinks /Users/runner/work/bookon/bookon/Sources/LegadoBookSource/Resources/Chinese/s2t.txt /Users/runner/Library/Developer/Xcode/DerivedData/BookonDebug-ehazsigvxemoqzdtqumqzfgyfpkz/Build/Intermediates.noindex/ArchiveIntermediates/BookonDebug/IntermediateBuildFilesPath/UninstalledProducts/iphoneos/LegadoBookSource_LegadoBookSource.bundle
2026-10-06T15:00:06.7531980Z 
2026-10-06T15:00:06.7533260Z CpResource /Users/runner/Library/Developer/Xcode/DerivedData/BookonDebug-ehazsigvxemoqzdtqumqzfgyfpkz/Build/Intermediates.noindex/ArchiveIntermediates/BookonDebug/IntermediateBuildFilesPath/UninstalledProducts/iphoneos/LegadoBookSource_LegadoBookSource.bundle/PROVENANCE.md /Users/runner/work/bookon/bookon/Sources/LegadoBookSource/Resources/Chinese/PROVENANCE.md (in target 'LegadoBookSource_LegadoBookSource' from project 'LegadoBookSource')
2026-10-06T15:00:06.7534800Z     cd /Users/runner/work/bookon/bookon
2026-10-06T15:00:06.7536870Z     builtin-copy -exclude .DS_Store -exclude CVS -exclude .svn -exclude .git -exclude .hg -strip-unsigned-binaries -strip-deterministic -strip-tool /Applications/Xcode_15.4.app/Contents/Developer/Toolchains/XcodeDefault.xctoolchain/usr/bin/strip -resolve-src-symlinks /Users/runner/work/bookon/bookon/Sources/LegadoBookSource/Resources/Chinese/PROVENANCE.md /Users/runner/Library/Developer/Xcode/DerivedData/BookonDebug-ehazsigvxemoqzdtqumqzfgyfpkz/Build/Intermediates.noindex/ArchiveIntermediates/BookonDebug/IntermediateBuildFilesPath/UninstalledProducts/iphoneos/LegadoBookSource_LegadoBookSource.bundle
2026-10-06T15:00:06.7538670Z 
2026-10-06T15:00:06.7539650Z WriteAuxiliaryFile /Users/runner/Library/Developer/Xcode/DerivedData/BookonDebug-ehazsigvxemoqzdtqumqzfgyfpkz/Build/Intermediates.noindex/ArchiveIntermediates/BookonDebug/IntermediateBuildFilesPath/SwiftSoup.build/Release-iphoneos/SwiftSoup.build/Objects-normal/arm64/SwiftSoup.LinkFileList (in target 'SwiftSoup' from project 'SwiftSoup')
2026-10-06T15:00:06.7541130Z     cd /Users/runner/Library/Developer/Xcode/DerivedData/BookonDebug-ehazsigvxemoqzdtqumqzfgyfpkz/SourcePackages/checkouts/SwiftSoup
2026-10-06T15:00:06.7542950Z     write-file /Users/runner/Library/Developer/Xcode/DerivedData/BookonDebug-ehazsigvxemoqzdtqumqzfgyfpkz/Build/Intermediates.noindex/ArchiveIntermediates/BookonDebug/IntermediateBuildFilesPath/SwiftSoup.build/Release-iphoneos/SwiftSoup.build/Objects-normal/arm64/SwiftSoup.LinkFileList
2026-10-06T15:00:06.7544190Z 
2026-10-06T15:00:06.7546230Z WriteAuxiliaryFile /Users/runner/Library/Developer/Xcode/DerivedData/BookonDebug-ehazsigvxemoqzdtqumqzfgyfpkz/Build/Intermediates.noindex/ArchiveIntermediates/BookonDebug/IntermediateBuildFilesPath/SwiftSoup.build/Release-iphoneos/SwiftSoup.build/Objects-normal/arm64/SwiftSoup_const_extract_protocols.json (in target 'SwiftSoup' from project 'SwiftSoup')
2026-10-06T15:00:06.7547660Z     cd /Users/runner/Library/Developer/Xcode/DerivedData/BookonDebug-ehazsigvxemoqzdtqumqzfgyfpkz/SourcePackages/checkouts/SwiftSoup
2026-10-06T15:00:06.7548970Z     write-file /Users/runner/Library/Developer/Xcode/DerivedData/BookonDebug-ehazsigvxemoqzdtqumqzfgyfpkz/Build/Intermediates.noindex/ArchiveIntermediates/BookonDebug/IntermediateBuildFilesPath/SwiftSoup.build/Release-iphoneos/SwiftSoup.build/Objects-normal/arm64/SwiftSoup_const_extract_protocols.json
2026-10-06T15:00:06.7550250Z 
2026-10-06T15:00:06.7551230Z WriteAuxiliaryFile /Users/runner/Library/Developer/Xcode/DerivedData/BookonDebug-ehazsigvxemoqzdtqumqzfgyfpkz/Build/Intermediates.noindex/ArchiveIntermediates/BookonDebug/IntermediateBuildFilesPath/SwiftSoup.build/Release-iphoneos/SwiftSoup.build/Objects-normal/arm64/SwiftSoup.SwiftFileList (in target 'SwiftSoup' from project 'SwiftSoup')
2026-10-06T15:00:06.7552770Z     cd /Users/runner/Library/Developer/Xcode/DerivedData/BookonDebug-ehazsigvxemoqzdtqumqzfgyfpkz/SourcePackages/checkouts/SwiftSoup
2026-10-06T15:00:06.7554080Z     write-file /Users/runner/Library/Developer/Xcode/DerivedData/BookonDebug-ehazsigvxemoqzdtqumqzfgyfpkz/Build/Intermediates.noindex/ArchiveIntermediates/BookonDebug/IntermediateBuildFilesPath/SwiftSoup.build/Release-iphoneos/SwiftSoup.build/Objects-normal/arm64/SwiftSoup.SwiftFileList
2026-10-06T15:00:06.7556150Z 
2026-10-06T15:00:06.7558580Z WriteAuxiliaryFile /Users/runner/Library/Developer/Xcode/DerivedData/BookonDebug-ehazsigvxemoqzdtqumqzfgyfpkz/Build/Intermediates.noindex/ArchiveIntermediates/BookonDebug/IntermediateBuildFilesPath/SwiftSoup.build/Release-iphoneos/SwiftSoup.build/Objects-normal/arm64/SwiftSoup-OutputFileMap.json (in target 'SwiftSoup' from project 'SwiftSoup')
2026-10-06T15:00:06.7560020Z     cd /Users/runner/Library/Developer/Xcode/DerivedData/BookonDebug-ehazsigvxemoqzdtqumqzfgyfpkz/SourcePackages/checkouts/SwiftSoup
2026-10-06T15:00:06.7561330Z     write-file /Users/runner/Library/Developer/Xcode/DerivedData/BookonDebug-ehazsigvxemoqzdtqumqzfgyfpkz/Build/Intermediates.noindex/ArchiveIntermediates/BookonDebug/IntermediateBuildFilesPath/SwiftSoup.build/Release-iphoneos/SwiftSoup.build/Objects-normal/arm64/SwiftSoup-OutputFileMap.json
2026-10-06T15:00:06.7562230Z 
2026-10-06T15:00:06.7563390Z SetOwnerAndGroup runner:staff /Users/runner/Library/Developer/Xcode/DerivedData/BookonDebug-ehazsigvxemoqzdtqumqzfgyfpkz/Build/Intermediates.noindex/ArchiveIntermediates/BookonDebug/IntermediateBuildFilesPath/UninstalledProducts/iphoneos/LegadoBookSource_LegadoBookSource.bundle (in target 'LegadoBookSource_LegadoBookSource' from project 'LegadoBookSource')
2026-10-06T15:00:06.7564910Z     cd /Users/runner/work/bookon/bookon
2026-10-06T15:00:06.7565900Z     /usr/sbin/chown -RH runner:staff /Users/runner/Library/Developer/Xcode/DerivedData/BookonDebug-ehazsigvxemoqzdtqumqzfgyfpkz/Build/Intermediates.noindex/ArchiveIntermediates/BookonDebug/IntermediateBuildFilesPath/UninstalledProducts/iphoneos/LegadoBookSource_LegadoBookSource.bundle
2026-10-06T15:00:06.7566790Z 
2026-10-06T15:00:06.7567780Z SetMode u+w,go-w,a+rX /Users/runner/Library/Developer/Xcode/DerivedData/BookonDebug-ehazsigvxemoqzdtqumqzfgyfpkz/Build/Intermediates.noindex/ArchiveIntermediates/BookonDebug/IntermediateBuildFilesPath/UninstalledProducts/iphoneos/LegadoBookSource_LegadoBookSource.bundle (in target 'LegadoBookSource_LegadoBookSource' from project 'LegadoBookSource')
2026-10-06T15:00:06.7569100Z     cd /Users/runner/work/bookon/bookon
2026-10-06T15:00:06.7570070Z     /bin/chmod -RH u+w,go-w,a+rX /Users/runner/Library/Developer/Xcode/DerivedData/BookonDebug-ehazsigvxemoqzdtqumqzfgyfpkz/Build/Intermediates.noindex/ArchiveIntermediates/BookonDebug/IntermediateBuildFilesPath/UninstalledProducts/iphoneos/LegadoBookSource_LegadoBookSource.bundle
2026-10-06T15:00:06.7571200Z 
2026-10-06T15:00:06.7573190Z RegisterExecutionPolicyException /Users/runner/Library/Developer/Xcode/DerivedData/BookonDebug-ehazsigvxemoqzdtqumqzfgyfpkz/Build/Intermediates.noindex/ArchiveIntermediates/BookonDebug/IntermediateBuildFilesPath/UninstalledProducts/iphoneos/LegadoBookSource_LegadoBookSource.bundle (in target 'LegadoBookSource_LegadoBookSource' from project 'LegadoBookSource')
2026-10-06T15:00:06.7578220Z     cd /Users/runner/work/bookon/bookon
2026-10-06T15:00:06.7579260Z     builtin-RegisterExecutionPolicyException /Users/runner/Library/Developer/Xcode/DerivedData/BookonDebug-ehazsigvxemoqzdtqumqzfgyfpkz/Build/Intermediates.noindex/ArchiveIntermediates/BookonDebug/IntermediateBuildFilesPath/UninstalledProducts/iphoneos/LegadoBookSource_LegadoBookSource.bundle
2026-10-06T15:00:06.7580580Z 
2026-10-06T15:00:06.7581550Z Touch /Users/runner/Library/Developer/Xcode/DerivedData/BookonDebug-ehazsigvxemoqzdtqumqzfgyfpkz/Build/Intermediates.noindex/ArchiveIntermediates/BookonDebug/IntermediateBuildFilesPath/UninstalledProducts/iphoneos/LegadoBookSource_LegadoBookSource.bundle (in target 'LegadoBookSource_LegadoBookSource' from project 'LegadoBookSource')
2026-10-06T15:00:06.7582830Z     cd /Users/runner/work/bookon/bookon
2026-10-06T15:00:06.7583750Z     /usr/bin/touch -c /Users/runner/Library/Developer/Xcode/DerivedData/BookonDebug-ehazsigvxemoqzdtqumqzfgyfpkz/Build/Intermediates.noindex/ArchiveIntermediates/BookonDebug/IntermediateBuildFilesPath/UninstalledProducts/iphoneos/LegadoBookSource_LegadoBookSource.bundle
2026-10-06T15:00:06.7584590Z 
2026-10-06T15:00:06.7584910Z SwiftDriver SwiftSoup normal arm64 com.apple.xcode.tools.swift.compiler (in target 'SwiftSoup' from project 'SwiftSoup')
2026-10-06T15:00:06.7585640Z     cd /Users/runner/Library/Developer/Xcode/DerivedData/BookonDebug-ehazsigvxemoqzdtqumqzfgyfpkz/SourcePackages/checkouts/SwiftSoup
2026-10-06T15:00:06.7602080Z     builtin-SwiftDriver -- /Applications/Xcode_15.4.app/Contents/Developer/Toolchains/XcodeDefault.xctoolchain/usr/bin/swiftc -module-name SwiftSoup -O -whole-module-optimization -enforce-exclusivity\=checked @/Users/runner/Library/Developer/Xcode/DerivedData/BookonDebug-ehazsigvxemoqzdtqumqzfgyfpkz/Build/Intermediates.noindex/ArchiveIntermediates/BookonDebug/IntermediateBuildFilesPath/SwiftSoup.build/Release-iphoneos/SwiftSoup.build/Objects-normal/arm64/SwiftSoup.SwiftFileList -DSWIFT_PACKAGE -DXcode -sdk /Applications/Xcode_15.4.app/Contents/Developer/Platforms/iPhoneOS.platform/Developer/SDKs/iPhoneOS17.5.sdk -target arm64-apple-ios13.0 -g -module-cache-path /Users/runner/Library/Developer/Xcode/DerivedData/ModuleCache.noindex -Xfrontend -serialize-debugging-options -suppress-warnings -swift-version 5 -I /Users/runner/Library/Developer/Xcode/DerivedData/BookonDebug-ehazsigvxemoqzdtqumqzfgyfpkz/Build/Intermediates.noindex/ArchiveIntermediates/BookonDebug/BuildProductsPath/Release-iphoneos -I /Applications/Xcode_15.4.app/Contents/Developer/Platforms/iPhoneOS.platform/Developer/usr/lib -F /Users/runner/Library/Developer/Xcode/DerivedData/BookonDebug-ehazsigvxemoqzdtqumqzfgyfpkz/Build/Intermediates.noindex/ArchiveIntermediates/BookonDebug/BuildProductsPath/Release-iphoneos -F /Applications/Xcode_15.4.app/Contents/Developer/Platforms/iPhoneOS.platform/Developer/Library/Frameworks -F /Applications/Xcode_15.4.app/Contents/Developer/Platforms/iPhoneOS.platform/Developer/SDKs/iPhoneOS17.5.sdk/Developer/Library/Frameworks -c -num-threads 3 -Xcc -ivfsstatcache -Xcc /Users/runner/Library/Developer/Xcode/DerivedData/SDKStatCaches.noindex/iphoneos17.5-21F77-f0fa7969d082b13145125136a829df3a.sdkstatcache -output-file-map /Users/runner/Library/Developer/Xcode/DerivedData/BookonDebug-ehazsigvxemoqzdtqumqzfgyfpkz/Build/Intermediates.noindex/ArchiveIntermediates/BookonDebug/IntermediateBuildFilesPath/SwiftSoup.build/Release-iphoneos/SwiftSoup.build/Objects-normal/arm64/SwiftSoup-OutputFileMap.json -use-frontend-parseable-output -save-temps -no-color-diagnostics -serialize-diagnostics -emit-dependencies -emit-module -emit-module-path /Users/runner/Library/Developer/Xcode/DerivedData/BookonDebug-ehazsigvxemoqzdtqumqzfgyfpkz/Build/Intermediates.noindex/ArchiveIntermediates/BookonDebug/IntermediateBuildFilesPath/SwiftSoup.build/Release-iphoneos/SwiftSoup.build/Objects-normal/arm64/SwiftSoup.swiftmodule -validate-clang-modules-once -clang-build-session-file /Users/runner/Library/Developer/Xcode/DerivedData/ModuleCache.noindex/Session.modulevalidation -Xfrontend -package-name -Xfrontend swiftsoup -Xcc -I/Users/runner/Library/Developer/Xcode/DerivedData/BookonDebug-ehazsigvxemoqzdtqumqzfgyfpkz/Build/Intermediates.noindex/ArchiveIntermediates/BookonDebug/IntermediateBuildFilesPath/SwiftSoup.build/Release-iphoneos/SwiftSoup.build/swift-overrides.hmap -emit-const-values -Xfrontend -const-gather-protocols-file -Xfrontend /Users/runner/Library/Developer/Xcode/DerivedData/BookonDebug-ehazsigvxemoqzdtqumqzfgyfpkz/Build/Intermediates.noindex/ArchiveIntermediates/BookonDebug/IntermediateBuildFilesPath/SwiftSoup.build/Release-iphoneos/SwiftSoup.build/Objects-normal/arm64/SwiftSoup_const_extract_protocols.json -Xcc -I/Users/runner/Library/Developer/Xcode/DerivedData/BookonDebug-ehazsigvxemoqzdtqumqzfgyfpkz/Build/Intermediates.noindex/ArchiveIntermediates/BookonDebug/BuildProductsPath/Release-iphoneos/include -Xcc -I/Users/runner/Library/Developer/Xcode/DerivedData/BookonDebug-ehazsigvxemoqzdtqumqzfgyfpkz/Build/Intermediates.noindex/ArchiveIntermediates/BookonDebug/IntermediateBuildFilesPath/SwiftSoup.build/Release-iphoneos/SwiftSoup.build/DerivedSources-normal/arm64 -Xcc -I/Users/runner/Library/Developer/Xcode/DerivedData/BookonDebug-ehazsigvxemoqzdtqumqzfgyfpkz/Build/Intermediates.noindex/ArchiveIntermediates/BookonDebug/IntermediateBuildFilesPath/SwiftSoup.build/Release-iphoneos/SwiftSoup.build/DerivedSources/arm64 -Xcc -I/Users/runner/Library/Developer/Xcode/DerivedData/BookonDebug-ehazsigvxemoqzdtqumqzfgyfpkz/Build/Intermediates.noindex/ArchiveIntermediates/BookonDebug/IntermediateBuildFilesPath/SwiftSoup.build/Release-iphoneos/SwiftSoup.build/DerivedSources -Xcc -DSWIFT_PACKAGE -emit-objc-header -emit-objc-header-path /Users/runner/Library/Developer/Xcode/DerivedData/BookonDebug-ehazsigvxemoqzdtqumqzfgyfpkz/Build/Intermediates.noindex/ArchiveIntermediates/BookonDebug/IntermediateBuildFilesPath/SwiftSoup.build/Release-iphoneos/SwiftSoup.build/Objects-normal/arm64/SwiftSoup-Swift.h -working-directory /Users/runner/Library/Developer/Xcode/DerivedData/BookonDebug-ehazsigvxemoqzdtqumqzfgyfpkz/SourcePackages/checkouts/SwiftSoup -no-emit-module-separately-wmo
2026-10-06T15:00:06.7988180Z 
2026-10-06T15:00:06.8092880Z SwiftCompile normal arm64 Compiling\ ArrayExt.swift,\ Attribute.swift,\ Attributes.swift,\ BinarySearch.swift,\ BooleanAttribute.swift,\ CharacterExt.swift,\ CharacterReader.swift,\ Cleaner.swift,\ Collector.swift,\ CombiningEvaluator.swift,\ Comment.swift,\ Connection.swift,\ CssSelector.swift,\ DataNode.swift,\ DataUtil.swift,\ Document.swift,\ DocumentType.swift,\ Element.swift,\ Elements.swift,\ Entities.swift,\ Evaluator.swift,\ Exception.swift,\ FormElement.swift,\ HtmlTreeBuilder.swift,\ HtmlTreeBuilderState.swift,\ HttpStatusException.swift,\ Mutex.swift,\ Node.swift,\ NodeTraversor.swift,\ NodeVisitor.swift,\ OrderedSet.swift,\ ParseError.swift,\ ParseErrorList.swift,\ ParseSettings.swift,\ Parser.swift,\ ParsingStrings.swift,\ Pattern.swift,\ QueryParser.swift,\ SerializationException.swift,\ SimpleDictionary.swift,\ StreamReader.swift,\ String.swift,\ StringBuilder.swift,\ StringUtil.swift,\ StructuralEvaluator.swift,\ SwiftSoup.swift,\ Tag.swift,\ TextNode.swift,\ Token.swift,\ TokenQueue.swift,\ Tokeniser.swift,\ TokeniserState.swift,\ TreeBuilder.swift,\ UTF8Arrays.swift,\ UnfairLock.swift,\ UnicodeScalar.swift,\ Validate.swift,\ Whitelist.swift,\ XmlDeclaration.swift,\ XmlTreeBuilder.swift /Users/runner/Library/Developer/Xcode/DerivedData/BookonDebug-ehazsigvxemoqzdtqumqzfgyfpkz/SourcePackages/checkouts/SwiftSoup/Sources/ArrayExt.swift /Users/runner/Library/Developer/Xcode/DerivedData/BookonDebug-ehazsigvxemoqzdtqumqzfgyfpkz/SourcePackages/checkouts/SwiftSoup/Sources/Attribute.swift /Users/runner/Library/Developer/Xcode/DerivedData/BookonDebug-ehazsigvxemoqzdtqumqzfgyfpkz/SourcePackages/checkouts/SwiftSoup/Sources/Attributes.swift /Users/runner/Library/Developer/Xcode/DerivedData/BookonDebug-ehazsigvxemoqzdtqumqzfgyfpkz/SourcePackages/checkouts/SwiftSoup/Sources/BinarySearch.swift /Users/runner/Library/Developer/Xcode/DerivedData/BookonDebug-ehazsigvxemoqzdtqumqzfgyfpkz/SourcePackages/checkouts/SwiftSoup/Sources/BooleanAttribute.swift /Users/runner/Library/Developer/Xcode/DerivedData/BookonDebug-ehazsigvxemoqzdtqumqzfgyfpkz/SourcePackages/checkouts/SwiftSoup/Sources/CharacterExt.swift /Users/runner/Library/Developer/Xcode/DerivedData/BookonDebug-ehazsigvxemoqzdtqumqzfgyfpkz/SourcePackages/checkouts/SwiftSoup/Sources/CharacterReader.swift /Users/runner/Library/Developer/Xcode/DerivedData/BookonDebug-ehazsigvxemoqzdtqumqzfgyfpkz/SourcePackages/checkouts/SwiftSoup/Sources/Cleaner.swift /Users/runner/Library/Developer/Xcode/DerivedData/BookonDebug-ehazsigvxemoqzdtqumqzfgyfpkz/SourcePackages/checkouts/SwiftSoup/Sources/Collector.swift /Users/runner/Library/Developer/Xcode/DerivedData/BookonDebug-ehazsigvxemoqzdtqumqzfgyfpkz/SourcePackages/checkouts/SwiftSoup/Sources/CombiningEvaluator.swift /Users/runner/Library/Developer/Xcode/DerivedData/BookonDebug-ehazsigvxemoqzdtqumqzfgyfpkz/SourcePackages/checkouts/SwiftSoup/Sources/Comment.swift /Users/runner/Library/Developer/Xcode/DerivedData/BookonDebug-ehazsigvxemoqzdtqumqzfgyfpkz/SourcePackages/checkouts/SwiftSoup/Sources/Connection.swift /Users/runner/Library/Developer/Xcode/DerivedData/BookonDebug-ehazsigvxemoqzdtqumqzfgyfpkz/SourcePackages/checkouts/SwiftSoup/Sources/CssSelector.swift /Users/runner/Library/Developer/Xcode/DerivedData/BookonDebug-ehazsigvxemoqzdtqumqzfgyfpkz/SourcePackages/checkouts/SwiftSoup/Sources/DataNode.swift /Users/runner/Library/Developer/Xcode/DerivedData/BookonDebug-ehazsigvxemoqzdtqumqzfgyfpkz/SourcePackages/checkouts/SwiftSoup/Sources/DataUtil.swift /Users/runner/Library/Developer/Xcode/DerivedData/BookonDebug-ehazsigvxemoqzdtqumqzfgyfpkz/SourcePackages/checkouts/SwiftSoup/Sources/Document.swift /Users/runner/Library/Developer/Xcode/DerivedData/BookonDebug-ehazsigvxemoqzdtqumqzfgyfpkz/SourcePackages/checkouts/SwiftSoup/Sources/DocumentType.swift /Users/runner/Library/Developer/Xcode/DerivedData/BookonDebug-ehazsigvxemoqzdtqumqzfgyfpkz/SourcePackages/checkouts/SwiftSoup/Sources/Element.swift /Users/runner/Library/Developer/Xcode/DerivedData/BookonDebug-ehazsigvxemoqzdtqumqzfgyfpkz/SourcePackages/checkouts/SwiftSoup/Sources/Elements.swift /Users/runner/Library/Developer/Xcode/DerivedData/BookonDebug-ehazsigvxemoqzdtqumqzfgyfpkz/SourcePackages/checkouts/SwiftSoup/Sources/Entities.swift /Users/runner/Library/Developer/Xcode/DerivedData/BookonDebug-ehazsigvxemoqzdtqumqzfgyfpkz/SourcePackages/checkouts/SwiftSoup/Sources/Evaluator.swift /Users/runner/Library/Developer/Xcode/DerivedData/BookonDebug-ehazsigvxemoqzdtqumqzfgyfpkz/SourcePackages/checkouts/SwiftSoup/Sources/Exception.swift /Users/runner/Library/Developer/Xcode/DerivedData/BookonDebug-ehazsigvxemoqzdtqumqzfgyfpkz/SourcePackages/checkouts/SwiftSoup/Sources/FormElement.swift /Users/runner/Library/Developer/Xcode/DerivedData/BookonDebug-ehazsigvxemoqzdtqumqzfgyfpkz/SourcePackages/checkouts/SwiftSoup/Sources/HtmlTreeBuilder.swift /Users/runner/Library/Developer/Xcode/DerivedData/BookonDebug-ehazsigvxemoqzdtqumqzfgyfpkz/SourcePackages/checkouts/SwiftSoup/Sources/HtmlTreeBuilderState.swift /Users/runner/Library/Developer/Xcode/DerivedData/BookonDebug-ehazsigvxemoqzdtqumqzfgyfpkz/SourcePackages/checkouts/SwiftSoup/Sources/HttpStatusException.swift /Users/runner/Library/Developer/Xcode/DerivedData/BookonDebug-ehazsigvxemoqzdtqumqzfgyfpkz/SourcePackages/checkouts/SwiftSoup/Sources/Mutex.swift /Users/runner/Library/Developer/Xcode/DerivedData/BookonDebug-ehazsigvxemoqzdtqumqzfgyfpkz/SourcePackages/checkouts/SwiftSoup/Sources/Node.swift /Users/runner/Library/Developer/Xcode/DerivedData/BookonDebug-ehazsigvxemoqzdtqumqzfgyfpkz/SourcePackages/checkouts/SwiftSoup/Sources/NodeTraversor.swift /Users/runner/Library/Developer/Xcode/DerivedData/BookonDebug-ehazsigvxemoqzdtqumqzfgyfpkz/SourcePackages/checkouts/SwiftSoup/Sources/NodeVisitor.swift /Users/runner/Library/Developer/Xcode/DerivedData/BookonDebug-ehazsigvxemoqzdtqumqzfgyfpkz/SourcePackages/checkouts/SwiftSoup/Sources/OrderedSet.swift /Users/runner/Library/Developer/Xcode/DerivedData/BookonDebug-ehazsigvxemoqzdtqumqzfgyfpkz/SourcePackages/checkouts/SwiftSoup/Sources/ParseError.swift /Users/runner/Library/Developer/Xcode/DerivedData/BookonDebug-ehazsigvxemoqzdtqumqzfgyfpkz/SourcePackages/checkouts/SwiftSoup/Sources/ParseErrorList.swift /Users/runner/Library/Developer/Xcode/DerivedData/BookonDebug-ehazsigvxemoqzdtqumqzfgyfpkz/SourcePackages/checkouts/SwiftSoup/Sources/ParseSettings.swift /Users/runner/Library/Developer/Xcode/DerivedData/BookonDebug-ehazsigvxemoqzdtqumqzfgyfpkz/SourcePackages/checkouts/SwiftSoup/Sources/Parser.swift /Users/runner/Library/Developer/Xcode/DerivedData/BookonDebug-ehazsigvxemoqzdtqumqzfgyfpkz/SourcePackages/checkouts/SwiftSoup/Sources/ParsingStrings.swift /Users/runner/Library/Developer/Xcode/DerivedData/BookonDebug-ehazsigvxemoqzdtqumqzfgyfpkz/SourcePackages/checkouts/SwiftSoup/Sources/Pattern.swift /Users/runner/Library/Developer/Xcode/DerivedData/BookonDebug-ehazsigvxemoqzdtqumqzfgyfpkz/SourcePackages/checkouts/SwiftSoup/Sources/QueryParser.swift /Users/runner/Library/Developer/Xcode/DerivedData/BookonDebug-ehazsigvxemoqzdtqumqzfgyfpkz/SourcePackages/checkouts/SwiftSoup/Sources/SerializationException.swift /Users/runner/Library/Developer/Xcode/DerivedData/BookonDebug-ehazsigvxemoqzdtqumqzfgyfpkz/SourcePackages/checkouts/SwiftSoup/Sources/SimpleDictionary.swift /Users/runner/Library/Developer/Xcode/DerivedData/BookonDebug-ehazsigvxemoqzdtqumqzfgyfpkz/SourcePackages/checkouts/SwiftSoup/Sources/StreamReader.swift /Users/runner/Library/Developer/Xcode/DerivedData/BookonDebug-ehazsigvxemoqzdtqumqzfgyfpkz/SourcePackages/checkouts/SwiftSoup/Sources/String.swift /Users/runner/Library/Developer/Xcode/DerivedData/BookonDebug-ehazsigvxemoqzdtqumqzfgyfpkz/SourcePackages/checkouts/SwiftSoup/Sources/StringBuilder.swift /Users/runner/Library/Developer/Xcode/DerivedData/BookonDebug-ehazsigvxemoqzdtqumqzfgyfpkz/SourcePackages/checkouts/SwiftSoup/Sources/StringUtil.swift /Users/runner/Library/Developer/Xcode/DerivedData/BookonDebug-ehazsigvxemoqzdtqumqzfgyfpkz/SourcePackages/checkouts/SwiftSoup/Sources/StructuralEvaluator.swift /Users/runner/Library/Developer/Xcode/DerivedData/BookonDebug-ehazsigvxemoqzdtqumqzfgyfpkz/SourcePackages/checkouts/SwiftSoup/Sources/SwiftSoup.swift /Users/runner/Library/Developer/Xcode/DerivedData/BookonDebug-ehazsigvxemoqzdtqumqzfgyfpkz/SourcePackages/checkouts/SwiftSoup/Sources/Tag.swift /Users/runner/Library/Developer/Xcode/DerivedData/BookonDebug-ehazsigvxemoqzdtqumqzfgyfpkz/SourcePackages/checkouts/SwiftSoup/Sources/TextNode.swift /Users/runner/Library/Developer/Xcode/DerivedData/BookonDebug-ehazsigvxemoqzdtqumqzfgyfpkz/SourcePackages/checkouts/SwiftSoup/Sources/Token.swift /Users/runner/Library/Developer/Xcode/DerivedData/BookonDebug-ehazsigvxemoqzdtqumqzfgyfpkz/SourcePackages/checkouts/SwiftSoup/Sources/TokenQueue.swift /Users/runner/Library/Developer/Xcode/DerivedData/BookonDebug-ehazsigvxemoqzdtqumqzfgyfpkz/SourcePackages/checkouts/SwiftSoup/Sources/Tokeniser.swift /Users/runner/Library/Developer/Xcode/DerivedData/BookonDebug-ehazsigvxemoqzdtqumqzfgyfpkz/SourcePackages/checkouts/SwiftSoup/Sources/TokeniserState.swift /Users/runner/Library/Developer/Xcode/DerivedData/BookonDebug-ehazsigvxemoqzdtqumqzfgyfpkz/SourcePackages/checkouts/SwiftSoup/Sources/TreeBuilder.swift /Users/runner/Library/Developer/Xcode/DerivedData/BookonDebug-ehazsigvxemoqzdtqumqzfgyfpkz/SourcePackages/checkouts/SwiftSoup/Sources/UTF8Arrays.swift /Users/runner/Library/Developer/Xcode/DerivedData/BookonDebug-ehazsigvxemoqzdtqumqzfgyfpkz/SourcePackages/checkouts/SwiftSoup/Sources/UnfairLock.swift /Users/runner/Library/Developer/Xcode/DerivedData/BookonDebug-ehazsigvxemoqzdtqumqzfgyfpkz/SourcePackages/checkouts/SwiftSoup/Sources/UnicodeScalar.swift /Users/runner/Library/Developer/Xcode/DerivedData/BookonDebug-ehazsigvxemoqzdtqumqzfgyfpkz/SourcePackages/checkouts/SwiftSoup/Sources/Validate.swift /Users/runner/Library/Developer/Xcode/DerivedData/BookonDebug-ehazsigvxemoqzdtqumqzfgyfpkz/SourcePackages/checkouts/SwiftSoup/Sources/Whitelist.swift /Users/runner/Library/Developer/Xcode/DerivedData/BookonDebug-ehazsigvxemoqzdtqumqzfgyfpkz/SourcePackages/checkouts/SwiftSoup/Sources/XmlDeclaration.swift /Users/runner/Library/Developer/Xcode/DerivedData/BookonDebug-ehazsigvxemoqzdtqumqzfgyfpkz/SourcePackages/checkouts/SwiftSoup/Sources/XmlTreeBuilder.swift (in target 'SwiftSoup' from project 'SwiftSoup')
2026-10-06T15:00:06.8126690Z     cd /Users/runner/Library/Developer/Xcode/DerivedData/BookonDebug-ehazsigvxemoqzdtqumqzfgyfpkz/SourcePackages/checkouts/SwiftSoup
2026-10-06T15:00:06.8240200Z     builtin-swiftTaskExecution -- /Applications/Xcode_15.4.app/Contents/Developer/Toolchains/XcodeDefault.xctoolchain/usr/bin/swift-frontend -frontend -c /Users/runner/Library/Developer/Xcode/DerivedData/BookonDebug-ehazsigvxemoqzdtqumqzfgyfpkz/SourcePackages/checkouts/SwiftSoup/Sources/ArrayExt.swift /Users/runner/Library/Developer/Xcode/DerivedData/BookonDebug-ehazsigvxemoqzdtqumqzfgyfpkz/SourcePackages/checkouts/SwiftSoup/Sources/Attribute.swift /Users/runner/Library/Developer/Xcode/DerivedData/BookonDebug-ehazsigvxemoqzdtqumqzfgyfpkz/SourcePackages/checkouts/SwiftSoup/Sources/Attributes.swift /Users/runner/Library/Developer/Xcode/DerivedData/BookonDebug-ehazsigvxemoqzdtqumqzfgyfpkz/SourcePackages/checkouts/SwiftSoup/Sources/BinarySearch.swift /Users/runner/Library/Developer/Xcode/DerivedData/BookonDebug-ehazsigvxemoqzdtqumqzfgyfpkz/SourcePackages/checkouts/SwiftSoup/Sources/BooleanAttribute.swift /Users/runner/Library/Developer/Xcode/DerivedData/BookonDebug-ehazsigvxemoqzdtqumqzfgyfpkz/SourcePackages/checkouts/SwiftSoup/Sources/CharacterExt.swift /Users/runner/Library/Developer/Xcode/DerivedData/BookonDebug-ehazsigvxemoqzdtqumqzfgyfpkz/SourcePackages/checkouts/SwiftSoup/Sources/CharacterReader.swift /Users/runner/Library/Developer/Xcode/DerivedData/BookonDebug-ehazsigvxemoqzdtqumqzfgyfpkz/SourcePackages/checkouts/SwiftSoup/Sources/Cleaner.swift /Users/runner/Library/Developer/Xcode/DerivedData/BookonDebug-ehazsigvxemoqzdtqumqzfgyfpkz/SourcePackages/checkouts/SwiftSoup/Sources/Collector.swift /Users/runner/Library/Developer/Xcode/DerivedData/BookonDebug-ehazsigvxemoqzdtqumqzfgyfpkz/SourcePackages/checkouts/SwiftSoup/Sources/CombiningEvaluator.swift /Users/runner/Library/Developer/Xcode/DerivedData/BookonDebug-ehazsigvxemoqzdtqumqzfgyfpkz/SourcePackages/checkouts/SwiftSoup/Sources/Comment.swift /Users/runner/Library/Developer/Xcode/DerivedData/BookonDebug-ehazsigvxemoqzdtqumqzfgyfpkz/SourcePackages/checkouts/SwiftSoup/Sources/Connection.swift /Users/runner/Library/Developer/Xcode/DerivedData/BookonDebug-ehazsigvxemoqzdtqumqzfgyfpkz/SourcePackages/checkouts/SwiftSoup/Sources/CssSelector.swift /Users/runner/Library/Developer/Xcode/DerivedData/BookonDebug-ehazsigvxemoqzdtqumqzfgyfpkz/SourcePackages/checkouts/SwiftSoup/Sources/DataNode.swift /Users/runner/Library/Developer/Xcode/DerivedData/BookonDebug-ehazsigvxemoqzdtqumqzfgyfpkz/SourcePackages/checkouts/SwiftSoup/Sources/DataUtil.swift /Users/runner/Library/Developer/Xcode/DerivedData/BookonDebug-ehazsigvxemoqzdtqumqzfgyfpkz/SourcePackages/checkouts/SwiftSoup/Sources/Document.swift /Users/runner/Library/Developer/Xcode/DerivedData/BookonDebug-ehazsigvxemoqzdtqumqzfgyfpkz/SourcePackages/checkouts/SwiftSoup/Sources/DocumentType.swift /Users/runner/Library/Developer/Xcode/DerivedData/BookonDebug-ehazsigvxemoqzdtqumqzfgyfpkz/SourcePackages/checkouts/SwiftSoup/Sources/Element.swift /Users/runner/Library/Developer/Xcode/DerivedData/BookonDebug-ehazsigvxemoqzdtqumqzfgyfpkz/SourcePackages/checkouts/SwiftSoup/Sources/Elements.swift /Users/runner/Library/Developer/Xcode/DerivedData/BookonDebug-ehazsigvxemoqzdtqumqzfgyfpkz/SourcePackages/checkouts/SwiftSoup/Sources/Entities.swift /Users/runner/Library/Developer/Xcode/DerivedData/BookonDebug-ehazsigvxemoqzdtqumqzfgyfpkz/SourcePackages/checkouts/SwiftSoup/Sources/Evaluator.swift /Users/runner/Library/Developer/Xcode/DerivedData/BookonDebug-ehazsigvxemoqzdtqumqzfgyfpkz/SourcePackages/checkouts/SwiftSoup/Sources/Exception.swift /Users/runner/Library/Developer/Xcode/DerivedData/BookonDebug-ehazsigvxemoqzdtqumqzfgyfpkz/SourcePackages/checkouts/SwiftSoup/Sources/FormElement.swift /Users/runner/Library/Developer/Xcode/DerivedData/BookonDebug-ehazsigvxemoqzdtqumqzfgyfpkz/SourcePackages/checkouts/SwiftSoup/Sources/HtmlTreeBuilder.swift /Users/runner/Library/Developer/Xcode/DerivedData/BookonDebug-ehazsigvxemoqzdtqumqzfgyfpkz/SourcePackages/checkouts/SwiftSoup/Sources/HtmlTreeBuilderState.swift /Users/runner/Library/Developer/Xcode/DerivedData/BookonDebug-ehazsigvxemoqzdtqumqzfgyfpkz/SourcePackages/checkouts/SwiftSoup/Sources/HttpStatusException.swift /Users/runner/Library/Developer/Xcode/DerivedData/BookonDebug-ehazsigvxemoqzdtqumqzfgyfpkz/SourcePackages/checkouts/SwiftSoup/Sources/Mutex.swift /Users/runner/Library/Developer/Xcode/DerivedData/BookonDebug-ehazsigvxemoqzdtqumqzfgyfpkz/SourcePackages/checkouts/SwiftSoup/Sources/Node.swift /Users/runner/Library/Developer/Xcode/DerivedData/BookonDebug-ehazsigvxemoqzdtqumqzfgyfpkz/SourcePackages/checkouts/SwiftSoup/Sources/NodeTraversor.swift /Users/runner/Library/Developer/Xcode/DerivedData/BookonDebug-ehazsigvxemoqzdtqumqzfgyfpkz/SourcePackages/checkouts/SwiftSoup/Sources/NodeVisitor.swift /Users/runner/Library/Developer/Xcode/DerivedData/BookonDebug-ehazsigvxemoqzdtqumqzfgyfpkz/SourcePackages/checkouts/SwiftSoup/Sources/OrderedSet.swift /Users/runner/Library/Developer/Xcode/DerivedData/BookonDebug-ehazsigvxemoqzdtqumqzfgyfpkz/SourcePackages/checkouts/SwiftSoup/Sources/ParseError.swift /Users/runner/Library/Developer/Xcode/DerivedData/BookonDebug-ehazsigvxemoqzdtqumqzfgyfpkz/SourcePackages/checkouts/SwiftSoup/Sources/ParseErrorList.swift /Users/runner/Library/Developer/Xcode/DerivedData/BookonDebug-ehazsigvxemoqzdtqumqzfgyfpkz/SourcePackages/checkouts/SwiftSoup/Sources/ParseSettings.swift /Users/runner/Library/Developer/Xcode/DerivedData/BookonDebug-ehazsigvxemoqzdtqumqzfgyfpkz/SourcePackages/checkouts/SwiftSoup/Sources/Parser.swift /Users/runner/Library/Developer/Xcode/DerivedData/BookonDebug-ehazsigvxemoqzdtqumqzfgyfpkz/SourcePackages/checkouts/SwiftSoup/Sources/ParsingStrings.swift /Users/runner/Library/Developer/Xcode/DerivedData/BookonDebug-ehazsigvxemoqzdtqumqzfgyfpkz/SourcePackages/checkouts/SwiftSoup/Sources/Pattern.swift /Users/runner/Library/Developer/Xcode/DerivedData/BookonDebug-ehazsigvxemoqzdtqumqzfgyfpkz/SourcePackages/checkouts/SwiftSoup/Sources/QueryParser.swift /Users/runner/Library/Developer/Xcode/DerivedData/BookonDebug-ehazsigvxemoqzdtqumqzfgyfpkz/SourcePackages/checkouts/SwiftSoup/Sources/SerializationException.swift /Users/runner/Library/Developer/Xcode/DerivedData/BookonDebug-ehazsigvxemoqzdtqumqzfgyfpkz/SourcePackages/checkouts/SwiftSoup/Sources/SimpleDictionary.swift /Users/runner/Library/Developer/Xcode/DerivedData/BookonDebug-ehazsigvxemoqzdtqumqzfgyfpkz/SourcePackages/checkouts/SwiftSoup/Sources/StreamReader.swift /Users/runner/Library/Developer/Xcode/DerivedData/BookonDebug-ehazsigvxemoqzdtqumqzfgyfpkz/SourcePackages/checkouts/SwiftSoup/Sources/String.swift /Users/runner/Library/Developer/Xcode/DerivedData/BookonDebug-ehazsigvxemoqzdtqumqzfgyfpkz/SourcePackages/checkouts/SwiftSoup/Sources/StringBuilder.swift /Users/runner/Library/Developer/Xcode/DerivedData/BookonDebug-ehazsigvxemoqzdtqumqzfgyfpkz/SourcePackages/checkouts/SwiftSoup/Sources/StringUtil.swift /Users/runner/Library/Developer/Xcode/DerivedData/BookonDebug-ehazsigvxemoqzdtqumqzfgyfpkz/SourcePackages/checkouts/SwiftSoup/Sources/StructuralEvaluator.swift /Users/runner/Library/Developer/Xcode/DerivedData/BookonDebug-ehazsigvxemoqzdtqumqzfgyfpkz/SourcePackages/checkouts/SwiftSoup/Sources/SwiftSoup.swift /Users/runner/Library/Developer/Xcode/DerivedData/BookonDebug-ehazsigvxemoqzdtqumqzfgyfpkz/SourcePackages/checkouts/SwiftSoup/Sources/Tag.swift /Users/runner/Library/Developer/Xcode/DerivedData/BookonDebug-ehazsigvxemoqzdtqumqzfgyfpkz/SourcePackages/checkouts/SwiftSoup/Sources/TextNode.swift /Users/runner/Library/Developer/Xcode/DerivedData/BookonDebug-ehazsigvxemoqzdtqumqzfgyfpkz/SourcePackages/checkouts/SwiftSoup/Sources/Token.swift /Users/runner/Library/Developer/Xcode/DerivedData/BookonDebug-ehazsigvxemoqzdtqumqzfgyfpkz/SourcePackages/checkouts/SwiftSoup/Sources/TokenQueue.swift /Users/runner/Library/Developer/Xcode/DerivedData/BookonDebug-ehazsigvxemoqzdtqumqzfgyfpkz/SourcePackages/checkouts/SwiftSoup/Sources/Tokeniser.swift /Users/runner/Library/Developer/Xcode/DerivedData/BookonDebug-ehazsigvxemoqzdtqumqzfgyfpkz/SourcePackages/checkouts/SwiftSoup/Sources/TokeniserState.swift /Users/runner/Library/Developer/Xcode/DerivedData/BookonDebug-ehazsigvxemoqzdtqumqzfgyfpkz/SourcePackages/checkouts/SwiftSoup/Sources/TreeBuilder.swift /Users/runner/Library/Developer/Xcode/DerivedData/BookonDebug-ehazsigvxemoqzdtqumqzfgyfpkz/SourcePackages/checkouts/SwiftSoup/Sources/UTF8Arrays.swift /Users/runner/Library/Developer/Xcode/DerivedData/BookonDebug-ehazsigvxemoqzdtqumqzfgyfpkz/SourcePackages/checkouts/SwiftSoup/Sources/UnfairLock.swift /Users/runner/Library/Developer/Xcode/DerivedData/BookonDebug-ehazsigvxemoqzdtqumqzfgyfpkz/SourcePackages/checkouts/SwiftSoup/Sources/UnicodeScalar.swift /Users/runner/Library/Developer/Xcode/DerivedData/BookonDebug-ehazsigvxemoqzdtqumqzfgyfpkz/SourcePackages/checkouts/SwiftSoup/Sources/Validate.swift /Users/runner/Library/Developer/Xcode/DerivedData/BookonDebug-ehazsigvxemoqzdtqumqzfgyfpkz/SourcePackages/checkouts/SwiftSoup/Sources/Whitelist.swift /Users/runner/Library/Developer/Xcode/DerivedData/BookonDebug-ehazsigvxemoqzdtqumqzfgyfpkz/SourcePackages/checkouts/SwiftSoup/Sources/XmlDeclaration.swift /Users/runner/Library/Developer/Xcode/DerivedData/BookonDebug-ehazsigvxemoqzdtqumqzfgyfpkz/SourcePackages/checkouts/SwiftSoup/Sources/XmlTreeBuilder.swift -supplementary-output-file-map /Users/runner/Library/Developer/Xcode/DerivedData/BookonDebug-ehazsigvxemoqzdtqumqzfgyfpkz/Build/Intermediates.noindex/ArchiveIntermediates/BookonDebug/IntermediateBuildFilesPath/SwiftSoup.build/Release-iphoneos/SwiftSoup.build/Objects-normal/arm64/supplementaryOutputs-1 -target arm64-apple-ios13.0 -Xllvm -aarch64-use-tbi -enable-objc-interop -stack-check -sdk /Applications/Xcode_15.4.app/Contents/Developer/Platforms/iPhoneOS.platform/Developer/SDKs/iPhoneOS17.5.sdk -I /Users/runner/Library/Developer/Xcode/DerivedData/BookonDebug-ehazsigvxemoqzdtqumqzfgyfpkz/Build/Intermediates.noindex/ArchiveIntermediates/BookonDebug/BuildProductsPath/Release-iphoneos -I /Applications/Xcode_15.4.app/Contents/Developer/Platforms/iPhoneOS.platform/Developer/usr/lib -F /Users/runner/Library/Developer/Xcode/DerivedData/BookonDebug-ehazsigvxemoqzdtqumqzfgyfpkz/Build/Intermediates.noindex/ArchiveIntermediates/BookonDebug/BuildProductsPath/Release-iphoneos -F /Applications/Xcode_15.4.app/Contents/Developer/Platforms/iPhoneOS.platform/Developer/Library/Frameworks -F /Applications/Xcode_15.4.app/Contents/Developer/Platforms/iPhoneOS.platform/Developer/SDKs/iPhoneOS17.5.sdk/Developer/Library/Frameworks -no-color-diagnostics -g -module-cache-path /Users/runner/Library/Developer/Xcode/DerivedData/ModuleCache.noindex -suppress-warnings -swift-version 5 -enforce-exclusivity\=checked -O -D SWIFT_PACKAGE -D Xcode -serialize-debugging-options -package-name swiftsoup -const-gather-protocols-file /Users/runner/Library/Developer/Xcode/DerivedData/BookonDebug-ehazsigvxemoqzdtqumqzfgyfpkz/Build/Intermediates.noindex/ArchiveIntermediates/BookonDebug/IntermediateBuildFilesPath/SwiftSoup.build/Release-iphoneos/SwiftSoup.build/Objects-normal/arm64/SwiftSoup_const_extract_protocols.json -empty-abi-descriptor -validate-clang-modules-once -clang-build-session-file /Users/runner/Library/Developer/Xcode/DerivedData/ModuleCache.noindex/Session.modulevalidation -Xcc -working-directory -Xcc /Users/runner/Library/Developer/Xcode/DerivedData/BookonDebug-ehazsigvxemoqzdtqumqzfgyfpkz/SourcePackages/checkouts/SwiftSoup -resource-dir /Applications/Xcode_15.4.app/Contents/Developer/Toolchains/XcodeDefault.xctoolchain/usr/lib/swift -Xcc -ivfsstatcache -Xcc /Users/runner/Library/Developer/Xcode/DerivedData/SDKStatCaches.noindex/iphoneos17.5-21F77-f0fa7969d082b13145125136a829df3a.sdkstatcache -Xcc -I/Users/runner/Library/Developer/Xcode/DerivedData/BookonDebug-ehazsigvxemoqzdtqumqzfgyfpkz/Build/Intermediates.noindex/ArchiveIntermediates/BookonDebug/IntermediateBuildFilesPath/SwiftSoup.build/Release-iphoneos/SwiftSoup.build/swift-overrides.hmap -Xcc -I/Users/runner/Library/Developer/Xcode/DerivedData/BookonDebug-ehazsigvxemoqzdtqumqzfgyfpkz/Build/Intermediates.noindex/ArchiveIntermediates/BookonDebug/BuildProductsPath/Release-iphoneos/include -Xcc -I/Users/runner/Library/Developer/Xcode/DerivedData/BookonDebug-ehazsigvxemoqzdtqumqzfgyfpkz/Build/Intermediates.noindex/ArchiveIntermediates/BookonDebug/IntermediateBuildFilesPath/SwiftSoup.build/Release-iphoneos/SwiftSoup.build/DerivedSources-normal/arm64 -Xcc -I/Users/runner/Library/Developer/Xcode/DerivedData/BookonDebug-ehazsigvxemoqzdtqumqzfgyfpkz/Build/Intermediates.noindex/ArchiveIntermediates/BookonDebug/IntermediateBuildFilesPath/SwiftSoup.build/Release-iphoneos/SwiftSoup.build/DerivedSources/arm64 -Xcc -I/Users/runner/Library/Developer/Xcode/DerivedData/BookonDebug-ehazsigvxemoqzdtqumqzfgyfpkz/Build/Intermediates.noindex/ArchiveIntermediates/BookonDebug/IntermediateBuildFilesPath/SwiftSoup.build/Release-iphoneos/SwiftSoup.build/DerivedSources -Xcc -DSWIFT_PACKAGE -module-name SwiftSoup -frontend-parseable-output -disable-clang-spi -target-sdk-version 17.5 -target-sdk-name iphoneos17.5 -external-plugin-path /Applications/Xcode_15.4.app/Contents/Developer/Platforms/iPhoneOS.platform/Developer/SDKs/iPhoneOS17.5.sdk/usr/lib/swift/host/plugins\#/Applications/Xcode_15.4.app/Contents/Developer/Platforms/iPhoneOS.platform/Developer/SDKs/iPhoneOS17.5.sdk/usr/bin/swift-plugin-server -external-plugin-path /Applications/Xcode_15.4.app/Contents/Developer/Platforms/iPhoneOS.platform/Developer/SDKs/iPhoneOS17.5.sdk/usr/local/lib/swift/host/plugins\#/Applications/Xcode_15.4.app/Contents/Developer/Platforms/iPhoneOS.platform/Developer/SDKs/iPhoneOS17.5.sdk/usr/bin/swift-plugin-server -external-plugin-path /Applications/Xcode_15.4.app/Contents/Developer/Platforms/iPhoneOS.platform/Developer/usr/lib/swift/host/plugins\#/Applications/Xcode_15.4.app/Contents/Developer/Platforms/iPhoneOS.platform/Developer/usr/bin/swift-plugin-server -external-plugin-path /Applications/Xcode_15.4.app/Contents/Developer/Platforms/iPhoneOS.platform/Developer/usr/local/lib/swift/host/plugins\#/Applications/Xcode_15.4.app/Contents/Developer/Platforms/iPhoneOS.platform/Developer/usr/bin/swift-plugin-server -plugin-path /Applications/Xcode_15.4.app/Contents/Developer/Toolchains/XcodeDefault.xctoolchain/usr/lib/swift/host/plugins -plugin-path /Applications/Xcode_15.4.app/Contents/Developer/Toolchains/XcodeDefault.xctoolchain/usr/local/lib/swift/host/plugins -enable-default-cmo -num-threads 3 -o /Users/runner/Library/Developer/Xcode/DerivedData/BookonDebug-ehazsigvxemoqzdtqumqzfgyfpkz/Build/Intermediates.noindex/ArchiveIntermediates/BookonDebug/IntermediateBuildFilesPath/SwiftSoup.build/Release-iphoneos/SwiftSoup.build/Objects-normal/arm64/ArrayExt.o -o /Users/runner/Library/Developer/Xcode/DerivedData/BookonDebug-ehazsigvxemoqzdtqumqzfgyfpkz/Build/Intermediates.noindex/ArchiveIntermediates/BookonDebug/IntermediateBuildFilesPath/SwiftSoup.build/Release-iphoneos/SwiftSoup.build/Objects-normal/arm64/Attribute.o -o /Users/runner/Library/Developer/Xcode/DerivedData/BookonDebug-ehazsigvxemoqzdtqumqzfgyfpkz/Build/Intermediates.noindex/ArchiveIntermediates/BookonDebug/IntermediateBuildFilesPath/SwiftSoup.build/Release-iphoneos/SwiftSoup.build/Objects-normal/arm64/Attributes.o -o /Users/runner/Library/Developer/Xcode/DerivedData/BookonDebug-ehazsigvxemoqzdtqumqzfgyfpkz/Build/Intermediates.noindex/ArchiveIntermediates/BookonDebug/IntermediateBuildFilesPath/SwiftSoup.build/Release-iphoneos/SwiftSoup.build/Objects-normal/arm64/BinarySearch.o -o /Users/runner/Library/Developer/Xcode/DerivedData/BookonDebug-ehazsigvxemoqzdtqumqzfgyfpkz/Build/Intermediates.noindex/ArchiveIntermediates/BookonDebug/IntermediateBuildFilesPath/SwiftSoup.build/Release-iphoneos/SwiftSoup.build/Objects-normal/arm64/BooleanAttribute.o -o /Users/runner/Library/Developer/Xcode/DerivedData/BookonDebug-ehazsigvxemoqzdtqumqzfgyfpkz/Build/Intermediates.noindex/ArchiveIntermediates/BookonDebug/IntermediateBuildFilesPath/SwiftSoup.build/Release-iphoneos/SwiftSoup.build/Objects-normal/arm64/CharacterExt.o -o /Users/runner/Library/Developer/Xcode/DerivedData/BookonDebug-ehazsigvxemoqzdtqumqzfgyfpkz/Build/Intermediates.noindex/ArchiveIntermediates/BookonDebug/IntermediateBuildFilesPath/SwiftSoup.build/Release-iphoneos/SwiftSoup.build/Objects-normal/arm64/CharacterReader.o -o /Users/runner/Library/Developer/Xcode/DerivedData/BookonDebug-ehazsigvxemoqzdtqumqzfgyfpkz/Build/Intermediates.noindex/ArchiveIntermediates/BookonDebug/IntermediateBuildFilesPath/SwiftSoup.build/Release-iphoneos/SwiftSoup.build/Objects-normal/arm64/Cleaner.o -o /Users/runner/Library/Developer/Xcode/DerivedData/BookonDebug-ehazsigvxemoqzdtqumqzfgyfpkz/Build/Intermediates.noindex/ArchiveIntermediates/BookonDebug/IntermediateBuildFilesPath/SwiftSoup.build/Release-iphoneos/SwiftSoup.build/Objects-normal/arm64/Collector.o -o /Users/runner/Library/Developer/Xcode/DerivedData/BookonDebug-ehazsigvxemoqzdtqumqzfgyfpkz/Build/Intermediates.noindex/ArchiveIntermediates/BookonDebug/IntermediateBuildFilesPath/SwiftSoup.build/Release-iphoneos/SwiftSoup.build/Objects-normal/arm64/CombiningEvaluator.o -o /Users/runner/Library/Developer/Xcode/DerivedData/BookonDebug-ehazsigvxemoqzdtqumqzfgyfpkz/Build/Intermediates.noindex/ArchiveIntermediates/BookonDebug/IntermediateBuildFilesPath/SwiftSoup.build/Release-iphoneos/SwiftSoup.build/Objects-normal/arm64/Comment.o -o /Users/runner/Library/Developer/Xcode/DerivedData/BookonDebug-ehazsigvxemoqzdtqumqzfgyfpkz/Build/Intermediates.noindex/ArchiveIntermediates/BookonDebug/IntermediateBuildFilesPath/SwiftSoup.build/Release-iphoneos/SwiftSoup.build/Objects-normal/arm64/Connection.o -o /Users/runner/Library/Developer/Xcode/DerivedData/BookonDebug-ehazsigvxemoqzdtqumqzfgyfpkz/Build/Intermediates.noindex/ArchiveIntermediates/BookonDebug/IntermediateBuildFilesPath/SwiftSoup.build/Release-iphoneos/SwiftSoup.build/Objects-normal/arm64/CssSelector.o -o /Users/runner/Library/Developer/Xcode/DerivedData/BookonDebug-ehazsigvxemoqzdtqumqzfgyfpkz/Build/Intermediates.noindex/ArchiveIntermediates/BookonDebug/IntermediateBuildFilesPath/SwiftSoup.build/Release-iphoneos/SwiftSoup.build/Objects-normal/arm64/DataNode.o -o /Users/runner/Library/Developer/Xcode/DerivedData/BookonDebug-ehazsigvxemoqzdtqumqzfgyfpkz/Build/Intermediates.noindex/ArchiveIntermediates/BookonDebug/IntermediateBuildFilesPath/SwiftSoup.build/Release-iphoneos/SwiftSoup.build/Objects-normal/arm64/DataUtil.o -o /Users/runner/Library/Developer/Xcode/DerivedData/BookonDebug-ehazsigvxemoqzdtqumqzfgyfpkz/Build/Intermediates.noindex/ArchiveIntermediates/BookonDebug/IntermediateBuildFilesPath/SwiftSoup.build/Release-iphoneos/SwiftSoup.build/Objects-normal/arm64/Document.o -o /Users/runner/Library/Developer/Xcode/DerivedData/BookonDebug-ehazsigvxemoqzdtqumqzfgyfpkz/Build/Intermediates.noindex/ArchiveIntermediates/BookonDebug/IntermediateBuildFilesPath/SwiftSoup.build/Release-iphoneos/SwiftSoup.build/Objects-normal/arm64/DocumentType.o -o /Users/runner/Library/Developer/Xcode/DerivedData/BookonDebug-ehazsigvxemoqzdtqumqzfgyfpkz/Build/Intermediates.noindex/ArchiveIntermediates/BookonDebug/IntermediateBuildFilesPath/SwiftSoup.build/Release-iphoneos/SwiftSoup.build/Objects-normal/arm64/Element.o -o /Users/runner/Library/Developer/Xcode/DerivedData/BookonDebug-ehazsigvxemoqzdtqumqzfgyfpkz/Build/Intermediates.noindex/ArchiveIntermediates/BookonDebug/IntermediateBuildFilesPath/SwiftSoup.build/Release-iphoneos/SwiftSoup.build/Objects-normal/arm64/Elements.o -o /Users/runner/Library/Developer/Xcode/DerivedData/BookonDebug-ehazsigvxemoqzdtqumqzfgyfpkz/Build/Intermediates.noindex/ArchiveIntermediates/BookonDebug/IntermediateBuildFilesPath/SwiftSoup.build/Release-iphoneos/SwiftSoup.build/Objects-normal/arm64/Entities.o -o /Users/runner/Library/Developer/Xcode/DerivedData/BookonDebug-ehazsigvxemoqzdtqumqzfgyfpkz/Build/Intermediates.noindex/ArchiveIntermediates/BookonDebug/IntermediateBuildFilesPath/SwiftSoup.build/Release-iphoneos/SwiftSoup.build/Objects-normal/arm64/Evaluator.o -o /Users/runner/Library/Developer/Xcode/DerivedData/BookonDebug-ehazsigvxemoqzdtqumqzfgyfpkz/Build/Intermediates.noindex/ArchiveIntermediates/BookonDebug/IntermediateBuildFilesPath/SwiftSoup.build/Release-iphoneos/SwiftSoup.build/Objects-normal/arm64/Exception.o -o /Users/runner/Library/Developer/Xcode/DerivedData/BookonDebug-ehazsigvxemoqzdtqumqzfgyfpkz/Build/Intermediates.noindex/ArchiveIntermediates/BookonDebug/IntermediateBuildFilesPath/SwiftSoup.build/Release-iphoneos/SwiftSoup.build/Objects-normal/arm64/FormElement.o -o /Users/runner/Library/Developer/Xcode/DerivedData/BookonDebug-ehazsigvxemoqzdtqumqzfgyfpkz/Build/Intermediates.noindex/ArchiveIntermediates/BookonDebug/IntermediateBuildFilesPath/SwiftSoup.build/Release-iphoneos/SwiftSoup.build/Objects-normal/arm64/HtmlTreeBuilder.o -o /Users/runner/Library/Developer/Xcode/DerivedData/BookonDebug-ehazsigvxemoqzdtqumqzfgyfpkz/Build/Intermediates.noindex/ArchiveIntermediates/BookonDebug/IntermediateBuildFilesPath/SwiftSoup.build/Release-iphoneos/SwiftSoup.build/Objects-normal/arm64/HtmlTreeBuilderState.o -o /Users/runner/Library/Developer/Xcode/DerivedData/BookonDebug-ehazsigvxemoqzdtqumqzfgyfpkz/Build/Intermediates.noindex/ArchiveIntermediates/BookonDebug/IntermediateBuildFilesPath/SwiftSoup.build/Release-iphoneos/SwiftSoup.build/Objects-normal/arm64/HttpStatusException.o -o /Users/runner/Library/Developer/Xcode/DerivedData/BookonDebug-ehazsigvxemoqzdtqumqzfgyfpkz/Build/Intermediates.noindex/ArchiveIntermediates/BookonDebug/IntermediateBuildFilesPath/SwiftSoup.build/Release-iphoneos/SwiftSoup.build/Objects-normal/arm64/Mutex.o -o /Users/runner/Library/Developer/Xcode/DerivedData/BookonDebug-ehazsigvxemoqzdtqumqzfgyfpkz/Build/Intermediates.noindex/ArchiveIntermediates/BookonDebug/IntermediateBuildFilesPath/SwiftSoup.build/Release-iphoneos/SwiftSoup.build/Objects-normal/arm64/Node.o -o /Users/runner/Library/Developer/Xcode/DerivedData/BookonDebug-ehazsigvxemoqzdtqumqzfgyfpkz/Build/Intermediates.noindex/ArchiveIntermediates/BookonDebug/IntermediateBuildFilesPath/SwiftSoup.build/Release-iphoneos/SwiftSoup.build/Objects-normal/arm64/NodeTraversor.o -o /Users/runner/Library/Developer/Xcode/DerivedData/BookonDebug-ehazsigvxemoqzdtqumqzfgyfpkz/Build/Intermediates.noindex/ArchiveIntermediates/BookonDebug/IntermediateBuildFilesPath/SwiftSoup.build/Release-iphoneos/SwiftSoup.build/Objects-normal/arm64/NodeVisitor.o -o /Users/runner/Library/Developer/Xcode/DerivedData/BookonDebug-ehazsigvxemoqzdtqumqzfgyfpkz/Build/Intermediates.noindex/ArchiveIntermediates/BookonDebug/IntermediateBuildFilesPath/SwiftSoup.build/Release-iphoneos/SwiftSoup.build/Objects-normal/arm64/OrderedSet.o -o /Users/runner/Library/Developer/Xcode/DerivedData/BookonDebug-ehazsigvxemoqzdtqumqzfgyfpkz/Build/Intermediates.noindex/ArchiveIntermediates/BookonDebug/IntermediateBuildFilesPath/SwiftSoup.build/Release-iphoneos/SwiftSoup.build/Objects-normal/arm64/ParseError.o -o /Users/runner/Library/Developer/Xcode/DerivedData/BookonDebug-ehazsigvxemoqzdtqumqzfgyfpkz/Build/Intermediates.noindex/ArchiveIntermediates/BookonDebug/IntermediateBuildFilesPath/SwiftSoup.build/Release-iphoneos/SwiftSoup.build/Objects-normal/arm64/ParseErrorList.o -o /Users/runner/Library/Developer/Xcode/DerivedData/BookonDebug-ehazsigvxemoqzdtqumqzfgyfpkz/Build/Intermediates.noindex/ArchiveIntermediates/BookonDebug/IntermediateBuildFilesPath/SwiftSoup.build/Release-iphoneos/SwiftSoup.build/Objects-normal/arm64/ParseSettings.o -o /Users/runner/Library/Developer/Xcode/DerivedData/BookonDebug-ehazsigvxemoqzdtqumqzfgyfpkz/Build/Intermediates.noindex/ArchiveIntermediates/BookonDebug/IntermediateBuildFilesPath/SwiftSoup.build/Release-iphoneos/SwiftSoup.build/Objects-normal/arm64/Parser.o -o /Users/runner/Library/Developer/Xcode/DerivedData/BookonDebug-ehazsigvxemoqzdtqumqzfgyfpkz/Build/Intermediates.noindex/ArchiveIntermediates/BookonDebug/IntermediateBuildFilesPath/SwiftSoup.build/Release-iphoneos/SwiftSoup.build/Objects-normal/arm64/ParsingStrings.o -o /Users/runner/Library/Developer/Xcode/DerivedData/BookonDebug-ehazsigvxemoqzdtqumqzfgyfpkz/Build/Intermediates.noindex/ArchiveIntermediates/BookonDebug/IntermediateBuildFilesPath/SwiftSoup.build/Release-iphoneos/SwiftSoup.build/Objects-normal/arm64/Pattern.o -o /Users/runner/Library/Developer/Xcode/DerivedData/BookonDebug-ehazsigvxemoqzdtqumqzfgyfpkz/Build/Intermediates.noindex/ArchiveIntermediates/BookonDebug/IntermediateBuildFilesPath/SwiftSoup.build/Release-iphoneos/SwiftSoup.build/Objects-normal/arm64/QueryParser.o -o /Users/runner/Library/Developer/Xcode/DerivedData/BookonDebug-ehazsigvxemoqzdtqumqzfgyfpkz/Build/Intermediates.noindex/ArchiveIntermediates/BookonDebug/IntermediateBuildFilesPath/SwiftSoup.build/Release-iphoneos/SwiftSoup.build/Objects-normal/arm64/SerializationException.o -o /Users/runner/Library/Developer/Xcode/DerivedData/BookonDebug-ehazsigvxemoqzdtqumqzfgyfpkz/Build/Intermediates.noindex/ArchiveIntermediates/BookonDebug/IntermediateBuildFilesPath/SwiftSoup.build/Release-iphoneos/SwiftSoup.build/Objects-normal/arm64/SimpleDictionary.o -o /Users/runner/Library/Developer/Xcode/DerivedData/BookonDebug-ehazsigvxemoqzdtqumqzfgyfpkz/Build/Intermediates.noindex/ArchiveIntermediates/BookonDebug/IntermediateBuildFilesPath/SwiftSoup.build/Release-iphoneos/SwiftSoup.build/Objects-normal/arm64/StreamReader.o -o /Users/runner/Library/Developer/Xcode/DerivedData/BookonDebug-ehazsigvxemoqzdtqumqzfgyfpkz/Build/Intermediates.noindex/ArchiveIntermediates/BookonDebug/IntermediateBuildFilesPath/SwiftSoup.build/Release-iphoneos/SwiftSoup.build/Objects-normal/arm64/String.o -o /Users/runner/Library/Developer/Xcode/DerivedData/BookonDebug-ehazsigvxemoqzdtqumqzfgyfpkz/Build/Intermediates.noindex/ArchiveIntermediates/BookonDebug/IntermediateBuildFilesPath/SwiftSoup.build/Release-iphoneos/SwiftSoup.build/Objects-normal/arm64/StringBuilder.o -o /Users/runner/Library/Developer/Xcode/DerivedData/BookonDebug-ehazsigvxemoqzdtqumqzfgyfpkz/Build/Intermediates.noindex/ArchiveIntermediates/BookonDebug/IntermediateBuildFilesPath/SwiftSoup.build/Release-iphoneos/SwiftSoup.build/Objects-normal/arm64/StringUtil.o -o /Users/runner/Library/Developer/Xcode/DerivedData/BookonDebug-ehazsigvxemoqzdtqumqzfgyfpkz/Build/Intermediates.noindex/ArchiveIntermediates/BookonDebug/IntermediateBuildFilesPath/SwiftSoup.build/Release-iphoneos/SwiftSoup.build/Objects-normal/arm64/StructuralEvaluator.o -o /Users/runner/Library/Developer/Xcode/DerivedData/BookonDebug-ehazsigvxemoqzdtqumqzfgyfpkz/Build/Intermediates.noindex/ArchiveIntermediates/BookonDebug/IntermediateBuildFilesPath/SwiftSoup.build/Release-iphoneos/SwiftSoup.build/Objects-normal/arm64/SwiftSoup.o -o /Users/runner/Library/Developer/Xcode/DerivedData/BookonDebug-ehazsigvxemoqzdtqumqzfgyfpkz/Build/Intermediates.noindex/ArchiveIntermediates/BookonDebug/IntermediateBuildFilesPath/SwiftSoup.build/Release-iphoneos/SwiftSoup.build/Objects-normal/arm64/Tag.o -o /Users/runner/Library/Developer/Xcode/DerivedData/BookonDebug-ehazsigvxemoqzdtqumqzfgyfpkz/Build/Intermediates.noindex/ArchiveIntermediates/BookonDebug/IntermediateBuildFilesPath/SwiftSoup.build/Release-iphoneos/SwiftSoup.build/Objects-normal/arm64/TextNode.o -o /Users/runner/Library/Developer/Xcode/DerivedData/BookonDebug-ehazsigvxemoqzdtqumqzfgyfpkz/Build/Intermediates.noindex/ArchiveIntermediates/BookonDebug/IntermediateBuildFilesPath/SwiftSoup.build/Release-iphoneos/SwiftSoup.build/Objects-normal/arm64/Token.o -o /Users/runner/Library/Developer/Xcode/DerivedData/BookonDebug-ehazsigvxemoqzdtqumqzfgyfpkz/Build/Intermediates.noindex/ArchiveIntermediates/BookonDebug/IntermediateBuildFilesPath/SwiftSoup.build/Release-iphoneos/SwiftSoup.build/Objects-normal/arm64/TokenQueue.o -o /Users/runner/Library/Developer/Xcode/DerivedData/BookonDebug-ehazsigvxemoqzdtqumqzfgyfpkz/Build/Intermediates.noindex/ArchiveIntermediates/BookonDebug/IntermediateBuildFilesPath/SwiftSoup.build/Release-iphoneos/SwiftSoup.build/Objects-normal/arm64/Tokeniser.o -o /Users/runner/Library/Developer/Xcode/DerivedData/BookonDebug-ehazsigvxemoqzdtqumqzfgyfpkz/Build/Intermediates.noindex/ArchiveIntermediates/BookonDebug/IntermediateBuildFilesPath/SwiftSoup.build/Release-iphoneos/SwiftSoup.build/Objects-normal/arm64/TokeniserState.o -o /Users/runner/Library/Developer/Xcode/DerivedData/BookonDebug-ehazsigvxemoqzdtqumqzfgyfpkz/Build/Intermediates.noindex/ArchiveIntermediates/BookonDebug/IntermediateBuildFilesPath/SwiftSoup.build/Release-iphoneos/SwiftSoup.build/Objects-normal/arm64/TreeBuilder.o -o /Users/runner/Library/Developer/Xcode/DerivedData/BookonDebug-ehazsigvxemoqzdtqumqzfgyfpkz/Build/Intermediates.noindex/ArchiveIntermediates/BookonDebug/IntermediateBuildFilesPath/SwiftSoup.build/Release-iphoneos/SwiftSoup.build/Objects-normal/arm64/UTF8Arrays.o -o /Users/runner/Library/Developer/Xcode/DerivedData/BookonDebug-ehazsigvxemoqzdtqumqzfgyfpkz/Build/Intermediates.noindex/ArchiveIntermediates/BookonDebug/IntermediateBuildFilesPath/SwiftSoup.build/Release-iphoneos/SwiftSoup.build/Objects-normal/arm64/UnfairLock.o -o /Users/runner/Library/Developer/Xcode/DerivedData/BookonDebug-ehazsigvxemoqzdtqumqzfgyfpkz/Build/Intermediates.noindex/ArchiveIntermediates/BookonDebug/IntermediateBuildFilesPath/SwiftSoup.build/Release-iphoneos/SwiftSoup.build/Objects-normal/arm64/UnicodeScalar.o -o /Users/runner/Library/Developer/Xcode/DerivedData/BookonDebug-ehazsigvxemoqzdtqumqzfgyfpkz/Build/Intermediates.noindex/ArchiveIntermediates/BookonDebug/IntermediateBuildFilesPath/SwiftSoup.build/Release-iphoneos/SwiftSoup.build/Objects-normal/arm64/Validate.o -o /Users/runner/Library/Developer/Xcode/DerivedData/BookonDebug-ehazsigvxemoqzdtqumqzfgyfpkz/Build/Intermediates.noindex/ArchiveIntermediates/BookonDebug/IntermediateBuildFilesPath/SwiftSoup.build/Release-iphoneos/SwiftSoup.build/Objects-normal/arm64/Whitelist.o -o /Users/runner/Library/Developer/Xcode/DerivedData/BookonDebug-ehazsigvxemoqzdtqumqzfgyfpkz/Build/Intermediates.noindex/ArchiveIntermediates/BookonDebug/IntermediateBuildFilesPath/SwiftSoup.build/Release-iphoneos/SwiftSoup.build/Objects-normal/arm64/XmlDeclaration.o -o /Users/runner/Library/Developer/Xcode/DerivedData/BookonDebug-ehazsigvxemoqzdtqumqzfgyfpkz/Build/Intermediates.noindex/ArchiveIntermediates/BookonDebug/IntermediateBuildFilesPath/SwiftSoup.build/Release-iphoneos/SwiftSoup.build/Objects-normal/arm64/XmlTreeBuilder.o -index-unit-output-path /SwiftSoup.build/Release-iphoneos/SwiftSoup.build/Objects-normal/arm64/ArrayExt.o -index-unit-output-path /SwiftSoup.build/Release-iphoneos/SwiftSoup.build/Objects-normal/arm64/Attribute.o -index-unit-output-path /SwiftSoup.build/Release-iphoneos/SwiftSoup.build/Objects-normal/arm64/Attributes.o -index-unit-output-path /SwiftSoup.build/Release-iphoneos/SwiftSoup.build/Objects-normal/arm64/BinarySearch.o -index-unit-output-path /SwiftSoup.build/Release-iphoneos/SwiftSoup.build/Objects-normal/arm64/BooleanAttribute.o -index-unit-output-path /SwiftSoup.build/Release-iphoneos/SwiftSoup.build/Objects-normal/arm64/CharacterExt.o -index-unit-output-path /SwiftSoup.build/Release-iphoneos/SwiftSoup.build/Objects-normal/arm64/CharacterReader.o -index-unit-output-path /SwiftSoup.build/Release-iphoneos/SwiftSoup.build/Objects-normal/arm64/Cleaner.o -index-unit-output-path /SwiftSoup.build/Release-iphoneos/SwiftSoup.build/Objects-normal/arm64/Collector.o -index-unit-output-path /SwiftSoup.build/Release-iphoneos/SwiftSoup.build/Objects-normal/arm64/CombiningEvaluator.o -index-unit-output-path /SwiftSoup.build/Release-iphoneos/SwiftSoup.build/Objects-normal/arm64/Comment.o -index-unit-output-path /SwiftSoup.build/Release-iphoneos/SwiftSoup.build/Objects-normal/arm64/Connection.o -index-unit-output-path /SwiftSoup.build/Release-iphoneos/SwiftSoup.build/Objects-normal/arm64/CssSelector.o -index-unit-output-path /SwiftSoup.build/Release-iphoneos/SwiftSoup.build/Objects-normal/arm64/DataNode.o -index-unit-output-path /SwiftSoup.build/Release-iphoneos/SwiftSoup.build/Objects-normal/arm64/DataUtil.o -index-unit-output-path /SwiftSoup.build/Release-iphoneos/SwiftSoup.build/Objects-normal/arm64/Document.o -index-unit-output-path /SwiftSoup.build/Release-iphoneos/SwiftSoup.build/Objects-normal/arm64/DocumentType.o -index-unit-output-path /SwiftSoup.build/Release-iphoneos/SwiftSoup.build/Objects-normal/arm64/Element.o -index-unit-output-path /SwiftSoup.build/Release-iphoneos/SwiftSoup.build/Objects-normal/arm64/Elements.o -index-unit-output-path /SwiftSoup.build/Release-iphoneos/SwiftSoup.build/Objects-normal/arm64/Entities.o -index-unit-output-path /SwiftSoup.build/Release-iphoneos/SwiftSoup.build/Objects-normal/arm64/Evaluator.o -index-unit-output-path /SwiftSoup.build/Release-iphoneos/SwiftSoup.build/Objects-normal/arm64/Exception.o -index-unit-output-path /SwiftSoup.build/Release-iphoneos/SwiftSoup.build/Objects-normal/arm64/FormElement.o -index-unit-output-path /SwiftSoup.build/Release-iphoneos/SwiftSoup.build/Objects-normal/arm64/HtmlTreeBuilder.o -index-unit-output-path /SwiftSoup.build/Release-iphoneos/SwiftSoup.build/Objects-normal/arm64/HtmlTreeBuilderState.o -index-unit-output-path /SwiftSoup.build/Release-iphoneos/SwiftSoup.build/Objects-normal/arm64/HttpStatusException.o -index-unit-output-path /SwiftSoup.build/Release-iphoneos/SwiftSoup.build/Objects-normal/arm64/Mutex.o -index-unit-output-path /SwiftSoup.build/Release-iphoneos/SwiftSoup.build/Objects-normal/arm64/Node.o -index-unit-output-path /SwiftSoup.build/Release-iphoneos/SwiftSoup.build/Objects-normal/arm64/NodeTraversor.o -index-unit-output-path /SwiftSoup.build/Release-iphoneos/SwiftSoup.build/Objects-normal/arm64/NodeVisitor.o -index-unit-output-path /SwiftSoup.build/Release-iphoneos/SwiftSoup.build/Objects-normal/arm64/OrderedSet.o -index-unit-output-path /SwiftSoup.build/Release-iphoneos/SwiftSoup.build/Objects-normal/arm64/ParseError.o -index-unit-output-path /SwiftSoup.build/Release-iphoneos/SwiftSoup.build/Objects-normal/arm64/ParseErrorList.o -index-unit-output-path /SwiftSoup.build/Release-iphoneos/SwiftSoup.build/Objects-normal/arm64/ParseSettings.o -index-unit-output-path /SwiftSoup.build/Release-iphoneos/SwiftSoup.build/Objects-normal/arm64/Parser.o -index-unit-output-path /SwiftSoup.build/Release-iphoneos/SwiftSoup.build/Objects-normal/arm64/ParsingStrings.o -index-unit-output-path /SwiftSoup.build/Release-iphoneos/SwiftSoup.build/Objects-normal/arm64/Pattern.o -index-unit-output-path /SwiftSoup.build/Release-iphoneos/SwiftSoup.build/Objects-normal/arm64/QueryParser.o -index-unit-output-path /SwiftSoup.build/Release-iphoneos/SwiftSoup.build/Objects-normal/arm64/SerializationException.o -index-unit-output-path /SwiftSoup.build/Release-iphoneos/SwiftSoup.build/Objects-normal/arm64/SimpleDictionary.o -index-unit-output-path /SwiftSoup.build/Release-iphoneos/SwiftSoup.build/Objects-normal/arm64/StreamReader.o -index-unit-output-path /SwiftSoup.build/Release-iphoneos/SwiftSoup.build/Objects-normal/arm64/String.o -index-unit-output-path /SwiftSoup.build/Release-iphoneos/SwiftSoup.build/Objects-normal/arm64/StringBuilder.o -index-unit-output-path /SwiftSoup.build/Release-iphoneos/SwiftSoup.build/Objects-normal/arm64/StringUtil.o -index-unit-output-path /SwiftSoup.build/Release-iphoneos/SwiftSoup.build/Objects-normal/arm64/StructuralEvaluator.o -index-unit-output-path /SwiftSoup.build/Release-iphoneos/SwiftSoup.build/Objects-normal/arm64/SwiftSoup.o -index-unit-output-path /SwiftSoup.build/Release-iphoneos/SwiftSoup.build/Objects-normal/arm64/Tag.o -index-unit-output-path /SwiftSoup.build/Release-iphoneos/SwiftSoup.build/Objects-normal/arm64/TextNode.o -index-unit-output-path /SwiftSoup.build/Release-iphoneos/SwiftSoup.build/Objects-normal/arm64/Token.o -index-unit-output-path /SwiftSoup.build/Release-iphoneos/SwiftSoup.build/Objects-normal/arm64/TokenQueue.o -index-unit-output-path /SwiftSoup.build/Release-iphoneos/SwiftSoup.build/Objects-normal/arm64/Tokeniser.o -index-unit-output-path /SwiftSoup.build/Release-iphoneos/SwiftSoup.build/Objects-normal/arm64/TokeniserState.o -index-unit-output-path /SwiftSoup.build/Release-iphoneos/SwiftSoup.build/Objects-normal/arm64/TreeBuilder.o -index-unit-output-path /SwiftSoup.build/Release-iphoneos/SwiftSoup.build/Objects-normal/arm64/UTF8Arrays.o -index-unit-output-path /SwiftSoup.build/Release-iphoneos/SwiftSoup.build/Objects-normal/arm64/UnfairLock.o -index-unit-output-path /SwiftSoup.build/Release-iphoneos/SwiftSoup.build/Objects-normal/arm64/UnicodeScalar.o -index-unit-output-path /SwiftSoup.build/Release-iphoneos/SwiftSoup.build/Objects-normal/arm64/Validate.o -index-unit-output-path /SwiftSoup.build/Release-iphoneos/SwiftSoup.build/Objects-normal/arm64/Whitelist.o -index-unit-output-path /SwiftSoup.build/Release-iphoneos/SwiftSoup.build/Objects-normal/arm64/XmlDeclaration.o -index-unit-output-path /SwiftSoup.build/Release-iphoneos/SwiftSoup.build/Objects-normal/arm64/XmlTreeBuilder.o
2026-10-06T15:00:06.8416280Z 
2026-10-06T15:00:06.8417880Z CompileSwift normal arm64 (in target 'SwiftSoup' from project 'SwiftSoup')
2026-10-06T15:00:06.8420820Z     cd /Users/runner/Library/Developer/Xcode/DerivedData/BookonDebug-ehazsigvxemoqzdtqumqzfgyfpkz/SourcePackages/checkouts/SwiftSoup
2026-10-06T15:00:06.8572690Z     /Applications/Xcode_15.4.app/Contents/Developer/Toolchains/XcodeDefault.xctoolchain/usr/bin/swift-frontend -c /Users/runner/Library/Developer/Xcode/DerivedData/BookonDebug-ehazsigvxemoqzdtqumqzfgyfpkz/SourcePackages/checkouts/SwiftSoup/Sources/ArrayExt.swift /Users/runner/Library/Developer/Xcode/DerivedData/BookonDebug-ehazsigvxemoqzdtqumqzfgyfpkz/SourcePackages/checkouts/SwiftSoup/Sources/Attribute.swift /Users/runner/Library/Developer/Xcode/DerivedData/BookonDebug-ehazsigvxemoqzdtqumqzfgyfpkz/SourcePackages/checkouts/SwiftSoup/Sources/Attributes.swift /Users/runner/Library/Developer/Xcode/DerivedData/BookonDebug-ehazsigvxemoqzdtqumqzfgyfpkz/SourcePackages/checkouts/SwiftSoup/Sources/BinarySearch.swift /Users/runner/Library/Developer/Xcode/DerivedData/BookonDebug-ehazsigvxemoqzdtqumqzfgyfpkz/SourcePackages/checkouts/SwiftSoup/Sources/BooleanAttribute.swift /Users/runner/Library/Developer/Xcode/DerivedData/BookonDebug-ehazsigvxemoqzdtqumqzfgyfpkz/SourcePackages/checkouts/SwiftSoup/Sources/CharacterExt.swift /Users/runner/Library/Developer/Xcode/DerivedData/BookonDebug-ehazsigvxemoqzdtqumqzfgyfpkz/SourcePackages/checkouts/SwiftSoup/Sources/CharacterReader.swift /Users/runner/Library/Developer/Xcode/DerivedData/BookonDebug-ehazsigvxemoqzdtqumqzfgyfpkz/SourcePackages/checkouts/SwiftSoup/Sources/Cleaner.swift /Users/runner/Library/Developer/Xcode/DerivedData/BookonDebug-ehazsigvxemoqzdtqumqzfgyfpkz/SourcePackages/checkouts/SwiftSoup/Sources/Collector.swift /Users/runner/Library/Developer/Xcode/DerivedData/BookonDebug-ehazsigvxemoqzdtqumqzfgyfpkz/SourcePackages/checkouts/SwiftSoup/Sources/CombiningEvaluator.swift /Users/runner/Library/Developer/Xcode/DerivedData/BookonDebug-ehazsigvxemoqzdtqumqzfgyfpkz/SourcePackages/checkouts/SwiftSoup/Sources/Comment.swift /Users/runner/Library/Developer/Xcode/DerivedData/BookonDebug-ehazsigvxemoqzdtqumqzfgyfpkz/SourcePackages/checkouts/SwiftSoup/Sources/Connection.swift /Users/runner/Library/Developer/Xcode/DerivedData/BookonDebug-ehazsigvxemoqzdtqumqzfgyfpkz/SourcePackages/checkouts/SwiftSoup/Sources/CssSelector.swift /Users/runner/Library/Developer/Xcode/DerivedData/BookonDebug-ehazsigvxemoqzdtqumqzfgyfpkz/SourcePackages/checkouts/SwiftSoup/Sources/DataNode.swift /Users/runner/Library/Developer/Xcode/DerivedData/BookonDebug-ehazsigvxemoqzdtqumqzfgyfpkz/SourcePackages/checkouts/SwiftSoup/Sources/DataUtil.swift /Users/runner/Library/Developer/Xcode/DerivedData/BookonDebug-ehazsigvxemoqzdtqumqzfgyfpkz/SourcePackages/checkouts/SwiftSoup/Sources/Document.swift /Users/runner/Library/Developer/Xcode/DerivedData/BookonDebug-ehazsigvxemoqzdtqumqzfgyfpkz/SourcePackages/checkouts/SwiftSoup/Sources/DocumentType.swift /Users/runner/Library/Developer/Xcode/DerivedData/BookonDebug-ehazsigvxemoqzdtqumqzfgyfpkz/SourcePackages/checkouts/SwiftSoup/Sources/Element.swift /Users/runner/Library/Developer/Xcode/DerivedData/BookonDebug-ehazsigvxemoqzdtqumqzfgyfpkz/SourcePackages/checkouts/SwiftSoup/Sources/Elements.swift /Users/runner/Library/Developer/Xcode/DerivedData/BookonDebug-ehazsigvxemoqzdtqumqzfgyfpkz/SourcePackages/checkouts/SwiftSoup/Sources/Entities.swift /Users/runner/Library/Developer/Xcode/DerivedData/BookonDebug-ehazsigvxemoqzdtqumqzfgyfpkz/SourcePackages/checkouts/SwiftSoup/Sources/Evaluator.swift /Users/runner/Library/Developer/Xcode/DerivedData/BookonDebug-ehazsigvxemoqzdtqumqzfgyfpkz/SourcePackages/checkouts/SwiftSoup/Sources/Exception.swift /Users/runner/Library/Developer/Xcode/DerivedData/BookonDebug-ehazsigvxemoqzdtqumqzfgyfpkz/SourcePackages/checkouts/SwiftSoup/Sources/FormElement.swift /Users/runner/Library/Developer/Xcode/DerivedData/BookonDebug-ehazsigvxemoqzdtqumqzfgyfpkz/SourcePackages/checkouts/SwiftSoup/Sources/HtmlTreeBuilder.swift /Users/runner/Library/Developer/Xcode/DerivedData/BookonDebug-ehazsigvxemoqzdtqumqzfgyfpkz/SourcePackages/checkouts/SwiftSoup/Sources/HtmlTreeBuilderState.swift /Users/runner/Library/Developer/Xcode/DerivedData/BookonDebug-ehazsigvxemoqzdtqumqzfgyfpkz/SourcePackages/checkouts/SwiftSoup/Sources/HttpStatusException.swift /Users/runner/Library/Developer/Xcode/DerivedData/BookonDebug-ehazsigvxemoqzdtqumqzfgyfpkz/SourcePackages/checkouts/SwiftSoup/Sources/Mutex.swift /Users/runner/Library/Developer/Xcode/DerivedData/BookonDebug-ehazsigvxemoqzdtqumqzfgyfpkz/SourcePackages/checkouts/SwiftSoup/Sources/Node.swift /Users/runner/Library/Developer/Xcode/DerivedData/BookonDebug-ehazsigvxemoqzdtqumqzfgyfpkz/SourcePackages/checkouts/SwiftSoup/Sources/NodeTraversor.swift /Users/runner/Library/Developer/Xcode/DerivedData/BookonDebug-ehazsigvxemoqzdtqumqzfgyfpkz/SourcePackages/checkouts/SwiftSoup/Sources/NodeVisitor.swift /Users/runner/Library/Developer/Xcode/DerivedData/BookonDebug-ehazsigvxemoqzdtqumqzfgyfpkz/SourcePackages/checkouts/SwiftSoup/Sources/OrderedSet.swift /Users/runner/Library/Developer/Xcode/DerivedData/BookonDebug-ehazsigvxemoqzdtqumqzfgyfpkz/SourcePackages/checkouts/SwiftSoup/Sources/ParseError.swift /Users/runner/Library/Developer/Xcode/DerivedData/BookonDebug-ehazsigvxemoqzdtqumqzfgyfpkz/SourcePackages/checkouts/SwiftSoup/Sources/ParseErrorList.swift /Users/runner/Library/Developer/Xcode/DerivedData/BookonDebug-ehazsigvxemoqzdtqumqzfgyfpkz/SourcePackages/checkouts/SwiftSoup/Sources/ParseSettings.swift /Users/runner/Library/Developer/Xcode/DerivedData/BookonDebug-ehazsigvxemoqzdtqumqzfgyfpkz/SourcePackages/checkouts/SwiftSoup/Sources/Parser.swift /Users/runner/Library/Developer/Xcode/DerivedData/BookonDebug-ehazsigvxemoqzdtqumqzfgyfpkz/SourcePackages/checkouts/SwiftSoup/Sources/ParsingStrings.swift /Users/runner/Library/Developer/Xcode/DerivedData/BookonDebug-ehazsigvxemoqzdtqumqzfgyfpkz/SourcePackages/checkouts/SwiftSoup/Sources/Pattern.swift /Users/runner/Library/Developer/Xcode/DerivedData/BookonDebug-ehazsigvxemoqzdtqumqzfgyfpkz/SourcePackages/checkouts/SwiftSoup/Sources/QueryParser.swift /Users/runner/Library/Developer/Xcode/DerivedData/BookonDebug-ehazsigvxemoqzdtqumqzfgyfpkz/SourcePackages/checkouts/SwiftSoup/Sources/SerializationException.swift /Users/runner/Library/Developer/Xcode/DerivedData/BookonDebug-ehazsigvxemoqzdtqumqzfgyfpkz/SourcePackages/checkouts/SwiftSoup/Sources/SimpleDictionary.swift /Users/runner/Library/Developer/Xcode/DerivedData/BookonDebug-ehazsigvxemoqzdtqumqzfgyfpkz/SourcePackages/checkouts/SwiftSoup/Sources/StreamReader.swift /Users/runner/Library/Developer/Xcode/DerivedData/BookonDebug-ehazsigvxemoqzdtqumqzfgyfpkz/SourcePackages/checkouts/SwiftSoup/Sources/String.swift /Users/runner/Library/Developer/Xcode/DerivedData/BookonDebug-ehazsigvxemoqzdtqumqzfgyfpkz/SourcePackages/checkouts/SwiftSoup/Sources/StringBuilder.swift /Users/runner/Library/Developer/Xcode/DerivedData/BookonDebug-ehazsigvxemoqzdtqumqzfgyfpkz/SourcePackages/checkouts/SwiftSoup/Sources/StringUtil.swift /Users/runner/Library/Developer/Xcode/DerivedData/BookonDebug-ehazsigvxemoqzdtqumqzfgyfpkz/SourcePackages/checkouts/SwiftSoup/Sources/StructuralEvaluator.swift /Users/runner/Library/Developer/Xcode/DerivedData/BookonDebug-ehazsigvxemoqzdtqumqzfgyfpkz/SourcePackages/checkouts/SwiftSoup/Sources/SwiftSoup.swift /Users/runner/Library/Developer/Xcode/DerivedData/BookonDebug-ehazsigvxemoqzdtqumqzfgyfpkz/SourcePackages/checkouts/SwiftSoup/Sources/Tag.swift /Users/runner/Library/Developer/Xcode/DerivedData/BookonDebug-ehazsigvxemoqzdtqumqzfgyfpkz/SourcePackages/checkouts/SwiftSoup/Sources/TextNode.swift /Users/runner/Library/Developer/Xcode/DerivedData/BookonDebug-ehazsigvxemoqzdtqumqzfgyfpkz/SourcePackages/checkouts/SwiftSoup/Sources/Token.swift /Users/runner/Library/Developer/Xcode/DerivedData/BookonDebug-ehazsigvxemoqzdtqumqzfgyfpkz/SourcePackages/checkouts/SwiftSoup/Sources/TokenQueue.swift /Users/runner/Library/Developer/Xcode/DerivedData/BookonDebug-ehazsigvxemoqzdtqumqzfgyfpkz/SourcePackages/checkouts/SwiftSoup/Sources/Tokeniser.swift /Users/runner/Library/Developer/Xcode/DerivedData/BookonDebug-ehazsigvxemoqzdtqumqzfgyfpkz/SourcePackages/checkouts/SwiftSoup/Sources/TokeniserState.swift /Users/runner/Library/Developer/Xcode/DerivedData/BookonDebug-ehazsigvxemoqzdtqumqzfgyfpkz/SourcePackages/checkouts/SwiftSoup/Sources/TreeBuilder.swift /Users/runner/Library/Developer/Xcode/DerivedData/BookonDebug-ehazsigvxemoqzdtqumqzfgyfpkz/SourcePackages/checkouts/SwiftSoup/Sources/UTF8Arrays.swift /Users/runner/Library/Developer/Xcode/DerivedData/BookonDebug-ehazsigvxemoqzdtqumqzfgyfpkz/SourcePackages/checkouts/SwiftSoup/Sources/UnfairLock.swift /Users/runner/Library/Developer/Xcode/DerivedData/BookonDebug-ehazsigvxemoqzdtqumqzfgyfpkz/SourcePackages/checkouts/SwiftSoup/Sources/UnicodeScalar.swift /Users/runner/Library/Developer/Xcode/DerivedData/BookonDebug-ehazsigvxemoqzdtqumqzfgyfpkz/SourcePackages/checkouts/SwiftSoup/Sources/Validate.swift /Users/runner/Library/Developer/Xcode/DerivedData/BookonDebug-ehazsigvxemoqzdtqumqzfgyfpkz/SourcePackages/checkouts/SwiftSoup/Sources/Whitelist.swift /Users/runner/Library/Developer/Xcode/DerivedData/BookonDebug-ehazsigvxemoqzdtqumqzfgyfpkz/SourcePackages/checkouts/SwiftSoup/Sources/XmlDeclaration.swift /Users/runner/Library/Developer/Xcode/DerivedData/BookonDebug-ehazsigvxemoqzdtqumqzfgyfpkz/SourcePackages/checkouts/SwiftSoup/Sources/XmlTreeBuilder.swift -supplementary-output-file-map /Users/runner/Library/Developer/Xcode/DerivedData/BookonDebug-ehazsigvxemoqzdtqumqzfgyfpkz/Build/Intermediates.noindex/ArchiveIntermediates/BookonDebug/IntermediateBuildFilesPath/SwiftSoup.build/Release-iphoneos/SwiftSoup.build/Objects-normal/arm64/supplementaryOutputs-1 -target arm64-apple-ios13.0 -Xllvm -aarch64-use-tbi -enable-objc-interop -stack-check -sdk /Applications/Xcode_15.4.app/Contents/Developer/Platforms/iPhoneOS.platform/Developer/SDKs/iPhoneOS17.5.sdk -I /Users/runner/Library/Developer/Xcode/DerivedData/BookonDebug-ehazsigvxemoqzdtqumqzfgyfpkz/Build/Intermediates.noindex/ArchiveIntermediates/BookonDebug/BuildProductsPath/Release-iphoneos -I /Applications/Xcode_15.4.app/Contents/Developer/Platforms/iPhoneOS.platform/Developer/usr/lib -F /Users/runner/Library/Developer/Xcode/DerivedData/BookonDebug-ehazsigvxemoqzdtqumqzfgyfpkz/Build/Intermediates.noindex/ArchiveIntermediates/BookonDebug/BuildProductsPath/Release-iphoneos -F /Applications/Xcode_15.4.app/Contents/Developer/Platforms/iPhoneOS.platform/Developer/Library/Frameworks -F /Applications/Xcode_15.4.app/Contents/Developer/Platforms/iPhoneOS.platform/Developer/SDKs/iPhoneOS17.5.sdk/Developer/Library/Frameworks -no-color-diagnostics -g -module-cache-path /Users/runner/Library/Developer/Xcode/DerivedData/ModuleCache.noindex -suppress-warnings -swift-version 5 -enforce-exclusivity\=checked -O -D SWIFT_PACKAGE -D Xcode -serialize-debugging-options -package-name swiftsoup -const-gather-protocols-file /Users/runner/Library/Developer/Xcode/DerivedData/BookonDebug-ehazsigvxemoqzdtqumqzfgyfpkz/Build/Intermediates.noindex/ArchiveIntermediates/BookonDebug/IntermediateBuildFilesPath/SwiftSoup.build/Release-iphoneos/SwiftSoup.build/Objects-normal/arm64/SwiftSoup_const_extract_protocols.json -empty-abi-descriptor -validate-clang-modules-once -clang-build-session-file /Users/runner/Library/Developer/Xcode/DerivedData/ModuleCache.noindex/Session.modulevalidation -Xcc -working-directory -Xcc /Users/runner/Library/Developer/Xcode/DerivedData/BookonDebug-ehazsigvxemoqzdtqumqzfgyfpkz/SourcePackages/checkouts/SwiftSoup -resource-dir /Applications/Xcode_15.4.app/Contents/Developer/Toolchains/XcodeDefault.xctoolchain/usr/lib/swift -Xcc -ivfsstatcache -Xcc /Users/runner/Library/Developer/Xcode/DerivedData/SDKStatCaches.noindex/iphoneos17.5-21F77-f0fa7969d082b13145125136a829df3a.sdkstatcache -Xcc -I/Users/runner/Library/Developer/Xcode/DerivedData/BookonDebug-ehazsigvxemoqzdtqumqzfgyfpkz/Build/Intermediates.noindex/ArchiveIntermediates/BookonDebug/IntermediateBuildFilesPath/SwiftSoup.build/Release-iphoneos/SwiftSoup.build/swift-overrides.hmap -Xcc -I/Users/runner/Library/Developer/Xcode/DerivedData/BookonDebug-ehazsigvxemoqzdtqumqzfgyfpkz/Build/Intermediates.noindex/ArchiveIntermediates/BookonDebug/BuildProductsPath/Release-iphoneos/include -Xcc -I/Users/runner/Library/Developer/Xcode/DerivedData/BookonDebug-ehazsigvxemoqzdtqumqzfgyfpkz/Build/Intermediates.noindex/ArchiveIntermediates/BookonDebug/IntermediateBuildFilesPath/SwiftSoup.build/Release-iphoneos/SwiftSoup.build/DerivedSources-normal/arm64 -Xcc -I/Users/runner/Library/Developer/Xcode/DerivedData/BookonDebug-ehazsigvxemoqzdtqumqzfgyfpkz/Build/Intermediates.noindex/ArchiveIntermediates/BookonDebug/IntermediateBuildFilesPath/SwiftSoup.build/Release-iphoneos/SwiftSoup.build/DerivedSources/arm64 -Xcc -I/Users/runner/Library/Developer/Xcode/DerivedData/BookonDebug-ehazsigvxemoqzdtqumqzfgyfpkz/Build/Intermediates.noindex/ArchiveIntermediates/BookonDebug/IntermediateBuildFilesPath/SwiftSoup.build/Release-iphoneos/SwiftSoup.build/DerivedSources -Xcc -DSWIFT_PACKAGE -module-name SwiftSoup -frontend-parseable-output -disable-clang-spi -target-sdk-version 17.5 -target-sdk-name iphoneos17.5 -external-plugin-path /Applications/Xcode_15.4.app/Contents/Developer/Platforms/iPhoneOS.platform/Developer/SDKs/iPhoneOS17.5.sdk/usr/lib/swift/host/plugins\#/Applications/Xcode_15.4.app/Contents/Developer/Platforms/iPhoneOS.platform/Developer/SDKs/iPhoneOS17.5.sdk/usr/bin/swift-plugin-server -external-plugin-path /Applications/Xcode_15.4.app/Contents/Developer/Platforms/iPhoneOS.platform/Developer/SDKs/iPhoneOS17.5.sdk/usr/local/lib/swift/host/plugins\#/Applications/Xcode_15.4.app/Contents/Developer/Platforms/iPhoneOS.platform/Developer/SDKs/iPhoneOS17.5.sdk/usr/bin/swift-plugin-server -external-plugin-path /Applications/Xcode_15.4.app/Contents/Developer/Platforms/iPhoneOS.platform/Developer/usr/lib/swift/host/plugins\#/Applications/Xcode_15.4.app/Contents/Developer/Platforms/iPhoneOS.platform/Developer/usr/bin/swift-plugin-server -external-plugin-path /Applications/Xcode_15.4.app/Contents/Developer/Platforms/iPhoneOS.platform/Developer/usr/local/lib/swift/host/plugins\#/Applications/Xcode_15.4.app/Contents/Developer/Platforms/iPhoneOS.platform/Developer/usr/bin/swift-plugin-server -plugin-path /Applications/Xcode_15.4.app/Contents/Developer/Toolchains/XcodeDefault.xctoolchain/usr/lib/swift/host/plugins -plugin-path /Applications/Xcode_15.4.app/Contents/Developer/Toolchains/XcodeDefault.xctoolchain/usr/local/lib/swift/host/plugins -enable-default-cmo -num-threads 3 -o /Users/runner/Library/Developer/Xcode/DerivedData/BookonDebug-ehazsigvxemoqzdtqumqzfgyfpkz/Build/Intermediates.noindex/ArchiveIntermediates/BookonDebug/IntermediateBuildFilesPath/SwiftSoup.build/Release-iphoneos/SwiftSoup.build/Objects-normal/arm64/ArrayExt.o -o /Users/runner/Library/Developer/Xcode/DerivedData/BookonDebug-ehazsigvxemoqzdtqumqzfgyfpkz/Build/Intermediates.noindex/ArchiveIntermediates/BookonDebug/IntermediateBuildFilesPath/SwiftSoup.build/Release-iphoneos/SwiftSoup.build/Objects-normal/arm64/Attribute.o -o /Users/runner/Library/Developer/Xcode/DerivedData/BookonDebug-ehazsigvxemoqzdtqumqzfgyfpkz/Build/Intermediates.noindex/ArchiveIntermediates/BookonDebug/IntermediateBuildFilesPath/SwiftSoup.build/Release-iphoneos/SwiftSoup.build/Objects-normal/arm64/Attributes.o -o /Users/runner/Library/Developer/Xcode/DerivedData/BookonDebug-ehazsigvxemoqzdtqumqzfgyfpkz/Build/Intermediates.noindex/ArchiveIntermediates/BookonDebug/IntermediateBuildFilesPath/SwiftSoup.build/Release-iphoneos/SwiftSoup.build/Objects-normal/arm64/BinarySearch.o -o /Users/runner/Library/Developer/Xcode/DerivedData/BookonDebug-ehazsigvxemoqzdtqumqzfgyfpkz/Build/Intermediates.noindex/ArchiveIntermediates/BookonDebug/IntermediateBuildFilesPath/SwiftSoup.build/Release-iphoneos/SwiftSoup.build/Objects-normal/arm64/BooleanAttribute.o -o /Users/runner/Library/Developer/Xcode/DerivedData/BookonDebug-ehazsigvxemoqzdtqumqzfgyfpkz/Build/Intermediates.noindex/ArchiveIntermediates/BookonDebug/IntermediateBuildFilesPath/SwiftSoup.build/Release-iphoneos/SwiftSoup.build/Objects-normal/arm64/CharacterExt.o -o /Users/runner/Library/Developer/Xcode/DerivedData/BookonDebug-ehazsigvxemoqzdtqumqzfgyfpkz/Build/Intermediates.noindex/ArchiveIntermediates/BookonDebug/IntermediateBuildFilesPath/SwiftSoup.build/Release-iphoneos/SwiftSoup.build/Objects-normal/arm64/CharacterReader.o -o /Users/runner/Library/Developer/Xcode/DerivedData/BookonDebug-ehazsigvxemoqzdtqumqzfgyfpkz/Build/Intermediates.noindex/ArchiveIntermediates/BookonDebug/IntermediateBuildFilesPath/SwiftSoup.build/Release-iphoneos/SwiftSoup.build/Objects-normal/arm64/Cleaner.o -o /Users/runner/Library/Developer/Xcode/DerivedData/BookonDebug-ehazsigvxemoqzdtqumqzfgyfpkz/Build/Intermediates.noindex/ArchiveIntermediates/BookonDebug/IntermediateBuildFilesPath/SwiftSoup.build/Release-iphoneos/SwiftSoup.build/Objects-normal/arm64/Collector.o -o /Users/runner/Library/Developer/Xcode/DerivedData/BookonDebug-ehazsigvxemoqzdtqumqzfgyfpkz/Build/Intermediates.noindex/ArchiveIntermediates/BookonDebug/IntermediateBuildFilesPath/SwiftSoup.build/Release-iphoneos/SwiftSoup.build/Objects-normal/arm64/CombiningEvaluator.o -o /Users/runner/Library/Developer/Xcode/DerivedData/BookonDebug-ehazsigvxemoqzdtqumqzfgyfpkz/Build/Intermediates.noindex/ArchiveIntermediates/BookonDebug/IntermediateBuildFilesPath/SwiftSoup.build/Release-iphoneos/SwiftSoup.build/Objects-normal/arm64/Comment.o -o /Users/runner/Library/Developer/Xcode/DerivedData/BookonDebug-ehazsigvxemoqzdtqumqzfgyfpkz/Build/Intermediates.noindex/ArchiveIntermediates/BookonDebug/IntermediateBuildFilesPath/SwiftSoup.build/Release-iphoneos/SwiftSoup.build/Objects-normal/arm64/Connection.o -o /Users/runner/Library/Developer/Xcode/DerivedData/BookonDebug-ehazsigvxemoqzdtqumqzfgyfpkz/Build/Intermediates.noindex/ArchiveIntermediates/BookonDebug/IntermediateBuildFilesPath/SwiftSoup.build/Release-iphoneos/SwiftSoup.build/Objects-normal/arm64/CssSelector.o -o /Users/runner/Library/Developer/Xcode/DerivedData/BookonDebug-ehazsigvxemoqzdtqumqzfgyfpkz/Build/Intermediates.noindex/ArchiveIntermediates/BookonDebug/IntermediateBuildFilesPath/SwiftSoup.build/Release-iphoneos/SwiftSoup.build/Objects-normal/arm64/DataNode.o -o /Users/runner/Library/Developer/Xcode/DerivedData/BookonDebug-ehazsigvxemoqzdtqumqzfgyfpkz/Build/Intermediates.noindex/ArchiveIntermediates/BookonDebug/IntermediateBuildFilesPath/SwiftSoup.build/Release-iphoneos/SwiftSoup.build/Objects-normal/arm64/DataUtil.o -o /Users/runner/Library/Developer/Xcode/DerivedData/BookonDebug-ehazsigvxemoqzdtqumqzfgyfpkz/Build/Intermediates.noindex/ArchiveIntermediates/BookonDebug/IntermediateBuildFilesPath/SwiftSoup.build/Release-iphoneos/SwiftSoup.build/Objects-normal/arm64/Document.o -o /Users/runner/Library/Developer/Xcode/DerivedData/BookonDebug-ehazsigvxemoqzdtqumqzfgyfpkz/Build/Intermediates.noindex/ArchiveIntermediates/BookonDebug/IntermediateBuildFilesPath/SwiftSoup.build/Release-iphoneos/SwiftSoup.build/Objects-normal/arm64/DocumentType.o -o /Users/runner/Library/Developer/Xcode/DerivedData/BookonDebug-ehazsigvxemoqzdtqumqzfgyfpkz/Build/Intermediates.noindex/ArchiveIntermediates/BookonDebug/IntermediateBuildFilesPath/SwiftSoup.build/Release-iphoneos/SwiftSoup.build/Objects-normal/arm64/Element.o -o /Users/runner/Library/Developer/Xcode/DerivedData/BookonDebug-ehazsigvxemoqzdtqumqzfgyfpkz/Build/Intermediates.noindex/ArchiveIntermediates/BookonDebug/IntermediateBuildFilesPath/SwiftSoup.build/Release-iphoneos/SwiftSoup.build/Objects-normal/arm64/Elements.o -o /Users/runner/Library/Developer/Xcode/DerivedData/BookonDebug-ehazsigvxemoqzdtqumqzfgyfpkz/Build/Intermediates.noindex/ArchiveIntermediates/BookonDebug/IntermediateBuildFilesPath/SwiftSoup.build/Release-iphoneos/SwiftSoup.build/Objects-normal/arm64/Entities.o -o /Users/runner/Library/Developer/Xcode/DerivedData/BookonDebug-ehazsigvxemoqzdtqumqzfgyfpkz/Build/Intermediates.noindex/ArchiveIntermediates/BookonDebug/IntermediateBuildFilesPath/SwiftSoup.build/Release-iphoneos/SwiftSoup.build/Objects-normal/arm64/Evaluator.o -o /Users/runner/Library/Developer/Xcode/DerivedData/BookonDebug-ehazsigvxemoqzdtqumqzfgyfpkz/Build/Intermediates.noindex/ArchiveIntermediates/BookonDebug/IntermediateBuildFilesPath/SwiftSoup.build/Release-iphoneos/SwiftSoup.build/Objects-normal/arm64/Exception.o -o /Users/runner/Library/Developer/Xcode/DerivedData/BookonDebug-ehazsigvxemoqzdtqumqzfgyfpkz/Build/Intermediates.noindex/ArchiveIntermediates/BookonDebug/IntermediateBuildFilesPath/SwiftSoup.build/Release-iphoneos/SwiftSoup.build/Objects-normal/arm64/FormElement.o -o /Users/runner/Library/Developer/Xcode/DerivedData/BookonDebug-ehazsigvxemoqzdtqumqzfgyfpkz/Build/Intermediates.noindex/ArchiveIntermediates/BookonDebug/IntermediateBuildFilesPath/SwiftSoup.build/Release-iphoneos/SwiftSoup.build/Objects-normal/arm64/HtmlTreeBuilder.o -o /Users/runner/Library/Developer/Xcode/DerivedData/BookonDebug-ehazsigvxemoqzdtqumqzfgyfpkz/Build/Intermediates.noindex/ArchiveIntermediates/BookonDebug/IntermediateBuildFilesPath/SwiftSoup.build/Release-iphoneos/SwiftSoup.build/Objects-normal/arm64/HtmlTreeBuilderState.o -o /Users/runner/Library/Developer/Xcode/DerivedData/BookonDebug-ehazsigvxemoqzdtqumqzfgyfpkz/Build/Intermediates.noindex/ArchiveIntermediates/BookonDebug/IntermediateBuildFilesPath/SwiftSoup.build/Release-iphoneos/SwiftSoup.build/Objects-normal/arm64/HttpStatusException.o -o /Users/runner/Library/Developer/Xcode/DerivedData/BookonDebug-ehazsigvxemoqzdtqumqzfgyfpkz/Build/Intermediates.noindex/ArchiveIntermediates/BookonDebug/IntermediateBuildFilesPath/SwiftSoup.build/Release-iphoneos/SwiftSoup.build/Objects-normal/arm64/Mutex.o -o /Users/runner/Library/Developer/Xcode/DerivedData/BookonDebug-ehazsigvxemoqzdtqumqzfgyfpkz/Build/Intermediates.noindex/ArchiveIntermediates/BookonDebug/IntermediateBuildFilesPath/SwiftSoup.build/Release-iphoneos/SwiftSoup.build/Objects-normal/arm64/Node.o -o /Users/runner/Library/Developer/Xcode/DerivedData/BookonDebug-ehazsigvxemoqzdtqumqzfgyfpkz/Build/Intermediates.noindex/ArchiveIntermediates/BookonDebug/IntermediateBuildFilesPath/SwiftSoup.build/Release-iphoneos/SwiftSoup.build/Objects-normal/arm64/NodeTraversor.o -o /Users/runner/Library/Developer/Xcode/DerivedData/BookonDebug-ehazsigvxemoqzdtqumqzfgyfpkz/Build/Intermediates.noindex/ArchiveIntermediates/BookonDebug/IntermediateBuildFilesPath/SwiftSoup.build/Release-iphoneos/SwiftSoup.build/Objects-normal/arm64/NodeVisitor.o -o /Users/runner/Library/Developer/Xcode/DerivedData/BookonDebug-ehazsigvxemoqzdtqumqzfgyfpkz/Build/Intermediates.noindex/ArchiveIntermediates/BookonDebug/IntermediateBuildFilesPath/SwiftSoup.build/Release-iphoneos/SwiftSoup.build/Objects-normal/arm64/OrderedSet.o -o /Users/runner/Library/Developer/Xcode/DerivedData/BookonDebug-ehazsigvxemoqzdtqumqzfgyfpkz/Build/Intermediates.noindex/ArchiveIntermediates/BookonDebug/IntermediateBuildFilesPath/SwiftSoup.build/Release-iphoneos/SwiftSoup.build/Objects-normal/arm64/ParseError.o -o /Users/runner/Library/Developer/Xcode/DerivedData/BookonDebug-ehazsigvxemoqzdtqumqzfgyfpkz/Build/Intermediates.noindex/ArchiveIntermediates/BookonDebug/IntermediateBuildFilesPath/SwiftSoup.build/Release-iphoneos/SwiftSoup.build/Objects-normal/arm64/ParseErrorList.o -o /Users/runner/Library/Developer/Xcode/DerivedData/BookonDebug-ehazsigvxemoqzdtqumqzfgyfpkz/Build/Intermediates.noindex/ArchiveIntermediates/BookonDebug/IntermediateBuildFilesPath/SwiftSoup.build/Release-iphoneos/SwiftSoup.build/Objects-normal/arm64/ParseSettings.o -o /Users/runner/Library/Developer/Xcode/DerivedData/BookonDebug-ehazsigvxemoqzdtqumqzfgyfpkz/Build/Intermediates.noindex/ArchiveIntermediates/BookonDebug/IntermediateBuildFilesPath/SwiftSoup.build/Release-iphoneos/SwiftSoup.build/Objects-normal/arm64/Parser.o -o /Users/runner/Library/Developer/Xcode/DerivedData/BookonDebug-ehazsigvxemoqzdtqumqzfgyfpkz/Build/Intermediates.noindex/ArchiveIntermediates/BookonDebug/IntermediateBuildFilesPath/SwiftSoup.build/Release-iphoneos/SwiftSoup.build/Objects-normal/arm64/ParsingStrings.o -o /Users/runner/Library/Developer/Xcode/DerivedData/BookonDebug-ehazsigvxemoqzdtqumqzfgyfpkz/Build/Intermediates.noindex/ArchiveIntermediates/BookonDebug/IntermediateBuildFilesPath/SwiftSoup.build/Release-iphoneos/SwiftSoup.build/Objects-normal/arm64/Pattern.o -o /Users/runner/Library/Developer/Xcode/DerivedData/BookonDebug-ehazsigvxemoqzdtqumqzfgyfpkz/Build/Intermediates.noindex/ArchiveIntermediates/BookonDebug/IntermediateBuildFilesPath/SwiftSoup.build/Release-iphoneos/SwiftSoup.build/Objects-normal/arm64/QueryParser.o -o /Users/runner/Library/Developer/Xcode/DerivedData/BookonDebug-ehazsigvxemoqzdtqumqzfgyfpkz/Build/Intermediates.noindex/ArchiveIntermediates/BookonDebug/IntermediateBuildFilesPath/SwiftSoup.build/Release-iphoneos/SwiftSoup.build/Objects-normal/arm64/SerializationException.o -o /Users/runner/Library/Developer/Xcode/DerivedData/BookonDebug-ehazsigvxemoqzdtqumqzfgyfpkz/Build/Intermediates.noindex/ArchiveIntermediates/BookonDebug/IntermediateBuildFilesPath/SwiftSoup.build/Release-iphoneos/SwiftSoup.build/Objects-normal/arm64/SimpleDictionary.o -o /Users/runner/Library/Developer/Xcode/DerivedData/BookonDebug-ehazsigvxemoqzdtqumqzfgyfpkz/Build/Intermediates.noindex/ArchiveIntermediates/BookonDebug/IntermediateBuildFilesPath/SwiftSoup.build/Release-iphoneos/SwiftSoup.build/Objects-normal/arm64/StreamReader.o -o /Users/runner/Library/Developer/Xcode/DerivedData/BookonDebug-ehazsigvxemoqzdtqumqzfgyfpkz/Build/Intermediates.noindex/ArchiveIntermediates/BookonDebug/IntermediateBuildFilesPath/SwiftSoup.build/Release-iphoneos/SwiftSoup.build/Objects-normal/arm64/String.o -o /Users/runner/Library/Developer/Xcode/DerivedData/BookonDebug-ehazsigvxemoqzdtqumqzfgyfpkz/Build/Intermediates.noindex/ArchiveIntermediates/BookonDebug/IntermediateBuildFilesPath/SwiftSoup.build/Release-iphoneos/SwiftSoup.build/Objects-normal/arm64/StringBuilder.o -o /Users/runner/Library/Developer/Xcode/DerivedData/BookonDebug-ehazsigvxemoqzdtqumqzfgyfpkz/Build/Intermediates.noindex/ArchiveIntermediates/BookonDebug/IntermediateBuildFilesPath/SwiftSoup.build/Release-iphoneos/SwiftSoup.build/Objects-normal/arm64/StringUtil.o -o /Users/runner/Library/Developer/Xcode/DerivedData/BookonDebug-ehazsigvxemoqzdtqumqzfgyfpkz/Build/Intermediates.noindex/ArchiveIntermediates/BookonDebug/IntermediateBuildFilesPath/SwiftSoup.build/Release-iphoneos/SwiftSoup.build/Objects-normal/arm64/StructuralEvaluator.o -o /Users/runner/Library/Developer/Xcode/DerivedData/BookonDebug-ehazsigvxemoqzdtqumqzfgyfpkz/Build/Intermediates.noindex/ArchiveIntermediates/BookonDebug/IntermediateBuildFilesPath/SwiftSoup.build/Release-iphoneos/SwiftSoup.build/Objects-normal/arm64/SwiftSoup.o -o /Users/runner/Library/Developer/Xcode/DerivedData/BookonDebug-ehazsigvxemoqzdtqumqzfgyfpkz/Build/Intermediates.noindex/ArchiveIntermediates/BookonDebug/IntermediateBuildFilesPath/SwiftSoup.build/Release-iphoneos/SwiftSoup.build/Objects-normal/arm64/Tag.o -o /Users/runner/Library/Developer/Xcode/DerivedData/BookonDebug-ehazsigvxemoqzdtqumqzfgyfpkz/Build/Intermediates.noindex/ArchiveIntermediates/BookonDebug/IntermediateBuildFilesPath/SwiftSoup.build/Release-iphoneos/SwiftSoup.build/Objects-normal/arm64/TextNode.o -o /Users/runner/Library/Developer/Xcode/DerivedData/BookonDebug-ehazsigvxemoqzdtqumqzfgyfpkz/Build/Intermediates.noindex/ArchiveIntermediates/BookonDebug/IntermediateBuildFilesPath/SwiftSoup.build/Release-iphoneos/SwiftSoup.build/Objects-normal/arm64/Token.o -o /Users/runner/Library/Developer/Xcode/DerivedData/BookonDebug-ehazsigvxemoqzdtqumqzfgyfpkz/Build/Intermediates.noindex/ArchiveIntermediates/BookonDebug/IntermediateBuildFilesPath/SwiftSoup.build/Release-iphoneos/SwiftSoup.build/Objects-normal/arm64/TokenQueue.o -o /Users/runner/Library/Developer/Xcode/DerivedData/BookonDebug-ehazsigvxemoqzdtqumqzfgyfpkz/Build/Intermediates.noindex/ArchiveIntermediates/BookonDebug/IntermediateBuildFilesPath/SwiftSoup.build/Release-iphoneos/SwiftSoup.build/Objects-normal/arm64/Tokeniser.o -o /Users/runner/Library/Developer/Xcode/DerivedData/BookonDebug-ehazsigvxemoqzdtqumqzfgyfpkz/Build/Intermediates.noindex/ArchiveIntermediates/BookonDebug/IntermediateBuildFilesPath/SwiftSoup.build/Release-iphoneos/SwiftSoup.build/Objects-normal/arm64/TokeniserState.o -o /Users/runner/Library/Developer/Xcode/DerivedData/BookonDebug-ehazsigvxemoqzdtqumqzfgyfpkz/Build/Intermediates.noindex/ArchiveIntermediates/BookonDebug/IntermediateBuildFilesPath/SwiftSoup.build/Release-iphoneos/SwiftSoup.build/Objects-normal/arm64/TreeBuilder.o -o /Users/runner/Library/Developer/Xcode/DerivedData/BookonDebug-ehazsigvxemoqzdtqumqzfgyfpkz/Build/Intermediates.noindex/ArchiveIntermediates/BookonDebug/IntermediateBuildFilesPath/SwiftSoup.build/Release-iphoneos/SwiftSoup.build/Objects-normal/arm64/UTF8Arrays.o -o /Users/runner/Library/Developer/Xcode/DerivedData/BookonDebug-ehazsigvxemoqzdtqumqzfgyfpkz/Build/Intermediates.noindex/ArchiveIntermediates/BookonDebug/IntermediateBuildFilesPath/SwiftSoup.build/Release-iphoneos/SwiftSoup.build/Objects-normal/arm64/UnfairLock.o -o /Users/runner/Library/Developer/Xcode/DerivedData/BookonDebug-ehazsigvxemoqzdtqumqzfgyfpkz/Build/Intermediates.noindex/ArchiveIntermediates/BookonDebug/IntermediateBuildFilesPath/SwiftSoup.build/Release-iphoneos/SwiftSoup.build/Objects-normal/arm64/UnicodeScalar.o -o /Users/runner/Library/Developer/Xcode/DerivedData/BookonDebug-ehazsigvxemoqzdtqumqzfgyfpkz/Build/Intermediates.noindex/ArchiveIntermediates/BookonDebug/IntermediateBuildFilesPath/SwiftSoup.build/Release-iphoneos/SwiftSoup.build/Objects-normal/arm64/Validate.o -o /Users/runner/Library/Developer/Xcode/DerivedData/BookonDebug-ehazsigvxemoqzdtqumqzfgyfpkz/Build/Intermediates.noindex/ArchiveIntermediates/BookonDebug/IntermediateBuildFilesPath/SwiftSoup.build/Release-iphoneos/SwiftSoup.build/Objects-normal/arm64/Whitelist.o -o /Users/runner/Library/Developer/Xcode/DerivedData/BookonDebug-ehazsigvxemoqzdtqumqzfgyfpkz/Build/Intermediates.noindex/ArchiveIntermediates/BookonDebug/IntermediateBuildFilesPath/SwiftSoup.build/Release-iphoneos/SwiftSoup.build/Objects-normal/arm64/XmlDeclaration.o -o /Users/runner/Library/Developer/Xcode/DerivedData/BookonDebug-ehazsigvxemoqzdtqumqzfgyfpkz/Build/Intermediates.noindex/ArchiveIntermediates/BookonDebug/IntermediateBuildFilesPath/SwiftSoup.build/Release-iphoneos/SwiftSoup.build/Objects-normal/arm64/XmlTreeBuilder.o -index-unit-output-path /SwiftSoup.build/Release-iphoneos/SwiftSoup.build/Objects-normal/arm64/ArrayExt.o -index-unit-output-path /SwiftSoup.build/Release-iphoneos/SwiftSoup.build/Objects-normal/arm64/Attribute.o -index-unit-output-path /SwiftSoup.build/Release-iphoneos/SwiftSoup.build/Objects-normal/arm64/Attributes.o -index-unit-output-path /SwiftSoup.build/Release-iphoneos/SwiftSoup.build/Objects-normal/arm64/BinarySearch.o -index-unit-output-path /SwiftSoup.build/Release-iphoneos/SwiftSoup.build/Objects-normal/arm64/BooleanAttribute.o -index-unit-output-path /SwiftSoup.build/Release-iphoneos/SwiftSoup.build/Objects-normal/arm64/CharacterExt.o -index-unit-output-path /SwiftSoup.build/Release-iphoneos/SwiftSoup.build/Objects-normal/arm64/CharacterReader.o -index-unit-output-path /SwiftSoup.build/Release-iphoneos/SwiftSoup.build/Objects-normal/arm64/Cleaner.o -index-unit-output-path /SwiftSoup.build/Release-iphoneos/SwiftSoup.build/Objects-normal/arm64/Collector.o -index-unit-output-path /SwiftSoup.build/Release-iphoneos/SwiftSoup.build/Objects-normal/arm64/CombiningEvaluator.o -index-unit-output-path /SwiftSoup.build/Release-iphoneos/SwiftSoup.build/Objects-normal/arm64/Comment.o -index-unit-output-path /SwiftSoup.build/Release-iphoneos/SwiftSoup.build/Objects-normal/arm64/Connection.o -index-unit-output-path /SwiftSoup.build/Release-iphoneos/SwiftSoup.build/Objects-normal/arm64/CssSelector.o -index-unit-output-path /SwiftSoup.build/Release-iphoneos/SwiftSoup.build/Objects-normal/arm64/DataNode.o -index-unit-output-path /SwiftSoup.build/Release-iphoneos/SwiftSoup.build/Objects-normal/arm64/DataUtil.o -index-unit-output-path /SwiftSoup.build/Release-iphoneos/SwiftSoup.build/Objects-normal/arm64/Document.o -index-unit-output-path /SwiftSoup.build/Release-iphoneos/SwiftSoup.build/Objects-normal/arm64/DocumentType.o -index-unit-output-path /SwiftSoup.build/Release-iphoneos/SwiftSoup.build/Objects-normal/arm64/Element.o -index-unit-output-path /SwiftSoup.build/Release-iphoneos/SwiftSoup.build/Objects-normal/arm64/Elements.o -index-unit-output-path /SwiftSoup.build/Release-iphoneos/SwiftSoup.build/Objects-normal/arm64/Entities.o -index-unit-output-path /SwiftSoup.build/Release-iphoneos/SwiftSoup.build/Objects-normal/arm64/Evaluator.o -index-unit-output-path /SwiftSoup.build/Release-iphoneos/SwiftSoup.build/Objects-normal/arm64/Exception.o -index-unit-output-path /SwiftSoup.build/Release-iphoneos/SwiftSoup.build/Objects-normal/arm64/FormElement.o -index-unit-output-path /SwiftSoup.build/Release-iphoneos/SwiftSoup.build/Objects-normal/arm64/HtmlTreeBuilder.o -index-unit-output-path /SwiftSoup.build/Release-iphoneos/SwiftSoup.build/Objects-normal/arm64/HtmlTreeBuilderState.o -index-unit-output-path /SwiftSoup.build/Release-iphoneos/SwiftSoup.build/Objects-normal/arm64/HttpStatusException.o -index-unit-output-path /SwiftSoup.build/Release-iphoneos/SwiftSoup.build/Objects-normal/arm64/Mutex.o -index-unit-output-path /SwiftSoup.build/Release-iphoneos/SwiftSoup.build/Objects-normal/arm64/Node.o -index-unit-output-path /SwiftSoup.build/Release-iphoneos/SwiftSoup.build/Objects-normal/arm64/NodeTraversor.o -index-unit-output-path /SwiftSoup.build/Release-iphoneos/SwiftSoup.build/Objects-normal/arm64/NodeVisitor.o -index-unit-output-path /SwiftSoup.build/Release-iphoneos/SwiftSoup.build/Objects-normal/arm64/OrderedSet.o -index-unit-output-path /SwiftSoup.build/Release-iphoneos/SwiftSoup.build/Objects-normal/arm64/ParseError.o -index-unit-output-path /SwiftSoup.build/Release-iphoneos/SwiftSoup.build/Objects-normal/arm64/ParseErrorList.o -index-unit-output-path /SwiftSoup.build/Release-iphoneos/SwiftSoup.build/Objects-normal/arm64/ParseSettings.o -index-unit-output-path /SwiftSoup.build/Release-iphoneos/SwiftSoup.build/Objects-normal/arm64/Parser.o -index-unit-output-path /SwiftSoup.build/Release-iphoneos/SwiftSoup.build/Objects-normal/arm64/ParsingStrings.o -index-unit-output-path /SwiftSoup.build/Release-iphoneos/SwiftSoup.build/Objects-normal/arm64/Pattern.o -index-unit-output-path /SwiftSoup.build/Release-iphoneos/SwiftSoup.build/Objects-normal/arm64/QueryParser.o -index-unit-output-path /SwiftSoup.build/Release-iphoneos/SwiftSoup.build/Objects-normal/arm64/SerializationException.o -index-unit-output-path /SwiftSoup.build/Release-iphoneos/SwiftSoup.build/Objects-normal/arm64/SimpleDictionary.o -index-unit-output-path /SwiftSoup.build/Release-iphoneos/SwiftSoup.build/Objects-normal/arm64/StreamReader.o -index-unit-output-path /SwiftSoup.build/Release-iphoneos/SwiftSoup.build/Objects-normal/arm64/String.o -index-unit-output-path /SwiftSoup.build/Release-iphoneos/SwiftSoup.build/Objects-normal/arm64/StringBuilder.o -index-unit-output-path /SwiftSoup.build/Release-iphoneos/SwiftSoup.build/Objects-normal/arm64/StringUtil.o -index-unit-output-path /SwiftSoup.build/Release-iphoneos/SwiftSoup.build/Objects-normal/arm64/StructuralEvaluator.o -index-unit-output-path /SwiftSoup.build/Release-iphoneos/SwiftSoup.build/Objects-normal/arm64/SwiftSoup.o -index-unit-output-path /SwiftSoup.build/Release-iphoneos/SwiftSoup.build/Objects-normal/arm64/Tag.o -index-unit-output-path /SwiftSoup.build/Release-iphoneos/SwiftSoup.build/Objects-normal/arm64/TextNode.o -index-unit-output-path /SwiftSoup.build/Release-iphoneos/SwiftSoup.build/Objects-normal/arm64/Token.o -index-unit-output-path /SwiftSoup.build/Release-iphoneos/SwiftSoup.build/Objects-normal/arm64/TokenQueue.o -index-unit-output-path /SwiftSoup.build/Release-iphoneos/SwiftSoup.build/Objects-normal/arm64/Tokeniser.o -index-unit-output-path /SwiftSoup.build/Release-iphoneos/SwiftSoup.build/Objects-normal/arm64/TokeniserState.o -index-unit-output-path /SwiftSoup.build/Release-iphoneos/SwiftSoup.build/Objects-normal/arm64/TreeBuilder.o -index-unit-output-path /SwiftSoup.build/Release-iphoneos/SwiftSoup.build/Objects-normal/arm64/UTF8Arrays.o -index-unit-output-path /SwiftSoup.build/Release-iphoneos/SwiftSoup.build/Objects-normal/arm64/UnfairLock.o -index-unit-output-path /SwiftSoup.build/Release-iphoneos/SwiftSoup.build/Objects-normal/arm64/UnicodeScalar.o -index-unit-output-path /SwiftSoup.build/Release-iphoneos/SwiftSoup.build/Objects-normal/arm64/Validate.o -index-unit-output-path /SwiftSoup.build/Release-iphoneos/SwiftSoup.build/Objects-normal/arm64/Whitelist.o -index-unit-output-path /SwiftSoup.build/Release-iphoneos/SwiftSoup.build/Objects-normal/arm64/XmlDeclaration.o -index-unit-output-path /SwiftSoup.build/Release-iphoneos/SwiftSoup.build/Objects-normal/arm64/XmlTreeBuilder.o
2026-10-06T15:00:29.7263910Z 
2026-10-06T15:00:29.7269590Z SwiftDriver\ Compilation SwiftSoup normal arm64 com.apple.xcode.tools.swift.compiler (in target 'SwiftSoup' from project 'SwiftSoup')
2026-10-06T15:00:29.7272320Z     cd /Users/runner/Library/Developer/Xcode/DerivedData/BookonDebug-ehazsigvxemoqzdtqumqzfgyfpkz/SourcePackages/checkouts/SwiftSoup
2026-10-06T15:00:29.7296710Z     builtin-Swift-Compilation -- /Applications/Xcode_15.4.app/Contents/Developer/Toolchains/XcodeDefault.xctoolchain/usr/bin/swiftc -module-name SwiftSoup -O -whole-module-optimization -enforce-exclusivity\=checked @/Users/runner/Library/Developer/Xcode/DerivedData/BookonDebug-ehazsigvxemoqzdtqumqzfgyfpkz/Build/Intermediates.noindex/ArchiveIntermediates/BookonDebug/IntermediateBuildFilesPath/SwiftSoup.build/Release-iphoneos/SwiftSoup.build/Objects-normal/arm64/SwiftSoup.SwiftFileList -DSWIFT_PACKAGE -DXcode -sdk /Applications/Xcode_15.4.app/Contents/Developer/Platforms/iPhoneOS.platform/Developer/SDKs/iPhoneOS17.5.sdk -target arm64-apple-ios13.0 -g -module-cache-path /Users/runner/Library/Developer/Xcode/DerivedData/ModuleCache.noindex -Xfrontend -serialize-debugging-options -suppress-warnings -swift-version 5 -I /Users/runner/Library/Developer/Xcode/DerivedData/BookonDebug-ehazsigvxemoqzdtqumqzfgyfpkz/Build/Intermediates.noindex/ArchiveIntermediates/BookonDebug/BuildProductsPath/Release-iphoneos -I /Applications/Xcode_15.4.app/Contents/Developer/Platforms/iPhoneOS.platform/Developer/usr/lib -F /Users/runner/Library/Developer/Xcode/DerivedData/BookonDebug-ehazsigvxemoqzdtqumqzfgyfpkz/Build/Intermediates.noindex/ArchiveIntermediates/BookonDebug/BuildProductsPath/Release-iphoneos -F /Applications/Xcode_15.4.app/Contents/Developer/Platforms/iPhoneOS.platform/Developer/Library/Frameworks -F /Applications/Xcode_15.4.app/Contents/Developer/Platforms/iPhoneOS.platform/Developer/SDKs/iPhoneOS17.5.sdk/Developer/Library/Frameworks -c -num-threads 3 -Xcc -ivfsstatcache -Xcc /Users/runner/Library/Developer/Xcode/DerivedData/SDKStatCaches.noindex/iphoneos17.5-21F77-f0fa7969d082b13145125136a829df3a.sdkstatcache -output-file-map /Users/runner/Library/Developer/Xcode/DerivedData/BookonDebug-ehazsigvxemoqzdtqumqzfgyfpkz/Build/Intermediates.noindex/ArchiveIntermediates/BookonDebug/IntermediateBuildFilesPath/SwiftSoup.build/Release-iphoneos/SwiftSoup.build/Objects-normal/arm64/SwiftSoup-OutputFileMap.json -use-frontend-parseable-output -save-temps -no-color-diagnostics -serialize-diagnostics -emit-dependencies -emit-module -emit-module-path /Users/runner/Library/Developer/Xcode/DerivedData/BookonDebug-ehazsigvxemoqzdtqumqzfgyfpkz/Build/Intermediates.noindex/ArchiveIntermediates/BookonDebug/IntermediateBuildFilesPath/SwiftSoup.build/Release-iphoneos/SwiftSoup.build/Objects-normal/arm64/SwiftSoup.swiftmodule -validate-clang-modules-once -clang-build-session-file /Users/runner/Library/Developer/Xcode/DerivedData/ModuleCache.noindex/Session.modulevalidation -Xfrontend -package-name -Xfrontend swiftsoup -Xcc -I/Users/runner/Library/Developer/Xcode/DerivedData/BookonDebug-ehazsigvxemoqzdtqumqzfgyfpkz/Build/Intermediates.noindex/ArchiveIntermediates/BookonDebug/IntermediateBuildFilesPath/SwiftSoup.build/Release-iphoneos/SwiftSoup.build/swift-overrides.hmap -emit-const-values -Xfrontend -const-gather-protocols-file -Xfrontend /Users/runner/Library/Developer/Xcode/DerivedData/BookonDebug-ehazsigvxemoqzdtqumqzfgyfpkz/Build/Intermediates.noindex/ArchiveIntermediates/BookonDebug/IntermediateBuildFilesPath/SwiftSoup.build/Release-iphoneos/SwiftSoup.build/Objects-normal/arm64/SwiftSoup_const_extract_protocols.json -Xcc -I/Users/runner/Library/Developer/Xcode/DerivedData/BookonDebug-ehazsigvxemoqzdtqumqzfgyfpkz/Build/Intermediates.noindex/ArchiveIntermediates/BookonDebug/BuildProductsPath/Release-iphoneos/include -Xcc -I/Users/runner/Library/Developer/Xcode/DerivedData/BookonDebug-ehazsigvxemoqzdtqumqzfgyfpkz/Build/Intermediates.noindex/ArchiveIntermediates/BookonDebug/IntermediateBuildFilesPath/SwiftSoup.build/Release-iphoneos/SwiftSoup.build/DerivedSources-normal/arm64 -Xcc -I/Users/runner/Library/Developer/Xcode/DerivedData/BookonDebug-ehazsigvxemoqzdtqumqzfgyfpkz/Build/Intermediates.noindex/ArchiveIntermediates/BookonDebug/IntermediateBuildFilesPath/SwiftSoup.build/Release-iphoneos/SwiftSoup.build/DerivedSources/arm64 -Xcc -I/Users/runner/Library/Developer/Xcode/DerivedData/BookonDebug-ehazsigvxemoqzdtqumqzfgyfpkz/Build/Intermediates.noindex/ArchiveIntermediates/BookonDebug/IntermediateBuildFilesPath/SwiftSoup.build/Release-iphoneos/SwiftSoup.build/DerivedSources -Xcc -DSWIFT_PACKAGE -emit-objc-header -emit-objc-header-path /Users/runner/Library/Developer/Xcode/DerivedData/BookonDebug-ehazsigvxemoqzdtqumqzfgyfpkz/Build/Intermediates.noindex/ArchiveIntermediates/BookonDebug/IntermediateBuildFilesPath/SwiftSoup.build/Release-iphoneos/SwiftSoup.build/Objects-normal/arm64/SwiftSoup-Swift.h -working-directory /Users/runner/Library/Developer/Xcode/DerivedData/BookonDebug-ehazsigvxemoqzdtqumqzfgyfpkz/SourcePackages/checkouts/SwiftSoup -no-emit-module-separately-wmo
2026-10-06T15:00:29.7319550Z 
2026-10-06T15:00:29.7326830Z SwiftDriverJobDiscovery normal arm64 Compiling ArrayExt.swift, Attribute.swift, Attributes.swift, BinarySearch.swift, BooleanAttribute.swift, CharacterExt.swift, CharacterReader.swift, Cleaner.swift, Collector.swift, CombiningEvaluator.swift, Comment.swift, Connection.swift, CssSelector.swift, DataNode.swift, DataUtil.swift, Document.swift, DocumentType.swift, Element.swift, Elements.swift, Entities.swift, Evaluator.swift, Exception.swift, FormElement.swift, HtmlTreeBuilder.swift, HtmlTreeBuilderState.swift, HttpStatusException.swift, Mutex.swift, Node.swift, NodeTraversor.swift, NodeVisitor.swift, OrderedSet.swift, ParseError.swift, ParseErrorList.swift, ParseSettings.swift, Parser.swift, ParsingStrings.swift, Pattern.swift, QueryParser.swift, SerializationException.swift, SimpleDictionary.swift, StreamReader.swift, String.swift, StringBuilder.swift, StringUtil.swift, StructuralEvaluator.swift, SwiftSoup.swift, Tag.swift, TextNode.swift, Token.swift, TokenQueue.swift, Tokeniser.swift, TokeniserState.swift, TreeBuilder.swift, UTF8Arrays.swift, UnfairLock.swift, UnicodeScalar.swift, Validate.swift, Whitelist.swift, XmlDeclaration.swift, XmlTreeBuilder.swift (in target 'SwiftSoup' from project 'SwiftSoup')
2026-10-06T15:00:29.7332990Z 
2026-10-06T15:00:29.7333580Z SwiftDriver\ Compilation\ Requirements SwiftSoup normal arm64 com.apple.xcode.tools.swift.compiler (in target 'SwiftSoup' from project 'SwiftSoup')
2026-10-06T15:00:29.7334640Z     cd /Users/runner/Library/Developer/Xcode/DerivedData/BookonDebug-ehazsigvxemoqzdtqumqzfgyfpkz/SourcePackages/checkouts/SwiftSoup
2026-10-06T15:00:29.7350950Z     builtin-Swift-Compilation-Requirements -- /Applications/Xcode_15.4.app/Contents/Developer/Toolchains/XcodeDefault.xctoolchain/usr/bin/swiftc -module-name SwiftSoup -O -whole-module-optimization -enforce-exclusivity\=checked @/Users/runner/Library/Developer/Xcode/DerivedData/BookonDebug-ehazsigvxemoqzdtqumqzfgyfpkz/Build/Intermediates.noindex/ArchiveIntermediates/BookonDebug/IntermediateBuildFilesPath/SwiftSoup.build/Release-iphoneos/SwiftSoup.build/Objects-normal/arm64/SwiftSoup.SwiftFileList -DSWIFT_PACKAGE -DXcode -sdk /Applications/Xcode_15.4.app/Contents/Developer/Platforms/iPhoneOS.platform/Developer/SDKs/iPhoneOS17.5.sdk -target arm64-apple-ios13.0 -g -module-cache-path /Users/runner/Library/Developer/Xcode/DerivedData/ModuleCache.noindex -Xfrontend -serialize-debugging-options -suppress-warnings -swift-version 5 -I /Users/runner/Library/Developer/Xcode/DerivedData/BookonDebug-ehazsigvxemoqzdtqumqzfgyfpkz/Build/Intermediates.noindex/ArchiveIntermediates/BookonDebug/BuildProductsPath/Release-iphoneos -I /Applications/Xcode_15.4.app/Contents/Developer/Platforms/iPhoneOS.platform/Developer/usr/lib -F /Users/runner/Library/Developer/Xcode/DerivedData/BookonDebug-ehazsigvxemoqzdtqumqzfgyfpkz/Build/Intermediates.noindex/ArchiveIntermediates/BookonDebug/BuildProductsPath/Release-iphoneos -F /Applications/Xcode_15.4.app/Contents/Developer/Platforms/iPhoneOS.platform/Developer/Library/Frameworks -F /Applications/Xcode_15.4.app/Contents/Developer/Platforms/iPhoneOS.platform/Developer/SDKs/iPhoneOS17.5.sdk/Developer/Library/Frameworks -c -num-threads 3 -Xcc -ivfsstatcache -Xcc /Users/runner/Library/Developer/Xcode/DerivedData/SDKStatCaches.noindex/iphoneos17.5-21F77-f0fa7969d082b13145125136a829df3a.sdkstatcache -output-file-map /Users/runner/Library/Developer/Xcode/DerivedData/BookonDebug-ehazsigvxemoqzdtqumqzfgyfpkz/Build/Intermediates.noindex/ArchiveIntermediates/BookonDebug/IntermediateBuildFilesPath/SwiftSoup.build/Release-iphoneos/SwiftSoup.build/Objects-normal/arm64/SwiftSoup-OutputFileMap.json -use-frontend-parseable-output -save-temps -no-color-diagnostics -serialize-diagnostics -emit-dependencies -emit-module -emit-module-path /Users/runner/Library/Developer/Xcode/DerivedData/BookonDebug-ehazsigvxemoqzdtqumqzfgyfpkz/Build/Intermediates.noindex/ArchiveIntermediates/BookonDebug/IntermediateBuildFilesPath/SwiftSoup.build/Release-iphoneos/SwiftSoup.build/Objects-normal/arm64/SwiftSoup.swiftmodule -validate-clang-modules-once -clang-build-session-file /Users/runner/Library/Developer/Xcode/DerivedData/ModuleCache.noindex/Session.modulevalidation -Xfrontend -package-name -Xfrontend swiftsoup -Xcc -I/Users/runner/Library/Developer/Xcode/DerivedData/BookonDebug-ehazsigvxemoqzdtqumqzfgyfpkz/Build/Intermediates.noindex/ArchiveIntermediates/BookonDebug/IntermediateBuildFilesPath/SwiftSoup.build/Release-iphoneos/SwiftSoup.build/swift-overrides.hmap -emit-const-values -Xfrontend -const-gather-protocols-file -Xfrontend /Users/runner/Library/Developer/Xcode/DerivedData/BookonDebug-ehazsigvxemoqzdtqumqzfgyfpkz/Build/Intermediates.noindex/ArchiveIntermediates/BookonDebug/IntermediateBuildFilesPath/SwiftSoup.build/Release-iphoneos/SwiftSoup.build/Objects-normal/arm64/SwiftSoup_const_extract_protocols.json -Xcc -I/Users/runner/Library/Developer/Xcode/DerivedData/BookonDebug-ehazsigvxemoqzdtqumqzfgyfpkz/Build/Intermediates.noindex/ArchiveIntermediates/BookonDebug/BuildProductsPath/Release-iphoneos/include -Xcc -I/Users/runner/Library/Developer/Xcode/DerivedData/BookonDebug-ehazsigvxemoqzdtqumqzfgyfpkz/Build/Intermediates.noindex/ArchiveIntermediates/BookonDebug/IntermediateBuildFilesPath/SwiftSoup.build/Release-iphoneos/SwiftSoup.build/DerivedSources-normal/arm64 -Xcc -I/Users/runner/Library/Developer/Xcode/DerivedData/BookonDebug-ehazsigvxemoqzdtqumqzfgyfpkz/Build/Intermediates.noindex/ArchiveIntermediates/BookonDebug/IntermediateBuildFilesPath/SwiftSoup.build/Release-iphoneos/SwiftSoup.build/DerivedSources/arm64 -Xcc -I/Users/runner/Library/Developer/Xcode/DerivedData/BookonDebug-ehazsigvxemoqzdtqumqzfgyfpkz/Build/Intermediates.noindex/ArchiveIntermediates/BookonDebug/IntermediateBuildFilesPath/SwiftSoup.build/Release-iphoneos/SwiftSoup.build/DerivedSources -Xcc -DSWIFT_PACKAGE -emit-objc-header -emit-objc-header-path /Users/runner/Library/Developer/Xcode/DerivedData/BookonDebug-ehazsigvxemoqzdtqumqzfgyfpkz/Build/Intermediates.noindex/ArchiveIntermediates/BookonDebug/IntermediateBuildFilesPath/SwiftSoup.build/Release-iphoneos/SwiftSoup.build/Objects-normal/arm64/SwiftSoup-Swift.h -working-directory /Users/runner/Library/Developer/Xcode/DerivedData/BookonDebug-ehazsigvxemoqzdtqumqzfgyfpkz/SourcePackages/checkouts/SwiftSoup -no-emit-module-separately-wmo
2026-10-06T15:00:29.7367860Z 
2026-10-06T15:00:29.7413880Z SwiftMergeGeneratedHeaders /Users/runner/Library/Developer/Xcode/DerivedData/BookonDebug-ehazsigvxemoqzdtqumqzfgyfpkz/Build/Intermediates.noindex/ArchiveIntermediates/BookonDebug/IntermediateBuildFilesPath/GeneratedModuleMaps-iphoneos/SwiftSoup-Swift.h /Users/runner/Library/Developer/Xcode/DerivedData/BookonDebug-ehazsigvxemoqzdtqumqzfgyfpkz/Build/Intermediates.noindex/ArchiveIntermediates/BookonDebug/IntermediateBuildFilesPath/SwiftSoup.build/Release-iphoneos/SwiftSoup.build/Objects-normal/arm64/SwiftSoup-Swift.h (in target 'SwiftSoup' from project 'SwiftSoup')
2026-10-06T15:00:29.7417300Z     cd /Users/runner/Library/Developer/Xcode/DerivedData/BookonDebug-ehazsigvxemoqzdtqumqzfgyfpkz/SourcePackages/checkouts/SwiftSoup
2026-10-06T15:00:29.7419740Z     builtin-swiftHeaderTool -arch arm64 /Users/runner/Library/Developer/Xcode/DerivedData/BookonDebug-ehazsigvxemoqzdtqumqzfgyfpkz/Build/Intermediates.noindex/ArchiveIntermediates/BookonDebug/IntermediateBuildFilesPath/SwiftSoup.build/Release-iphoneos/SwiftSoup.build/Objects-normal/arm64/SwiftSoup-Swift.h -o /Users/runner/Library/Developer/Xcode/DerivedData/BookonDebug-ehazsigvxemoqzdtqumqzfgyfpkz/Build/Intermediates.noindex/ArchiveIntermediates/BookonDebug/IntermediateBuildFilesPath/GeneratedModuleMaps-iphoneos/SwiftSoup-Swift.h
2026-10-06T15:00:29.7432460Z 
2026-10-06T15:00:29.7436200Z Copy /Users/runner/Library/Developer/Xcode/DerivedData/BookonDebug-ehazsigvxemoqzdtqumqzfgyfpkz/Build/Intermediates.noindex/ArchiveIntermediates/BookonDebug/BuildProductsPath/Release-iphoneos/SwiftSoup.swiftmodule/arm64-apple-ios.swiftmodule /Users/runner/Library/Developer/Xcode/DerivedData/BookonDebug-ehazsigvxemoqzdtqumqzfgyfpkz/Build/Intermediates.noindex/ArchiveIntermediates/BookonDebug/IntermediateBuildFilesPath/SwiftSoup.build/Release-iphoneos/SwiftSoup.build/Objects-normal/arm64/SwiftSoup.swiftmodule (in target 'SwiftSoup' from project 'SwiftSoup')
2026-10-06T15:00:29.7439420Z     cd /Users/runner/Library/Developer/Xcode/DerivedData/BookonDebug-ehazsigvxemoqzdtqumqzfgyfpkz/SourcePackages/checkouts/SwiftSoup
2026-10-06T15:00:29.7443230Z     builtin-copy -exclude .DS_Store -exclude CVS -exclude .svn -exclude .git -exclude .hg -strip-unsigned-binaries -strip-deterministic -strip-tool /Applications/Xcode_15.4.app/Contents/Developer/Toolchains/XcodeDefault.xctoolchain/usr/bin/strip -resolve-src-symlinks -rename /Users/runner/Library/Developer/Xcode/DerivedData/BookonDebug-ehazsigvxemoqzdtqumqzfgyfpkz/Build/Intermediates.noindex/ArchiveIntermediates/BookonDebug/IntermediateBuildFilesPath/SwiftSoup.build/Release-iphoneos/SwiftSoup.build/Objects-normal/arm64/SwiftSoup.swiftmodule /Users/runner/Library/Developer/Xcode/DerivedData/BookonDebug-ehazsigvxemoqzdtqumqzfgyfpkz/Build/Intermediates.noindex/ArchiveIntermediates/BookonDebug/BuildProductsPath/Release-iphoneos/SwiftSoup.swiftmodule/arm64-apple-ios.swiftmodule
2026-10-06T15:00:29.7472250Z 
2026-10-06T15:00:29.7484590Z Copy /Users/runner/Library/Developer/Xcode/DerivedData/BookonDebug-ehazsigvxemoqzdtqumqzfgyfpkz/Build/Intermediates.noindex/ArchiveIntermediates/BookonDebug/BuildProductsPath/Release-iphoneos/SwiftSoup.swiftmodule/arm64-apple-ios.swiftdoc /Users/runner/Library/Developer/Xcode/DerivedData/BookonDebug-ehazsigvxemoqzdtqumqzfgyfpkz/Build/Intermediates.noindex/ArchiveIntermediates/BookonDebug/IntermediateBuildFilesPath/SwiftSoup.build/Release-iphoneos/SwiftSoup.build/Objects-normal/arm64/SwiftSoup.swiftdoc (in target 'SwiftSoup' from project 'SwiftSoup')
2026-10-06T15:00:29.7511920Z     cd /Users/runner/Library/Developer/Xcode/DerivedData/BookonDebug-ehazsigvxemoqzdtqumqzfgyfpkz/SourcePackages/checkouts/SwiftSoup
2026-10-06T15:00:29.7518220Z     builtin-copy -exclude .DS_Store -exclude CVS -exclude .svn -exclude .git -exclude .hg -strip-unsigned-binaries -strip-deterministic -strip-tool /Applications/Xcode_15.4.app/Contents/Developer/Toolchains/XcodeDefault.xctoolchain/usr/bin/strip -resolve-src-symlinks -rename /Users/runner/Library/Developer/Xcode/DerivedData/BookonDebug-ehazsigvxemoqzdtqumqzfgyfpkz/Build/Intermediates.noindex/ArchiveIntermediates/BookonDebug/IntermediateBuildFilesPath/SwiftSoup.build/Release-iphoneos/SwiftSoup.build/Objects-normal/arm64/SwiftSoup.swiftdoc /Users/runner/Library/Developer/Xcode/DerivedData/BookonDebug-ehazsigvxemoqzdtqumqzfgyfpkz/Build/Intermediates.noindex/ArchiveIntermediates/BookonDebug/BuildProductsPath/Release-iphoneos/SwiftSoup.swiftmodule/arm64-apple-ios.swiftdoc
2026-10-06T15:00:29.7523440Z 
2026-10-06T15:00:29.7526800Z Copy /Users/runner/Library/Developer/Xcode/DerivedData/BookonDebug-ehazsigvxemoqzdtqumqzfgyfpkz/Build/Intermediates.noindex/ArchiveIntermediates/BookonDebug/BuildProductsPath/Release-iphoneos/SwiftSoup.swiftmodule/arm64-apple-ios.abi.json /Users/runner/Library/Developer/Xcode/DerivedData/BookonDebug-ehazsigvxemoqzdtqumqzfgyfpkz/Build/Intermediates.noindex/ArchiveIntermediates/BookonDebug/IntermediateBuildFilesPath/SwiftSoup.build/Release-iphoneos/SwiftSoup.build/Objects-normal/arm64/SwiftSoup.abi.json (in target 'SwiftSoup' from project 'SwiftSoup')
2026-10-06T15:00:29.7529040Z     cd /Users/runner/Library/Developer/Xcode/DerivedData/BookonDebug-ehazsigvxemoqzdtqumqzfgyfpkz/SourcePackages/checkouts/SwiftSoup
2026-10-06T15:00:29.7541670Z     builtin-copy -exclude .DS_Store -exclude CVS -exclude .svn -exclude .git -exclude .hg -strip-unsigned-binaries -strip-deterministic -strip-tool /Applications/Xcode_15.4.app/Contents/Developer/Toolchains/XcodeDefault.xctoolchain/usr/bin/strip -resolve-src-symlinks -rename /Users/runner/Library/Developer/Xcode/DerivedData/BookonDebug-ehazsigvxemoqzdtqumqzfgyfpkz/Build/Intermediates.noindex/ArchiveIntermediates/BookonDebug/IntermediateBuildFilesPath/SwiftSoup.build/Release-iphoneos/SwiftSoup.build/Objects-normal/arm64/SwiftSoup.abi.json /Users/runner/Library/Developer/Xcode/DerivedData/BookonDebug-ehazsigvxemoqzdtqumqzfgyfpkz/Build/Intermediates.noindex/ArchiveIntermediates/BookonDebug/BuildProductsPath/Release-iphoneos/SwiftSoup.swiftmodule/arm64-apple-ios.abi.json
2026-10-06T15:00:29.7562360Z 
2026-10-06T15:00:29.7563380Z Ld /Users/runner/Library/Developer/Xcode/DerivedData/BookonDebug-ehazsigvxemoqzdtqumqzfgyfpkz/Build/Intermediates.noindex/ArchiveIntermediates/BookonDebug/IntermediateBuildFilesPath/UninstalledProducts/iphoneos/SwiftSoup.o normal (in target 'SwiftSoup' from project 'SwiftSoup')
2026-10-06T15:00:29.7565280Z     cd /Users/runner/Library/Developer/Xcode/DerivedData/BookonDebug-ehazsigvxemoqzdtqumqzfgyfpkz/SourcePackages/checkouts/SwiftSoup
2026-10-06T15:00:29.7579850Z     /Applications/Xcode_15.4.app/Contents/Developer/Toolchains/XcodeDefault.xctoolchain/usr/bin/clang -Xlinker -reproducible -target arm64-apple-ios13.0 -r -isysroot /Applications/Xcode_15.4.app/Contents/Developer/Platforms/iPhoneOS.platform/Developer/SDKs/iPhoneOS17.5.sdk -Os -w -L/Users/runner/Library/Developer/Xcode/DerivedData/BookonDebug-ehazsigvxemoqzdtqumqzfgyfpkz/Build/Intermediates.noindex/ArchiveIntermediates/BookonDebug/IntermediateBuildFilesPath/EagerLinkingTBDs/Release-iphoneos -L/Users/runner/Library/Developer/Xcode/DerivedData/BookonDebug-ehazsigvxemoqzdtqumqzfgyfpkz/Build/Intermediates.noindex/ArchiveIntermediates/BookonDebug/BuildProductsPath/Release-iphoneos -L/Applications/Xcode_15.4.app/Contents/Developer/Platforms/iPhoneOS.platform/Developer/usr/lib -F/Users/runner/Library/Developer/Xcode/DerivedData/BookonDebug-ehazsigvxemoqzdtqumqzfgyfpkz/Build/Intermediates.noindex/ArchiveIntermediates/BookonDebug/IntermediateBuildFilesPath/EagerLinkingTBDs/Release-iphoneos -F/Users/runner/Library/Developer/Xcode/DerivedData/BookonDebug-ehazsigvxemoqzdtqumqzfgyfpkz/Build/Intermediates.noindex/ArchiveIntermediates/BookonDebug/BuildProductsPath/Release-iphoneos -iframework /Applications/Xcode_15.4.app/Contents/Developer/Platforms/iPhoneOS.platform/Developer/Library/Frameworks -iframework /Applications/Xcode_15.4.app/Contents/Developer/Platforms/iPhoneOS.platform/Developer/SDKs/iPhoneOS17.5.sdk/Developer/Library/Frameworks -filelist /Users/runner/Library/Developer/Xcode/DerivedData/BookonDebug-ehazsigvxemoqzdtqumqzfgyfpkz/Build/Intermediates.noindex/ArchiveIntermediates/BookonDebug/IntermediateBuildFilesPath/SwiftSoup.build/Release-iphoneos/SwiftSoup.build/Objects-normal/arm64/SwiftSoup.LinkFileList -nostdlib -Xlinker -object_path_lto -Xlinker /Users/runner/Library/Developer/Xcode/DerivedData/BookonDebug-ehazsigvxemoqzdtqumqzfgyfpkz/Build/Intermediates.noindex/ArchiveIntermediates/BookonDebug/IntermediateBuildFilesPath/SwiftSoup.build/Release-iphoneos/SwiftSoup.build/Objects-normal/arm64/SwiftSoup_lto.o -fobjc-link-runtime -L/Applications/Xcode_15.4.app/Contents/Developer/Toolchains/XcodeDefault.xctoolchain/usr/lib/swift/iphoneos -L/usr/lib/swift -Xlinker -add_ast_path -Xlinker /Users/runner/Library/Developer/Xcode/DerivedData/BookonDebug-ehazsigvxemoqzdtqumqzfgyfpkz/Build/Intermediates.noindex/ArchiveIntermediates/BookonDebug/IntermediateBuildFilesPath/SwiftSoup.build/Release-iphoneos/SwiftSoup.build/Objects-normal/arm64/SwiftSoup.swiftmodule -Xlinker -dependency_info -Xlinker /Users/runner/Library/Developer/Xcode/DerivedData/BookonDebug-ehazsigvxemoqzdtqumqzfgyfpkz/Build/Intermediates.noindex/ArchiveIntermediates/BookonDebug/IntermediateBuildFilesPath/SwiftSoup.build/Release-iphoneos/SwiftSoup.build/Objects-normal/arm64/SwiftSoup_dependency_info.dat -o /Users/runner/Library/Developer/Xcode/DerivedData/BookonDebug-ehazsigvxemoqzdtqumqzfgyfpkz/Build/Intermediates.noindex/ArchiveIntermediates/BookonDebug/IntermediateBuildFilesPath/UninstalledProducts/iphoneos/SwiftSoup.o
2026-10-06T15:00:29.8157100Z 
2026-10-06T15:00:29.8162870Z WriteAuxiliaryFile /Users/runner/Library/Developer/Xcode/DerivedData/BookonDebug-ehazsigvxemoqzdtqumqzfgyfpkz/Build/Intermediates.noindex/ArchiveIntermediates/BookonDebug/IntermediateBuildFilesPath/LegadoBookSource.build/Release-iphoneos/LegadoBookSource.build/LegadoBookSource.modulemap (in target 'LegadoBookSource' from project 'LegadoBookSource')
2026-10-06T15:00:29.8164950Z     cd /Users/runner/work/bookon/bookon
2026-10-06T15:00:29.8167690Z     write-file /Users/runner/Library/Developer/Xcode/DerivedData/BookonDebug-ehazsigvxemoqzdtqumqzfgyfpkz/Build/Intermediates.noindex/ArchiveIntermediates/BookonDebug/IntermediateBuildFilesPath/LegadoBookSource.build/Release-iphoneos/LegadoBookSource.build/LegadoBookSource.modulemap
2026-10-06T15:00:29.8168660Z 
2026-10-06T15:00:29.8171080Z Copy /Users/runner/Library/Developer/Xcode/DerivedData/BookonDebug-ehazsigvxemoqzdtqumqzfgyfpkz/Build/Intermediates.noindex/ArchiveIntermediates/BookonDebug/IntermediateBuildFilesPath/GeneratedModuleMaps-iphoneos/LegadoBookSource.modulemap /Users/runner/Library/Developer/Xcode/DerivedData/BookonDebug-ehazsigvxemoqzdtqumqzfgyfpkz/Build/Intermediates.noindex/ArchiveIntermediates/BookonDebug/IntermediateBuildFilesPath/LegadoBookSource.build/Release-iphoneos/LegadoBookSource.build/LegadoBookSource.modulemap (in target 'LegadoBookSource' from project 'LegadoBookSource')
2026-10-06T15:00:29.8172980Z     cd /Users/runner/work/bookon/bookon
2026-10-06T15:00:29.8175690Z     builtin-copy -exclude .DS_Store -exclude CVS -exclude .svn -exclude .git -exclude .hg -strip-unsigned-binaries -strip-deterministic -strip-tool /Applications/Xcode_15.4.app/Contents/Developer/Toolchains/XcodeDefault.xctoolchain/usr/bin/strip -resolve-src-symlinks /Users/runner/Library/Developer/Xcode/DerivedData/BookonDebug-ehazsigvxemoqzdtqumqzfgyfpkz/Build/Intermediates.noindex/ArchiveIntermediates/BookonDebug/IntermediateBuildFilesPath/LegadoBookSource.build/Release-iphoneos/LegadoBookSource.build/LegadoBookSource.modulemap /Users/runner/Library/Developer/Xcode/DerivedData/BookonDebug-ehazsigvxemoqzdtqumqzfgyfpkz/Build/Intermediates.noindex/ArchiveIntermediates/BookonDebug/IntermediateBuildFilesPath/GeneratedModuleMaps-iphoneos
2026-10-06T15:00:29.8178190Z 
2026-10-06T15:00:29.8179380Z WriteAuxiliaryFile /Users/runner/Library/Developer/Xcode/DerivedData/BookonDebug-ehazsigvxemoqzdtqumqzfgyfpkz/Build/Intermediates.noindex/ArchiveIntermediates/BookonDebug/IntermediateBuildFilesPath/LegadoBookSource.build/Release-iphoneos/LegadoBookSource.build/Objects-normal/arm64/LegadoBookSource_const_extract_protocols.json (in target 'LegadoBookSource' from project 'LegadoBookSource')
2026-10-06T15:00:29.8181480Z     cd /Users/runner/work/bookon/bookon
2026-10-06T15:00:29.8182650Z     write-file /Users/runner/Library/Developer/Xcode/DerivedData/BookonDebug-ehazsigvxemoqzdtqumqzfgyfpkz/Build/Intermediates.noindex/ArchiveIntermediates/BookonDebug/IntermediateBuildFilesPath/LegadoBookSource.build/Release-iphoneos/LegadoBookSource.build/Objects-normal/arm64/LegadoBookSource_const_extract_protocols.json
2026-10-06T15:00:29.8184260Z 
2026-10-06T15:00:29.8185930Z WriteAuxiliaryFile /Users/runner/Library/Developer/Xcode/DerivedData/BookonDebug-ehazsigvxemoqzdtqumqzfgyfpkz/Build/Intermediates.noindex/ArchiveIntermediates/BookonDebug/IntermediateBuildFilesPath/LegadoBookSource.build/Release-iphoneos/LegadoBookSource.build/Objects-normal/arm64/LegadoBookSource.SwiftFileList (in target 'LegadoBookSource' from project 'LegadoBookSource')
2026-10-06T15:00:29.8188050Z     cd /Users/runner/work/bookon/bookon
2026-10-06T15:00:29.8189710Z     write-file /Users/runner/Library/Developer/Xcode/DerivedData/BookonDebug-ehazsigvxemoqzdtqumqzfgyfpkz/Build/Intermediates.noindex/ArchiveIntermediates/BookonDebug/IntermediateBuildFilesPath/LegadoBookSource.build/Release-iphoneos/LegadoBookSource.build/Objects-normal/arm64/LegadoBookSource.SwiftFileList
2026-10-06T15:00:29.8191490Z 
2026-10-06T15:00:29.8193210Z WriteAuxiliaryFile /Users/runner/Library/Developer/Xcode/DerivedData/BookonDebug-ehazsigvxemoqzdtqumqzfgyfpkz/Build/Intermediates.noindex/ArchiveIntermediates/BookonDebug/IntermediateBuildFilesPath/LegadoBookSource.build/Release-iphoneos/LegadoBookSource.build/Objects-normal/arm64/LegadoBookSource-OutputFileMap.json (in target 'LegadoBookSource' from project 'LegadoBookSource')
2026-10-06T15:00:29.8195030Z     cd /Users/runner/work/bookon/bookon
2026-10-06T15:00:29.8197350Z     write-file /Users/runner/Library/Developer/Xcode/DerivedData/BookonDebug-ehazsigvxemoqzdtqumqzfgyfpkz/Build/Intermediates.noindex/ArchiveIntermediates/BookonDebug/IntermediateBuildFilesPath/LegadoBookSource.build/Release-iphoneos/LegadoBookSource.build/Objects-normal/arm64/LegadoBookSource-OutputFileMap.json
2026-10-06T15:00:29.8198880Z 
2026-10-06T15:00:29.8200030Z WriteAuxiliaryFile /Users/runner/Library/Developer/Xcode/DerivedData/BookonDebug-ehazsigvxemoqzdtqumqzfgyfpkz/Build/Intermediates.noindex/ArchiveIntermediates/BookonDebug/IntermediateBuildFilesPath/LegadoBookSource.build/Release-iphoneos/LegadoBookSource.build/DerivedSources/resource_bundle_accessor.swift (in target 'LegadoBookSource' from project 'LegadoBookSource')
2026-10-06T15:00:29.8201470Z     cd /Users/runner/work/bookon/bookon
2026-10-06T15:00:29.8203110Z     write-file /Users/runner/Library/Developer/Xcode/DerivedData/BookonDebug-ehazsigvxemoqzdtqumqzfgyfpkz/Build/Intermediates.noindex/ArchiveIntermediates/BookonDebug/IntermediateBuildFilesPath/LegadoBookSource.build/Release-iphoneos/LegadoBookSource.build/DerivedSources/resource_bundle_accessor.swift
2026-10-06T15:00:29.8208110Z 
2026-10-06T15:00:29.8209170Z SwiftDriver LegadoBookSource normal arm64 com.apple.xcode.tools.swift.compiler (in target 'LegadoBookSource' from project 'LegadoBookSource')
2026-10-06T15:00:29.8209750Z     cd /Users/runner/work/bookon/bookon
2026-10-06T15:00:29.8228700Z     builtin-SwiftDriver -- /Applications/Xcode_15.4.app/Contents/Developer/Toolchains/XcodeDefault.xctoolchain/usr/bin/swiftc -module-name LegadoBookSource -O -whole-module-optimization -enforce-exclusivity\=checked @/Users/runner/Library/Developer/Xcode/DerivedData/BookonDebug-ehazsigvxemoqzdtqumqzfgyfpkz/Build/Intermediates.noindex/ArchiveIntermediates/BookonDebug/IntermediateBuildFilesPath/LegadoBookSource.build/Release-iphoneos/LegadoBookSource.build/Objects-normal/arm64/LegadoBookSource.SwiftFileList -DSWIFT_PACKAGE -DXcode -sdk /Applications/Xcode_15.4.app/Contents/Developer/Platforms/iPhoneOS.platform/Developer/SDKs/iPhoneOS17.5.sdk -target arm64-apple-ios17.0 -g -module-cache-path /Users/runner/Library/Developer/Xcode/DerivedData/ModuleCache.noindex -Xfrontend -serialize-debugging-options -swift-version 5 -I /Users/runner/Library/Developer/Xcode/DerivedData/BookonDebug-ehazsigvxemoqzdtqumqzfgyfpkz/Build/Intermediates.noindex/ArchiveIntermediates/BookonDebug/BuildProductsPath/Release-iphoneos -I /Applications/Xcode_15.4.app/Contents/Developer/Platforms/iPhoneOS.platform/Developer/usr/lib -F /Users/runner/Library/Developer/Xcode/DerivedData/BookonDebug-ehazsigvxemoqzdtqumqzfgyfpkz/Build/Intermediates.noindex/ArchiveIntermediates/BookonDebug/BuildProductsPath/Release-iphoneos/PackageFrameworks -F /Users/runner/Library/Developer/Xcode/DerivedData/BookonDebug-ehazsigvxemoqzdtqumqzfgyfpkz/Build/Intermediates.noindex/ArchiveIntermediates/BookonDebug/BuildProductsPath/Release-iphoneos -F /Applications/Xcode_15.4.app/Contents/Developer/Platforms/iPhoneOS.platform/Developer/Library/Frameworks -F /Applications/Xcode_15.4.app/Contents/Developer/Platforms/iPhoneOS.platform/Developer/SDKs/iPhoneOS17.5.sdk/Developer/Library/Frameworks -c -num-threads 3 -Xcc -ivfsstatcache -Xcc /Users/runner/Library/Developer/Xcode/DerivedData/SDKStatCaches.noindex/iphoneos17.5-21F77-f0fa7969d082b13145125136a829df3a.sdkstatcache -output-file-map /Users/runner/Library/Developer/Xcode/DerivedData/BookonDebug-ehazsigvxemoqzdtqumqzfgyfpkz/Build/Intermediates.noindex/ArchiveIntermediates/BookonDebug/IntermediateBuildFilesPath/LegadoBookSource.build/Release-iphoneos/LegadoBookSource.build/Objects-normal/arm64/LegadoBookSource-OutputFileMap.json -use-frontend-parseable-output -save-temps -no-color-diagnostics -serialize-diagnostics -emit-dependencies -emit-module -emit-module-path /Users/runner/Library/Developer/Xcode/DerivedData/BookonDebug-ehazsigvxemoqzdtqumqzfgyfpkz/Build/Intermediates.noindex/ArchiveIntermediates/BookonDebug/IntermediateBuildFilesPath/LegadoBookSource.build/Release-iphoneos/LegadoBookSource.build/Objects-normal/arm64/LegadoBookSource.swiftmodule -validate-clang-modules-once -clang-build-session-file /Users/runner/Library/Developer/Xcode/DerivedData/ModuleCache.noindex/Session.modulevalidation -Xfrontend -package-name -Xfrontend bookon -Xcc -I/Users/runner/Library/Developer/Xcode/DerivedData/BookonDebug-ehazsigvxemoqzdtqumqzfgyfpkz/Build/Intermediates.noindex/ArchiveIntermediates/BookonDebug/IntermediateBuildFilesPath/LegadoBookSource.build/Release-iphoneos/LegadoBookSource.build/swift-overrides.hmap -emit-const-values -Xfrontend -const-gather-protocols-file -Xfrontend /Users/runner/Library/Developer/Xcode/DerivedData/BookonDebug-ehazsigvxemoqzdtqumqzfgyfpkz/Build/Intermediates.noindex/ArchiveIntermediates/BookonDebug/IntermediateBuildFilesPath/LegadoBookSource.build/Release-iphoneos/LegadoBookSource.build/Objects-normal/arm64/LegadoBookSource_const_extract_protocols.json -Xcc -I/Users/runner/Library/Developer/Xcode/DerivedData/BookonDebug-ehazsigvxemoqzdtqumqzfgyfpkz/Build/Intermediates.noindex/ArchiveIntermediates/BookonDebug/BuildProductsPath/Release-iphoneos/include -Xcc -I/Users/runner/Library/Developer/Xcode/DerivedData/BookonDebug-ehazsigvxemoqzdtqumqzfgyfpkz/Build/Intermediates.noindex/ArchiveIntermediates/BookonDebug/IntermediateBuildFilesPath/LegadoBookSource.build/Release-iphoneos/LegadoBookSource.build/DerivedSources-normal/arm64 -Xcc -I/Users/runner/Library/Developer/Xcode/DerivedData/BookonDebug-ehazsigvxemoqzdtqumqzfgyfpkz/Build/Intermediates.noindex/ArchiveIntermediates/BookonDebug/IntermediateBuildFilesPath/LegadoBookSource.build/Release-iphoneos/LegadoBookSource.build/DerivedSources/arm64 -Xcc -I/Users/runner/Library/Developer/Xcode/DerivedData/BookonDebug-ehazsigvxemoqzdtqumqzfgyfpkz/Build/Intermediates.noindex/ArchiveIntermediates/BookonDebug/IntermediateBuildFilesPath/LegadoBookSource.build/Release-iphoneos/LegadoBookSource.build/DerivedSources -Xcc -DSWIFT_PACKAGE -emit-objc-header -emit-objc-header-path /Users/runner/Library/Developer/Xcode/DerivedData/BookonDebug-ehazsigvxemoqzdtqumqzfgyfpkz/Build/Intermediates.noindex/ArchiveIntermediates/BookonDebug/IntermediateBuildFilesPath/LegadoBookSource.build/Release-iphoneos/LegadoBookSource.build/Objects-normal/arm64/LegadoBookSource-Swift.h -working-directory /Users/runner/work/bookon/bookon -no-emit-module-separately-wmo
2026-10-06T15:00:29.8247390Z 
2026-10-06T15:00:29.8247890Z SwiftDriver\ Compilation LegadoBookSource normal arm64 com.apple.xcode.tools.swift.compiler (in target 'LegadoBookSource' from project 'LegadoBookSource')
2026-10-06T15:00:29.8249920Z     cd /Users/runner/work/bookon/bookon
2026-10-06T15:00:29.8272790Z     builtin-Swift-Compilation -- /Applications/Xcode_15.4.app/Contents/Developer/Toolchains/XcodeDefault.xctoolchain/usr/bin/swiftc -module-name LegadoBookSource -O -whole-module-optimization -enforce-exclusivity\=checked @/Users/runner/Library/Developer/Xcode/DerivedData/BookonDebug-ehazsigvxemoqzdtqumqzfgyfpkz/Build/Intermediates.noindex/ArchiveIntermediates/BookonDebug/IntermediateBuildFilesPath/LegadoBookSource.build/Release-iphoneos/LegadoBookSource.build/Objects-normal/arm64/LegadoBookSource.SwiftFileList -DSWIFT_PACKAGE -DXcode -sdk /Applications/Xcode_15.4.app/Contents/Developer/Platforms/iPhoneOS.platform/Developer/SDKs/iPhoneOS17.5.sdk -target arm64-apple-ios17.0 -g -module-cache-path /Users/runner/Library/Developer/Xcode/DerivedData/ModuleCache.noindex -Xfrontend -serialize-debugging-options -swift-version 5 -I /Users/runner/Library/Developer/Xcode/DerivedData/BookonDebug-ehazsigvxemoqzdtqumqzfgyfpkz/Build/Intermediates.noindex/ArchiveIntermediates/BookonDebug/BuildProductsPath/Release-iphoneos -I /Applications/Xcode_15.4.app/Contents/Developer/Platforms/iPhoneOS.platform/Developer/usr/lib -F /Users/runner/Library/Developer/Xcode/DerivedData/BookonDebug-ehazsigvxemoqzdtqumqzfgyfpkz/Build/Intermediates.noindex/ArchiveIntermediates/BookonDebug/BuildProductsPath/Release-iphoneos/PackageFrameworks -F /Users/runner/Library/Developer/Xcode/DerivedData/BookonDebug-ehazsigvxemoqzdtqumqzfgyfpkz/Build/Intermediates.noindex/ArchiveIntermediates/BookonDebug/BuildProductsPath/Release-iphoneos -F /Applications/Xcode_15.4.app/Contents/Developer/Platforms/iPhoneOS.platform/Developer/Library/Frameworks -F /Applications/Xcode_15.4.app/Contents/Developer/Platforms/iPhoneOS.platform/Developer/SDKs/iPhoneOS17.5.sdk/Developer/Library/Frameworks -c -num-threads 3 -Xcc -ivfsstatcache -Xcc /Users/runner/Library/Developer/Xcode/DerivedData/SDKStatCaches.noindex/iphoneos17.5-21F77-f0fa7969d082b13145125136a829df3a.sdkstatcache -output-file-map /Users/runner/Library/Developer/Xcode/DerivedData/BookonDebug-ehazsigvxemoqzdtqumqzfgyfpkz/Build/Intermediates.noindex/ArchiveIntermediates/BookonDebug/IntermediateBuildFilesPath/LegadoBookSource.build/Release-iphoneos/LegadoBookSource.build/Objects-normal/arm64/LegadoBookSource-OutputFileMap.json -use-frontend-parseable-output -save-temps -no-color-diagnostics -serialize-diagnostics -emit-dependencies -emit-module -emit-module-path /Users/runner/Library/Developer/Xcode/DerivedData/BookonDebug-ehazsigvxemoqzdtqumqzfgyfpkz/Build/Intermediates.noindex/ArchiveIntermediates/BookonDebug/IntermediateBuildFilesPath/LegadoBookSource.build/Release-iphoneos/LegadoBookSource.build/Objects-normal/arm64/LegadoBookSource.swiftmodule -validate-clang-modules-once -clang-build-session-file /Users/runner/Library/Developer/Xcode/DerivedData/ModuleCache.noindex/Session.modulevalidation -Xfrontend -package-name -Xfrontend bookon -Xcc -I/Users/runner/Library/Developer/Xcode/DerivedData/BookonDebug-ehazsigvxemoqzdtqumqzfgyfpkz/Build/Intermediates.noindex/ArchiveIntermediates/BookonDebug/IntermediateBuildFilesPath/LegadoBookSource.build/Release-iphoneos/LegadoBookSource.build/swift-overrides.hmap -emit-const-values -Xfrontend -const-gather-protocols-file -Xfrontend /Users/runner/Library/Developer/Xcode/DerivedData/BookonDebug-ehazsigvxemoqzdtqumqzfgyfpkz/Build/Intermediates.noindex/ArchiveIntermediates/BookonDebug/IntermediateBuildFilesPath/LegadoBookSource.build/Release-iphoneos/LegadoBookSource.build/Objects-normal/arm64/LegadoBookSource_const_extract_protocols.json -Xcc -I/Users/runner/Library/Developer/Xcode/DerivedData/BookonDebug-ehazsigvxemoqzdtqumqzfgyfpkz/Build/Intermediates.noindex/ArchiveIntermediates/BookonDebug/BuildProductsPath/Release-iphoneos/include -Xcc -I/Users/runner/Library/Developer/Xcode/DerivedData/BookonDebug-ehazsigvxemoqzdtqumqzfgyfpkz/Build/Intermediates.noindex/ArchiveIntermediates/BookonDebug/IntermediateBuildFilesPath/LegadoBookSource.build/Release-iphoneos/LegadoBookSource.build/DerivedSources-normal/arm64 -Xcc -I/Users/runner/Library/Developer/Xcode/DerivedData/BookonDebug-ehazsigvxemoqzdtqumqzfgyfpkz/Build/Intermediates.noindex/ArchiveIntermediates/BookonDebug/IntermediateBuildFilesPath/LegadoBookSource.build/Release-iphoneos/LegadoBookSource.build/DerivedSources/arm64 -Xcc -I/Users/runner/Library/Developer/Xcode/DerivedData/BookonDebug-ehazsigvxemoqzdtqumqzfgyfpkz/Build/Intermediates.noindex/ArchiveIntermediates/BookonDebug/IntermediateBuildFilesPath/LegadoBookSource.build/Release-iphoneos/LegadoBookSource.build/DerivedSources -Xcc -DSWIFT_PACKAGE -emit-objc-header -emit-objc-header-path /Users/runner/Library/Developer/Xcode/DerivedData/BookonDebug-ehazsigvxemoqzdtqumqzfgyfpkz/Build/Intermediates.noindex/ArchiveIntermediates/BookonDebug/IntermediateBuildFilesPath/LegadoBookSource.build/Release-iphoneos/LegadoBookSource.build/Objects-normal/arm64/LegadoBookSource-Swift.h -working-directory /Users/runner/work/bookon/bookon -no-emit-module-separately-wmo
2026-10-06T15:00:29.8299810Z 
2026-10-06T15:00:29.8340930Z SwiftCompile normal arm64 Compiling\ resource_bundle_accessor.swift,\ BaseBook.swift,\ BaseSource.swift,\ Book.swift,\ BookChapter.swift,\ BookSource.swift,\ BookSourceImporter.swift,\ BookSourceType.swift,\ BookType.swift,\ LegadoJSON.swift,\ LenientDecoding.swift,\ AnalyzeUrl.swift,\ CacheManager.swift,\ CharsetDetector.swift,\ CharsetMatch.swift,\ CharsetRecog2022.swift,\ CharsetRecogMBCS.swift,\ CharsetRecogSBCS.swift,\ CharsetRecogUTF8.swift,\ CharsetRecogUnicode.swift,\ CharsetRecognizer.swift,\ CharsetTables.swift,\ EncodingDetect.swift,\ ConcurrentRateLimiter.swift,\ CookieManager.swift,\ CookieStore.swift,\ GsonJSON.swift,\ HTTPTypes.swift,\ HttpUrl.swift,\ NetworkUtilsEncoding.swift,\ RealAjaxProvider.swift,\ RealJsNetworkExtensionsProvider.swift,\ URLSessionHTTPClient.swift,\ UrlOption.swift,\ BookInfoRule.swift,\ BookListRule.swift,\ ContentRule.swift,\ ExploreKind.swift,\ ExploreRule.swift,\ FlexChildStyle.swift,\ ReviewRule.swift,\ RowUi.swift,\ SearchRule.swift,\ TocRule.swift,\ AnalyzeByJSonPath.swift,\ AnalyzeByJSoup+Elements.swift,\ AnalyzeByJSoup.swift,\ AnalyzeByJSoupRules.swift,\ AnalyzeByRegex.swift,\ AnalyzeByXPath.swift,\ AnalyzeRule+Dispatch.swift,\ AnalyzeRule+JS.swift,\ AnalyzeRule+Rules.swift,\ AnalyzeRule.swift,\ AnalyzeRuleDependencies.swift,\ DebugLogger.swift,\ DefaultJSONPathEvaluator.swift,\ HtmlEntities.swift,\ HtmlFormatter.swift,\ HtmlUnescape.swift,\ JSEngine.swift,\ JSJavaBridge.swift,\ JSONPathEvaluator.swift,\ JSONPathParser.swift,\ JavaDoubleFormat.swift,\ JavaURLResolver.swift,\ JsExtensionsCatalog.swift,\ JsExtensionsCore.swift,\ JsExtensionsRuntime.swift,\ JsNumberFormat.swift,\ JsoupCompatSerializer.swift,\ JsoupJSBridge.swift,\ LegadoStringExtensions.swift,\ NetworkUtils.swift,\ OrderedJSONParser.swift,\ RegexTemplate.swift,\ RuleAnalyzer.swift,\ RuleEngineDiagnostics.swift,\ RuleEngineError.swift,\ RuleValue.swift,\ SourceRule.swift,\ StringUtils.swift,\ SwiftSoupElementsCompat.swift,\ SwiftSoupTextNormalizeFix.swift,\ SwiftSoupXPathEvaluator.swift,\ SwiftSoupXPathFunctions.swift,\ SwiftSoupXPathParser.swift,\ SwiftSoupXPathPredicate.swift,\ SwiftSoupXPathStepParser.swift,\ XPathEvaluator.swift,\ SearchBook.swift,\ StringOrObject.swift,\ BookChapterList.swift,\ BookContent.swift,\ BookInfo.swift,\ BookList.swift,\ Debug.swift,\ WebBook.swift,\ WebBookNetwork.swift,\ WebBookOptions.swift,\ WebBookSupport.swift /Users/runner/Library/Developer/Xcode/DerivedData/BookonDebug-ehazsigvxemoqzdtqumqzfgyfpkz/Build/Intermediates.noindex/ArchiveIntermediates/BookonDebug/IntermediateBuildFilesPath/LegadoBookSource.build/Release-iphoneos/LegadoBookSource.build/DerivedSources/resource_bundle_accessor.swift /Users/runner/work/bookon/bookon/Sources/LegadoBookSource/BaseBook.swift /Users/runner/work/bookon/bookon/Sources/LegadoBookSource/BaseSource.swift /Users/runner/work/bookon/bookon/Sources/LegadoBookSource/Book.swift /Users/runner/work/bookon/bookon/Sources/LegadoBookSource/BookChapter.swift /Users/runner/work/bookon/bookon/Sources/LegadoBookSource/BookSource.swift /Users/runner/work/bookon/bookon/Sources/LegadoBookSource/BookSourceImporter.swift /Users/runner/work/bookon/bookon/Sources/LegadoBookSource/Constant/BookSourceType.swift /Users/runner/work/bookon/bookon/Sources/LegadoBookSource/Constant/BookType.swift /Users/runner/work/bookon/bookon/Sources/LegadoBookSource/LegadoJSON.swift /Users/runner/work/bookon/bookon/Sources/LegadoBookSource/LenientDecoding.swift /Users/runner/work/bookon/bookon/Sources/LegadoBookSource/Network/AnalyzeUrl.swift /Users/runner/work/bookon/bookon/Sources/LegadoBookSource/Network/CacheManager.swift /Users/runner/work/bookon/bookon/Sources/LegadoBookSource/Network/CharsetDetector/CharsetDetector.swift /Users/runner/work/bookon/bookon/Sources/LegadoBookSource/Network/CharsetDetector/CharsetMatch.swift /Users/runner/work/bookon/bookon/Sources/LegadoBookSource/Network/CharsetDetector/CharsetRecog2022.swift /Users/runner/work/bookon/bookon/Sources/LegadoBookSource/Network/CharsetDetector/CharsetRecogMBCS.swift /Users/runner/work/bookon/bookon/Sources/LegadoBookSource/Network/CharsetDetector/CharsetRecogSBCS.swift /Users/runner/work/bookon/bookon/Sources/LegadoBookSource/Network/CharsetDetector/CharsetRecogUTF8.swift /Users/runner/work/bookon/bookon/Sources/LegadoBookSource/Network/CharsetDetector/CharsetRecogUnicode.swift /Users/runner/work/bookon/bookon/Sources/LegadoBookSource/Network/CharsetDetector/CharsetRecognizer.swift /Users/runner/work/bookon/bookon/Sources/LegadoBookSource/Network/CharsetDetector/CharsetTables.swift /Users/runner/work/bookon/bookon/Sources/LegadoBookSource/Network/CharsetDetector/EncodingDetect.swift /Users/runner/work/bookon/bookon/Sources/LegadoBookSource/Network/ConcurrentRateLimiter.swift /Users/runner/work/bookon/bookon/Sources/LegadoBookSource/Network/CookieManager.swift /Users/runner/work/bookon/bookon/Sources/LegadoBookSource/Network/CookieStore.swift /Users/runner/work/bookon/bookon/Sources/LegadoBookSource/Network/GsonJSON.swift /Users/runner/work/bookon/bookon/Sources/LegadoBookSource/Network/HTTPTypes.swift /Users/runner/work/bookon/bookon/Sources/LegadoBookSource/Network/HttpUrl.swift /Users/runner/work/bookon/bookon/Sources/LegadoBookSource/Network/NetworkUtilsEncoding.swift /Users/runner/work/bookon/bookon/Sources/LegadoBookSource/Network/RealAjaxProvider.swift /Users/runner/work/bookon/bookon/Sources/LegadoBookSource/Network/RealJsNetworkExtensionsProvider.swift /Users/runner/work/bookon/bookon/Sources/LegadoBookSource/Network/URLSessionHTTPClient.swift /Users/runner/work/bookon/bookon/Sources/LegadoBookSource/Network/UrlOption.swift /Users/runner/work/bookon/bookon/Sources/LegadoBookSource/Rule/BookInfoRule.swift /Users/runner/work/bookon/bookon/Sources/LegadoBookSource/Rule/BookListRule.swift /Users/runner/work/bookon/bookon/Sources/LegadoBookSource/Rule/ContentRule.swift /Users/runner/work/bookon/bookon/Sources/LegadoBookSource/Rule/ExploreKind.swift /Users/runner/work/bookon/bookon/Sources/LegadoBookSource/Rule/ExploreRule.swift /Users/runner/work/bookon/bookon/Sources/LegadoBookSource/Rule/FlexChildStyle.swift /Users/runner/work/bookon/bookon/Sources/LegadoBookSource/Rule/ReviewRule.swift /Users/runner/work/bookon/bookon/Sources/LegadoBookSource/Rule/RowUi.swift /Users/runner/work/bookon/bookon/Sources/LegadoBookSource/Rule/SearchRule.swift /Users/runner/work/bookon/bookon/Sources/LegadoBookSource/Rule/TocRule.swift /Users/runner/work/bookon/bookon/Sources/LegadoBookSource/RuleEngine/AnalyzeByJSonPath.swift /Users/runner/work/bookon/bookon/Sources/LegadoBookSource/RuleEngine/AnalyzeByJSoup+Elements.swift /Users/runner/work/bookon/bookon/Sources/LegadoBookSource/RuleEngine/AnalyzeByJSoup.swift /Users/runner/work/bookon/bookon/Sources/LegadoBookSource/RuleEngine/AnalyzeByJSoupRules.swift /Users/runner/work/bookon/bookon/Sources/LegadoBookSource/RuleEngine/AnalyzeByRegex.swift /Users/runner/work/bookon/bookon/Sources/LegadoBookSource/RuleEngine/AnalyzeByXPath.swift /Users/runner/work/bookon/bookon/Sources/LegadoBookSource/RuleEngine/AnalyzeRule+Dispatch.swift /Users/runner/work/bookon/bookon/Sources/LegadoBookSource/RuleEngine/AnalyzeRule+JS.swift /Users/runner/work/bookon/bookon/Sources/LegadoBookSource/RuleEngine/AnalyzeRule+Rules.swift /Users/runner/work/bookon/bookon/Sources/LegadoBookSource/RuleEngine/AnalyzeRule.swift /Users/runner/work/bookon/bookon/Sources/LegadoBookSource/RuleEngine/AnalyzeRuleDependencies.swift /Users/runner/work/bookon/bookon/Sources/LegadoBookSource/RuleEngine/DebugLogger.swift /Users/runner/work/bookon/bookon/Sources/LegadoBookSource/RuleEngine/DefaultJSONPathEvaluator.swift /Users/runner/work/bookon/bookon/Sources/LegadoBookSource/RuleEngine/HtmlEntities.swift /Users/runner/work/bookon/bookon/Sources/LegadoBookSource/RuleEngine/HtmlFormatter.swift /Users/runner/work/bookon/bookon/Sources/LegadoBookSource/RuleEngine/HtmlUnescape.swift /Users/runner/work/bookon/bookon/Sources/LegadoBookSource/RuleEngine/JSEngine.swift /Users/runner/work/bookon/bookon/Sources/LegadoBookSource/RuleEngine/JSJavaBridge.swift /Users/runner/work/bookon/bookon/Sources/LegadoBookSource/RuleEngine/JSONPathEvaluator.swift /Users/runner/work/bookon/bookon/Sources/LegadoBookSource/RuleEngine/JSONPathParser.swift /Users/runner/work/bookon/bookon/Sources/LegadoBookSource/RuleEngine/JavaDoubleFormat.swift /Users/runner/work/bookon/bookon/Sources/LegadoBookSource/RuleEngine/JavaURLResolver.swift /Users/runner/work/bookon/bookon/Sources/LegadoBookSource/RuleEngine/JsExtensionsCatalog.swift /Users/runner/work/bookon/bookon/Sources/LegadoBookSource/RuleEngine/JsExtensionsCore.swift /Users/runner/work/bookon/bookon/Sources/LegadoBookSource/RuleEngine/JsExtensionsRuntime.swift /Users/runner/work/bookon/bookon/Sources/LegadoBookSource/RuleEngine/JsNumberFormat.swift /Users/runner/work/bookon/bookon/Sources/LegadoBookSource/RuleEngine/JsoupCompatSerializer.swift /Users/runner/work/bookon/bookon/Sources/LegadoBookSource/RuleEngine/JsoupJSBridge.swift /Users/runner/work/bookon/bookon/Sources/LegadoBookSource/RuleEngine/LegadoStringExtensions.swift /Users/runner/work/bookon/bookon/Sources/LegadoBookSource/RuleEngine/NetworkUtils.swift /Users/runner/work/bookon/bookon/Sources/LegadoBookSource/RuleEngine/OrderedJSONParser.swift /Users/runner/work/bookon/bookon/Sources/LegadoBookSource/RuleEngine/RegexTemplate.swift /Users/runner/work/bookon/bookon/Sources/LegadoBookSource/RuleEngine/RuleAnalyzer.swift /Users/runner/work/bookon/bookon/Sources/LegadoBookSource/RuleEngine/RuleEngineDiagnostics.swift /Users/runner/work/bookon/bookon/Sources/LegadoBookSource/RuleEngine/RuleEngineError.swift /Users/runner/work/bookon/bookon/Sources/LegadoBookSource/RuleEngine/RuleValue.swift /Users/runner/work/bookon/bookon/Sources/LegadoBookSource/RuleEngine/SourceRule.swift /Users/runner/work/bookon/bookon/Sources/LegadoBookSource/RuleEngine/StringUtils.swift /Users/runner/work/bookon/bookon/Sources/LegadoBookSource/RuleEngine/SwiftSoupElementsCompat.swift /Users/runner/work/bookon/bookon/Sources/LegadoBookSource/RuleEngine/SwiftSoupTextNormalizeFix.swift /Users/runner/work/bookon/bookon/Sources/LegadoBookSource/RuleEngine/SwiftSoupXPathEvaluator.swift /Users/runner/work/bookon/bookon/Sources/LegadoBookSource/RuleEngine/SwiftSoupXPathFunctions.swift /Users/runner/work/bookon/bookon/Sources/LegadoBookSource/RuleEngine/SwiftSoupXPathParser.swift /Users/runner/work/bookon/bookon/Sources/LegadoBookSource/RuleEngine/SwiftSoupXPathPredicate.swift /Users/runner/work/bookon/bookon/Sources/LegadoBookSource/RuleEngine/SwiftSoupXPathStepParser.swift /Users/runner/work/bookon/bookon/Sources/LegadoBookSource/RuleEngine/XPathEvaluator.swift /Users/runner/work/bookon/bookon/Sources/LegadoBookSource/SearchBook.swift /Users/runner/work/bookon/bookon/Sources/LegadoBookSource/StringOrObject.swift /Users/runner/work/bookon/bookon/Sources/LegadoBookSource/WebBook/BookChapterList.swift /Users/runner/work/bookon/bookon/Sources/LegadoBookSource/WebBook/BookContent.swift /Users/runner/work/bookon/bookon/Sources/LegadoBookSource/WebBook/BookInfo.swift /Users/runner/work/bookon/bookon/Sources/LegadoBookSource/WebBook/BookList.swift /Users/runner/work/bookon/bookon/Sources/LegadoBookSource/WebBook/Debug.swift /Users/runner/work/bookon/bookon/Sources/LegadoBookSource/WebBook/WebBook.swift /Users/runner/work/bookon/bookon/Sources/LegadoBookSource/WebBook/WebBookNetwork.swift /Users/runner/work/bookon/bookon/Sources/LegadoBookSource/WebBook/WebBookOptions.swift /Users/runner/work/bookon/bookon/Sources/LegadoBookSource/WebBook/WebBookSupport.swift (in target 'LegadoBookSource' from project 'LegadoBookSource')
2026-10-06T15:00:29.8379880Z     cd /Users/runner/work/bookon/bookon
2026-10-06T15:00:29.8568360Z     builtin-swiftTaskExecution -- /Applications/Xcode_15.4.app/Contents/Developer/Toolchains/XcodeDefault.xctoolchain/usr/bin/swift-frontend -frontend -c /Users/runner/Library/Developer/Xcode/DerivedData/BookonDebug-ehazsigvxemoqzdtqumqzfgyfpkz/Build/Intermediates.noindex/ArchiveIntermediates/BookonDebug/IntermediateBuildFilesPath/LegadoBookSource.build/Release-iphoneos/LegadoBookSource.build/DerivedSources/resource_bundle_accessor.swift /Users/runner/work/bookon/bookon/Sources/LegadoBookSource/BaseBook.swift /Users/runner/work/bookon/bookon/Sources/LegadoBookSource/BaseSource.swift /Users/runner/work/bookon/bookon/Sources/LegadoBookSource/Book.swift /Users/runner/work/bookon/bookon/Sources/LegadoBookSource/BookChapter.swift /Users/runner/work/bookon/bookon/Sources/LegadoBookSource/BookSource.swift /Users/runner/work/bookon/bookon/Sources/LegadoBookSource/BookSourceImporter.swift /Users/runner/work/bookon/bookon/Sources/LegadoBookSource/Constant/BookSourceType.swift /Users/runner/work/bookon/bookon/Sources/LegadoBookSource/Constant/BookType.swift /Users/runner/work/bookon/bookon/Sources/LegadoBookSource/LegadoJSON.swift /Users/runner/work/bookon/bookon/Sources/LegadoBookSource/LenientDecoding.swift /Users/runner/work/bookon/bookon/Sources/LegadoBookSource/Network/AnalyzeUrl.swift /Users/runner/work/bookon/bookon/Sources/LegadoBookSource/Network/CacheManager.swift /Users/runner/work/bookon/bookon/Sources/LegadoBookSource/Network/CharsetDetector/CharsetDetector.swift /Users/runner/work/bookon/bookon/Sources/LegadoBookSource/Network/CharsetDetector/CharsetMatch.swift /Users/runner/work/bookon/bookon/Sources/LegadoBookSource/Network/CharsetDetector/CharsetRecog2022.swift /Users/runner/work/bookon/bookon/Sources/LegadoBookSource/Network/CharsetDetector/CharsetRecogMBCS.swift /Users/runner/work/bookon/bookon/Sources/LegadoBookSource/Network/CharsetDetector/CharsetRecogSBCS.swift /Users/runner/work/bookon/bookon/Sources/LegadoBookSource/Network/CharsetDetector/CharsetRecogUTF8.swift /Users/runner/work/bookon/bookon/Sources/LegadoBookSource/Network/CharsetDetector/CharsetRecogUnicode.swift /Users/runner/work/bookon/bookon/Sources/LegadoBookSource/Network/CharsetDetector/CharsetRecognizer.swift /Users/runner/work/bookon/bookon/Sources/LegadoBookSource/Network/CharsetDetector/CharsetTables.swift /Users/runner/work/bookon/bookon/Sources/LegadoBookSource/Network/CharsetDetector/EncodingDetect.swift /Users/runner/work/bookon/bookon/Sources/LegadoBookSource/Network/ConcurrentRateLimiter.swift /Users/runner/work/bookon/bookon/Sources/LegadoBookSource/Network/CookieManager.swift /Users/runner/work/bookon/bookon/Sources/LegadoBookSource/Network/CookieStore.swift /Users/runner/work/bookon/bookon/Sources/LegadoBookSource/Network/GsonJSON.swift /Users/runner/work/bookon/bookon/Sources/LegadoBookSource/Network/HTTPTypes.swift /Users/runner/work/bookon/bookon/Sources/LegadoBookSource/Network/HttpUrl.swift /Users/runner/work/bookon/bookon/Sources/LegadoBookSource/Network/NetworkUtilsEncoding.swift /Users/runner/work/bookon/bookon/Sources/LegadoBookSource/Network/RealAjaxProvider.swift /Users/runner/work/bookon/bookon/Sources/LegadoBookSource/Network/RealJsNetworkExtensionsProvider.swift /Users/runner/work/bookon/bookon/Sources/LegadoBookSource/Network/URLSessionHTTPClient.swift /Users/runner/work/bookon/bookon/Sources/LegadoBookSource/Network/UrlOption.swift /Users/runner/work/bookon/bookon/Sources/LegadoBookSource/Rule/BookInfoRule.swift /Users/runner/work/bookon/bookon/Sources/LegadoBookSource/Rule/BookListRule.swift /Users/runner/work/bookon/bookon/Sources/LegadoBookSource/Rule/ContentRule.swift /Users/runner/work/bookon/bookon/Sources/LegadoBookSource/Rule/ExploreKind.swift /Users/runner/work/bookon/bookon/Sources/LegadoBookSource/Rule/ExploreRule.swift /Users/runner/work/bookon/bookon/Sources/LegadoBookSource/Rule/FlexChildStyle.swift /Users/runner/work/bookon/bookon/Sources/LegadoBookSource/Rule/ReviewRule.swift /Users/runner/work/bookon/bookon/Sources/LegadoBookSource/Rule/RowUi.swift /Users/runner/work/bookon/bookon/Sources/LegadoBookSource/Rule/SearchRule.swift /Users/runner/work/bookon/bookon/Sources/LegadoBookSource/Rule/TocRule.swift /Users/runner/work/bookon/bookon/Sources/LegadoBookSource/RuleEngine/AnalyzeByJSonPath.swift /Users/runner/work/bookon/bookon/Sources/LegadoBookSource/RuleEngine/AnalyzeByJSoup+Elements.swift /Users/runner/work/bookon/bookon/Sources/LegadoBookSource/RuleEngine/AnalyzeByJSoup.swift /Users/runner/work/bookon/bookon/Sources/LegadoBookSource/RuleEngine/AnalyzeByJSoupRules.swift /Users/runner/work/bookon/bookon/Sources/LegadoBookSource/RuleEngine/AnalyzeByRegex.swift /Users/runner/work/bookon/bookon/Sources/LegadoBookSource/RuleEngine/AnalyzeByXPath.swift /Users/runner/work/bookon/bookon/Sources/LegadoBookSource/RuleEngine/AnalyzeRule+Dispatch.swift /Users/runner/work/bookon/bookon/Sources/LegadoBookSource/RuleEngine/AnalyzeRule+JS.swift /Users/runner/work/bookon/bookon/Sources/LegadoBookSource/RuleEngine/AnalyzeRule+Rules.swift /Users/runner/work/bookon/bookon/Sources/LegadoBookSource/RuleEngine/AnalyzeRule.swift /Users/runner/work/bookon/bookon/Sources/LegadoBookSource/RuleEngine/AnalyzeRuleDependencies.swift /Users/runner/work/bookon/bookon/Sources/LegadoBookSource/RuleEngine/DebugLogger.swift /Users/runner/work/bookon/bookon/Sources/LegadoBookSource/RuleEngine/DefaultJSONPathEvaluator.swift /Users/runner/work/bookon/bookon/Sources/LegadoBookSource/RuleEngine/HtmlEntities.swift /Users/runner/work/bookon/bookon/Sources/LegadoBookSource/RuleEngine/HtmlFormatter.swift /Users/runner/work/bookon/bookon/Sources/LegadoBookSource/RuleEngine/HtmlUnescape.swift /Users/runner/work/bookon/bookon/Sources/LegadoBookSource/RuleEngine/JSEngine.swift /Users/runner/work/bookon/bookon/Sources/LegadoBookSource/RuleEngine/JSJavaBridge.swift /Users/runner/work/bookon/bookon/Sources/LegadoBookSource/RuleEngine/JSONPathEvaluator.swift /Users/runner/work/bookon/bookon/Sources/LegadoBookSource/RuleEngine/JSONPathParser.swift /Users/runner/work/bookon/bookon/Sources/LegadoBookSource/RuleEngine/JavaDoubleFormat.swift /Users/runner/work/bookon/bookon/Sources/LegadoBookSource/RuleEngine/JavaURLResolver.swift /Users/runner/work/bookon/bookon/Sources/LegadoBookSource/RuleEngine/JsExtensionsCatalog.swift /Users/runner/work/bookon/bookon/Sources/LegadoBookSource/RuleEngine/JsExtensionsCore.swift /Users/runner/work/bookon/bookon/Sources/LegadoBookSource/RuleEngine/JsExtensionsRuntime.swift /Users/runner/work/bookon/bookon/Sources/LegadoBookSource/RuleEngine/JsNumberFormat.swift /Users/runner/work/bookon/bookon/Sources/LegadoBookSource/RuleEngine/JsoupCompatSerializer.swift /Users/runner/work/bookon/bookon/Sources/LegadoBookSource/RuleEngine/JsoupJSBridge.swift /Users/runner/work/bookon/bookon/Sources/LegadoBookSource/RuleEngine/LegadoStringExtensions.swift /Users/runner/work/bookon/bookon/Sources/LegadoBookSource/RuleEngine/NetworkUtils.swift /Users/runner/work/bookon/bookon/Sources/LegadoBookSource/RuleEngine/OrderedJSONParser.swift /Users/runner/work/bookon/bookon/Sources/LegadoBookSource/RuleEngine/RegexTemplate.swift /Users/runner/work/bookon/bookon/Sources/LegadoBookSource/RuleEngine/RuleAnalyzer.swift /Users/runner/work/bookon/bookon/Sources/LegadoBookSource/RuleEngine/RuleEngineDiagnostics.swift /Users/runner/work/bookon/bookon/Sources/LegadoBookSource/RuleEngine/RuleEngineError.swift /Users/runner/work/bookon/bookon/Sources/LegadoBookSource/RuleEngine/RuleValue.swift /Users/runner/work/bookon/bookon/Sources/LegadoBookSource/RuleEngine/SourceRule.swift /Users/runner/work/bookon/bookon/Sources/LegadoBookSource/RuleEngine/StringUtils.swift /Users/runner/work/bookon/bookon/Sources/LegadoBookSource/RuleEngine/SwiftSoupElementsCompat.swift /Users/runner/work/bookon/bookon/Sources/LegadoBookSource/RuleEngine/SwiftSoupTextNormalizeFix.swift /Users/runner/work/bookon/bookon/Sources/LegadoBookSource/RuleEngine/SwiftSoupXPathEvaluator.swift /Users/runner/work/bookon/bookon/Sources/LegadoBookSource/RuleEngine/SwiftSoupXPathFunctions.swift /Users/runner/work/bookon/bookon/Sources/LegadoBookSource/RuleEngine/SwiftSoupXPathParser.swift /Users/runner/work/bookon/bookon/Sources/LegadoBookSource/RuleEngine/SwiftSoupXPathPredicate.swift /Users/runner/work/bookon/bookon/Sources/LegadoBookSource/RuleEngine/SwiftSoupXPathStepParser.swift /Users/runner/work/bookon/bookon/Sources/LegadoBookSource/RuleEngine/XPathEvaluator.swift /Users/runner/work/bookon/bookon/Sources/LegadoBookSource/SearchBook.swift /Users/runner/work/bookon/bookon/Sources/LegadoBookSource/StringOrObject.swift /Users/runner/work/bookon/bookon/Sources/LegadoBookSource/WebBook/BookChapterList.swift /Users/runner/work/bookon/bookon/Sources/LegadoBookSource/WebBook/BookContent.swift /Users/runner/work/bookon/bookon/Sources/LegadoBookSource/WebBook/BookInfo.swift /Users/runner/work/bookon/bookon/Sources/LegadoBookSource/WebBook/BookList.swift /Users/runner/work/bookon/bookon/Sources/LegadoBookSource/WebBook/Debug.swift /Users/runner/work/bookon/bookon/Sources/LegadoBookSource/WebBook/WebBook.swift /Users/runner/work/bookon/bookon/Sources/LegadoBookSource/WebBook/WebBookNetwork.swift /Users/runner/work/bookon/bookon/Sources/LegadoBookSource/WebBook/WebBookOptions.swift /Users/runner/work/bookon/bookon/Sources/LegadoBookSource/WebBook/WebBookSupport.swift -supplementary-output-file-map /Users/runner/Library/Developer/Xcode/DerivedData/BookonDebug-ehazsigvxemoqzdtqumqzfgyfpkz/Build/Intermediates.noindex/ArchiveIntermediates/BookonDebug/IntermediateBuildFilesPath/LegadoBookSource.build/Release-iphoneos/LegadoBookSource.build/Objects-normal/arm64/supplementaryOutputs-2 -target arm64-apple-ios17.0 -Xllvm -aarch64-use-tbi -enable-objc-interop -stack-check -sdk /Applications/Xcode_15.4.app/Contents/Developer/Platforms/iPhoneOS.platform/Developer/SDKs/iPhoneOS17.5.sdk -I /Users/runner/Library/Developer/Xcode/DerivedData/BookonDebug-ehazsigvxemoqzdtqumqzfgyfpkz/Build/Intermediates.noindex/ArchiveIntermediates/BookonDebug/BuildProductsPath/Release-iphoneos -I /Applications/Xcode_15.4.app/Contents/Developer/Platforms/iPhoneOS.platform/Developer/usr/lib -F /Users/runner/Library/Developer/Xcode/DerivedData/BookonDebug-ehazsigvxemoqzdtqumqzfgyfpkz/Build/Intermediates.noindex/ArchiveIntermediates/BookonDebug/BuildProductsPath/Release-iphoneos/PackageFrameworks -F /Users/runner/Library/Developer/Xcode/DerivedData/BookonDebug-ehazsigvxemoqzdtqumqzfgyfpkz/Build/Intermediates.noindex/ArchiveIntermediates/BookonDebug/BuildProductsPath/Release-iphoneos -F /Applications/Xcode_15.4.app/Contents/Developer/Platforms/iPhoneOS.platform/Developer/Library/Frameworks -F /Applications/Xcode_15.4.app/Contents/Developer/Platforms/iPhoneOS.platform/Developer/SDKs/iPhoneOS17.5.sdk/Developer/Library/Frameworks -no-color-diagnostics -g -module-cache-path /Users/runner/Library/Developer/Xcode/DerivedData/ModuleCache.noindex -swift-version 5 -enforce-exclusivity\=checked -O -D SWIFT_PACKAGE -D Xcode -serialize-debugging-options -package-name bookon -const-gather-protocols-file /Users/runner/Library/Developer/Xcode/DerivedData/BookonDebug-ehazsigvxemoqzdtqumqzfgyfpkz/Build/Intermediates.noindex/ArchiveIntermediates/BookonDebug/IntermediateBuildFilesPath/LegadoBookSource.build/Release-iphoneos/LegadoBookSource.build/Objects-normal/arm64/LegadoBookSource_const_extract_protocols.json -empty-abi-descriptor -validate-clang-modules-once -clang-build-session-file /Users/runner/Library/Developer/Xcode/DerivedData/ModuleCache.noindex/Session.modulevalidation -Xcc -working-directory -Xcc /Users/runner/work/bookon/bookon -resource-dir /Applications/Xcode_15.4.app/Contents/Developer/Toolchains/XcodeDefault.xctoolchain/usr/lib/swift -Xcc -ivfsstatcache -Xcc /Users/runner/Library/Developer/Xcode/DerivedData/SDKStatCaches.noindex/iphoneos17.5-21F77-f0fa7969d082b13145125136a829df3a.sdkstatcache -Xcc -I/Users/runner/Library/Developer/Xcode/DerivedData/BookonDebug-ehazsigvxemoqzdtqumqzfgyfpkz/Build/Intermediates.noindex/ArchiveIntermediates/BookonDebug/IntermediateBuildFilesPath/LegadoBookSource.build/Release-iphoneos/LegadoBookSource.build/swift-overrides.hmap -Xcc -I/Users/runner/Library/Developer/Xcode/DerivedData/BookonDebug-ehazsigvxemoqzdtqumqzfgyfpkz/Build/Intermediates.noindex/ArchiveIntermediates/BookonDebug/BuildProductsPath/Release-iphoneos/include -Xcc -I/Users/runner/Library/Developer/Xcode/DerivedData/BookonDebug-ehazsigvxemoqzdtqumqzfgyfpkz/Build/Intermediates.noindex/ArchiveIntermediates/BookonDebug/IntermediateBuildFilesPath/LegadoBookSource.build/Release-iphoneos/LegadoBookSource.build/DerivedSources-normal/arm64 -Xcc -I/Users/runner/Library/Developer/Xcode/DerivedData/BookonDebug-ehazsigvxemoqzdtqumqzfgyfpkz/Build/Intermediates.noindex/ArchiveIntermediates/BookonDebug/IntermediateBuildFilesPath/LegadoBookSource.build/Release-iphoneos/LegadoBookSource.build/DerivedSources/arm64 -Xcc -I/Users/runner/Library/Developer/Xcode/DerivedData/BookonDebug-ehazsigvxemoqzdtqumqzfgyfpkz/Build/Intermediates.noindex/ArchiveIntermediates/BookonDebug/IntermediateBuildFilesPath/LegadoBookSource.build/Release-iphoneos/LegadoBookSource.build/DerivedSources -Xcc -DSWIFT_PACKAGE -module-name LegadoBookSource -frontend-parseable-output -disable-clang-spi -target-sdk-version 17.5 -target-sdk-name iphoneos17.5 -external-plugin-path /Applications/Xcode_15.4.app/Contents/Developer/Platforms/iPhoneOS.platform/Developer/SDKs/iPhoneOS17.5.sdk/usr/lib/swift/host/plugins\#/Applications/Xcode_15.4.app/Contents/Developer/Platforms/iPhoneOS.platform/Developer/SDKs/iPhoneOS17.5.sdk/usr/bin/swift-plugin-server -external-plugin-path /Applications/Xcode_15.4.app/Contents/Developer/Platforms/iPhoneOS.platform/Developer/SDKs/iPhoneOS17.5.sdk/usr/local/lib/swift/host/plugins\#/Applications/Xcode_15.4.app/Contents/Developer/Platforms/iPhoneOS.platform/Developer/SDKs/iPhoneOS17.5.sdk/usr/bin/swift-plugin-server -external-plugin-path /Applications/Xcode_15.4.app/Contents/Developer/Platforms/iPhoneOS.platform/Developer/usr/lib/swift/host/plugins\#/Applications/Xcode_15.4.app/Contents/Developer/Platforms/iPhoneOS.platform/Developer/usr/bin/swift-plugin-server -external-plugin-path /Applications/Xcode_15.4.app/Contents/Developer/Platforms/iPhoneOS.platform/Developer/usr/local/lib/swift/host/plugins\#/Applications/Xcode_15.4.app/Contents/Developer/Platforms/iPhoneOS.platform/Developer/usr/bin/swift-plugin-server -plugin-path /Applications/Xcode_15.4.app/Contents/Developer/Toolchains/XcodeDefault.xctoolchain/usr/lib/swift/host/plugins -plugin-path /Applications/Xcode_15.4.app/Contents/Developer/Toolchains/XcodeDefault.xctoolchain/usr/local/lib/swift/host/plugins -enable-default-cmo -num-threads 3 -o /Users/runner/Library/Developer/Xcode/DerivedData/BookonDebug-ehazsigvxemoqzdtqumqzfgyfpkz/Build/Intermediates.noindex/ArchiveIntermediates/BookonDebug/IntermediateBuildFilesPath/LegadoBookSource.build/Release-iphoneos/LegadoBookSource.build/Objects-normal/arm64/resource_bundle_accessor.o -o /Users/runner/Library/Developer/Xcode/DerivedData/BookonDebug-ehazsigvxemoqzdtqumqzfgyfpkz/Build/Intermediates.noindex/ArchiveIntermediates/BookonDebug/IntermediateBuildFilesPath/LegadoBookSource.build/Release-iphoneos/LegadoBookSource.build/Objects-normal/arm64/BaseBook.o -o /Users/runner/Library/Developer/Xcode/DerivedData/BookonDebug-ehazsigvxemoqzdtqumqzfgyfpkz/Build/Intermediates.noindex/ArchiveIntermediates/BookonDebug/IntermediateBuildFilesPath/LegadoBookSource.build/Release-iphoneos/LegadoBookSource.build/Objects-normal/arm64/BaseSource.o -o /Users/runner/Library/Developer/Xcode/DerivedData/BookonDebug-ehazsigvxemoqzdtqumqzfgyfpkz/Build/Intermediates.noindex/ArchiveIntermediates/BookonDebug/IntermediateBuildFilesPath/LegadoBookSource.build/Release-iphoneos/LegadoBookSource.build/Objects-normal/arm64/Book.o -o /Users/runner/Library/Developer/Xcode/DerivedData/BookonDebug-ehazsigvxemoqzdtqumqzfgyfpkz/Build/Intermediates.noindex/ArchiveIntermediates/BookonDebug/IntermediateBuildFilesPath/LegadoBookSource.build/Release-iphoneos/LegadoBookSource.build/Objects-normal/arm64/BookChapter.o -o /Users/runner/Library/Developer/Xcode/DerivedData/BookonDebug-ehazsigvxemoqzdtqumqzfgyfpkz/Build/Intermediates.noindex/ArchiveIntermediates/BookonDebug/IntermediateBuildFilesPath/LegadoBookSource.build/Release-iphoneos/LegadoBookSource.build/Objects-normal/arm64/BookSource.o -o /Users/runner/Library/Developer/Xcode/DerivedData/BookonDebug-ehazsigvxemoqzdtqumqzfgyfpkz/Build/Intermediates.noindex/ArchiveIntermediates/BookonDebug/IntermediateBuildFilesPath/LegadoBookSource.build/Release-iphoneos/LegadoBookSource.build/Objects-normal/arm64/BookSourceImporter.o -o /Users/runner/Library/Developer/Xcode/DerivedData/BookonDebug-ehazsigvxemoqzdtqumqzfgyfpkz/Build/Intermediates.noindex/ArchiveIntermediates/BookonDebug/IntermediateBuildFilesPath/LegadoBookSource.build/Release-iphoneos/LegadoBookSource.build/Objects-normal/arm64/BookSourceType.o -o /Users/runner/Library/Developer/Xcode/DerivedData/BookonDebug-ehazsigvxemoqzdtqumqzfgyfpkz/Build/Intermediates.noindex/ArchiveIntermediates/BookonDebug/IntermediateBuildFilesPath/LegadoBookSource.build/Release-iphoneos/LegadoBookSource.build/Objects-normal/arm64/BookType.o -o /Users/runner/Library/Developer/Xcode/DerivedData/BookonDebug-ehazsigvxemoqzdtqumqzfgyfpkz/Build/Intermediates.noindex/ArchiveIntermediates/BookonDebug/IntermediateBuildFilesPath/LegadoBookSource.build/Release-iphoneos/LegadoBookSource.build/Objects-normal/arm64/LegadoJSON.o -o /Users/runner/Library/Developer/Xcode/DerivedData/BookonDebug-ehazsigvxemoqzdtqumqzfgyfpkz/Build/Intermediates.noindex/ArchiveIntermediates/BookonDebug/IntermediateBuildFilesPath/LegadoBookSource.build/Release-iphoneos/LegadoBookSource.build/Objects-normal/arm64/LenientDecoding.o -o /Users/runner/Library/Developer/Xcode/DerivedData/BookonDebug-ehazsigvxemoqzdtqumqzfgyfpkz/Build/Intermediates.noindex/ArchiveIntermediates/BookonDebug/IntermediateBuildFilesPath/LegadoBookSource.build/Release-iphoneos/LegadoBookSource.build/Objects-normal/arm64/AnalyzeUrl.o -o /Users/runner/Library/Developer/Xcode/DerivedData/BookonDebug-ehazsigvxemoqzdtqumqzfgyfpkz/Build/Intermediates.noindex/ArchiveIntermediates/BookonDebug/IntermediateBuildFilesPath/LegadoBookSource.build/Release-iphoneos/LegadoBookSource.build/Objects-normal/arm64/CacheManager.o -o /Users/runner/Library/Developer/Xcode/DerivedData/BookonDebug-ehazsigvxemoqzdtqumqzfgyfpkz/Build/Intermediates.noindex/ArchiveIntermediates/BookonDebug/IntermediateBuildFilesPath/LegadoBookSource.build/Release-iphoneos/LegadoBookSource.build/Objects-normal/arm64/CharsetDetector.o -o /Users/runner/Library/Developer/Xcode/DerivedData/BookonDebug-ehazsigvxemoqzdtqumqzfgyfpkz/Build/Intermediates.noindex/ArchiveIntermediates/BookonDebug/IntermediateBuildFilesPath/LegadoBookSource.build/Release-iphoneos/LegadoBookSource.build/Objects-normal/arm64/CharsetMatch.o -o /Users/runner/Library/Developer/Xcode/DerivedData/BookonDebug-ehazsigvxemoqzdtqumqzfgyfpkz/Build/Intermediates.noindex/ArchiveIntermediates/BookonDebug/IntermediateBuildFilesPath/LegadoBookSource.build/Release-iphoneos/LegadoBookSource.build/Objects-normal/arm64/CharsetRecog2022.o -o /Users/runner/Library/Developer/Xcode/DerivedData/BookonDebug-ehazsigvxemoqzdtqumqzfgyfpkz/Build/Intermediates.noindex/ArchiveIntermediates/BookonDebug/IntermediateBuildFilesPath/LegadoBookSource.build/Release-iphoneos/LegadoBookSource.build/Objects-normal/arm64/CharsetRecogMBCS.o -o /Users/runner/Library/Developer/Xcode/DerivedData/BookonDebug-ehazsigvxemoqzdtqumqzfgyfpkz/Build/Intermediates.noindex/ArchiveIntermediates/BookonDebug/IntermediateBuildFilesPath/LegadoBookSource.build/Release-iphoneos/LegadoBookSource.build/Objects-normal/arm64/CharsetRecogSBCS.o -o /Users/runner/Library/Developer/Xcode/DerivedData/BookonDebug-ehazsigvxemoqzdtqumqzfgyfpkz/Build/Intermediates.noindex/ArchiveIntermediates/BookonDebug/IntermediateBuildFilesPath/LegadoBookSource.build/Release-iphoneos/LegadoBookSource.build/Objects-normal/arm64/CharsetRecogUTF8.o -o /Users/runner/Library/Developer/Xcode/DerivedData/BookonDebug-ehazsigvxemoqzdtqumqzfgyfpkz/Build/Intermediates.noindex/ArchiveIntermediates/BookonDebug/IntermediateBuildFilesPath/LegadoBookSource.build/Release-iphoneos/LegadoBookSource.build/Objects-normal/arm64/CharsetRecogUnicode.o -o /Users/runner/Library/Developer/Xcode/DerivedData/BookonDebug-ehazsigvxemoqzdtqumqzfgyfpkz/Build/Intermediates.noindex/ArchiveIntermediates/BookonDebug/IntermediateBuildFilesPath/LegadoBookSource.build/Release-iphoneos/LegadoBookSource.build/Objects-normal/arm64/CharsetRecognizer.o -o /Users/runner/Library/Developer/Xcode/DerivedData/BookonDebug-ehazsigvxemoqzdtqumqzfgyfpkz/Build/Intermediates.noindex/ArchiveIntermediates/BookonDebug/IntermediateBuildFilesPath/LegadoBookSource.build/Release-iphoneos/LegadoBookSource.build/Objects-normal/arm64/CharsetTables.o -o /Users/runner/Library/Developer/Xcode/DerivedData/BookonDebug-ehazsigvxemoqzdtqumqzfgyfpkz/Build/Intermediates.noindex/ArchiveIntermediates/BookonDebug/IntermediateBuildFilesPath/LegadoBookSource.build/Release-iphoneos/LegadoBookSource.build/Objects-normal/arm64/EncodingDetect.o -o /Users/runner/Library/Developer/Xcode/DerivedData/BookonDebug-ehazsigvxemoqzdtqumqzfgyfpkz/Build/Intermediates.noindex/ArchiveIntermediates/BookonDebug/IntermediateBuildFilesPath/LegadoBookSource.build/Release-iphoneos/LegadoBookSource.build/Objects-normal/arm64/ConcurrentRateLimiter.o -o /Users/runner/Library/Developer/Xcode/DerivedData/BookonDebug-ehazsigvxemoqzdtqumqzfgyfpkz/Build/Intermediates.noindex/ArchiveIntermediates/BookonDebug/IntermediateBuildFilesPath/LegadoBookSource.build/Release-iphoneos/LegadoBookSource.build/Objects-normal/arm64/CookieManager.o -o /Users/runner/Library/Developer/Xcode/DerivedData/BookonDebug-ehazsigvxemoqzdtqumqzfgyfpkz/Build/Intermediates.noindex/ArchiveIntermediates/BookonDebug/IntermediateBuildFilesPath/LegadoBookSource.build/Release-iphoneos/LegadoBookSource.build/Objects-normal/arm64/CookieStore.o -o /Users/runner/Library/Developer/Xcode/DerivedData/BookonDebug-ehazsigvxemoqzdtqumqzfgyfpkz/Build/Intermediates.noindex/ArchiveIntermediates/BookonDebug/IntermediateBuildFilesPath/LegadoBookSource.build/Release-iphoneos/LegadoBookSource.build/Objects-normal/arm64/GsonJSON.o -o /Users/runner/Library/Developer/Xcode/DerivedData/BookonDebug-ehazsigvxemoqzdtqumqzfgyfpkz/Build/Intermediates.noindex/ArchiveIntermediates/BookonDebug/IntermediateBuildFilesPath/LegadoBookSource.build/Release-iphoneos/LegadoBookSource.build/Objects-normal/arm64/HTTPTypes.o -o /Users/runner/Library/Developer/Xcode/DerivedData/BookonDebug-ehazsigvxemoqzdtqumqzfgyfpkz/Build/Intermediates.noindex/ArchiveIntermediates/BookonDebug/IntermediateBuildFilesPath/LegadoBookSource.build/Release-iphoneos/LegadoBookSource.build/Objects-normal/arm64/HttpUrl.o -o /Users/runner/Library/Developer/Xcode/DerivedData/BookonDebug-ehazsigvxemoqzdtqumqzfgyfpkz/Build/Intermediates.noindex/ArchiveIntermediates/BookonDebug/IntermediateBuildFilesPath/LegadoBookSource.build/Release-iphoneos/LegadoBookSource.build/Objects-normal/arm64/NetworkUtilsEncoding.o -o /Users/runner/Library/Developer/Xcode/DerivedData/BookonDebug-ehazsigvxemoqzdtqumqzfgyfpkz/Build/Intermediates.noindex/ArchiveIntermediates/BookonDebug/IntermediateBuildFilesPath/LegadoBookSource.build/Release-iphoneos/LegadoBookSource.build/Objects-normal/arm64/RealAjaxProvider.o -o /Users/runner/Library/Developer/Xcode/DerivedData/BookonDebug-ehazsigvxemoqzdtqumqzfgyfpkz/Build/Intermediates.noindex/ArchiveIntermediates/BookonDebug/IntermediateBuildFilesPath/LegadoBookSource.build/Release-iphoneos/LegadoBookSource.build/Objects-normal/arm64/RealJsNetworkExtensionsProvider.o -o /Users/runner/Library/Developer/Xcode/DerivedData/BookonDebug-ehazsigvxemoqzdtqumqzfgyfpkz/Build/Intermediates.noindex/ArchiveIntermediates/BookonDebug/IntermediateBuildFilesPath/LegadoBookSource.build/Release-iphoneos/LegadoBookSource.build/Objects-normal/arm64/URLSessionHTTPClient.o -o /Users/runner/Library/Developer/Xcode/DerivedData/BookonDebug-ehazsigvxemoqzdtqumqzfgyfpkz/Build/Intermediates.noindex/ArchiveIntermediates/BookonDebug/IntermediateBuildFilesPath/LegadoBookSource.build/Release-iphoneos/LegadoBookSource.build/Objects-normal/arm64/UrlOption.o -o /Users/runner/Library/Developer/Xcode/DerivedData/BookonDebug-ehazsigvxemoqzdtqumqzfgyfpkz/Build/Intermediates.noindex/ArchiveIntermediates/BookonDebug/IntermediateBuildFilesPath/LegadoBookSource.build/Release-iphoneos/LegadoBookSource.build/Objects-normal/arm64/BookInfoRule.o -o /Users/runner/Library/Developer/Xcode/DerivedData/BookonDebug-ehazsigvxemoqzdtqumqzfgyfpkz/Build/Intermediates.noindex/ArchiveIntermediates/BookonDebug/IntermediateBuildFilesPath/LegadoBookSource.build/Release-iphoneos/LegadoBookSource.build/Objects-normal/arm64/BookListRule.o -o /Users/runner/Library/Developer/Xcode/DerivedData/BookonDebug-ehazsigvxemoqzdtqumqzfgyfpkz/Build/Intermediates.noindex/ArchiveIntermediates/BookonDebug/IntermediateBuildFilesPath/LegadoBookSource.build/Release-iphoneos/LegadoBookSource.build/Objects-normal/arm64/ContentRule.o -o /Users/runner/Library/Developer/Xcode/DerivedData/BookonDebug-ehazsigvxemoqzdtqumqzfgyfpkz/Build/Intermediates.noindex/ArchiveIntermediates/BookonDebug/IntermediateBuildFilesPath/LegadoBookSource.build/Release-iphoneos/LegadoBookSource.build/Objects-normal/arm64/ExploreKind.o -o /Users/runner/Library/Developer/Xcode/DerivedData/BookonDebug-ehazsigvxemoqzdtqumqzfgyfpkz/Build/Intermediates.noindex/ArchiveIntermediates/BookonDebug/IntermediateBuildFilesPath/LegadoBookSource.build/Release-iphoneos/LegadoBookSource.build/Objects-normal/arm64/ExploreRule.o -o /Users/runner/Library/Developer/Xcode/DerivedData/BookonDebug-ehazsigvxemoqzdtqumqzfgyfpkz/Build/Intermediates.noindex/ArchiveIntermediates/BookonDebug/IntermediateBuildFilesPath/LegadoBookSource.build/Release-iphoneos/LegadoBookSource.build/Objects-normal/arm64/FlexChildStyle.o -o /Users/runner/Library/Developer/Xcode/DerivedData/BookonDebug-ehazsigvxemoqzdtqumqzfgyfpkz/Build/Intermediates.noindex/ArchiveIntermediates/BookonDebug/IntermediateBuildFilesPath/LegadoBookSource.build/Release-iphoneos/LegadoBookSource.build/Objects-normal/arm64/ReviewRule.o -o /Users/runner/Library/Developer/Xcode/DerivedData/BookonDebug-ehazsigvxemoqzdtqumqzfgyfpkz/Build/Intermediates.noindex/ArchiveIntermediates/BookonDebug/IntermediateBuildFilesPath/LegadoBookSource.build/Release-iphoneos/LegadoBookSource.build/Objects-normal/arm64/RowUi.o -o /Users/runner/Library/Developer/Xcode/DerivedData/BookonDebug-ehazsigvxemoqzdtqumqzfgyfpkz/Build/Intermediates.noindex/ArchiveIntermediates/BookonDebug/IntermediateBuildFilesPath/LegadoBookSource.build/Release-iphoneos/LegadoBookSource.build/Objects-normal/arm64/SearchRule.o -o /Users/runner/Library/Developer/Xcode/DerivedData/BookonDebug-ehazsigvxemoqzdtqumqzfgyfpkz/Build/Intermediates.noindex/ArchiveIntermediates/BookonDebug/IntermediateBuildFilesPath/LegadoBookSource.build/Release-iphoneos/LegadoBookSource.build/Objects-normal/arm64/TocRule.o -o /Users/runner/Library/Developer/Xcode/DerivedData/BookonDebug-ehazsigvxemoqzdtqumqzfgyfpkz/Build/Intermediates.noindex/ArchiveIntermediates/BookonDebug/IntermediateBuildFilesPath/LegadoBookSource.build/Release-iphoneos/LegadoBookSource.build/Objects-normal/arm64/AnalyzeByJSonPath.o -o /Users/runner/Library/Developer/Xcode/DerivedData/BookonDebug-ehazsigvxemoqzdtqumqzfgyfpkz/Build/Intermediates.noindex/ArchiveIntermediates/BookonDebug/IntermediateBuildFilesPath/LegadoBookSource.build/Release-iphoneos/LegadoBookSource.build/Objects-normal/arm64/AnalyzeByJSoup+Elements.o -o /Users/runner/Library/Developer/Xcode/DerivedData/BookonDebug-ehazsigvxemoqzdtqumqzfgyfpkz/Build/Intermediates.noindex/ArchiveIntermediates/BookonDebug/IntermediateBuildFilesPath/LegadoBookSource.build/Release-iphoneos/LegadoBookSource.build/Objects-normal/arm64/AnalyzeByJSoup.o -o /Users/runner/Library/Developer/Xcode/DerivedData/BookonDebug-ehazsigvxemoqzdtqumqzfgyfpkz/Build/Intermediates.noindex/ArchiveIntermediates/BookonDebug/IntermediateBuildFilesPath/LegadoBookSource.build/Release-iphoneos/LegadoBookSource.build/Objects-normal/arm64/AnalyzeByJSoupRules.o -o /Users/runner/Library/Developer/Xcode/DerivedData/BookonDebug-ehazsigvxemoqzdtqumqzfgyfpkz/Build/Intermediates.noindex/ArchiveIntermediates/BookonDebug/IntermediateBuildFilesPath/LegadoBookSource.build/Release-iphoneos/LegadoBookSource.build/Objects-normal/arm64/AnalyzeByRegex.o -o /Users/runner/Library/Developer/Xcode/DerivedData/BookonDebug-ehazsigvxemoqzdtqumqzfgyfpkz/Build/Intermediates.noindex/ArchiveIntermediates/BookonDebug/IntermediateBuildFilesPath/LegadoBookSource.build/Release-iphoneos/LegadoBookSource.build/Objects-normal/arm64/AnalyzeByXPath.o -o /Users/runner/Library/Developer/Xcode/DerivedData/BookonDebug-ehazsigvxemoqzdtqumqzfgyfpkz/Build/Intermediates.noindex/ArchiveIntermediates/BookonDebug/IntermediateBuildFilesPath/LegadoBookSource.build/Release-iphoneos/LegadoBookSource.build/Objects-normal/arm64/AnalyzeRule+Dispatch.o -o /Users/runner/Library/Developer/Xcode/DerivedData/BookonDebug-ehazsigvxemoqzdtqumqzfgyfpkz/Build/Intermediates.noindex/ArchiveIntermediates/BookonDebug/IntermediateBuildFilesPath/LegadoBookSource.build/Release-iphoneos/LegadoBookSource.build/Objects-normal/arm64/AnalyzeRule+JS.o -o /Users/runner/Library/Developer/Xcode/DerivedData/BookonDebug-ehazsigvxemoqzdtqumqzfgyfpkz/Build/Intermediates.noindex/ArchiveIntermediates/BookonDebug/IntermediateBuildFilesPath/LegadoBookSource.build/Release-iphoneos/LegadoBookSource.build/Objects-normal/arm64/AnalyzeRule+Rules.o -o /Users/runner/Library/Developer/Xcode/DerivedData/BookonDebug-ehazsigvxemoqzdtqumqzfgyfpkz/Build/Intermediates.noindex/ArchiveIntermediates/BookonDebug/IntermediateBuildFilesPath/LegadoBookSource.build/Release-iphoneos/LegadoBookSource.build/Objects-normal/arm64/AnalyzeRule.o -o /Users/runner/Library/Developer/Xcode/DerivedData/BookonDebug-ehazsigvxemoqzdtqumqzfgyfpkz/Build/Intermediates.noindex/ArchiveIntermediates/BookonDebug/IntermediateBuildFilesPath/LegadoBookSource.build/Release-iphoneos/LegadoBookSource.build/Objects-normal/arm64/AnalyzeRuleDependencies.o -o /Users/runner/Library/Developer/Xcode/DerivedData/BookonDebug-ehazsigvxemoqzdtqumqzfgyfpkz/Build/Intermediates.noindex/ArchiveIntermediates/BookonDebug/IntermediateBuildFilesPath/LegadoBookSource.build/Release-iphoneos/LegadoBookSource.build/Objects-normal/arm64/DebugLogger.o -o /Users/runner/Library/Developer/Xcode/DerivedData/BookonDebug-ehazsigvxemoqzdtqumqzfgyfpkz/Build/Intermediates.noindex/ArchiveIntermediates/BookonDebug/IntermediateBuildFilesPath/LegadoBookSource.build/Release-iphoneos/LegadoBookSource.build/Objects-normal/arm64/DefaultJSONPathEvaluator.o -o /Users/runner/Library/Developer/Xcode/DerivedData/BookonDebug-ehazsigvxemoqzdtqumqzfgyfpkz/Build/Intermediates.noindex/ArchiveIntermediates/BookonDebug/IntermediateBuildFilesPath/LegadoBookSource.build/Release-iphoneos/LegadoBookSource.build/Objects-normal/arm64/HtmlEntities.o -o /Users/runner/Library/Developer/Xcode/DerivedData/BookonDebug-ehazsigvxemoqzdtqumqzfgyfpkz/Build/Intermediates.noindex/ArchiveIntermediates/BookonDebug/IntermediateBuildFilesPath/LegadoBookSource.build/Release-iphoneos/LegadoBookSource.build/Objects-normal/arm64/HtmlFormatter.o -o /Users/runner/Library/Developer/Xcode/DerivedData/BookonDebug-ehazsigvxemoqzdtqumqzfgyfpkz/Build/Intermediates.noindex/ArchiveIntermediates/BookonDebug/IntermediateBuildFilesPath/LegadoBookSource.build/Release-iphoneos/LegadoBookSource.build/Objects-normal/arm64/HtmlUnescape.o -o /Users/runner/Library/Developer/Xcode/DerivedData/BookonDebug-ehazsigvxemoqzdtqumqzfgyfpkz/Build/Intermediates.noindex/ArchiveIntermediates/BookonDebug/IntermediateBuildFilesPath/LegadoBookSource.build/Release-iphoneos/LegadoBookSource.build/Objects-normal/arm64/JSEngine.o -o /Users/runner/Library/Developer/Xcode/DerivedData/BookonDebug-ehazsigvxemoqzdtqumqzfgyfpkz/Build/Intermediates.noindex/ArchiveIntermediates/BookonDebug/IntermediateBuildFilesPath/LegadoBookSource.build/Release-iphoneos/LegadoBookSource.build/Objects-normal/arm64/JSJavaBridge.o -o /Users/runner/Library/Developer/Xcode/DerivedData/BookonDebug-ehazsigvxemoqzdtqumqzfgyfpkz/Build/Intermediates.noindex/ArchiveIntermediates/BookonDebug/IntermediateBuildFilesPath/LegadoBookSource.build/Release-iphoneos/LegadoBookSource.build/Objects-normal/arm64/JSONPathEvaluator.o -o /Users/runner/Library/Developer/Xcode/DerivedData/BookonDebug-ehazsigvxemoqzdtqumqzfgyfpkz/Build/Intermediates.noindex/ArchiveIntermediates/BookonDebug/IntermediateBuildFilesPath/LegadoBookSource.build/Release-iphoneos/LegadoBookSource.build/Objects-normal/arm64/JSONPathParser.o -o /Users/runner/Library/Developer/Xcode/DerivedData/BookonDebug-ehazsigvxemoqzdtqumqzfgyfpkz/Build/Intermediates.noindex/ArchiveIntermediates/BookonDebug/IntermediateBuildFilesPath/LegadoBookSource.build/Release-iphoneos/LegadoBookSource.build/Objects-normal/arm64/JavaDoubleFormat.o -o /Users/runner/Library/Developer/Xcode/DerivedData/BookonDebug-ehazsigvxemoqzdtqumqzfgyfpkz/Build/Intermediates.noindex/ArchiveIntermediates/BookonDebug/IntermediateBuildFilesPath/LegadoBookSource.build/Release-iphoneos/LegadoBookSource.build/Objects-normal/arm64/JavaURLResolver.o -o /Users/runner/Library/Developer/Xcode/DerivedData/BookonDebug-ehazsigvxemoqzdtqumqzfgyfpkz/Build/Intermediates.noindex/ArchiveIntermediates/BookonDebug/IntermediateBuildFilesPath/LegadoBookSource.build/Release-iphoneos/LegadoBookSource.build/Objects-normal/arm64/JsExtensionsCatalog.o -o /Users/runner/Library/Developer/Xcode/DerivedData/BookonDebug-ehazsigvxemoqzdtqumqzfgyfpkz/Build/Intermediates.noindex/ArchiveIntermediates/BookonDebug/IntermediateBuildFilesPath/LegadoBookSource.build/Release-iphoneos/LegadoBookSource.build/Objects-normal/arm64/JsExtensionsCore.o -o /Users/runner/Library/Developer/Xcode/DerivedData/BookonDebug-ehazsigvxemoqzdtqumqzfgyfpkz/Build/Intermediates.noindex/ArchiveIntermediates/BookonDebug/IntermediateBuildFilesPath/LegadoBookSource.build/Release-iphoneos/LegadoBookSource.build/Objects-normal/arm64/JsExtensionsRuntime.o -o /Users/runner/Library/Developer/Xcode/DerivedData/BookonDebug-ehazsigvxemoqzdtqumqzfgyfpkz/Build/Intermediates.noindex/ArchiveIntermediates/BookonDebug/IntermediateBuildFilesPath/LegadoBookSource.build/Release-iphoneos/LegadoBookSource.build/Objects-normal/arm64/JsNumberFormat.o -o /Users/runner/Library/Developer/Xcode/DerivedData/BookonDebug-ehazsigvxemoqzdtqumqzfgyfpkz/Build/Intermediates.noindex/ArchiveIntermediates/BookonDebug/IntermediateBuildFilesPath/LegadoBookSource.build/Release-iphoneos/LegadoBookSource.build/Objects-normal/arm64/JsoupCompatSerializer.o -o /Users/runner/Library/Developer/Xcode/DerivedData/BookonDebug-ehazsigvxemoqzdtqumqzfgyfpkz/Build/Intermediates.noindex/ArchiveIntermediates/BookonDebug/IntermediateBuildFilesPath/LegadoBookSource.build/Release-iphoneos/LegadoBookSource.build/Objects-normal/arm64/JsoupJSBridge.o -o /Users/runner/Library/Developer/Xcode/DerivedData/BookonDebug-ehazsigvxemoqzdtqumqzfgyfpkz/Build/Intermediates.noindex/ArchiveIntermediates/BookonDebug/IntermediateBuildFilesPath/LegadoBookSource.build/Release-iphoneos/LegadoBookSource.build/Objects-normal/arm64/LegadoStringExtensions.o -o /Users/runner/Library/Developer/Xcode/DerivedData/BookonDebug-ehazsigvxemoqzdtqumqzfgyfpkz/Build/Intermediates.noindex/ArchiveIntermediates/BookonDebug/IntermediateBuildFilesPath/LegadoBookSource.build/Release-iphoneos/LegadoBookSource.build/Objects-normal/arm64/NetworkUtils.o -o /Users/runner/Library/Developer/Xcode/DerivedData/BookonDebug-ehazsigvxemoqzdtqumqzfgyfpkz/Build/Intermediates.noindex/ArchiveIntermediates/BookonDebug/IntermediateBuildFilesPath/LegadoBookSource.build/Release-iphoneos/LegadoBookSource.build/Objects-normal/arm64/OrderedJSONParser.o -o /Users/runner/Library/Developer/Xcode/DerivedData/BookonDebug-ehazsigvxemoqzdtqumqzfgyfpkz/Build/Intermediates.noindex/ArchiveIntermediates/BookonDebug/IntermediateBuildFilesPath/LegadoBookSource.build/Release-iphoneos/LegadoBookSource.build/Objects-normal/arm64/RegexTemplate.o -o /Users/runner/Library/Developer/Xcode/DerivedData/BookonDebug-ehazsigvxemoqzdtqumqzfgyfpkz/Build/Intermediates.noindex/ArchiveIntermediates/BookonDebug/IntermediateBuildFilesPath/LegadoBookSource.build/Release-iphoneos/LegadoBookSource.build/Objects-normal/arm64/RuleAnalyzer.o -o /Users/runner/Library/Developer/Xcode/DerivedData/BookonDebug-ehazsigvxemoqzdtqumqzfgyfpkz/Build/Intermediates.noindex/ArchiveIntermediates/BookonDebug/IntermediateBuildFilesPath/LegadoBookSource.build/Release-iphoneos/LegadoBookSource.build/Objects-normal/arm64/RuleEngineDiagnostics.o -o /Users/runner/Library/Developer/Xcode/DerivedData/BookonDebug-ehazsigvxemoqzdtqumqzfgyfpkz/Build/Intermediates.noindex/ArchiveIntermediates/BookonDebug/IntermediateBuildFilesPath/LegadoBookSource.build/Release-iphoneos/LegadoBookSource.build/Objects-normal/arm64/RuleEngineError.o -o /Users/runner/Library/Developer/Xcode/DerivedData/BookonDebug-ehazsigvxemoqzdtqumqzfgyfpkz/Build/Intermediates.noindex/ArchiveIntermediates/BookonDebug/IntermediateBuildFilesPath/LegadoBookSource.build/Release-iphoneos/LegadoBookSource.build/Objects-normal/arm64/RuleValue.o -o /Users/runner/Library/Developer/Xcode/DerivedData/BookonDebug-ehazsigvxemoqzdtqumqzfgyfpkz/Build/Intermediates.noindex/ArchiveIntermediates/BookonDebug/IntermediateBuildFilesPath/LegadoBookSource.build/Release-iphoneos/LegadoBookSource.build/Objects-normal/arm64/SourceRule.o -o /Users/runner/Library/Developer/Xcode/DerivedData/BookonDebug-ehazsigvxemoqzdtqumqzfgyfpkz/Build/Intermediates.noindex/ArchiveIntermediates/BookonDebug/IntermediateBuildFilesPath/LegadoBookSource.build/Release-iphoneos/LegadoBookSource.build/Objects-normal/arm64/StringUtils.o -o /Users/runner/Library/Developer/Xcode/DerivedData/BookonDebug-ehazsigvxemoqzdtqumqzfgyfpkz/Build/Intermediates.noindex/ArchiveIntermediates/BookonDebug/IntermediateBuildFilesPath/LegadoBookSource.build/Release-iphoneos/LegadoBookSource.build/Objects-normal/arm64/SwiftSoupElementsCompat.o -o /Users/runner/Library/Developer/Xcode/DerivedData/BookonDebug-ehazsigvxemoqzdtqumqzfgyfpkz/Build/Intermediates.noindex/ArchiveIntermediates/BookonDebug/IntermediateBuildFilesPath/LegadoBookSource.build/Release-iphoneos/LegadoBookSource.build/Objects-normal/arm64/SwiftSoupTextNormalizeFix.o -o /Users/runner/Library/Developer/Xcode/DerivedData/BookonDebug-ehazsigvxemoqzdtqumqzfgyfpkz/Build/Intermediates.noindex/ArchiveIntermediates/BookonDebug/IntermediateBuildFilesPath/LegadoBookSource.build/Release-iphoneos/LegadoBookSource.build/Objects-normal/arm64/SwiftSoupXPathEvaluator.o -o /Users/runner/Library/Developer/Xcode/DerivedData/BookonDebug-ehazsigvxemoqzdtqumqzfgyfpkz/Build/Intermediates.noindex/ArchiveIntermediates/BookonDebug/IntermediateBuildFilesPath/LegadoBookSource.build/Release-iphoneos/LegadoBookSource.build/Objects-normal/arm64/SwiftSoupXPathFunctions.o -o /Users/runner/Library/Developer/Xcode/DerivedData/BookonDebug-ehazsigvxemoqzdtqumqzfgyfpkz/Build/Intermediates.noindex/ArchiveIntermediates/BookonDebug/IntermediateBuildFilesPath/LegadoBookSource.build/Release-iphoneos/LegadoBookSource.build/Objects-normal/arm64/SwiftSoupXPathParser.o -o /Users/runner/Library/Developer/Xcode/DerivedData/BookonDebug-ehazsigvxemoqzdtqumqzfgyfpkz/Build/Intermediates.noindex/ArchiveIntermediates/BookonDebug/IntermediateBuildFilesPath/LegadoBookSource.build/Release-iphoneos/LegadoBookSource.build/Objects-normal/arm64/SwiftSoupXPathPredicate.o -o /Users/runner/Library/Developer/Xcode/DerivedData/BookonDebug-ehazsigvxemoqzdtqumqzfgyfpkz/Build/Intermediates.noindex/ArchiveIntermediates/BookonDebug/IntermediateBuildFilesPath/LegadoBookSource.build/Release-iphoneos/LegadoBookSource.build/Objects-normal/arm64/SwiftSoupXPathStepParser.o -o /Users/runner/Library/Developer/Xcode/DerivedData/BookonDebug-ehazsigvxemoqzdtqumqzfgyfpkz/Build/Intermediates.noindex/ArchiveIntermediates/BookonDebug/IntermediateBuildFilesPath/LegadoBookSource.build/Release-iphoneos/LegadoBookSource.build/Objects-normal/arm64/XPathEvaluator.o -o /Users/runner/Library/Developer/Xcode/DerivedData/BookonDebug-ehazsigvxemoqzdtqumqzfgyfpkz/Build/Intermediates.noindex/ArchiveIntermediates/BookonDebug/IntermediateBuildFilesPath/LegadoBookSource.build/Release-iphoneos/LegadoBookSource.build/Objects-normal/arm64/SearchBook.o -o /Users/runner/Library/Developer/Xcode/DerivedData/BookonDebug-ehazsigvxemoqzdtqumqzfgyfpkz/Build/Intermediates.noindex/ArchiveIntermediates/BookonDebug/IntermediateBuildFilesPath/LegadoBookSource.build/Release-iphoneos/LegadoBookSource.build/Objects-normal/arm64/StringOrObject.o -o /Users/runner/Library/Developer/Xcode/DerivedData/BookonDebug-ehazsigvxemoqzdtqumqzfgyfpkz/Build/Intermediates.noindex/ArchiveIntermediates/BookonDebug/IntermediateBuildFilesPath/LegadoBookSource.build/Release-iphoneos/LegadoBookSource.build/Objects-normal/arm64/BookChapterList.o -o /Users/runner/Library/Developer/Xcode/DerivedData/BookonDebug-ehazsigvxemoqzdtqumqzfgyfpkz/Build/Intermediates.noindex/ArchiveIntermediates/BookonDebug/IntermediateBuildFilesPath/LegadoBookSource.build/Release-iphoneos/LegadoBookSource.build/Objects-normal/arm64/BookContent.o -o /Users/runner/Library/Developer/Xcode/DerivedData/BookonDebug-ehazsigvxemoqzdtqumqzfgyfpkz/Build/Intermediates.noindex/ArchiveIntermediates/BookonDebug/IntermediateBuildFilesPath/LegadoBookSource.build/Release-iphoneos/LegadoBookSource.build/Objects-normal/arm64/BookInfo.o -o /Users/runner/Library/Developer/Xcode/DerivedData/BookonDebug-ehazsigvxemoqzdtqumqzfgyfpkz/Build/Intermediates.noindex/ArchiveIntermediates/BookonDebug/IntermediateBuildFilesPath/LegadoBookSource.build/Release-iphoneos/LegadoBookSource.build/Objects-normal/arm64/BookList.o -o /Users/runner/Library/Developer/Xcode/DerivedData/BookonDebug-ehazsigvxemoqzdtqumqzfgyfpkz/Build/Intermediates.noindex/ArchiveIntermediates/BookonDebug/IntermediateBuildFilesPath/LegadoBookSource.build/Release-iphoneos/LegadoBookSource.build/Objects-normal/arm64/Debug.o -o /Users/runner/Library/Developer/Xcode/DerivedData/BookonDebug-ehazsigvxemoqzdtqumqzfgyfpkz/Build/Intermediates.noindex/ArchiveIntermediates/BookonDebug/IntermediateBuildFilesPath/LegadoBookSource.build/Release-iphoneos/LegadoBookSource.build/Objects-normal/arm64/WebBook.o -o /Users/runner/Library/Developer/Xcode/DerivedData/BookonDebug-ehazsigvxemoqzdtqumqzfgyfpkz/Build/Intermediates.noindex/ArchiveIntermediates/BookonDebug/IntermediateBuildFilesPath/LegadoBookSource.build/Release-iphoneos/LegadoBookSource.build/Objects-normal/arm64/WebBookNetwork.o -o /Users/runner/Library/Developer/Xcode/DerivedData/BookonDebug-ehazsigvxemoqzdtqumqzfgyfpkz/Build/Intermediates.noindex/ArchiveIntermediates/BookonDebug/IntermediateBuildFilesPath/LegadoBookSource.build/Release-iphoneos/LegadoBookSource.build/Objects-normal/arm64/WebBookOptions.o -o /Users/runner/Library/Developer/Xcode/DerivedData/BookonDebug-ehazsigvxemoqzdtqumqzfgyfpkz/Build/Intermediates.noindex/ArchiveIntermediates/BookonDebug/IntermediateBuildFilesPath/LegadoBookSource.build/Release-iphoneos/LegadoBookSource.build/Objects-normal/arm64/WebBookSupport.o -index-unit-output-path /LegadoBookSource.build/Release-iphoneos/LegadoBookSource.build/Objects-normal/arm64/resource_bundle_accessor.o -index-unit-output-path /LegadoBookSource.build/Release-iphoneos/LegadoBookSource.build/Objects-normal/arm64/BaseBook.o -index-unit-output-path /LegadoBookSource.build/Release-iphoneos/LegadoBookSource.build/Objects-normal/arm64/BaseSource.o -index-unit-output-path /LegadoBookSource.build/Release-iphoneos/LegadoBookSource.build/Objects-normal/arm64/Book.o -index-unit-output-path /LegadoBookSource.build/Release-iphoneos/LegadoBookSource.build/Objects-normal/arm64/BookChapter.o -index-unit-output-path /LegadoBookSource.build/Release-iphoneos/LegadoBookSource.build/Objects-normal/arm64/BookSource.o -index-unit-output-path /LegadoBookSource.build/Release-iphoneos/LegadoBookSource.build/Objects-normal/arm64/BookSourceImporter.o -index-unit-output-path /LegadoBookSource.build/Release-iphoneos/LegadoBookSource.build/Objects-normal/arm64/BookSourceType.o -index-unit-output-path /LegadoBookSource.build/Release-iphoneos/LegadoBookSource.build/Objects-normal/arm64/BookType.o -index-unit-output-path /LegadoBookSource.build/Release-iphoneos/LegadoBookSource.build/Objects-normal/arm64/LegadoJSON.o -index-unit-output-path /LegadoBookSource.build/Release-iphoneos/LegadoBookSource.build/Objects-normal/arm64/LenientDecoding.o -index-unit-output-path /LegadoBookSource.build/Release-iphoneos/LegadoBookSource.build/Objects-normal/arm64/AnalyzeUrl.o -index-unit-output-path /LegadoBookSource.build/Release-iphoneos/LegadoBookSource.build/Objects-normal/arm64/CacheManager.o -index-unit-output-path /LegadoBookSource.build/Release-iphoneos/LegadoBookSource.build/Objects-normal/arm64/CharsetDetector.o -index-unit-output-path /LegadoBookSource.build/Release-iphoneos/LegadoBookSource.build/Objects-normal/arm64/CharsetMatch.o -index-unit-output-path /LegadoBookSource.build/Release-iphoneos/LegadoBookSource.build/Objects-normal/arm64/CharsetRecog2022.o -index-unit-output-path /LegadoBookSource.build/Release-iphoneos/LegadoBookSource.build/Objects-normal/arm64/CharsetRecogMBCS.o -index-unit-output-path /LegadoBookSource.build/Release-iphoneos/LegadoBookSource.build/Objects-normal/arm64/CharsetRecogSBCS.o -index-unit-output-path /LegadoBookSource.build/Release-iphoneos/LegadoBookSource.build/Objects-normal/arm64/CharsetRecogUTF8.o -index-unit-output-path /LegadoBookSource.build/Release-iphoneos/LegadoBookSource.build/Objects-normal/arm64/CharsetRecogUnicode.o -index-unit-output-path /LegadoBookSource.build/Release-iphoneos/LegadoBookSource.build/Objects-normal/arm64/CharsetRecognizer.o -index-unit-output-path /LegadoBookSource.build/Release-iphoneos/LegadoBookSource.build/Objects-normal/arm64/CharsetTables.o -index-unit-output-path /LegadoBookSource.build/Release-iphoneos/LegadoBookSource.build/Objects-normal/arm64/EncodingDetect.o -index-unit-output-path /LegadoBookSource.build/Release-iphoneos/LegadoBookSource.build/Objects-normal/arm64/ConcurrentRateLimiter.o -index-unit-output-path /LegadoBookSource.build/Release-iphoneos/LegadoBookSource.build/Objects-normal/arm64/CookieManager.o -index-unit-output-path /LegadoBookSource.build/Release-iphoneos/LegadoBookSource.build/Objects-normal/arm64/CookieStore.o -index-unit-output-path /LegadoBookSource.build/Release-iphoneos/LegadoBookSource.build/Objects-normal/arm64/GsonJSON.o -index-unit-output-path /LegadoBookSource.build/Release-iphoneos/LegadoBookSource.build/Objects-normal/arm64/HTTPTypes.o -index-unit-output-path /LegadoBookSource.build/Release-iphoneos/LegadoBookSource.build/Objects-normal/arm64/HttpUrl.o -index-unit-output-path /LegadoBookSource.build/Release-iphoneos/LegadoBookSource.build/Objects-normal/arm64/NetworkUtilsEncoding.o -index-unit-output-path /LegadoBookSource.build/Release-iphoneos/LegadoBookSource.build/Objects-normal/arm64/RealAjaxProvider.o -index-unit-output-path /LegadoBookSource.build/Release-iphoneos/LegadoBookSource.build/Objects-normal/arm64/RealJsNetworkExtensionsProvider.o -index-unit-output-path /LegadoBookSource.build/Release-iphoneos/LegadoBookSource.build/Objects-normal/arm64/URLSessionHTTPClient.o -index-unit-output-path /LegadoBookSource.build/Release-iphoneos/LegadoBookSource.build/Objects-normal/arm64/UrlOption.o -index-unit-output-path /LegadoBookSource.build/Release-iphoneos/LegadoBookSource.build/Objects-normal/arm64/BookInfoRule.o -index-unit-output-path /LegadoBookSource.build/Release-iphoneos/LegadoBookSource.build/Objects-normal/arm64/BookListRule.o -index-unit-output-path /LegadoBookSource.build/Release-iphoneos/LegadoBookSource.build/Objects-normal/arm64/ContentRule.o -index-unit-output-path /LegadoBookSource.build/Release-iphoneos/LegadoBookSource.build/Objects-normal/arm64/ExploreKind.o -index-unit-output-path /LegadoBookSource.build/Release-iphoneos/LegadoBookSource.build/Objects-normal/arm64/ExploreRule.o -index-unit-output-path /LegadoBookSource.build/Release-iphoneos/LegadoBookSource.build/Objects-normal/arm64/FlexChildStyle.o -index-unit-output-path /LegadoBookSource.build/Release-iphoneos/LegadoBookSource.build/Objects-normal/arm64/ReviewRule.o -index-unit-output-path /LegadoBookSource.build/Release-iphoneos/LegadoBookSource.build/Objects-normal/arm64/RowUi.o -index-unit-output-path /LegadoBookSource.build/Release-iphoneos/LegadoBookSource.build/Objects-normal/arm64/SearchRule.o -index-unit-output-path /LegadoBookSource.build/Release-iphoneos/LegadoBookSource.build/Objects-normal/arm64/TocRule.o -index-unit-output-path /LegadoBookSource.build/Release-iphoneos/LegadoBookSource.build/Objects-normal/arm64/AnalyzeByJSonPath.o -index-unit-output-path /LegadoBookSource.build/Release-iphoneos/LegadoBookSource.build/Objects-normal/arm64/AnalyzeByJSoup+Elements.o -index-unit-output-path /LegadoBookSource.build/Release-iphoneos/LegadoBookSource.build/Objects-normal/arm64/AnalyzeByJSoup.o -index-unit-output-path /LegadoBookSource.build/Release-iphoneos/LegadoBookSource.build/Objects-normal/arm64/AnalyzeByJSoupRules.o -index-unit-output-path /LegadoBookSource.build/Release-iphoneos/LegadoBookSource.build/Objects-normal/arm64/AnalyzeByRegex.o -index-unit-output-path /LegadoBookSource.build/Release-iphoneos/LegadoBookSource.build/Objects-normal/arm64/AnalyzeByXPath.o -index-unit-output-path /LegadoBookSource.build/Release-iphoneos/LegadoBookSource.build/Objects-normal/arm64/AnalyzeRule+Dispatch.o -index-unit-output-path /LegadoBookSource.build/Release-iphoneos/LegadoBookSource.build/Objects-normal/arm64/AnalyzeRule+JS.o -index-unit-output-path /LegadoBookSource.build/Release-iphoneos/LegadoBookSource.build/Objects-normal/arm64/AnalyzeRule+Rules.o -index-unit-output-path /LegadoBookSource.build/Release-iphoneos/LegadoBookSource.build/Objects-normal/arm64/AnalyzeRule.o -index-unit-output-path /LegadoBookSource.build/Release-iphoneos/LegadoBookSource.build/Objects-normal/arm64/AnalyzeRuleDependencies.o -index-unit-output-path /LegadoBookSource.build/Release-iphoneos/LegadoBookSource.build/Objects-normal/arm64/DebugLogger.o -index-unit-output-path /LegadoBookSource.build/Release-iphoneos/LegadoBookSource.build/Objects-normal/arm64/DefaultJSONPathEvaluator.o -index-unit-output-path /LegadoBookSource.build/Release-iphoneos/LegadoBookSource.build/Objects-normal/arm64/HtmlEntities.o -index-unit-output-path /LegadoBookSource.build/Release-iphoneos/LegadoBookSource.build/Objects-normal/arm64/HtmlFormatter.o -index-unit-output-path /LegadoBookSource.build/Release-iphoneos/LegadoBookSource.build/Objects-normal/arm64/HtmlUnescape.o -index-unit-output-path /LegadoBookSource.build/Release-iphoneos/LegadoBookSource.build/Objects-normal/arm64/JSEngine.o -index-unit-output-path /LegadoBookSource.build/Release-iphoneos/LegadoBookSource.build/Objects-normal/arm64/JSJavaBridge.o -index-unit-output-path /LegadoBookSource.build/Release-iphoneos/LegadoBookSource.build/Objects-normal/arm64/JSONPathEvaluator.o -index-unit-output-path /LegadoBookSource.build/Release-iphoneos/LegadoBookSource.build/Objects-normal/arm64/JSONPathParser.o -index-unit-output-path /LegadoBookSource.build/Release-iphoneos/LegadoBookSource.build/Objects-normal/arm64/JavaDoubleFormat.o -index-unit-output-path /LegadoBookSource.build/Release-iphoneos/LegadoBookSource.build/Objects-normal/arm64/JavaURLResolver.o -index-unit-output-path /LegadoBookSource.build/Release-iphoneos/LegadoBookSource.build/Objects-normal/arm64/JsExtensionsCatalog.o -index-unit-output-path /LegadoBookSource.build/Release-iphoneos/LegadoBookSource.build/Objects-normal/arm64/JsExtensionsCore.o -index-unit-output-path /LegadoBookSource.build/Release-iphoneos/LegadoBookSource.build/Objects-normal/arm64/JsExtensionsRuntime.o -index-unit-output-path /LegadoBookSource.build/Release-iphoneos/LegadoBookSource.build/Objects-normal/arm64/JsNumberFormat.o -index-unit-output-path /LegadoBookSource.build/Release-iphoneos/LegadoBookSource.build/Objects-normal/arm64/JsoupCompatSerializer.o -index-unit-output-path /LegadoBookSource.build/Release-iphoneos/LegadoBookSource.build/Objects-normal/arm64/JsoupJSBridge.o -index-unit-output-path /LegadoBookSource.build/Release-iphoneos/LegadoBookSource.build/Objects-normal/arm64/LegadoStringExtensions.o -index-unit-output-path /LegadoBookSource.build/Release-iphoneos/LegadoBookSource.build/Objects-normal/arm64/NetworkUtils.o -index-unit-output-path /LegadoBookSource.build/Release-iphoneos/LegadoBookSource.build/Objects-normal/arm64/OrderedJSONParser.o -index-unit-output-path /LegadoBookSource.build/Release-iphoneos/LegadoBookSource.build/Objects-normal/arm64/RegexTemplate.o -index-unit-output-path /LegadoBookSource.build/Release-iphoneos/LegadoBookSource.build/Objects-normal/arm64/RuleAnalyzer.o -index-unit-output-path /LegadoBookSource.build/Release-iphoneos/LegadoBookSource.build/Objects-normal/arm64/RuleEngineDiagnostics.o -index-unit-output-path /LegadoBookSource.build/Release-iphoneos/LegadoBookSource.build/Objects-normal/arm64/RuleEngineError.o -index-unit-output-path /LegadoBookSource.build/Release-iphoneos/LegadoBookSource.build/Objects-normal/arm64/RuleValue.o -index-unit-output-path /LegadoBookSource.build/Release-iphoneos/LegadoBookSource.build/Objects-normal/arm64/SourceRule.o -index-unit-output-path /LegadoBookSource.build/Release-iphoneos/LegadoBookSource.build/Objects-normal/arm64/StringUtils.o -index-unit-output-path /LegadoBookSource.build/Release-iphoneos/LegadoBookSource.build/Objects-normal/arm64/SwiftSoupElementsCompat.o -index-unit-output-path /LegadoBookSource.build/Release-iphoneos/LegadoBookSource.build/Objects-normal/arm64/SwiftSoupTextNormalizeFix.o -index-unit-output-path /LegadoBookSource.build/Release-iphoneos/LegadoBookSource.build/Objects-normal/arm64/SwiftSoupXPathEvaluator.o -index-unit-output-path /LegadoBookSource.build/Release-iphoneos/LegadoBookSource.build/Objects-normal/arm64/SwiftSoupXPathFunctions.o -index-unit-output-path /LegadoBookSource.build/Release-iphoneos/LegadoBookSource.build/Objects-normal/arm64/SwiftSoupXPathParser.o -index-unit-output-path /LegadoBookSource.build/Release-iphoneos/LegadoBookSource.build/Objects-normal/arm64/SwiftSoupXPathPredicate.o -index-unit-output-path /LegadoBookSource.build/Release-iphoneos/LegadoBookSource.build/Objects-normal/arm64/SwiftSoupXPathStepParser.o -index-unit-output-path /LegadoBookSource.build/Release-iphoneos/LegadoBookSource.build/Objects-normal/arm64/XPathEvaluator.o -index-unit-output-path /LegadoBookSource.build/Release-iphoneos/LegadoBookSource.build/Objects-normal/arm64/SearchBook.o -index-unit-output-path /LegadoBookSource.build/Release-iphoneos/LegadoBookSource.build/Objects-normal/arm64/StringOrObject.o -index-unit-output-path /LegadoBookSource.build/Release-iphoneos/LegadoBookSource.build/Objects-normal/arm64/BookChapterList.o -index-unit-output-path /LegadoBookSource.build/Release-iphoneos/LegadoBookSource.build/Objects-normal/arm64/BookContent.o -index-unit-output-path /LegadoBookSource.build/Release-iphoneos/LegadoBookSource.build/Objects-normal/arm64/BookInfo.o -index-unit-output-path /LegadoBookSource.build/Release-iphoneos/LegadoBookSource.build/Objects-normal/arm64/BookList.o -index-unit-output-path /LegadoBookSource.build/Release-iphoneos/LegadoBookSource.build/Objects-normal/arm64/Debug.o -index-unit-output-path /LegadoBookSource.build/Release-iphoneos/LegadoBookSource.build/Objects-normal/arm64/WebBook.o -index-unit-output-path /LegadoBookSource.build/Release-iphoneos/LegadoBookSource.build/Objects-normal/arm64/WebBookNetwork.o -index-unit-output-path /LegadoBookSource.build/Release-iphoneos/LegadoBookSource.build/Objects-normal/arm64/WebBookOptions.o -index-unit-output-path /LegadoBookSource.build/Release-iphoneos/LegadoBookSource.build/Objects-normal/arm64/WebBookSupport.o
2026-10-06T15:00:29.8752850Z 
2026-10-06T15:00:29.8753110Z CompileSwift normal arm64 (in target 'LegadoBookSource' from project 'LegadoBookSource')
2026-10-06T15:00:29.8753480Z     cd /Users/runner/work/bookon/bookon
2026-10-06T15:00:29.8942930Z     /Applications/Xcode_15.4.app/Contents/Developer/Toolchains/XcodeDefault.xctoolchain/usr/bin/swift-frontend -c /Users/runner/Library/Developer/Xcode/DerivedData/BookonDebug-ehazsigvxemoqzdtqumqzfgyfpkz/Build/Intermediates.noindex/ArchiveIntermediates/BookonDebug/IntermediateBuildFilesPath/LegadoBookSource.build/Release-iphoneos/LegadoBookSource.build/DerivedSources/resource_bundle_accessor.swift /Users/runner/work/bookon/bookon/Sources/LegadoBookSource/BaseBook.swift /Users/runner/work/bookon/bookon/Sources/LegadoBookSource/BaseSource.swift /Users/runner/work/bookon/bookon/Sources/LegadoBookSource/Book.swift /Users/runner/work/bookon/bookon/Sources/LegadoBookSource/BookChapter.swift /Users/runner/work/bookon/bookon/Sources/LegadoBookSource/BookSource.swift /Users/runner/work/bookon/bookon/Sources/LegadoBookSource/BookSourceImporter.swift /Users/runner/work/bookon/bookon/Sources/LegadoBookSource/Constant/BookSourceType.swift /Users/runner/work/bookon/bookon/Sources/LegadoBookSource/Constant/BookType.swift /Users/runner/work/bookon/bookon/Sources/LegadoBookSource/LegadoJSON.swift /Users/runner/work/bookon/bookon/Sources/LegadoBookSource/LenientDecoding.swift /Users/runner/work/bookon/bookon/Sources/LegadoBookSource/Network/AnalyzeUrl.swift /Users/runner/work/bookon/bookon/Sources/LegadoBookSource/Network/CacheManager.swift /Users/runner/work/bookon/bookon/Sources/LegadoBookSource/Network/CharsetDetector/CharsetDetector.swift /Users/runner/work/bookon/bookon/Sources/LegadoBookSource/Network/CharsetDetector/CharsetMatch.swift /Users/runner/work/bookon/bookon/Sources/LegadoBookSource/Network/CharsetDetector/CharsetRecog2022.swift /Users/runner/work/bookon/bookon/Sources/LegadoBookSource/Network/CharsetDetector/CharsetRecogMBCS.swift /Users/runner/work/bookon/bookon/Sources/LegadoBookSource/Network/CharsetDetector/CharsetRecogSBCS.swift /Users/runner/work/bookon/bookon/Sources/LegadoBookSource/Network/CharsetDetector/CharsetRecogUTF8.swift /Users/runner/work/bookon/bookon/Sources/LegadoBookSource/Network/CharsetDetector/CharsetRecogUnicode.swift /Users/runner/work/bookon/bookon/Sources/LegadoBookSource/Network/CharsetDetector/CharsetRecognizer.swift /Users/runner/work/bookon/bookon/Sources/LegadoBookSource/Network/CharsetDetector/CharsetTables.swift /Users/runner/work/bookon/bookon/Sources/LegadoBookSource/Network/CharsetDetector/EncodingDetect.swift /Users/runner/work/bookon/bookon/Sources/LegadoBookSource/Network/ConcurrentRateLimiter.swift /Users/runner/work/bookon/bookon/Sources/LegadoBookSource/Network/CookieManager.swift /Users/runner/work/bookon/bookon/Sources/LegadoBookSource/Network/CookieStore.swift /Users/runner/work/bookon/bookon/Sources/LegadoBookSource/Network/GsonJSON.swift /Users/runner/work/bookon/bookon/Sources/LegadoBookSource/Network/HTTPTypes.swift /Users/runner/work/bookon/bookon/Sources/LegadoBookSource/Network/HttpUrl.swift /Users/runner/work/bookon/bookon/Sources/LegadoBookSource/Network/NetworkUtilsEncoding.swift /Users/runner/work/bookon/bookon/Sources/LegadoBookSource/Network/RealAjaxProvider.swift /Users/runner/work/bookon/bookon/Sources/LegadoBookSource/Network/RealJsNetworkExtensionsProvider.swift /Users/runner/work/bookon/bookon/Sources/LegadoBookSource/Network/URLSessionHTTPClient.swift /Users/runner/work/bookon/bookon/Sources/LegadoBookSource/Network/UrlOption.swift /Users/runner/work/bookon/bookon/Sources/LegadoBookSource/Rule/BookInfoRule.swift /Users/runner/work/bookon/bookon/Sources/LegadoBookSource/Rule/BookListRule.swift /Users/runner/work/bookon/bookon/Sources/LegadoBookSource/Rule/ContentRule.swift /Users/runner/work/bookon/bookon/Sources/LegadoBookSource/Rule/ExploreKind.swift /Users/runner/work/bookon/bookon/Sources/LegadoBookSource/Rule/ExploreRule.swift /Users/runner/work/bookon/bookon/Sources/LegadoBookSource/Rule/FlexChildStyle.swift /Users/runner/work/bookon/bookon/Sources/LegadoBookSource/Rule/ReviewRule.swift /Users/runner/work/bookon/bookon/Sources/LegadoBookSource/Rule/RowUi.swift /Users/runner/work/bookon/bookon/Sources/LegadoBookSource/Rule/SearchRule.swift /Users/runner/work/bookon/bookon/Sources/LegadoBookSource/Rule/TocRule.swift /Users/runner/work/bookon/bookon/Sources/LegadoBookSource/RuleEngine/AnalyzeByJSonPath.swift /Users/runner/work/bookon/bookon/Sources/LegadoBookSource/RuleEngine/AnalyzeByJSoup+Elements.swift /Users/runner/work/bookon/bookon/Sources/LegadoBookSource/RuleEngine/AnalyzeByJSoup.swift /Users/runner/work/bookon/bookon/Sources/LegadoBookSource/RuleEngine/AnalyzeByJSoupRules.swift /Users/runner/work/bookon/bookon/Sources/LegadoBookSource/RuleEngine/AnalyzeByRegex.swift /Users/runner/work/bookon/bookon/Sources/LegadoBookSource/RuleEngine/AnalyzeByXPath.swift /Users/runner/work/bookon/bookon/Sources/LegadoBookSource/RuleEngine/AnalyzeRule+Dispatch.swift /Users/runner/work/bookon/bookon/Sources/LegadoBookSource/RuleEngine/AnalyzeRule+JS.swift /Users/runner/work/bookon/bookon/Sources/LegadoBookSource/RuleEngine/AnalyzeRule+Rules.swift /Users/runner/work/bookon/bookon/Sources/LegadoBookSource/RuleEngine/AnalyzeRule.swift /Users/runner/work/bookon/bookon/Sources/LegadoBookSource/RuleEngine/AnalyzeRuleDependencies.swift /Users/runner/work/bookon/bookon/Sources/LegadoBookSource/RuleEngine/DebugLogger.swift /Users/runner/work/bookon/bookon/Sources/LegadoBookSource/RuleEngine/DefaultJSONPathEvaluator.swift /Users/runner/work/bookon/bookon/Sources/LegadoBookSource/RuleEngine/HtmlEntities.swift /Users/runner/work/bookon/bookon/Sources/LegadoBookSource/RuleEngine/HtmlFormatter.swift /Users/runner/work/bookon/bookon/Sources/LegadoBookSource/RuleEngine/HtmlUnescape.swift /Users/runner/work/bookon/bookon/Sources/LegadoBookSource/RuleEngine/JSEngine.swift /Users/runner/work/bookon/bookon/Sources/LegadoBookSource/RuleEngine/JSJavaBridge.swift /Users/runner/work/bookon/bookon/Sources/LegadoBookSource/RuleEngine/JSONPathEvaluator.swift /Users/runner/work/bookon/bookon/Sources/LegadoBookSource/RuleEngine/JSONPathParser.swift /Users/runner/work/bookon/bookon/Sources/LegadoBookSource/RuleEngine/JavaDoubleFormat.swift /Users/runner/work/bookon/bookon/Sources/LegadoBookSource/RuleEngine/JavaURLResolver.swift /Users/runner/work/bookon/bookon/Sources/LegadoBookSource/RuleEngine/JsExtensionsCatalog.swift /Users/runner/work/bookon/bookon/Sources/LegadoBookSource/RuleEngine/JsExtensionsCore.swift /Users/runner/work/bookon/bookon/Sources/LegadoBookSource/RuleEngine/JsExtensionsRuntime.swift /Users/runner/work/bookon/bookon/Sources/LegadoBookSource/RuleEngine/JsNumberFormat.swift /Users/runner/work/bookon/bookon/Sources/LegadoBookSource/RuleEngine/JsoupCompatSerializer.swift /Users/runner/work/bookon/bookon/Sources/LegadoBookSource/RuleEngine/JsoupJSBridge.swift /Users/runner/work/bookon/bookon/Sources/LegadoBookSource/RuleEngine/LegadoStringExtensions.swift /Users/runner/work/bookon/bookon/Sources/LegadoBookSource/RuleEngine/NetworkUtils.swift /Users/runner/work/bookon/bookon/Sources/LegadoBookSource/RuleEngine/OrderedJSONParser.swift /Users/runner/work/bookon/bookon/Sources/LegadoBookSource/RuleEngine/RegexTemplate.swift /Users/runner/work/bookon/bookon/Sources/LegadoBookSource/RuleEngine/RuleAnalyzer.swift /Users/runner/work/bookon/bookon/Sources/LegadoBookSource/RuleEngine/RuleEngineDiagnostics.swift /Users/runner/work/bookon/bookon/Sources/LegadoBookSource/RuleEngine/RuleEngineError.swift /Users/runner/work/bookon/bookon/Sources/LegadoBookSource/RuleEngine/RuleValue.swift /Users/runner/work/bookon/bookon/Sources/LegadoBookSource/RuleEngine/SourceRule.swift /Users/runner/work/bookon/bookon/Sources/LegadoBookSource/RuleEngine/StringUtils.swift /Users/runner/work/bookon/bookon/Sources/LegadoBookSource/RuleEngine/SwiftSoupElementsCompat.swift /Users/runner/work/bookon/bookon/Sources/LegadoBookSource/RuleEngine/SwiftSoupTextNormalizeFix.swift /Users/runner/work/bookon/bookon/Sources/LegadoBookSource/RuleEngine/SwiftSoupXPathEvaluator.swift /Users/runner/work/bookon/bookon/Sources/LegadoBookSource/RuleEngine/SwiftSoupXPathFunctions.swift /Users/runner/work/bookon/bookon/Sources/LegadoBookSource/RuleEngine/SwiftSoupXPathParser.swift /Users/runner/work/bookon/bookon/Sources/LegadoBookSource/RuleEngine/SwiftSoupXPathPredicate.swift /Users/runner/work/bookon/bookon/Sources/LegadoBookSource/RuleEngine/SwiftSoupXPathStepParser.swift /Users/runner/work/bookon/bookon/Sources/LegadoBookSource/RuleEngine/XPathEvaluator.swift /Users/runner/work/bookon/bookon/Sources/LegadoBookSource/SearchBook.swift /Users/runner/work/bookon/bookon/Sources/LegadoBookSource/StringOrObject.swift /Users/runner/work/bookon/bookon/Sources/LegadoBookSource/WebBook/BookChapterList.swift /Users/runner/work/bookon/bookon/Sources/LegadoBookSource/WebBook/BookContent.swift /Users/runner/work/bookon/bookon/Sources/LegadoBookSource/WebBook/BookInfo.swift /Users/runner/work/bookon/bookon/Sources/LegadoBookSource/WebBook/BookList.swift /Users/runner/work/bookon/bookon/Sources/LegadoBookSource/WebBook/Debug.swift /Users/runner/work/bookon/bookon/Sources/LegadoBookSource/WebBook/WebBook.swift /Users/runner/work/bookon/bookon/Sources/LegadoBookSource/WebBook/WebBookNetwork.swift /Users/runner/work/bookon/bookon/Sources/LegadoBookSource/WebBook/WebBookOptions.swift /Users/runner/work/bookon/bookon/Sources/LegadoBookSource/WebBook/WebBookSupport.swift -supplementary-output-file-map /Users/runner/Library/Developer/Xcode/DerivedData/BookonDebug-ehazsigvxemoqzdtqumqzfgyfpkz/Build/Intermediates.noindex/ArchiveIntermediates/BookonDebug/IntermediateBuildFilesPath/LegadoBookSource.build/Release-iphoneos/LegadoBookSource.build/Objects-normal/arm64/supplementaryOutputs-2 -target arm64-apple-ios17.0 -Xllvm -aarch64-use-tbi -enable-objc-interop -stack-check -sdk /Applications/Xcode_15.4.app/Contents/Developer/Platforms/iPhoneOS.platform/Developer/SDKs/iPhoneOS17.5.sdk -I /Users/runner/Library/Developer/Xcode/DerivedData/BookonDebug-ehazsigvxemoqzdtqumqzfgyfpkz/Build/Intermediates.noindex/ArchiveIntermediates/BookonDebug/BuildProductsPath/Release-iphoneos -I /Applications/Xcode_15.4.app/Contents/Developer/Platforms/iPhoneOS.platform/Developer/usr/lib -F /Users/runner/Library/Developer/Xcode/DerivedData/BookonDebug-ehazsigvxemoqzdtqumqzfgyfpkz/Build/Intermediates.noindex/ArchiveIntermediates/BookonDebug/BuildProductsPath/Release-iphoneos/PackageFrameworks -F /Users/runner/Library/Developer/Xcode/DerivedData/BookonDebug-ehazsigvxemoqzdtqumqzfgyfpkz/Build/Intermediates.noindex/ArchiveIntermediates/BookonDebug/BuildProductsPath/Release-iphoneos -F /Applications/Xcode_15.4.app/Contents/Developer/Platforms/iPhoneOS.platform/Developer/Library/Frameworks -F /Applications/Xcode_15.4.app/Contents/Developer/Platforms/iPhoneOS.platform/Developer/SDKs/iPhoneOS17.5.sdk/Developer/Library/Frameworks -no-color-diagnostics -g -module-cache-path /Users/runner/Library/Developer/Xcode/DerivedData/ModuleCache.noindex -swift-version 5 -enforce-exclusivity\=checked -O -D SWIFT_PACKAGE -D Xcode -serialize-debugging-options -package-name bookon -const-gather-protocols-file /Users/runner/Library/Developer/Xcode/DerivedData/BookonDebug-ehazsigvxemoqzdtqumqzfgyfpkz/Build/Intermediates.noindex/ArchiveIntermediates/BookonDebug/IntermediateBuildFilesPath/LegadoBookSource.build/Release-iphoneos/LegadoBookSource.build/Objects-normal/arm64/LegadoBookSource_const_extract_protocols.json -empty-abi-descriptor -validate-clang-modules-once -clang-build-session-file /Users/runner/Library/Developer/Xcode/DerivedData/ModuleCache.noindex/Session.modulevalidation -Xcc -working-directory -Xcc /Users/runner/work/bookon/bookon -resource-dir /Applications/Xcode_15.4.app/Contents/Developer/Toolchains/XcodeDefault.xctoolchain/usr/lib/swift -Xcc -ivfsstatcache -Xcc /Users/runner/Library/Developer/Xcode/DerivedData/SDKStatCaches.noindex/iphoneos17.5-21F77-f0fa7969d082b13145125136a829df3a.sdkstatcache -Xcc -I/Users/runner/Library/Developer/Xcode/DerivedData/BookonDebug-ehazsigvxemoqzdtqumqzfgyfpkz/Build/Intermediates.noindex/ArchiveIntermediates/BookonDebug/IntermediateBuildFilesPath/LegadoBookSource.build/Release-iphoneos/LegadoBookSource.build/swift-overrides.hmap -Xcc -I/Users/runner/Library/Developer/Xcode/DerivedData/BookonDebug-ehazsigvxemoqzdtqumqzfgyfpkz/Build/Intermediates.noindex/ArchiveIntermediates/BookonDebug/BuildProductsPath/Release-iphoneos/include -Xcc -I/Users/runner/Library/Developer/Xcode/DerivedData/BookonDebug-ehazsigvxemoqzdtqumqzfgyfpkz/Build/Intermediates.noindex/ArchiveIntermediates/BookonDebug/IntermediateBuildFilesPath/LegadoBookSource.build/Release-iphoneos/LegadoBookSource.build/DerivedSources-normal/arm64 -Xcc -I/Users/runner/Library/Developer/Xcode/DerivedData/BookonDebug-ehazsigvxemoqzdtqumqzfgyfpkz/Build/Intermediates.noindex/ArchiveIntermediates/BookonDebug/IntermediateBuildFilesPath/LegadoBookSource.build/Release-iphoneos/LegadoBookSource.build/DerivedSources/arm64 -Xcc -I/Users/runner/Library/Developer/Xcode/DerivedData/BookonDebug-ehazsigvxemoqzdtqumqzfgyfpkz/Build/Intermediates.noindex/ArchiveIntermediates/BookonDebug/IntermediateBuildFilesPath/LegadoBookSource.build/Release-iphoneos/LegadoBookSource.build/DerivedSources -Xcc -DSWIFT_PACKAGE -module-name LegadoBookSource -frontend-parseable-output -disable-clang-spi -target-sdk-version 17.5 -target-sdk-name iphoneos17.5 -external-plugin-path /Applications/Xcode_15.4.app/Contents/Developer/Platforms/iPhoneOS.platform/Developer/SDKs/iPhoneOS17.5.sdk/usr/lib/swift/host/plugins\#/Applications/Xcode_15.4.app/Contents/Developer/Platforms/iPhoneOS.platform/Developer/SDKs/iPhoneOS17.5.sdk/usr/bin/swift-plugin-server -external-plugin-path /Applications/Xcode_15.4.app/Contents/Developer/Platforms/iPhoneOS.platform/Developer/SDKs/iPhoneOS17.5.sdk/usr/local/lib/swift/host/plugins\#/Applications/Xcode_15.4.app/Contents/Developer/Platforms/iPhoneOS.platform/Developer/SDKs/iPhoneOS17.5.sdk/usr/bin/swift-plugin-server -external-plugin-path /Applications/Xcode_15.4.app/Contents/Developer/Platforms/iPhoneOS.platform/Developer/usr/lib/swift/host/plugins\#/Applications/Xcode_15.4.app/Contents/Developer/Platforms/iPhoneOS.platform/Developer/usr/bin/swift-plugin-server -external-plugin-path /Applications/Xcode_15.4.app/Contents/Developer/Platforms/iPhoneOS.platform/Developer/usr/local/lib/swift/host/plugins\#/Applications/Xcode_15.4.app/Contents/Developer/Platforms/iPhoneOS.platform/Developer/usr/bin/swift-plugin-server -plugin-path /Applications/Xcode_15.4.app/Contents/Developer/Toolchains/XcodeDefault.xctoolchain/usr/lib/swift/host/plugins -plugin-path /Applications/Xcode_15.4.app/Contents/Developer/Toolchains/XcodeDefault.xctoolchain/usr/local/lib/swift/host/plugins -enable-default-cmo -num-threads 3 -o /Users/runner/Library/Developer/Xcode/DerivedData/BookonDebug-ehazsigvxemoqzdtqumqzfgyfpkz/Build/Intermediates.noindex/ArchiveIntermediates/BookonDebug/IntermediateBuildFilesPath/LegadoBookSource.build/Release-iphoneos/LegadoBookSource.build/Objects-normal/arm64/resource_bundle_accessor.o -o /Users/runner/Library/Developer/Xcode/DerivedData/BookonDebug-ehazsigvxemoqzdtqumqzfgyfpkz/Build/Intermediates.noindex/ArchiveIntermediates/BookonDebug/IntermediateBuildFilesPath/LegadoBookSource.build/Release-iphoneos/LegadoBookSource.build/Objects-normal/arm64/BaseBook.o -o /Users/runner/Library/Developer/Xcode/DerivedData/BookonDebug-ehazsigvxemoqzdtqumqzfgyfpkz/Build/Intermediates.noindex/ArchiveIntermediates/BookonDebug/IntermediateBuildFilesPath/LegadoBookSource.build/Release-iphoneos/LegadoBookSource.build/Objects-normal/arm64/BaseSource.o -o /Users/runner/Library/Developer/Xcode/DerivedData/BookonDebug-ehazsigvxemoqzdtqumqzfgyfpkz/Build/Intermediates.noindex/ArchiveIntermediates/BookonDebug/IntermediateBuildFilesPath/LegadoBookSource.build/Release-iphoneos/LegadoBookSource.build/Objects-normal/arm64/Book.o -o /Users/runner/Library/Developer/Xcode/DerivedData/BookonDebug-ehazsigvxemoqzdtqumqzfgyfpkz/Build/Intermediates.noindex/ArchiveIntermediates/BookonDebug/IntermediateBuildFilesPath/LegadoBookSource.build/Release-iphoneos/LegadoBookSource.build/Objects-normal/arm64/BookChapter.o -o /Users/runner/Library/Developer/Xcode/DerivedData/BookonDebug-ehazsigvxemoqzdtqumqzfgyfpkz/Build/Intermediates.noindex/ArchiveIntermediates/BookonDebug/IntermediateBuildFilesPath/LegadoBookSource.build/Release-iphoneos/LegadoBookSource.build/Objects-normal/arm64/BookSource.o -o /Users/runner/Library/Developer/Xcode/DerivedData/BookonDebug-ehazsigvxemoqzdtqumqzfgyfpkz/Build/Intermediates.noindex/ArchiveIntermediates/BookonDebug/IntermediateBuildFilesPath/LegadoBookSource.build/Release-iphoneos/LegadoBookSource.build/Objects-normal/arm64/BookSourceImporter.o -o /Users/runner/Library/Developer/Xcode/DerivedData/BookonDebug-ehazsigvxemoqzdtqumqzfgyfpkz/Build/Intermediates.noindex/ArchiveIntermediates/BookonDebug/IntermediateBuildFilesPath/LegadoBookSource.build/Release-iphoneos/LegadoBookSource.build/Objects-normal/arm64/BookSourceType.o -o /Users/runner/Library/Developer/Xcode/DerivedData/BookonDebug-ehazsigvxemoqzdtqumqzfgyfpkz/Build/Intermediates.noindex/ArchiveIntermediates/BookonDebug/IntermediateBuildFilesPath/LegadoBookSource.build/Release-iphoneos/LegadoBookSource.build/Objects-normal/arm64/BookType.o -o /Users/runner/Library/Developer/Xcode/DerivedData/BookonDebug-ehazsigvxemoqzdtqumqzfgyfpkz/Build/Intermediates.noindex/ArchiveIntermediates/BookonDebug/IntermediateBuildFilesPath/LegadoBookSource.build/Release-iphoneos/LegadoBookSource.build/Objects-normal/arm64/LegadoJSON.o -o /Users/runner/Library/Developer/Xcode/DerivedData/BookonDebug-ehazsigvxemoqzdtqumqzfgyfpkz/Build/Intermediates.noindex/ArchiveIntermediates/BookonDebug/IntermediateBuildFilesPath/LegadoBookSource.build/Release-iphoneos/LegadoBookSource.build/Objects-normal/arm64/LenientDecoding.o -o /Users/runner/Library/Developer/Xcode/DerivedData/BookonDebug-ehazsigvxemoqzdtqumqzfgyfpkz/Build/Intermediates.noindex/ArchiveIntermediates/BookonDebug/IntermediateBuildFilesPath/LegadoBookSource.build/Release-iphoneos/LegadoBookSource.build/Objects-normal/arm64/AnalyzeUrl.o -o /Users/runner/Library/Developer/Xcode/DerivedData/BookonDebug-ehazsigvxemoqzdtqumqzfgyfpkz/Build/Intermediates.noindex/ArchiveIntermediates/BookonDebug/IntermediateBuildFilesPath/LegadoBookSource.build/Release-iphoneos/LegadoBookSource.build/Objects-normal/arm64/CacheManager.o -o /Users/runner/Library/Developer/Xcode/DerivedData/BookonDebug-ehazsigvxemoqzdtqumqzfgyfpkz/Build/Intermediates.noindex/ArchiveIntermediates/BookonDebug/IntermediateBuildFilesPath/LegadoBookSource.build/Release-iphoneos/LegadoBookSource.build/Objects-normal/arm64/CharsetDetector.o -o /Users/runner/Library/Developer/Xcode/DerivedData/BookonDebug-ehazsigvxemoqzdtqumqzfgyfpkz/Build/Intermediates.noindex/ArchiveIntermediates/BookonDebug/IntermediateBuildFilesPath/LegadoBookSource.build/Release-iphoneos/LegadoBookSource.build/Objects-normal/arm64/CharsetMatch.o -o /Users/runner/Library/Developer/Xcode/DerivedData/BookonDebug-ehazsigvxemoqzdtqumqzfgyfpkz/Build/Intermediates.noindex/ArchiveIntermediates/BookonDebug/IntermediateBuildFilesPath/LegadoBookSource.build/Release-iphoneos/LegadoBookSource.build/Objects-normal/arm64/CharsetRecog2022.o -o /Users/runner/Library/Developer/Xcode/DerivedData/BookonDebug-ehazsigvxemoqzdtqumqzfgyfpkz/Build/Intermediates.noindex/ArchiveIntermediates/BookonDebug/IntermediateBuildFilesPath/LegadoBookSource.build/Release-iphoneos/LegadoBookSource.build/Objects-normal/arm64/CharsetRecogMBCS.o -o /Users/runner/Library/Developer/Xcode/DerivedData/BookonDebug-ehazsigvxemoqzdtqumqzfgyfpkz/Build/Intermediates.noindex/ArchiveIntermediates/BookonDebug/IntermediateBuildFilesPath/LegadoBookSource.build/Release-iphoneos/LegadoBookSource.build/Objects-normal/arm64/CharsetRecogSBCS.o -o /Users/runner/Library/Developer/Xcode/DerivedData/BookonDebug-ehazsigvxemoqzdtqumqzfgyfpkz/Build/Intermediates.noindex/ArchiveIntermediates/BookonDebug/IntermediateBuildFilesPath/LegadoBookSource.build/Release-iphoneos/LegadoBookSource.build/Objects-normal/arm64/CharsetRecogUTF8.o -o /Users/runner/Library/Developer/Xcode/DerivedData/BookonDebug-ehazsigvxemoqzdtqumqzfgyfpkz/Build/Intermediates.noindex/ArchiveIntermediates/BookonDebug/IntermediateBuildFilesPath/LegadoBookSource.build/Release-iphoneos/LegadoBookSource.build/Objects-normal/arm64/CharsetRecogUnicode.o -o /Users/runner/Library/Developer/Xcode/DerivedData/BookonDebug-ehazsigvxemoqzdtqumqzfgyfpkz/Build/Intermediates.noindex/ArchiveIntermediates/BookonDebug/IntermediateBuildFilesPath/LegadoBookSource.build/Release-iphoneos/LegadoBookSource.build/Objects-normal/arm64/CharsetRecognizer.o -o /Users/runner/Library/Developer/Xcode/DerivedData/BookonDebug-ehazsigvxemoqzdtqumqzfgyfpkz/Build/Intermediates.noindex/ArchiveIntermediates/BookonDebug/IntermediateBuildFilesPath/LegadoBookSource.build/Release-iphoneos/LegadoBookSource.build/Objects-normal/arm64/CharsetTables.o -o /Users/runner/Library/Developer/Xcode/DerivedData/BookonDebug-ehazsigvxemoqzdtqumqzfgyfpkz/Build/Intermediates.noindex/ArchiveIntermediates/BookonDebug/IntermediateBuildFilesPath/LegadoBookSource.build/Release-iphoneos/LegadoBookSource.build/Objects-normal/arm64/EncodingDetect.o -o /Users/runner/Library/Developer/Xcode/DerivedData/BookonDebug-ehazsigvxemoqzdtqumqzfgyfpkz/Build/Intermediates.noindex/ArchiveIntermediates/BookonDebug/IntermediateBuildFilesPath/LegadoBookSource.build/Release-iphoneos/LegadoBookSource.build/Objects-normal/arm64/ConcurrentRateLimiter.o -o /Users/runner/Library/Developer/Xcode/DerivedData/BookonDebug-ehazsigvxemoqzdtqumqzfgyfpkz/Build/Intermediates.noindex/ArchiveIntermediates/BookonDebug/IntermediateBuildFilesPath/LegadoBookSource.build/Release-iphoneos/LegadoBookSource.build/Objects-normal/arm64/CookieManager.o -o /Users/runner/Library/Developer/Xcode/DerivedData/BookonDebug-ehazsigvxemoqzdtqumqzfgyfpkz/Build/Intermediates.noindex/ArchiveIntermediates/BookonDebug/IntermediateBuildFilesPath/LegadoBookSource.build/Release-iphoneos/LegadoBookSource.build/Objects-normal/arm64/CookieStore.o -o /Users/runner/Library/Developer/Xcode/DerivedData/BookonDebug-ehazsigvxemoqzdtqumqzfgyfpkz/Build/Intermediates.noindex/ArchiveIntermediates/BookonDebug/IntermediateBuildFilesPath/LegadoBookSource.build/Release-iphoneos/LegadoBookSource.build/Objects-normal/arm64/GsonJSON.o -o /Users/runner/Library/Developer/Xcode/DerivedData/BookonDebug-ehazsigvxemoqzdtqumqzfgyfpkz/Build/Intermediates.noindex/ArchiveIntermediates/BookonDebug/IntermediateBuildFilesPath/LegadoBookSource.build/Release-iphoneos/LegadoBookSource.build/Objects-normal/arm64/HTTPTypes.o -o /Users/runner/Library/Developer/Xcode/DerivedData/BookonDebug-ehazsigvxemoqzdtqumqzfgyfpkz/Build/Intermediates.noindex/ArchiveIntermediates/BookonDebug/IntermediateBuildFilesPath/LegadoBookSource.build/Release-iphoneos/LegadoBookSource.build/Objects-normal/arm64/HttpUrl.o -o /Users/runner/Library/Developer/Xcode/DerivedData/BookonDebug-ehazsigvxemoqzdtqumqzfgyfpkz/Build/Intermediates.noindex/ArchiveIntermediates/BookonDebug/IntermediateBuildFilesPath/LegadoBookSource.build/Release-iphoneos/LegadoBookSource.build/Objects-normal/arm64/NetworkUtilsEncoding.o -o /Users/runner/Library/Developer/Xcode/DerivedData/BookonDebug-ehazsigvxemoqzdtqumqzfgyfpkz/Build/Intermediates.noindex/ArchiveIntermediates/BookonDebug/IntermediateBuildFilesPath/LegadoBookSource.build/Release-iphoneos/LegadoBookSource.build/Objects-normal/arm64/RealAjaxProvider.o -o /Users/runner/Library/Developer/Xcode/DerivedData/BookonDebug-ehazsigvxemoqzdtqumqzfgyfpkz/Build/Intermediates.noindex/ArchiveIntermediates/BookonDebug/IntermediateBuildFilesPath/LegadoBookSource.build/Release-iphoneos/LegadoBookSource.build/Objects-normal/arm64/RealJsNetworkExtensionsProvider.o -o /Users/runner/Library/Developer/Xcode/DerivedData/BookonDebug-ehazsigvxemoqzdtqumqzfgyfpkz/Build/Intermediates.noindex/ArchiveIntermediates/BookonDebug/IntermediateBuildFilesPath/LegadoBookSource.build/Release-iphoneos/LegadoBookSource.build/Objects-normal/arm64/URLSessionHTTPClient.o -o /Users/runner/Library/Developer/Xcode/DerivedData/BookonDebug-ehazsigvxemoqzdtqumqzfgyfpkz/Build/Intermediates.noindex/ArchiveIntermediates/BookonDebug/IntermediateBuildFilesPath/LegadoBookSource.build/Release-iphoneos/LegadoBookSource.build/Objects-normal/arm64/UrlOption.o -o /Users/runner/Library/Developer/Xcode/DerivedData/BookonDebug-ehazsigvxemoqzdtqumqzfgyfpkz/Build/Intermediates.noindex/ArchiveIntermediates/BookonDebug/IntermediateBuildFilesPath/LegadoBookSource.build/Release-iphoneos/LegadoBookSource.build/Objects-normal/arm64/BookInfoRule.o -o /Users/runner/Library/Developer/Xcode/DerivedData/BookonDebug-ehazsigvxemoqzdtqumqzfgyfpkz/Build/Intermediates.noindex/ArchiveIntermediates/BookonDebug/IntermediateBuildFilesPath/LegadoBookSource.build/Release-iphoneos/LegadoBookSource.build/Objects-normal/arm64/BookListRule.o -o /Users/runner/Library/Developer/Xcode/DerivedData/BookonDebug-ehazsigvxemoqzdtqumqzfgyfpkz/Build/Intermediates.noindex/ArchiveIntermediates/BookonDebug/IntermediateBuildFilesPath/LegadoBookSource.build/Release-iphoneos/LegadoBookSource.build/Objects-normal/arm64/ContentRule.o -o /Users/runner/Library/Developer/Xcode/DerivedData/BookonDebug-ehazsigvxemoqzdtqumqzfgyfpkz/Build/Intermediates.noindex/ArchiveIntermediates/BookonDebug/IntermediateBuildFilesPath/LegadoBookSource.build/Release-iphoneos/LegadoBookSource.build/Objects-normal/arm64/ExploreKind.o -o /Users/runner/Library/Developer/Xcode/DerivedData/BookonDebug-ehazsigvxemoqzdtqumqzfgyfpkz/Build/Intermediates.noindex/ArchiveIntermediates/BookonDebug/IntermediateBuildFilesPath/LegadoBookSource.build/Release-iphoneos/LegadoBookSource.build/Objects-normal/arm64/ExploreRule.o -o /Users/runner/Library/Developer/Xcode/DerivedData/BookonDebug-ehazsigvxemoqzdtqumqzfgyfpkz/Build/Intermediates.noindex/ArchiveIntermediates/BookonDebug/IntermediateBuildFilesPath/LegadoBookSource.build/Release-iphoneos/LegadoBookSource.build/Objects-normal/arm64/FlexChildStyle.o -o /Users/runner/Library/Developer/Xcode/DerivedData/BookonDebug-ehazsigvxemoqzdtqumqzfgyfpkz/Build/Intermediates.noindex/ArchiveIntermediates/BookonDebug/IntermediateBuildFilesPath/LegadoBookSource.build/Release-iphoneos/LegadoBookSource.build/Objects-normal/arm64/ReviewRule.o -o /Users/runner/Library/Developer/Xcode/DerivedData/BookonDebug-ehazsigvxemoqzdtqumqzfgyfpkz/Build/Intermediates.noindex/ArchiveIntermediates/BookonDebug/IntermediateBuildFilesPath/LegadoBookSource.build/Release-iphoneos/LegadoBookSource.build/Objects-normal/arm64/RowUi.o -o /Users/runner/Library/Developer/Xcode/DerivedData/BookonDebug-ehazsigvxemoqzdtqumqzfgyfpkz/Build/Intermediates.noindex/ArchiveIntermediates/BookonDebug/IntermediateBuildFilesPath/LegadoBookSource.build/Release-iphoneos/LegadoBookSource.build/Objects-normal/arm64/SearchRule.o -o /Users/runner/Library/Developer/Xcode/DerivedData/BookonDebug-ehazsigvxemoqzdtqumqzfgyfpkz/Build/Intermediates.noindex/ArchiveIntermediates/BookonDebug/IntermediateBuildFilesPath/LegadoBookSource.build/Release-iphoneos/LegadoBookSource.build/Objects-normal/arm64/TocRule.o -o /Users/runner/Library/Developer/Xcode/DerivedData/BookonDebug-ehazsigvxemoqzdtqumqzfgyfpkz/Build/Intermediates.noindex/ArchiveIntermediates/BookonDebug/IntermediateBuildFilesPath/LegadoBookSource.build/Release-iphoneos/LegadoBookSource.build/Objects-normal/arm64/AnalyzeByJSonPath.o -o /Users/runner/Library/Developer/Xcode/DerivedData/BookonDebug-ehazsigvxemoqzdtqumqzfgyfpkz/Build/Intermediates.noindex/ArchiveIntermediates/BookonDebug/IntermediateBuildFilesPath/LegadoBookSource.build/Release-iphoneos/LegadoBookSource.build/Objects-normal/arm64/AnalyzeByJSoup+Elements.o -o /Users/runner/Library/Developer/Xcode/DerivedData/BookonDebug-ehazsigvxemoqzdtqumqzfgyfpkz/Build/Intermediates.noindex/ArchiveIntermediates/BookonDebug/IntermediateBuildFilesPath/LegadoBookSource.build/Release-iphoneos/LegadoBookSource.build/Objects-normal/arm64/AnalyzeByJSoup.o -o /Users/runner/Library/Developer/Xcode/DerivedData/BookonDebug-ehazsigvxemoqzdtqumqzfgyfpkz/Build/Intermediates.noindex/ArchiveIntermediates/BookonDebug/IntermediateBuildFilesPath/LegadoBookSource.build/Release-iphoneos/LegadoBookSource.build/Objects-normal/arm64/AnalyzeByJSoupRules.o -o /Users/runner/Library/Developer/Xcode/DerivedData/BookonDebug-ehazsigvxemoqzdtqumqzfgyfpkz/Build/Intermediates.noindex/ArchiveIntermediates/BookonDebug/IntermediateBuildFilesPath/LegadoBookSource.build/Release-iphoneos/LegadoBookSource.build/Objects-normal/arm64/AnalyzeByRegex.o -o /Users/runner/Library/Developer/Xcode/DerivedData/BookonDebug-ehazsigvxemoqzdtqumqzfgyfpkz/Build/Intermediates.noindex/ArchiveIntermediates/BookonDebug/IntermediateBuildFilesPath/LegadoBookSource.build/Release-iphoneos/LegadoBookSource.build/Objects-normal/arm64/AnalyzeByXPath.o -o /Users/runner/Library/Developer/Xcode/DerivedData/BookonDebug-ehazsigvxemoqzdtqumqzfgyfpkz/Build/Intermediates.noindex/ArchiveIntermediates/BookonDebug/IntermediateBuildFilesPath/LegadoBookSource.build/Release-iphoneos/LegadoBookSource.build/Objects-normal/arm64/AnalyzeRule+Dispatch.o -o /Users/runner/Library/Developer/Xcode/DerivedData/BookonDebug-ehazsigvxemoqzdtqumqzfgyfpkz/Build/Intermediates.noindex/ArchiveIntermediates/BookonDebug/IntermediateBuildFilesPath/LegadoBookSource.build/Release-iphoneos/LegadoBookSource.build/Objects-normal/arm64/AnalyzeRule+JS.o -o /Users/runner/Library/Developer/Xcode/DerivedData/BookonDebug-ehazsigvxemoqzdtqumqzfgyfpkz/Build/Intermediates.noindex/ArchiveIntermediates/BookonDebug/IntermediateBuildFilesPath/LegadoBookSource.build/Release-iphoneos/LegadoBookSource.build/Objects-normal/arm64/AnalyzeRule+Rules.o -o /Users/runner/Library/Developer/Xcode/DerivedData/BookonDebug-ehazsigvxemoqzdtqumqzfgyfpkz/Build/Intermediates.noindex/ArchiveIntermediates/BookonDebug/IntermediateBuildFilesPath/LegadoBookSource.build/Release-iphoneos/LegadoBookSource.build/Objects-normal/arm64/AnalyzeRule.o -o /Users/runner/Library/Developer/Xcode/DerivedData/BookonDebug-ehazsigvxemoqzdtqumqzfgyfpkz/Build/Intermediates.noindex/ArchiveIntermediates/BookonDebug/IntermediateBuildFilesPath/LegadoBookSource.build/Release-iphoneos/LegadoBookSource.build/Objects-normal/arm64/AnalyzeRuleDependencies.o -o /Users/runner/Library/Developer/Xcode/DerivedData/BookonDebug-ehazsigvxemoqzdtqumqzfgyfpkz/Build/Intermediates.noindex/ArchiveIntermediates/BookonDebug/IntermediateBuildFilesPath/LegadoBookSource.build/Release-iphoneos/LegadoBookSource.build/Objects-normal/arm64/DebugLogger.o -o /Users/runner/Library/Developer/Xcode/DerivedData/BookonDebug-ehazsigvxemoqzdtqumqzfgyfpkz/Build/Intermediates.noindex/ArchiveIntermediates/BookonDebug/IntermediateBuildFilesPath/LegadoBookSource.build/Release-iphoneos/LegadoBookSource.build/Objects-normal/arm64/DefaultJSONPathEvaluator.o -o /Users/runner/Library/Developer/Xcode/DerivedData/BookonDebug-ehazsigvxemoqzdtqumqzfgyfpkz/Build/Intermediates.noindex/ArchiveIntermediates/BookonDebug/IntermediateBuildFilesPath/LegadoBookSource.build/Release-iphoneos/LegadoBookSource.build/Objects-normal/arm64/HtmlEntities.o -o /Users/runner/Library/Developer/Xcode/DerivedData/BookonDebug-ehazsigvxemoqzdtqumqzfgyfpkz/Build/Intermediates.noindex/ArchiveIntermediates/BookonDebug/IntermediateBuildFilesPath/LegadoBookSource.build/Release-iphoneos/LegadoBookSource.build/Objects-normal/arm64/HtmlFormatter.o -o /Users/runner/Library/Developer/Xcode/DerivedData/BookonDebug-ehazsigvxemoqzdtqumqzfgyfpkz/Build/Intermediates.noindex/ArchiveIntermediates/BookonDebug/IntermediateBuildFilesPath/LegadoBookSource.build/Release-iphoneos/LegadoBookSource.build/Objects-normal/arm64/HtmlUnescape.o -o /Users/runner/Library/Developer/Xcode/DerivedData/BookonDebug-ehazsigvxemoqzdtqumqzfgyfpkz/Build/Intermediates.noindex/ArchiveIntermediates/BookonDebug/IntermediateBuildFilesPath/LegadoBookSource.build/Release-iphoneos/LegadoBookSource.build/Objects-normal/arm64/JSEngine.o -o /Users/runner/Library/Developer/Xcode/DerivedData/BookonDebug-ehazsigvxemoqzdtqumqzfgyfpkz/Build/Intermediates.noindex/ArchiveIntermediates/BookonDebug/IntermediateBuildFilesPath/LegadoBookSource.build/Release-iphoneos/LegadoBookSource.build/Objects-normal/arm64/JSJavaBridge.o -o /Users/runner/Library/Developer/Xcode/DerivedData/BookonDebug-ehazsigvxemoqzdtqumqzfgyfpkz/Build/Intermediates.noindex/ArchiveIntermediates/BookonDebug/IntermediateBuildFilesPath/LegadoBookSource.build/Release-iphoneos/LegadoBookSource.build/Objects-normal/arm64/JSONPathEvaluator.o -o /Users/runner/Library/Developer/Xcode/DerivedData/BookonDebug-ehazsigvxemoqzdtqumqzfgyfpkz/Build/Intermediates.noindex/ArchiveIntermediates/BookonDebug/IntermediateBuildFilesPath/LegadoBookSource.build/Release-iphoneos/LegadoBookSource.build/Objects-normal/arm64/JSONPathParser.o -o /Users/runner/Library/Developer/Xcode/DerivedData/BookonDebug-ehazsigvxemoqzdtqumqzfgyfpkz/Build/Intermediates.noindex/ArchiveIntermediates/BookonDebug/IntermediateBuildFilesPath/LegadoBookSource.build/Release-iphoneos/LegadoBookSource.build/Objects-normal/arm64/JavaDoubleFormat.o -o /Users/runner/Library/Developer/Xcode/DerivedData/BookonDebug-ehazsigvxemoqzdtqumqzfgyfpkz/Build/Intermediates.noindex/ArchiveIntermediates/BookonDebug/IntermediateBuildFilesPath/LegadoBookSource.build/Release-iphoneos/LegadoBookSource.build/Objects-normal/arm64/JavaURLResolver.o -o /Users/runner/Library/Developer/Xcode/DerivedData/BookonDebug-ehazsigvxemoqzdtqumqzfgyfpkz/Build/Intermediates.noindex/ArchiveIntermediates/BookonDebug/IntermediateBuildFilesPath/LegadoBookSource.build/Release-iphoneos/LegadoBookSource.build/Objects-normal/arm64/JsExtensionsCatalog.o -o /Users/runner/Library/Developer/Xcode/DerivedData/BookonDebug-ehazsigvxemoqzdtqumqzfgyfpkz/Build/Intermediates.noindex/ArchiveIntermediates/BookonDebug/IntermediateBuildFilesPath/LegadoBookSource.build/Release-iphoneos/LegadoBookSource.build/Objects-normal/arm64/JsExtensionsCore.o -o /Users/runner/Library/Developer/Xcode/DerivedData/BookonDebug-ehazsigvxemoqzdtqumqzfgyfpkz/Build/Intermediates.noindex/ArchiveIntermediates/BookonDebug/IntermediateBuildFilesPath/LegadoBookSource.build/Release-iphoneos/LegadoBookSource.build/Objects-normal/arm64/JsExtensionsRuntime.o -o /Users/runner/Library/Developer/Xcode/DerivedData/BookonDebug-ehazsigvxemoqzdtqumqzfgyfpkz/Build/Intermediates.noindex/ArchiveIntermediates/BookonDebug/IntermediateBuildFilesPath/LegadoBookSource.build/Release-iphoneos/LegadoBookSource.build/Objects-normal/arm64/JsNumberFormat.o -o /Users/runner/Library/Developer/Xcode/DerivedData/BookonDebug-ehazsigvxemoqzdtqumqzfgyfpkz/Build/Intermediates.noindex/ArchiveIntermediates/BookonDebug/IntermediateBuildFilesPath/LegadoBookSource.build/Release-iphoneos/LegadoBookSource.build/Objects-normal/arm64/JsoupCompatSerializer.o -o /Users/runner/Library/Developer/Xcode/DerivedData/BookonDebug-ehazsigvxemoqzdtqumqzfgyfpkz/Build/Intermediates.noindex/ArchiveIntermediates/BookonDebug/IntermediateBuildFilesPath/LegadoBookSource.build/Release-iphoneos/LegadoBookSource.build/Objects-normal/arm64/JsoupJSBridge.o -o /Users/runner/Library/Developer/Xcode/DerivedData/BookonDebug-ehazsigvxemoqzdtqumqzfgyfpkz/Build/Intermediates.noindex/ArchiveIntermediates/BookonDebug/IntermediateBuildFilesPath/LegadoBookSource.build/Release-iphoneos/LegadoBookSource.build/Objects-normal/arm64/LegadoStringExtensions.o -o /Users/runner/Library/Developer/Xcode/DerivedData/BookonDebug-ehazsigvxemoqzdtqumqzfgyfpkz/Build/Intermediates.noindex/ArchiveIntermediates/BookonDebug/IntermediateBuildFilesPath/LegadoBookSource.build/Release-iphoneos/LegadoBookSource.build/Objects-normal/arm64/NetworkUtils.o -o /Users/runner/Library/Developer/Xcode/DerivedData/BookonDebug-ehazsigvxemoqzdtqumqzfgyfpkz/Build/Intermediates.noindex/ArchiveIntermediates/BookonDebug/IntermediateBuildFilesPath/LegadoBookSource.build/Release-iphoneos/LegadoBookSource.build/Objects-normal/arm64/OrderedJSONParser.o -o /Users/runner/Library/Developer/Xcode/DerivedData/BookonDebug-ehazsigvxemoqzdtqumqzfgyfpkz/Build/Intermediates.noindex/ArchiveIntermediates/BookonDebug/IntermediateBuildFilesPath/LegadoBookSource.build/Release-iphoneos/LegadoBookSource.build/Objects-normal/arm64/RegexTemplate.o -o /Users/runner/Library/Developer/Xcode/DerivedData/BookonDebug-ehazsigvxemoqzdtqumqzfgyfpkz/Build/Intermediates.noindex/ArchiveIntermediates/BookonDebug/IntermediateBuildFilesPath/LegadoBookSource.build/Release-iphoneos/LegadoBookSource.build/Objects-normal/arm64/RuleAnalyzer.o -o /Users/runner/Library/Developer/Xcode/DerivedData/BookonDebug-ehazsigvxemoqzdtqumqzfgyfpkz/Build/Intermediates.noindex/ArchiveIntermediates/BookonDebug/IntermediateBuildFilesPath/LegadoBookSource.build/Release-iphoneos/LegadoBookSource.build/Objects-normal/arm64/RuleEngineDiagnostics.o -o /Users/runner/Library/Developer/Xcode/DerivedData/BookonDebug-ehazsigvxemoqzdtqumqzfgyfpkz/Build/Intermediates.noindex/ArchiveIntermediates/BookonDebug/IntermediateBuildFilesPath/LegadoBookSource.build/Release-iphoneos/LegadoBookSource.build/Objects-normal/arm64/RuleEngineError.o -o /Users/runner/Library/Developer/Xcode/DerivedData/BookonDebug-ehazsigvxemoqzdtqumqzfgyfpkz/Build/Intermediates.noindex/ArchiveIntermediates/BookonDebug/IntermediateBuildFilesPath/LegadoBookSource.build/Release-iphoneos/LegadoBookSource.build/Objects-normal/arm64/RuleValue.o -o /Users/runner/Library/Developer/Xcode/DerivedData/BookonDebug-ehazsigvxemoqzdtqumqzfgyfpkz/Build/Intermediates.noindex/ArchiveIntermediates/BookonDebug/IntermediateBuildFilesPath/LegadoBookSource.build/Release-iphoneos/LegadoBookSource.build/Objects-normal/arm64/SourceRule.o -o /Users/runner/Library/Developer/Xcode/DerivedData/BookonDebug-ehazsigvxemoqzdtqumqzfgyfpkz/Build/Intermediates.noindex/ArchiveIntermediates/BookonDebug/IntermediateBuildFilesPath/LegadoBookSource.build/Release-iphoneos/LegadoBookSource.build/Objects-normal/arm64/StringUtils.o -o /Users/runner/Library/Developer/Xcode/DerivedData/BookonDebug-ehazsigvxemoqzdtqumqzfgyfpkz/Build/Intermediates.noindex/ArchiveIntermediates/BookonDebug/IntermediateBuildFilesPath/LegadoBookSource.build/Release-iphoneos/LegadoBookSource.build/Objects-normal/arm64/SwiftSoupElementsCompat.o -o /Users/runner/Library/Developer/Xcode/DerivedData/BookonDebug-ehazsigvxemoqzdtqumqzfgyfpkz/Build/Intermediates.noindex/ArchiveIntermediates/BookonDebug/IntermediateBuildFilesPath/LegadoBookSource.build/Release-iphoneos/LegadoBookSource.build/Objects-normal/arm64/SwiftSoupTextNormalizeFix.o -o /Users/runner/Library/Developer/Xcode/DerivedData/BookonDebug-ehazsigvxemoqzdtqumqzfgyfpkz/Build/Intermediates.noindex/ArchiveIntermediates/BookonDebug/IntermediateBuildFilesPath/LegadoBookSource.build/Release-iphoneos/LegadoBookSource.build/Objects-normal/arm64/SwiftSoupXPathEvaluator.o -o /Users/runner/Library/Developer/Xcode/DerivedData/BookonDebug-ehazsigvxemoqzdtqumqzfgyfpkz/Build/Intermediates.noindex/ArchiveIntermediates/BookonDebug/IntermediateBuildFilesPath/LegadoBookSource.build/Release-iphoneos/LegadoBookSource.build/Objects-normal/arm64/SwiftSoupXPathFunctions.o -o /Users/runner/Library/Developer/Xcode/DerivedData/BookonDebug-ehazsigvxemoqzdtqumqzfgyfpkz/Build/Intermediates.noindex/ArchiveIntermediates/BookonDebug/IntermediateBuildFilesPath/LegadoBookSource.build/Release-iphoneos/LegadoBookSource.build/Objects-normal/arm64/SwiftSoupXPathParser.o -o /Users/runner/Library/Developer/Xcode/DerivedData/BookonDebug-ehazsigvxemoqzdtqumqzfgyfpkz/Build/Intermediates.noindex/ArchiveIntermediates/BookonDebug/IntermediateBuildFilesPath/LegadoBookSource.build/Release-iphoneos/LegadoBookSource.build/Objects-normal/arm64/SwiftSoupXPathPredicate.o -o /Users/runner/Library/Developer/Xcode/DerivedData/BookonDebug-ehazsigvxemoqzdtqumqzfgyfpkz/Build/Intermediates.noindex/ArchiveIntermediates/BookonDebug/IntermediateBuildFilesPath/LegadoBookSource.build/Release-iphoneos/LegadoBookSource.build/Objects-normal/arm64/SwiftSoupXPathStepParser.o -o /Users/runner/Library/Developer/Xcode/DerivedData/BookonDebug-ehazsigvxemoqzdtqumqzfgyfpkz/Build/Intermediates.noindex/ArchiveIntermediates/BookonDebug/IntermediateBuildFilesPath/LegadoBookSource.build/Release-iphoneos/LegadoBookSource.build/Objects-normal/arm64/XPathEvaluator.o -o /Users/runner/Library/Developer/Xcode/DerivedData/BookonDebug-ehazsigvxemoqzdtqumqzfgyfpkz/Build/Intermediates.noindex/ArchiveIntermediates/BookonDebug/IntermediateBuildFilesPath/LegadoBookSource.build/Release-iphoneos/LegadoBookSource.build/Objects-normal/arm64/SearchBook.o -o /Users/runner/Library/Developer/Xcode/DerivedData/BookonDebug-ehazsigvxemoqzdtqumqzfgyfpkz/Build/Intermediates.noindex/ArchiveIntermediates/BookonDebug/IntermediateBuildFilesPath/LegadoBookSource.build/Release-iphoneos/LegadoBookSource.build/Objects-normal/arm64/StringOrObject.o -o /Users/runner/Library/Developer/Xcode/DerivedData/BookonDebug-ehazsigvxemoqzdtqumqzfgyfpkz/Build/Intermediates.noindex/ArchiveIntermediates/BookonDebug/IntermediateBuildFilesPath/LegadoBookSource.build/Release-iphoneos/LegadoBookSource.build/Objects-normal/arm64/BookChapterList.o -o /Users/runner/Library/Developer/Xcode/DerivedData/BookonDebug-ehazsigvxemoqzdtqumqzfgyfpkz/Build/Intermediates.noindex/ArchiveIntermediates/BookonDebug/IntermediateBuildFilesPath/LegadoBookSource.build/Release-iphoneos/LegadoBookSource.build/Objects-normal/arm64/BookContent.o -o /Users/runner/Library/Developer/Xcode/DerivedData/BookonDebug-ehazsigvxemoqzdtqumqzfgyfpkz/Build/Intermediates.noindex/ArchiveIntermediates/BookonDebug/IntermediateBuildFilesPath/LegadoBookSource.build/Release-iphoneos/LegadoBookSource.build/Objects-normal/arm64/BookInfo.o -o /Users/runner/Library/Developer/Xcode/DerivedData/BookonDebug-ehazsigvxemoqzdtqumqzfgyfpkz/Build/Intermediates.noindex/ArchiveIntermediates/BookonDebug/IntermediateBuildFilesPath/LegadoBookSource.build/Release-iphoneos/LegadoBookSource.build/Objects-normal/arm64/BookList.o -o /Users/runner/Library/Developer/Xcode/DerivedData/BookonDebug-ehazsigvxemoqzdtqumqzfgyfpkz/Build/Intermediates.noindex/ArchiveIntermediates/BookonDebug/IntermediateBuildFilesPath/LegadoBookSource.build/Release-iphoneos/LegadoBookSource.build/Objects-normal/arm64/Debug.o -o /Users/runner/Library/Developer/Xcode/DerivedData/BookonDebug-ehazsigvxemoqzdtqumqzfgyfpkz/Build/Intermediates.noindex/ArchiveIntermediates/BookonDebug/IntermediateBuildFilesPath/LegadoBookSource.build/Release-iphoneos/LegadoBookSource.build/Objects-normal/arm64/WebBook.o -o /Users/runner/Library/Developer/Xcode/DerivedData/BookonDebug-ehazsigvxemoqzdtqumqzfgyfpkz/Build/Intermediates.noindex/ArchiveIntermediates/BookonDebug/IntermediateBuildFilesPath/LegadoBookSource.build/Release-iphoneos/LegadoBookSource.build/Objects-normal/arm64/WebBookNetwork.o -o /Users/runner/Library/Developer/Xcode/DerivedData/BookonDebug-ehazsigvxemoqzdtqumqzfgyfpkz/Build/Intermediates.noindex/ArchiveIntermediates/BookonDebug/IntermediateBuildFilesPath/LegadoBookSource.build/Release-iphoneos/LegadoBookSource.build/Objects-normal/arm64/WebBookOptions.o -o /Users/runner/Library/Developer/Xcode/DerivedData/BookonDebug-ehazsigvxemoqzdtqumqzfgyfpkz/Build/Intermediates.noindex/ArchiveIntermediates/BookonDebug/IntermediateBuildFilesPath/LegadoBookSource.build/Release-iphoneos/LegadoBookSource.build/Objects-normal/arm64/WebBookSupport.o -index-unit-output-path /LegadoBookSource.build/Release-iphoneos/LegadoBookSource.build/Objects-normal/arm64/resource_bundle_accessor.o -index-unit-output-path /LegadoBookSource.build/Release-iphoneos/LegadoBookSource.build/Objects-normal/arm64/BaseBook.o -index-unit-output-path /LegadoBookSource.build/Release-iphoneos/LegadoBookSource.build/Objects-normal/arm64/BaseSource.o -index-unit-output-path /LegadoBookSource.build/Release-iphoneos/LegadoBookSource.build/Objects-normal/arm64/Book.o -index-unit-output-path /LegadoBookSource.build/Release-iphoneos/LegadoBookSource.build/Objects-normal/arm64/BookChapter.o -index-unit-output-path /LegadoBookSource.build/Release-iphoneos/LegadoBookSource.build/Objects-normal/arm64/BookSource.o -index-unit-output-path /LegadoBookSource.build/Release-iphoneos/LegadoBookSource.build/Objects-normal/arm64/BookSourceImporter.o -index-unit-output-path /LegadoBookSource.build/Release-iphoneos/LegadoBookSource.build/Objects-normal/arm64/BookSourceType.o -index-unit-output-path /LegadoBookSource.build/Release-iphoneos/LegadoBookSource.build/Objects-normal/arm64/BookType.o -index-unit-output-path /LegadoBookSource.build/Release-iphoneos/LegadoBookSource.build/Objects-normal/arm64/LegadoJSON.o -index-unit-output-path /LegadoBookSource.build/Release-iphoneos/LegadoBookSource.build/Objects-normal/arm64/LenientDecoding.o -index-unit-output-path /LegadoBookSource.build/Release-iphoneos/LegadoBookSource.build/Objects-normal/arm64/AnalyzeUrl.o -index-unit-output-path /LegadoBookSource.build/Release-iphoneos/LegadoBookSource.build/Objects-normal/arm64/CacheManager.o -index-unit-output-path /LegadoBookSource.build/Release-iphoneos/LegadoBookSource.build/Objects-normal/arm64/CharsetDetector.o -index-unit-output-path /LegadoBookSource.build/Release-iphoneos/LegadoBookSource.build/Objects-normal/arm64/CharsetMatch.o -index-unit-output-path /LegadoBookSource.build/Release-iphoneos/LegadoBookSource.build/Objects-normal/arm64/CharsetRecog2022.o -index-unit-output-path /LegadoBookSource.build/Release-iphoneos/LegadoBookSource.build/Objects-normal/arm64/CharsetRecogMBCS.o -index-unit-output-path /LegadoBookSource.build/Release-iphoneos/LegadoBookSource.build/Objects-normal/arm64/CharsetRecogSBCS.o -index-unit-output-path /LegadoBookSource.build/Release-iphoneos/LegadoBookSource.build/Objects-normal/arm64/CharsetRecogUTF8.o -index-unit-output-path /LegadoBookSource.build/Release-iphoneos/LegadoBookSource.build/Objects-normal/arm64/CharsetRecogUnicode.o -index-unit-output-path /LegadoBookSource.build/Release-iphoneos/LegadoBookSource.build/Objects-normal/arm64/CharsetRecognizer.o -index-unit-output-path /LegadoBookSource.build/Release-iphoneos/LegadoBookSource.build/Objects-normal/arm64/CharsetTables.o -index-unit-output-path /LegadoBookSource.build/Release-iphoneos/LegadoBookSource.build/Objects-normal/arm64/EncodingDetect.o -index-unit-output-path /LegadoBookSource.build/Release-iphoneos/LegadoBookSource.build/Objects-normal/arm64/ConcurrentRateLimiter.o -index-unit-output-path /LegadoBookSource.build/Release-iphoneos/LegadoBookSource.build/Objects-normal/arm64/CookieManager.o -index-unit-output-path /LegadoBookSource.build/Release-iphoneos/LegadoBookSource.build/Objects-normal/arm64/CookieStore.o -index-unit-output-path /LegadoBookSource.build/Release-iphoneos/LegadoBookSource.build/Objects-normal/arm64/GsonJSON.o -index-unit-output-path /LegadoBookSource.build/Release-iphoneos/LegadoBookSource.build/Objects-normal/arm64/HTTPTypes.o -index-unit-output-path /LegadoBookSource.build/Release-iphoneos/LegadoBookSource.build/Objects-normal/arm64/HttpUrl.o -index-unit-output-path /LegadoBookSource.build/Release-iphoneos/LegadoBookSource.build/Objects-normal/arm64/NetworkUtilsEncoding.o -index-unit-output-path /LegadoBookSource.build/Release-iphoneos/LegadoBookSource.build/Objects-normal/arm64/RealAjaxProvider.o -index-unit-output-path /LegadoBookSource.build/Release-iphoneos/LegadoBookSource.build/Objects-normal/arm64/RealJsNetworkExtensionsProvider.o -index-unit-output-path /LegadoBookSource.build/Release-iphoneos/LegadoBookSource.build/Objects-normal/arm64/URLSessionHTTPClient.o -index-unit-output-path /LegadoBookSource.build/Release-iphoneos/LegadoBookSource.build/Objects-normal/arm64/UrlOption.o -index-unit-output-path /LegadoBookSource.build/Release-iphoneos/LegadoBookSource.build/Objects-normal/arm64/BookInfoRule.o -index-unit-output-path /LegadoBookSource.build/Release-iphoneos/LegadoBookSource.build/Objects-normal/arm64/BookListRule.o -index-unit-output-path /LegadoBookSource.build/Release-iphoneos/LegadoBookSource.build/Objects-normal/arm64/ContentRule.o -index-unit-output-path /LegadoBookSource.build/Release-iphoneos/LegadoBookSource.build/Objects-normal/arm64/ExploreKind.o -index-unit-output-path /LegadoBookSource.build/Release-iphoneos/LegadoBookSource.build/Objects-normal/arm64/ExploreRule.o -index-unit-output-path /LegadoBookSource.build/Release-iphoneos/LegadoBookSource.build/Objects-normal/arm64/FlexChildStyle.o -index-unit-output-path /LegadoBookSource.build/Release-iphoneos/LegadoBookSource.build/Objects-normal/arm64/ReviewRule.o -index-unit-output-path /LegadoBookSource.build/Release-iphoneos/LegadoBookSource.build/Objects-normal/arm64/RowUi.o -index-unit-output-path /LegadoBookSource.build/Release-iphoneos/LegadoBookSource.build/Objects-normal/arm64/SearchRule.o -index-unit-output-path /LegadoBookSource.build/Release-iphoneos/LegadoBookSource.build/Objects-normal/arm64/TocRule.o -index-unit-output-path /LegadoBookSource.build/Release-iphoneos/LegadoBookSource.build/Objects-normal/arm64/AnalyzeByJSonPath.o -index-unit-output-path /LegadoBookSource.build/Release-iphoneos/LegadoBookSource.build/Objects-normal/arm64/AnalyzeByJSoup+Elements.o -index-unit-output-path /LegadoBookSource.build/Release-iphoneos/LegadoBookSource.build/Objects-normal/arm64/AnalyzeByJSoup.o -index-unit-output-path /LegadoBookSource.build/Release-iphoneos/LegadoBookSource.build/Objects-normal/arm64/AnalyzeByJSoupRules.o -index-unit-output-path /LegadoBookSource.build/Release-iphoneos/LegadoBookSource.build/Objects-normal/arm64/AnalyzeByRegex.o -index-unit-output-path /LegadoBookSource.build/Release-iphoneos/LegadoBookSource.build/Objects-normal/arm64/AnalyzeByXPath.o -index-unit-output-path /LegadoBookSource.build/Release-iphoneos/LegadoBookSource.build/Objects-normal/arm64/AnalyzeRule+Dispatch.o -index-unit-output-path /LegadoBookSource.build/Release-iphoneos/LegadoBookSource.build/Objects-normal/arm64/AnalyzeRule+JS.o -index-unit-output-path /LegadoBookSource.build/Release-iphoneos/LegadoBookSource.build/Objects-normal/arm64/AnalyzeRule+Rules.o -index-unit-output-path /LegadoBookSource.build/Release-iphoneos/LegadoBookSource.build/Objects-normal/arm64/AnalyzeRule.o -index-unit-output-path /LegadoBookSource.build/Release-iphoneos/LegadoBookSource.build/Objects-normal/arm64/AnalyzeRuleDependencies.o -index-unit-output-path /LegadoBookSource.build/Release-iphoneos/LegadoBookSource.build/Objects-normal/arm64/DebugLogger.o -index-unit-output-path /LegadoBookSource.build/Release-iphoneos/LegadoBookSource.build/Objects-normal/arm64/DefaultJSONPathEvaluator.o -index-unit-output-path /LegadoBookSource.build/Release-iphoneos/LegadoBookSource.build/Objects-normal/arm64/HtmlEntities.o -index-unit-output-path /LegadoBookSource.build/Release-iphoneos/LegadoBookSource.build/Objects-normal/arm64/HtmlFormatter.o -index-unit-output-path /LegadoBookSource.build/Release-iphoneos/LegadoBookSource.build/Objects-normal/arm64/HtmlUnescape.o -index-unit-output-path /LegadoBookSource.build/Release-iphoneos/LegadoBookSource.build/Objects-normal/arm64/JSEngine.o -index-unit-output-path /LegadoBookSource.build/Release-iphoneos/LegadoBookSource.build/Objects-normal/arm64/JSJavaBridge.o -index-unit-output-path /LegadoBookSource.build/Release-iphoneos/LegadoBookSource.build/Objects-normal/arm64/JSONPathEvaluator.o -index-unit-output-path /LegadoBookSource.build/Release-iphoneos/LegadoBookSource.build/Objects-normal/arm64/JSONPathParser.o -index-unit-output-path /LegadoBookSource.build/Release-iphoneos/LegadoBookSource.build/Objects-normal/arm64/JavaDoubleFormat.o -index-unit-output-path /LegadoBookSource.build/Release-iphoneos/LegadoBookSource.build/Objects-normal/arm64/JavaURLResolver.o -index-unit-output-path /LegadoBookSource.build/Release-iphoneos/LegadoBookSource.build/Objects-normal/arm64/JsExtensionsCatalog.o -index-unit-output-path /LegadoBookSource.build/Release-iphoneos/LegadoBookSource.build/Objects-normal/arm64/JsExtensionsCore.o -index-unit-output-path /LegadoBookSource.build/Release-iphoneos/LegadoBookSource.build/Objects-normal/arm64/JsExtensionsRuntime.o -index-unit-output-path /LegadoBookSource.build/Release-iphoneos/LegadoBookSource.build/Objects-normal/arm64/JsNumberFormat.o -index-unit-output-path /LegadoBookSource.build/Release-iphoneos/LegadoBookSource.build/Objects-normal/arm64/JsoupCompatSerializer.o -index-unit-output-path /LegadoBookSource.build/Release-iphoneos/LegadoBookSource.build/Objects-normal/arm64/JsoupJSBridge.o -index-unit-output-path /LegadoBookSource.build/Release-iphoneos/LegadoBookSource.build/Objects-normal/arm64/LegadoStringExtensions.o -index-unit-output-path /LegadoBookSource.build/Release-iphoneos/LegadoBookSource.build/Objects-normal/arm64/NetworkUtils.o -index-unit-output-path /LegadoBookSource.build/Release-iphoneos/LegadoBookSource.build/Objects-normal/arm64/OrderedJSONParser.o -index-unit-output-path /LegadoBookSource.build/Release-iphoneos/LegadoBookSource.build/Objects-normal/arm64/RegexTemplate.o -index-unit-output-path /LegadoBookSource.build/Release-iphoneos/LegadoBookSource.build/Objects-normal/arm64/RuleAnalyzer.o -index-unit-output-path /LegadoBookSource.build/Release-iphoneos/LegadoBookSource.build/Objects-normal/arm64/RuleEngineDiagnostics.o -index-unit-output-path /LegadoBookSource.build/Release-iphoneos/LegadoBookSource.build/Objects-normal/arm64/RuleEngineError.o -index-unit-output-path /LegadoBookSource.build/Release-iphoneos/LegadoBookSource.build/Objects-normal/arm64/RuleValue.o -index-unit-output-path /LegadoBookSource.build/Release-iphoneos/LegadoBookSource.build/Objects-normal/arm64/SourceRule.o -index-unit-output-path /LegadoBookSource.build/Release-iphoneos/LegadoBookSource.build/Objects-normal/arm64/StringUtils.o -index-unit-output-path /LegadoBookSource.build/Release-iphoneos/LegadoBookSource.build/Objects-normal/arm64/SwiftSoupElementsCompat.o -index-unit-output-path /LegadoBookSource.build/Release-iphoneos/LegadoBookSource.build/Objects-normal/arm64/SwiftSoupTextNormalizeFix.o -index-unit-output-path /LegadoBookSource.build/Release-iphoneos/LegadoBookSource.build/Objects-normal/arm64/SwiftSoupXPathEvaluator.o -index-unit-output-path /LegadoBookSource.build/Release-iphoneos/LegadoBookSource.build/Objects-normal/arm64/SwiftSoupXPathFunctions.o -index-unit-output-path /LegadoBookSource.build/Release-iphoneos/LegadoBookSource.build/Objects-normal/arm64/SwiftSoupXPathParser.o -index-unit-output-path /LegadoBookSource.build/Release-iphoneos/LegadoBookSource.build/Objects-normal/arm64/SwiftSoupXPathPredicate.o -index-unit-output-path /LegadoBookSource.build/Release-iphoneos/LegadoBookSource.build/Objects-normal/arm64/SwiftSoupXPathStepParser.o -index-unit-output-path /LegadoBookSource.build/Release-iphoneos/LegadoBookSource.build/Objects-normal/arm64/XPathEvaluator.o -index-unit-output-path /LegadoBookSource.build/Release-iphoneos/LegadoBookSource.build/Objects-normal/arm64/SearchBook.o -index-unit-output-path /LegadoBookSource.build/Release-iphoneos/LegadoBookSource.build/Objects-normal/arm64/StringOrObject.o -index-unit-output-path /LegadoBookSource.build/Release-iphoneos/LegadoBookSource.build/Objects-normal/arm64/BookChapterList.o -index-unit-output-path /LegadoBookSource.build/Release-iphoneos/LegadoBookSource.build/Objects-normal/arm64/BookContent.o -index-unit-output-path /LegadoBookSource.build/Release-iphoneos/LegadoBookSource.build/Objects-normal/arm64/BookInfo.o -index-unit-output-path /LegadoBookSource.build/Release-iphoneos/LegadoBookSource.build/Objects-normal/arm64/BookList.o -index-unit-output-path /LegadoBookSource.build/Release-iphoneos/LegadoBookSource.build/Objects-normal/arm64/Debug.o -index-unit-output-path /LegadoBookSource.build/Release-iphoneos/LegadoBookSource.build/Objects-normal/arm64/WebBook.o -index-unit-output-path /LegadoBookSource.build/Release-iphoneos/LegadoBookSource.build/Objects-normal/arm64/WebBookNetwork.o -index-unit-output-path /LegadoBookSource.build/Release-iphoneos/LegadoBookSource.build/Objects-normal/arm64/WebBookOptions.o -index-unit-output-path /LegadoBookSource.build/Release-iphoneos/LegadoBookSource.build/Objects-normal/arm64/WebBookSupport.o
2026-10-06T15:00:58.2888960Z /Users/runner/work/bookon/bookon/Sources/LegadoBookSource/Network/AnalyzeUrl.swift:577:13: warning: variable 'headers' was never mutated; consider changing to 'let' constant
2026-10-06T15:00:58.3092660Z         var headers = headerMap
2026-10-06T15:00:58.3191490Z         ~~~ ^
2026-10-06T15:00:58.3292490Z         let
2026-10-06T15:00:58.3394860Z /Users/runner/work/bookon/bookon/Sources/LegadoBookSource/Network/HTTPTypes.swift:230:14: warning: instance method 'lock' is unavailable from asynchronous contexts; Use async-safe scoped locking instead; this is an error in Swift 6
2026-10-06T15:00:58.3494420Z         lock.lock()
2026-10-06T15:00:58.3597650Z              ^
2026-10-06T15:00:58.3701300Z Foundation.NSLock:11:15: note: 'lock()' declared here
2026-10-06T15:00:58.3819790Z     open func lock()
2026-10-06T15:00:58.3921330Z               ^
2026-10-06T15:00:58.4022780Z /Users/runner/work/bookon/bookon/Sources/LegadoBookSource/Network/HTTPTypes.swift:233:14: warning: instance method 'unlock' is unavailable from asynchronous contexts; Use async-safe scoped locking instead; this is an error in Swift 6
2026-10-06T15:00:58.4125650Z         lock.unlock()
2026-10-06T15:00:58.4227000Z              ^
2026-10-06T15:00:58.4328640Z Foundation.NSLock:12:15: note: 'unlock()' declared here
2026-10-06T15:00:58.4428910Z     open func unlock()
2026-10-06T15:00:58.4530090Z               ^
2026-10-06T15:00:58.4632190Z /Users/runner/work/bookon/bookon/Sources/LegadoBookSource/Network/URLSessionHTTPClient.swift:113:34: warning: no 'async' operations occur within 'await' expression
2026-10-06T15:00:58.4731200Z                 let result = try await webJSProvider.eval(js: request.webJs ?? "",
2026-10-06T15:00:58.4831700Z                                  ^
2026-10-06T15:00:58.4933360Z /Users/runner/work/bookon/bookon/Sources/LegadoBookSource/RuleEngine/JsExtensionsRuntime.swift:58:27: warning: no calls to throwing functions occur within 'try' expression
2026-10-06T15:00:58.4983790Z                 return ok(try putFn(stringArg(arguments, 0), stringArg(arguments, 1)))
2026-10-06T15:00:58.4987540Z                           ^
2026-10-06T15:00:58.4988300Z /Users/runner/work/bookon/bookon/Sources/LegadoBookSource/RuleEngine/JsoupCompatSerializer.swift:429:42: warning: conditional downcast from 'Element?' to 'Element' does nothing
2026-10-06T15:00:58.4989040Z         if let parent = element.parent() as? Element {
2026-10-06T15:00:58.4989380Z                         ~~~~~~~~~~~~~~~~~^~~~~~~~~~~
2026-10-06T15:00:58.4989610Z                                         
2026-10-06T15:00:58.4990200Z /Users/runner/work/bookon/bookon/Sources/LegadoBookSource/RuleEngine/JsoupCompatSerializer.swift:444:34: warning: conditional downcast from 'Element?' to 'Element' does nothing
2026-10-06T15:00:58.4990810Z         if let parentEl = parent as? Element {
2026-10-06T15:00:58.4991080Z                           ~~~~~~~^~~~~~~~~~~
2026-10-06T15:00:58.4991290Z                                 
2026-10-06T15:00:58.4991970Z /Users/runner/work/bookon/bookon/Sources/LegadoBookSource/RuleEngine/JsoupJSBridge.swift:89:21: warning: variable 'all' was never mutated; consider changing to 'let' constant
2026-10-06T15:00:58.4992650Z                 var all = Elements()
2026-10-06T15:00:58.4992880Z                 ~~~ ^
2026-10-06T15:00:58.4993100Z                 let
2026-10-06T15:00:58.4993660Z /Users/runner/work/bookon/bookon/Sources/LegadoBookSource/RuleEngine/RegexTemplate.swift:54:25: warning: variable 'j' was never mutated; consider changing to 'let' constant
2026-10-06T15:00:58.4994230Z                     var j = i + 2
2026-10-06T15:00:58.4994460Z                     ~~~ ^
2026-10-06T15:00:58.4994610Z                     let
2026-10-06T15:00:58.4995110Z /Users/runner/work/bookon/bookon/Sources/LegadoBookSource/RuleEngine/SourceRule.swift:17:5: warning: 'internal(set)' modifier is redundant for an internal property
2026-10-06T15:00:58.4995700Z     internal(set) var replaceRegex = ""
2026-10-06T15:00:58.4995890Z     ^~~~~~~~~~~~~~
2026-10-06T15:00:58.4996020Z     
2026-10-06T15:00:58.4996490Z /Users/runner/work/bookon/bookon/Sources/LegadoBookSource/RuleEngine/SourceRule.swift:18:5: warning: 'internal(set)' modifier is redundant for an internal property
2026-10-06T15:00:58.4997040Z     internal(set) var replacement = ""
2026-10-06T15:00:58.4997280Z     ^~~~~~~~~~~~~~
2026-10-06T15:00:58.4997420Z     
2026-10-06T15:00:58.4997930Z /Users/runner/work/bookon/bookon/Sources/LegadoBookSource/RuleEngine/SourceRule.swift:19:5: warning: 'internal(set)' modifier is redundant for an internal property
2026-10-06T15:00:58.4998530Z     internal(set) var replaceFirst = false
2026-10-06T15:00:58.4998730Z     ^~~~~~~~~~~~~~
2026-10-06T15:00:58.4998890Z     
2026-10-06T15:00:58.4999650Z /Users/runner/work/bookon/bookon/Sources/LegadoBookSource/WebBook/WebBookNetwork.swift:112:14: warning: instance method 'lock' is unavailable from asynchronous contexts; Use async-safe scoped locking instead; this is an error in Swift 6
2026-10-06T15:00:58.5000430Z         lock.lock()
2026-10-06T15:00:58.5000570Z              ^
2026-10-06T15:00:58.5000760Z Foundation.NSLock:11:15: note: 'lock()' declared here
2026-10-06T15:00:58.5000990Z     open func lock()
2026-10-06T15:00:58.5001170Z               ^
2026-10-06T15:00:58.5001910Z /Users/runner/work/bookon/bookon/Sources/LegadoBookSource/WebBook/WebBookNetwork.swift:122:14: warning: instance method 'unlock' is unavailable from asynchronous contexts; Use async-safe scoped locking instead; this is an error in Swift 6
2026-10-06T15:00:58.5003010Z         lock.unlock()
2026-10-06T15:00:58.5003760Z              ^
2026-10-06T15:00:58.5003980Z Foundation.NSLock:12:15: note: 'unlock()' declared here
2026-10-06T15:00:58.5004330Z     open func unlock()
2026-10-06T15:00:58.5004570Z               ^
2026-10-06T15:00:58.5004670Z 
2026-10-06T15:00:58.5005650Z SetOwnerAndGroup runner:staff /Users/runner/Library/Developer/Xcode/DerivedData/BookonDebug-ehazsigvxemoqzdtqumqzfgyfpkz/Build/Intermediates.noindex/ArchiveIntermediates/BookonDebug/IntermediateBuildFilesPath/UninstalledProducts/iphoneos/SwiftSoup.o (in target 'SwiftSoup' from project 'SwiftSoup')
2026-10-06T15:00:58.5007200Z     cd /Users/runner/Library/Developer/Xcode/DerivedData/BookonDebug-ehazsigvxemoqzdtqumqzfgyfpkz/SourcePackages/checkouts/SwiftSoup
2026-10-06T15:00:58.5008340Z     /usr/sbin/chown -RH runner:staff /Users/runner/Library/Developer/Xcode/DerivedData/BookonDebug-ehazsigvxemoqzdtqumqzfgyfpkz/Build/Intermediates.noindex/ArchiveIntermediates/BookonDebug/IntermediateBuildFilesPath/UninstalledProducts/iphoneos/SwiftSoup.o
2026-10-06T15:00:58.5009140Z 
2026-10-06T15:00:58.5009950Z SetMode u+w,go-w,a+rX /Users/runner/Library/Developer/Xcode/DerivedData/BookonDebug-ehazsigvxemoqzdtqumqzfgyfpkz/Build/Intermediates.noindex/ArchiveIntermediates/BookonDebug/IntermediateBuildFilesPath/UninstalledProducts/iphoneos/SwiftSoup.o (in target 'SwiftSoup' from project 'SwiftSoup')
2026-10-06T15:00:58.5011430Z     cd /Users/runner/Library/Developer/Xcode/DerivedData/BookonDebug-ehazsigvxemoqzdtqumqzfgyfpkz/SourcePackages/checkouts/SwiftSoup
2026-10-06T15:00:58.5012560Z     /bin/chmod -RH u+w,go-w,a+rX /Users/runner/Library/Developer/Xcode/DerivedData/BookonDebug-ehazsigvxemoqzdtqumqzfgyfpkz/Build/Intermediates.noindex/ArchiveIntermediates/BookonDebug/IntermediateBuildFilesPath/UninstalledProducts/iphoneos/SwiftSoup.o
2026-10-06T15:00:58.5013380Z 
2026-10-06T15:00:58.5014320Z RegisterExecutionPolicyException /Users/runner/Library/Developer/Xcode/DerivedData/BookonDebug-ehazsigvxemoqzdtqumqzfgyfpkz/Build/Intermediates.noindex/ArchiveIntermediates/BookonDebug/IntermediateBuildFilesPath/UninstalledProducts/iphoneos/SwiftSoup.o (in target 'SwiftSoup' from project 'SwiftSoup')
2026-10-06T15:00:58.5015810Z     cd /Users/runner/Library/Developer/Xcode/DerivedData/BookonDebug-ehazsigvxemoqzdtqumqzfgyfpkz/SourcePackages/checkouts/SwiftSoup
2026-10-06T15:00:58.5016980Z     builtin-RegisterExecutionPolicyException /Users/runner/Library/Developer/Xcode/DerivedData/BookonDebug-ehazsigvxemoqzdtqumqzfgyfpkz/Build/Intermediates.noindex/ArchiveIntermediates/BookonDebug/IntermediateBuildFilesPath/UninstalledProducts/iphoneos/SwiftSoup.o
2026-10-06T15:00:58.5018030Z 
2026-10-06T15:00:58.5019120Z WriteAuxiliaryFile /Users/runner/Library/Developer/Xcode/DerivedData/BookonDebug-ehazsigvxemoqzdtqumqzfgyfpkz/Build/Intermediates.noindex/ArchiveIntermediates/BookonDebug/IntermediateBuildFilesPath/LegadoBookSource.build/Release-iphoneos/LegadoBookSource.build/Objects-normal/arm64/LegadoBookSource.LinkFileList (in target 'LegadoBookSource' from project 'LegadoBookSource')
2026-10-06T15:00:58.5021060Z     cd /Users/runner/work/bookon/bookon
2026-10-06T15:00:58.5022340Z     write-file /Users/runner/Library/Developer/Xcode/DerivedData/BookonDebug-ehazsigvxemoqzdtqumqzfgyfpkz/Build/Intermediates.noindex/ArchiveIntermediates/BookonDebug/IntermediateBuildFilesPath/LegadoBookSource.build/Release-iphoneos/LegadoBookSource.build/Objects-normal/arm64/LegadoBookSource.LinkFileList
2026-10-06T15:00:58.5023380Z 
2026-10-06T15:00:58.5031310Z SwiftDriverJobDiscovery normal arm64 Compiling resource_bundle_accessor.swift, BaseBook.swift, BaseSource.swift, Book.swift, BookChapter.swift, BookSource.swift, BookSourceImporter.swift, BookSourceType.swift, BookType.swift, LegadoJSON.swift, LenientDecoding.swift, AnalyzeUrl.swift, CacheManager.swift, CharsetDetector.swift, CharsetMatch.swift, CharsetRecog2022.swift, CharsetRecogMBCS.swift, CharsetRecogSBCS.swift, CharsetRecogUTF8.swift, CharsetRecogUnicode.swift, CharsetRecognizer.swift, CharsetTables.swift, EncodingDetect.swift, ConcurrentRateLimiter.swift, CookieManager.swift, CookieStore.swift, GsonJSON.swift, HTTPTypes.swift, HttpUrl.swift, NetworkUtilsEncoding.swift, RealAjaxProvider.swift, RealJsNetworkExtensionsProvider.swift, URLSessionHTTPClient.swift, UrlOption.swift, BookInfoRule.swift, BookListRule.swift, ContentRule.swift, ExploreKind.swift, ExploreRule.swift, FlexChildStyle.swift, ReviewRule.swift, RowUi.swift, SearchRule.swift, TocRule.swift, AnalyzeByJSonPath.swift, AnalyzeByJSoup+Elements.swift, AnalyzeByJSoup.swift, AnalyzeByJSoupRules.swift, AnalyzeByRegex.swift, AnalyzeByXPath.swift, AnalyzeRule+Dispatch.swift, AnalyzeRule+JS.swift, AnalyzeRule+Rules.swift, AnalyzeRule.swift, AnalyzeRuleDependencies.swift, DebugLogger.swift, DefaultJSONPathEvaluator.swift, HtmlEntities.swift, HtmlFormatter.swift, HtmlUnescape.swift, JSEngine.swift, JSJavaBridge.swift, JSONPathEvaluator.swift, JSONPathParser.swift, JavaDoubleFormat.swift, JavaURLResolver.swift, JsExtensionsCatalog.swift, JsExtensionsCore.swift, JsExtensionsRuntime.swift, JsNumberFormat.swift, JsoupCompatSerializer.swift, JsoupJSBridge.swift, LegadoStringExtensions.swift, NetworkUtils.swift, OrderedJSONParser.swift, RegexTemplate.swift, RuleAnalyzer.swift, RuleEngineDiagnostics.swift, RuleEngineError.swift, RuleValue.swift, SourceRule.swift, StringUtils.swift, SwiftSoupElementsCompat.swift, SwiftSoupTextNormalizeFix.swift, SwiftSoupXPathEvaluator.swift, SwiftSoupXPathFunctions.swift, SwiftSoupXPathParser.swift, SwiftSoupXPathPredicate.swift, SwiftSoupXPathStepParser.swift, XPathEvaluator.swift, SearchBook.swift, StringOrObject.swift, BookChapterList.swift, BookContent.swift, BookInfo.swift, BookList.swift, Debug.swift, WebBook.swift, WebBookNetwork.swift, WebBookOptions.swift, WebBookSupport.swift (in target 'LegadoBookSource' from project 'LegadoBookSource')
2026-10-06T15:00:58.5039290Z 
2026-10-06T15:00:58.5039770Z SwiftDriver\ Compilation\ Requirements LegadoBookSource normal arm64 com.apple.xcode.tools.swift.compiler (in target 'LegadoBookSource' from project 'LegadoBookSource')
2026-10-06T15:00:58.5040400Z     cd /Users/runner/work/bookon/bookon
2026-10-06T15:00:58.5058080Z     builtin-Swift-Compilation-Requirements -- /Applications/Xcode_15.4.app/Contents/Developer/Toolchains/XcodeDefault.xctoolchain/usr/bin/swiftc -module-name LegadoBookSource -O -whole-module-optimization -enforce-exclusivity\=checked @/Users/runner/Library/Developer/Xcode/DerivedData/BookonDebug-ehazsigvxemoqzdtqumqzfgyfpkz/Build/Intermediates.noindex/ArchiveIntermediates/BookonDebug/IntermediateBuildFilesPath/LegadoBookSource.build/Release-iphoneos/LegadoBookSource.build/Objects-normal/arm64/LegadoBookSource.SwiftFileList -DSWIFT_PACKAGE -DXcode -sdk /Applications/Xcode_15.4.app/Contents/Developer/Platforms/iPhoneOS.platform/Developer/SDKs/iPhoneOS17.5.sdk -target arm64-apple-ios17.0 -g -module-cache-path /Users/runner/Library/Developer/Xcode/DerivedData/ModuleCache.noindex -Xfrontend -serialize-debugging-options -swift-version 5 -I /Users/runner/Library/Developer/Xcode/DerivedData/BookonDebug-ehazsigvxemoqzdtqumqzfgyfpkz/Build/Intermediates.noindex/ArchiveIntermediates/BookonDebug/BuildProductsPath/Release-iphoneos -I /Applications/Xcode_15.4.app/Contents/Developer/Platforms/iPhoneOS.platform/Developer/usr/lib -F /Users/runner/Library/Developer/Xcode/DerivedData/BookonDebug-ehazsigvxemoqzdtqumqzfgyfpkz/Build/Intermediates.noindex/ArchiveIntermediates/BookonDebug/BuildProductsPath/Release-iphoneos/PackageFrameworks -F /Users/runner/Library/Developer/Xcode/DerivedData/BookonDebug-ehazsigvxemoqzdtqumqzfgyfpkz/Build/Intermediates.noindex/ArchiveIntermediates/BookonDebug/BuildProductsPath/Release-iphoneos -F /Applications/Xcode_15.4.app/Contents/Developer/Platforms/iPhoneOS.platform/Developer/Library/Frameworks -F /Applications/Xcode_15.4.app/Contents/Developer/Platforms/iPhoneOS.platform/Developer/SDKs/iPhoneOS17.5.sdk/Developer/Library/Frameworks -c -num-threads 3 -Xcc -ivfsstatcache -Xcc /Users/runner/Library/Developer/Xcode/DerivedData/SDKStatCaches.noindex/iphoneos17.5-21F77-f0fa7969d082b13145125136a829df3a.sdkstatcache -output-file-map /Users/runner/Library/Developer/Xcode/DerivedData/BookonDebug-ehazsigvxemoqzdtqumqzfgyfpkz/Build/Intermediates.noindex/ArchiveIntermediates/BookonDebug/IntermediateBuildFilesPath/LegadoBookSource.build/Release-iphoneos/LegadoBookSource.build/Objects-normal/arm64/LegadoBookSource-OutputFileMap.json -use-frontend-parseable-output -save-temps -no-color-diagnostics -serialize-diagnostics -emit-dependencies -emit-module -emit-module-path /Users/runner/Library/Developer/Xcode/DerivedData/BookonDebug-ehazsigvxemoqzdtqumqzfgyfpkz/Build/Intermediates.noindex/ArchiveIntermediates/BookonDebug/IntermediateBuildFilesPath/LegadoBookSource.build/Release-iphoneos/LegadoBookSource.build/Objects-normal/arm64/LegadoBookSource.swiftmodule -validate-clang-modules-once -clang-build-session-file /Users/runner/Library/Developer/Xcode/DerivedData/ModuleCache.noindex/Session.modulevalidation -Xfrontend -package-name -Xfrontend bookon -Xcc -I/Users/runner/Library/Developer/Xcode/DerivedData/BookonDebug-ehazsigvxemoqzdtqumqzfgyfpkz/Build/Intermediates.noindex/ArchiveIntermediates/BookonDebug/IntermediateBuildFilesPath/LegadoBookSource.build/Release-iphoneos/LegadoBookSource.build/swift-overrides.hmap -emit-const-values -Xfrontend -const-gather-protocols-file -Xfrontend /Users/runner/Library/Developer/Xcode/DerivedData/BookonDebug-ehazsigvxemoqzdtqumqzfgyfpkz/Build/Intermediates.noindex/ArchiveIntermediates/BookonDebug/IntermediateBuildFilesPath/LegadoBookSource.build/Release-iphoneos/LegadoBookSource.build/Objects-normal/arm64/LegadoBookSource_const_extract_protocols.json -Xcc -I/Users/runner/Library/Developer/Xcode/DerivedData/BookonDebug-ehazsigvxemoqzdtqumqzfgyfpkz/Build/Intermediates.noindex/ArchiveIntermediates/BookonDebug/BuildProductsPath/Release-iphoneos/include -Xcc -I/Users/runner/Library/Developer/Xcode/DerivedData/BookonDebug-ehazsigvxemoqzdtqumqzfgyfpkz/Build/Intermediates.noindex/ArchiveIntermediates/BookonDebug/IntermediateBuildFilesPath/LegadoBookSource.build/Release-iphoneos/LegadoBookSource.build/DerivedSources-normal/arm64 -Xcc -I/Users/runner/Library/Developer/Xcode/DerivedData/BookonDebug-ehazsigvxemoqzdtqumqzfgyfpkz/Build/Intermediates.noindex/ArchiveIntermediates/BookonDebug/IntermediateBuildFilesPath/LegadoBookSource.build/Release-iphoneos/LegadoBookSource.build/DerivedSources/arm64 -Xcc -I/Users/runner/Library/Developer/Xcode/DerivedData/BookonDebug-ehazsigvxemoqzdtqumqzfgyfpkz/Build/Intermediates.noindex/ArchiveIntermediates/BookonDebug/IntermediateBuildFilesPath/LegadoBookSource.build/Release-iphoneos/LegadoBookSource.build/DerivedSources -Xcc -DSWIFT_PACKAGE -emit-objc-header -emit-objc-header-path /Users/runner/Library/Developer/Xcode/DerivedData/BookonDebug-ehazsigvxemoqzdtqumqzfgyfpkz/Build/Intermediates.noindex/ArchiveIntermediates/BookonDebug/IntermediateBuildFilesPath/LegadoBookSource.build/Release-iphoneos/LegadoBookSource.build/Objects-normal/arm64/LegadoBookSource-Swift.h -working-directory /Users/runner/work/bookon/bookon -no-emit-module-separately-wmo
2026-10-06T15:00:58.5077510Z 
2026-10-06T15:00:58.5079600Z SwiftMergeGeneratedHeaders /Users/runner/Library/Developer/Xcode/DerivedData/BookonDebug-ehazsigvxemoqzdtqumqzfgyfpkz/Build/Intermediates.noindex/ArchiveIntermediates/BookonDebug/IntermediateBuildFilesPath/GeneratedModuleMaps-iphoneos/LegadoBookSource-Swift.h /Users/runner/Library/Developer/Xcode/DerivedData/BookonDebug-ehazsigvxemoqzdtqumqzfgyfpkz/Build/Intermediates.noindex/ArchiveIntermediates/BookonDebug/IntermediateBuildFilesPath/LegadoBookSource.build/Release-iphoneos/LegadoBookSource.build/Objects-normal/arm64/LegadoBookSource-Swift.h (in target 'LegadoBookSource' from project 'LegadoBookSource')
2026-10-06T15:00:58.5082050Z     cd /Users/runner/work/bookon/bookon
2026-10-06T15:00:58.5083960Z     builtin-swiftHeaderTool -arch arm64 /Users/runner/Library/Developer/Xcode/DerivedData/BookonDebug-ehazsigvxemoqzdtqumqzfgyfpkz/Build/Intermediates.noindex/ArchiveIntermediates/BookonDebug/IntermediateBuildFilesPath/LegadoBookSource.build/Release-iphoneos/LegadoBookSource.build/Objects-normal/arm64/LegadoBookSource-Swift.h -o /Users/runner/Library/Developer/Xcode/DerivedData/BookonDebug-ehazsigvxemoqzdtqumqzfgyfpkz/Build/Intermediates.noindex/ArchiveIntermediates/BookonDebug/IntermediateBuildFilesPath/GeneratedModuleMaps-iphoneos/LegadoBookSource-Swift.h
2026-10-06T15:00:58.5086480Z 
2026-10-06T15:00:58.5088590Z Copy /Users/runner/Library/Developer/Xcode/DerivedData/BookonDebug-ehazsigvxemoqzdtqumqzfgyfpkz/Build/Intermediates.noindex/ArchiveIntermediates/BookonDebug/BuildProductsPath/Release-iphoneos/LegadoBookSource.swiftmodule/arm64-apple-ios.swiftdoc /Users/runner/Library/Developer/Xcode/DerivedData/BookonDebug-ehazsigvxemoqzdtqumqzfgyfpkz/Build/Intermediates.noindex/ArchiveIntermediates/BookonDebug/IntermediateBuildFilesPath/LegadoBookSource.build/Release-iphoneos/LegadoBookSource.build/Objects-normal/arm64/LegadoBookSource.swiftdoc (in target 'LegadoBookSource' from project 'LegadoBookSource')
2026-10-06T15:00:58.5091170Z     cd /Users/runner/work/bookon/bookon
2026-10-06T15:00:58.5093790Z     builtin-copy -exclude .DS_Store -exclude CVS -exclude .svn -exclude .git -exclude .hg -strip-unsigned-binaries -strip-deterministic -strip-tool /Applications/Xcode_15.4.app/Contents/Developer/Toolchains/XcodeDefault.xctoolchain/usr/bin/strip -resolve-src-symlinks -rename /Users/runner/Library/Developer/Xcode/DerivedData/BookonDebug-ehazsigvxemoqzdtqumqzfgyfpkz/Build/Intermediates.noindex/ArchiveIntermediates/BookonDebug/IntermediateBuildFilesPath/LegadoBookSource.build/Release-iphoneos/LegadoBookSource.build/Objects-normal/arm64/LegadoBookSource.swiftdoc /Users/runner/Library/Developer/Xcode/DerivedData/BookonDebug-ehazsigvxemoqzdtqumqzfgyfpkz/Build/Intermediates.noindex/ArchiveIntermediates/BookonDebug/BuildProductsPath/Release-iphoneos/LegadoBookSource.swiftmodule/arm64-apple-ios.swiftdoc
2026-10-06T15:00:58.5097250Z 
2026-10-06T15:00:58.5099060Z Copy /Users/runner/Library/Developer/Xcode/DerivedData/BookonDebug-ehazsigvxemoqzdtqumqzfgyfpkz/Build/Intermediates.noindex/ArchiveIntermediates/BookonDebug/BuildProductsPath/Release-iphoneos/LegadoBookSource.swiftmodule/arm64-apple-ios.swiftmodule /Users/runner/Library/Developer/Xcode/DerivedData/BookonDebug-ehazsigvxemoqzdtqumqzfgyfpkz/Build/Intermediates.noindex/ArchiveIntermediates/BookonDebug/IntermediateBuildFilesPath/LegadoBookSource.build/Release-iphoneos/LegadoBookSource.build/Objects-normal/arm64/LegadoBookSource.swiftmodule (in target 'LegadoBookSource' from project 'LegadoBookSource')
2026-10-06T15:00:58.5101150Z     cd /Users/runner/work/bookon/bookon
2026-10-06T15:00:58.5103810Z     builtin-copy -exclude .DS_Store -exclude CVS -exclude .svn -exclude .git -exclude .hg -strip-unsigned-binaries -strip-deterministic -strip-tool /Applications/Xcode_15.4.app/Contents/Developer/Toolchains/XcodeDefault.xctoolchain/usr/bin/strip -resolve-src-symlinks -rename /Users/runner/Library/Developer/Xcode/DerivedData/BookonDebug-ehazsigvxemoqzdtqumqzfgyfpkz/Build/Intermediates.noindex/ArchiveIntermediates/BookonDebug/IntermediateBuildFilesPath/LegadoBookSource.build/Release-iphoneos/LegadoBookSource.build/Objects-normal/arm64/LegadoBookSource.swiftmodule /Users/runner/Library/Developer/Xcode/DerivedData/BookonDebug-ehazsigvxemoqzdtqumqzfgyfpkz/Build/Intermediates.noindex/ArchiveIntermediates/BookonDebug/BuildProductsPath/Release-iphoneos/LegadoBookSource.swiftmodule/arm64-apple-ios.swiftmodule
2026-10-06T15:00:58.5107710Z 
2026-10-06T15:00:58.5109820Z Copy /Users/runner/Library/Developer/Xcode/DerivedData/BookonDebug-ehazsigvxemoqzdtqumqzfgyfpkz/Build/Intermediates.noindex/ArchiveIntermediates/BookonDebug/BuildProductsPath/Release-iphoneos/LegadoBookSource.swiftmodule/arm64-apple-ios.abi.json /Users/runner/Library/Developer/Xcode/DerivedData/BookonDebug-ehazsigvxemoqzdtqumqzfgyfpkz/Build/Intermediates.noindex/ArchiveIntermediates/BookonDebug/IntermediateBuildFilesPath/LegadoBookSource.build/Release-iphoneos/LegadoBookSource.build/Objects-normal/arm64/LegadoBookSource.abi.json (in target 'LegadoBookSource' from project 'LegadoBookSource')
2026-10-06T15:00:58.5112120Z     cd /Users/runner/work/bookon/bookon
2026-10-06T15:00:58.5115700Z     builtin-copy -exclude .DS_Store -exclude CVS -exclude .svn -exclude .git -exclude .hg -strip-unsigned-binaries -strip-deterministic -strip-tool /Applications/Xcode_15.4.app/Contents/Developer/Toolchains/XcodeDefault.xctoolchain/usr/bin/strip -resolve-src-symlinks -rename /Users/runner/Library/Developer/Xcode/DerivedData/BookonDebug-ehazsigvxemoqzdtqumqzfgyfpkz/Build/Intermediates.noindex/ArchiveIntermediates/BookonDebug/IntermediateBuildFilesPath/LegadoBookSource.build/Release-iphoneos/LegadoBookSource.build/Objects-normal/arm64/LegadoBookSource.abi.json /Users/runner/Library/Developer/Xcode/DerivedData/BookonDebug-ehazsigvxemoqzdtqumqzfgyfpkz/Build/Intermediates.noindex/ArchiveIntermediates/BookonDebug/BuildProductsPath/Release-iphoneos/LegadoBookSource.swiftmodule/arm64-apple-ios.abi.json
2026-10-06T15:00:58.5120360Z 
2026-10-06T15:00:58.5121280Z Ld /Users/runner/Library/Developer/Xcode/DerivedData/BookonDebug-ehazsigvxemoqzdtqumqzfgyfpkz/Build/Intermediates.noindex/ArchiveIntermediates/BookonDebug/IntermediateBuildFilesPath/UninstalledProducts/iphoneos/LegadoBookSource.o normal (in target 'LegadoBookSource' from project 'LegadoBookSource')
2026-10-06T15:00:58.5122400Z     cd /Users/runner/work/bookon/bookon
2026-10-06T15:00:58.5138680Z     /Applications/Xcode_15.4.app/Contents/Developer/Toolchains/XcodeDefault.xctoolchain/usr/bin/clang -Xlinker -reproducible -target arm64-apple-ios17.0 -r -isysroot /Applications/Xcode_15.4.app/Contents/Developer/Platforms/iPhoneOS.platform/Developer/SDKs/iPhoneOS17.5.sdk -Os -L/Users/runner/Library/Developer/Xcode/DerivedData/BookonDebug-ehazsigvxemoqzdtqumqzfgyfpkz/Build/Intermediates.noindex/ArchiveIntermediates/BookonDebug/IntermediateBuildFilesPath/EagerLinkingTBDs/Release-iphoneos -L/Users/runner/Library/Developer/Xcode/DerivedData/BookonDebug-ehazsigvxemoqzdtqumqzfgyfpkz/Build/Intermediates.noindex/ArchiveIntermediates/BookonDebug/BuildProductsPath/Release-iphoneos -L/Applications/Xcode_15.4.app/Contents/Developer/Platforms/iPhoneOS.platform/Developer/usr/lib -F/Users/runner/Library/Developer/Xcode/DerivedData/BookonDebug-ehazsigvxemoqzdtqumqzfgyfpkz/Build/Intermediates.noindex/ArchiveIntermediates/BookonDebug/IntermediateBuildFilesPath/EagerLinkingTBDs/Release-iphoneos -F/Users/runner/Library/Developer/Xcode/DerivedData/BookonDebug-ehazsigvxemoqzdtqumqzfgyfpkz/Build/Intermediates.noindex/ArchiveIntermediates/BookonDebug/BuildProductsPath/Release-iphoneos/PackageFrameworks -F/Users/runner/Library/Developer/Xcode/DerivedData/BookonDebug-ehazsigvxemoqzdtqumqzfgyfpkz/Build/Intermediates.noindex/ArchiveIntermediates/BookonDebug/BuildProductsPath/Release-iphoneos -iframework /Applications/Xcode_15.4.app/Contents/Developer/Platforms/iPhoneOS.platform/Developer/Library/Frameworks -iframework /Applications/Xcode_15.4.app/Contents/Developer/Platforms/iPhoneOS.platform/Developer/SDKs/iPhoneOS17.5.sdk/Developer/Library/Frameworks -filelist /Users/runner/Library/Developer/Xcode/DerivedData/BookonDebug-ehazsigvxemoqzdtqumqzfgyfpkz/Build/Intermediates.noindex/ArchiveIntermediates/BookonDebug/IntermediateBuildFilesPath/LegadoBookSource.build/Release-iphoneos/LegadoBookSource.build/Objects-normal/arm64/LegadoBookSource.LinkFileList -nostdlib -Xlinker -object_path_lto -Xlinker /Users/runner/Library/Developer/Xcode/DerivedData/BookonDebug-ehazsigvxemoqzdtqumqzfgyfpkz/Build/Intermediates.noindex/ArchiveIntermediates/BookonDebug/IntermediateBuildFilesPath/LegadoBookSource.build/Release-iphoneos/LegadoBookSource.build/Objects-normal/arm64/LegadoBookSource_lto.o -fobjc-link-runtime -L/Applications/Xcode_15.4.app/Contents/Developer/Toolchains/XcodeDefault.xctoolchain/usr/lib/swift/iphoneos -L/usr/lib/swift -Xlinker -add_ast_path -Xlinker /Users/runner/Library/Developer/Xcode/DerivedData/BookonDebug-ehazsigvxemoqzdtqumqzfgyfpkz/Build/Intermediates.noindex/ArchiveIntermediates/BookonDebug/IntermediateBuildFilesPath/LegadoBookSource.build/Release-iphoneos/LegadoBookSource.build/Objects-normal/arm64/LegadoBookSource.swiftmodule -Xlinker -dependency_info -Xlinker /Users/runner/Library/Developer/Xcode/DerivedData/BookonDebug-ehazsigvxemoqzdtqumqzfgyfpkz/Build/Intermediates.noindex/ArchiveIntermediates/BookonDebug/IntermediateBuildFilesPath/LegadoBookSource.build/Release-iphoneos/LegadoBookSource.build/Objects-normal/arm64/LegadoBookSource_dependency_info.dat -o /Users/runner/Library/Developer/Xcode/DerivedData/BookonDebug-ehazsigvxemoqzdtqumqzfgyfpkz/Build/Intermediates.noindex/ArchiveIntermediates/BookonDebug/IntermediateBuildFilesPath/UninstalledProducts/iphoneos/LegadoBookSource.o
2026-10-06T15:00:58.5154290Z 
2026-10-06T15:00:58.5155760Z WriteAuxiliaryFile /Users/runner/Library/Developer/Xcode/DerivedData/BookonDebug-ehazsigvxemoqzdtqumqzfgyfpkz/Build/Intermediates.noindex/ArchiveIntermediates/BookonDebug/IntermediateBuildFilesPath/LegadoBookSource.build/Release-iphoneos/BookonDebugKit.build/BookonDebugKit.modulemap (in target 'BookonDebugKit' from project 'LegadoBookSource')
2026-10-06T15:00:58.5157250Z     cd /Users/runner/work/bookon/bookon
2026-10-06T15:00:58.5158690Z     write-file /Users/runner/Library/Developer/Xcode/DerivedData/BookonDebug-ehazsigvxemoqzdtqumqzfgyfpkz/Build/Intermediates.noindex/ArchiveIntermediates/BookonDebug/IntermediateBuildFilesPath/LegadoBookSource.build/Release-iphoneos/BookonDebugKit.build/BookonDebugKit.modulemap
2026-10-06T15:00:58.5159690Z 
2026-10-06T15:00:58.5161720Z Copy /Users/runner/Library/Developer/Xcode/DerivedData/BookonDebug-ehazsigvxemoqzdtqumqzfgyfpkz/Build/Intermediates.noindex/ArchiveIntermediates/BookonDebug/IntermediateBuildFilesPath/GeneratedModuleMaps-iphoneos/BookonDebugKit.modulemap /Users/runner/Library/Developer/Xcode/DerivedData/BookonDebug-ehazsigvxemoqzdtqumqzfgyfpkz/Build/Intermediates.noindex/ArchiveIntermediates/BookonDebug/IntermediateBuildFilesPath/LegadoBookSource.build/Release-iphoneos/BookonDebugKit.build/BookonDebugKit.modulemap (in target 'BookonDebugKit' from project 'LegadoBookSource')
2026-10-06T15:00:58.5163900Z     cd /Users/runner/work/bookon/bookon
2026-10-06T15:00:58.5167550Z     builtin-copy -exclude .DS_Store -exclude CVS -exclude .svn -exclude .git -exclude .hg -strip-unsigned-binaries -strip-deterministic -strip-tool /Applications/Xcode_15.4.app/Contents/Developer/Toolchains/XcodeDefault.xctoolchain/usr/bin/strip -resolve-src-symlinks /Users/runner/Library/Developer/Xcode/DerivedData/BookonDebug-ehazsigvxemoqzdtqumqzfgyfpkz/Build/Intermediates.noindex/ArchiveIntermediates/BookonDebug/IntermediateBuildFilesPath/LegadoBookSource.build/Release-iphoneos/BookonDebugKit.build/BookonDebugKit.modulemap /Users/runner/Library/Developer/Xcode/DerivedData/BookonDebug-ehazsigvxemoqzdtqumqzfgyfpkz/Build/Intermediates.noindex/ArchiveIntermediates/BookonDebug/IntermediateBuildFilesPath/GeneratedModuleMaps-iphoneos
2026-10-06T15:00:58.5170270Z 
2026-10-06T15:00:58.5171570Z WriteAuxiliaryFile /Users/runner/Library/Developer/Xcode/DerivedData/BookonDebug-ehazsigvxemoqzdtqumqzfgyfpkz/Build/Intermediates.noindex/ArchiveIntermediates/BookonDebug/IntermediateBuildFilesPath/LegadoBookSource.build/Release-iphoneos/BookonDebugKit.build/Objects-normal/arm64/BookonDebugKit_const_extract_protocols.json (in target 'BookonDebugKit' from project 'LegadoBookSource')
2026-10-06T15:00:58.5172840Z     cd /Users/runner/work/bookon/bookon
2026-10-06T15:00:58.5174300Z     write-file /Users/runner/Library/Developer/Xcode/DerivedData/BookonDebug-ehazsigvxemoqzdtqumqzfgyfpkz/Build/Intermediates.noindex/ArchiveIntermediates/BookonDebug/IntermediateBuildFilesPath/LegadoBookSource.build/Release-iphoneos/BookonDebugKit.build/Objects-normal/arm64/BookonDebugKit_const_extract_protocols.json
2026-10-06T15:00:58.5175430Z 
2026-10-06T15:00:58.5176720Z WriteAuxiliaryFile /Users/runner/Library/Developer/Xcode/DerivedData/BookonDebug-ehazsigvxemoqzdtqumqzfgyfpkz/Build/Intermediates.noindex/ArchiveIntermediates/BookonDebug/IntermediateBuildFilesPath/LegadoBookSource.build/Release-iphoneos/BookonDebugKit.build/Objects-normal/arm64/BookonDebugKit.SwiftFileList (in target 'BookonDebugKit' from project 'LegadoBookSource')
2026-10-06T15:00:58.5178300Z     cd /Users/runner/work/bookon/bookon
2026-10-06T15:00:58.5179480Z     write-file /Users/runner/Library/Developer/Xcode/DerivedData/BookonDebug-ehazsigvxemoqzdtqumqzfgyfpkz/Build/Intermediates.noindex/ArchiveIntermediates/BookonDebug/IntermediateBuildFilesPath/LegadoBookSource.build/Release-iphoneos/BookonDebugKit.build/Objects-normal/arm64/BookonDebugKit.SwiftFileList
2026-10-06T15:00:58.5180720Z 
2026-10-06T15:00:58.5182020Z WriteAuxiliaryFile /Users/runner/Library/Developer/Xcode/DerivedData/BookonDebug-ehazsigvxemoqzdtqumqzfgyfpkz/Build/Intermediates.noindex/ArchiveIntermediates/BookonDebug/IntermediateBuildFilesPath/LegadoBookSource.build/Release-iphoneos/BookonDebugKit.build/Objects-normal/arm64/BookonDebugKit-OutputFileMap.json (in target 'BookonDebugKit' from project 'LegadoBookSource')
2026-10-06T15:00:58.5183450Z     cd /Users/runner/work/bookon/bookon
2026-10-06T15:00:58.5184720Z     write-file /Users/runner/Library/Developer/Xcode/DerivedData/BookonDebug-ehazsigvxemoqzdtqumqzfgyfpkz/Build/Intermediates.noindex/ArchiveIntermediates/BookonDebug/IntermediateBuildFilesPath/LegadoBookSource.build/Release-iphoneos/BookonDebugKit.build/Objects-normal/arm64/BookonDebugKit-OutputFileMap.json
2026-10-06T15:00:58.5185770Z 
2026-10-06T15:00:58.5186840Z SwiftDriver BookonDebugKit normal arm64 com.apple.xcode.tools.swift.compiler (in target 'BookonDebugKit' from project 'LegadoBookSource')
2026-10-06T15:00:58.5187460Z     cd /Users/runner/work/bookon/bookon
2026-10-06T15:00:58.5207680Z     builtin-SwiftDriver -- /Applications/Xcode_15.4.app/Contents/Developer/Toolchains/XcodeDefault.xctoolchain/usr/bin/swiftc -module-name BookonDebugKit -O -whole-module-optimization -enforce-exclusivity\=checked @/Users/runner/Library/Developer/Xcode/DerivedData/BookonDebug-ehazsigvxemoqzdtqumqzfgyfpkz/Build/Intermediates.noindex/ArchiveIntermediates/BookonDebug/IntermediateBuildFilesPath/LegadoBookSource.build/Release-iphoneos/BookonDebugKit.build/Objects-normal/arm64/BookonDebugKit.SwiftFileList -DSWIFT_PACKAGE -DXcode -sdk /Applications/Xcode_15.4.app/Contents/Developer/Platforms/iPhoneOS.platform/Developer/SDKs/iPhoneOS17.5.sdk -target arm64-apple-ios17.0 -g -module-cache-path /Users/runner/Library/Developer/Xcode/DerivedData/ModuleCache.noindex -Xfrontend -serialize-debugging-options -swift-version 5 -I /Users/runner/Library/Developer/Xcode/DerivedData/BookonDebug-ehazsigvxemoqzdtqumqzfgyfpkz/Build/Intermediates.noindex/ArchiveIntermediates/BookonDebug/BuildProductsPath/Release-iphoneos -I /Applications/Xcode_15.4.app/Contents/Developer/Platforms/iPhoneOS.platform/Developer/usr/lib -F /Users/runner/Library/Developer/Xcode/DerivedData/BookonDebug-ehazsigvxemoqzdtqumqzfgyfpkz/Build/Intermediates.noindex/ArchiveIntermediates/BookonDebug/BuildProductsPath/Release-iphoneos/PackageFrameworks -F /Users/runner/Library/Developer/Xcode/DerivedData/BookonDebug-ehazsigvxemoqzdtqumqzfgyfpkz/Build/Intermediates.noindex/ArchiveIntermediates/BookonDebug/BuildProductsPath/Release-iphoneos/PackageFrameworks -F /Users/runner/Library/Developer/Xcode/DerivedData/BookonDebug-ehazsigvxemoqzdtqumqzfgyfpkz/Build/Intermediates.noindex/ArchiveIntermediates/BookonDebug/BuildProductsPath/Release-iphoneos -F /Applications/Xcode_15.4.app/Contents/Developer/Platforms/iPhoneOS.platform/Developer/Library/Frameworks -F /Applications/Xcode_15.4.app/Contents/Developer/Platforms/iPhoneOS.platform/Developer/SDKs/iPhoneOS17.5.sdk/Developer/Library/Frameworks -c -num-threads 3 -Xcc -ivfsstatcache -Xcc /Users/runner/Library/Developer/Xcode/DerivedData/SDKStatCaches.noindex/iphoneos17.5-21F77-f0fa7969d082b13145125136a829df3a.sdkstatcache -output-file-map /Users/runner/Library/Developer/Xcode/DerivedData/BookonDebug-ehazsigvxemoqzdtqumqzfgyfpkz/Build/Intermediates.noindex/ArchiveIntermediates/BookonDebug/IntermediateBuildFilesPath/LegadoBookSource.build/Release-iphoneos/BookonDebugKit.build/Objects-normal/arm64/BookonDebugKit-OutputFileMap.json -use-frontend-parseable-output -save-temps -no-color-diagnostics -serialize-diagnostics -emit-dependencies -emit-module -emit-module-path /Users/runner/Library/Developer/Xcode/DerivedData/BookonDebug-ehazsigvxemoqzdtqumqzfgyfpkz/Build/Intermediates.noindex/ArchiveIntermediates/BookonDebug/IntermediateBuildFilesPath/LegadoBookSource.build/Release-iphoneos/BookonDebugKit.build/Objects-normal/arm64/BookonDebugKit.swiftmodule -validate-clang-modules-once -clang-build-session-file /Users/runner/Library/Developer/Xcode/DerivedData/ModuleCache.noindex/Session.modulevalidation -Xfrontend -package-name -Xfrontend bookon -Xcc -I/Users/runner/Library/Developer/Xcode/DerivedData/BookonDebug-ehazsigvxemoqzdtqumqzfgyfpkz/Build/Intermediates.noindex/ArchiveIntermediates/BookonDebug/IntermediateBuildFilesPath/LegadoBookSource.build/Release-iphoneos/BookonDebugKit.build/swift-overrides.hmap -emit-const-values -Xfrontend -const-gather-protocols-file -Xfrontend /Users/runner/Library/Developer/Xcode/DerivedData/BookonDebug-ehazsigvxemoqzdtqumqzfgyfpkz/Build/Intermediates.noindex/ArchiveIntermediates/BookonDebug/IntermediateBuildFilesPath/LegadoBookSource.build/Release-iphoneos/BookonDebugKit.build/Objects-normal/arm64/BookonDebugKit_const_extract_protocols.json -Xcc -I/Users/runner/Library/Developer/Xcode/DerivedData/BookonDebug-ehazsigvxemoqzdtqumqzfgyfpkz/Build/Intermediates.noindex/ArchiveIntermediates/BookonDebug/BuildProductsPath/Release-iphoneos/include -Xcc -I/Users/runner/Library/Developer/Xcode/DerivedData/BookonDebug-ehazsigvxemoqzdtqumqzfgyfpkz/Build/Intermediates.noindex/ArchiveIntermediates/BookonDebug/IntermediateBuildFilesPath/LegadoBookSource.build/Release-iphoneos/BookonDebugKit.build/DerivedSources-normal/arm64 -Xcc -I/Users/runner/Library/Developer/Xcode/DerivedData/BookonDebug-ehazsigvxemoqzdtqumqzfgyfpkz/Build/Intermediates.noindex/ArchiveIntermediates/BookonDebug/IntermediateBuildFilesPath/LegadoBookSource.build/Release-iphoneos/BookonDebugKit.build/DerivedSources/arm64 -Xcc -I/Users/runner/Library/Developer/Xcode/DerivedData/BookonDebug-ehazsigvxemoqzdtqumqzfgyfpkz/Build/Intermediates.noindex/ArchiveIntermediates/BookonDebug/IntermediateBuildFilesPath/LegadoBookSource.build/Release-iphoneos/BookonDebugKit.build/DerivedSources -Xcc -DSWIFT_PACKAGE -emit-objc-header -emit-objc-header-path /Users/runner/Library/Developer/Xcode/DerivedData/BookonDebug-ehazsigvxemoqzdtqumqzfgyfpkz/Build/Intermediates.noindex/ArchiveIntermediates/BookonDebug/IntermediateBuildFilesPath/LegadoBookSource.build/Release-iphoneos/BookonDebugKit.build/Objects-normal/arm64/BookonDebugKit-Swift.h -working-directory /Users/runner/work/bookon/bookon -no-emit-module-separately-wmo
2026-10-06T15:00:58.5227570Z 
2026-10-06T15:00:58.5228080Z SwiftDriver\ Compilation BookonDebugKit normal arm64 com.apple.xcode.tools.swift.compiler (in target 'BookonDebugKit' from project 'LegadoBookSource')
2026-10-06T15:00:58.5228650Z     cd /Users/runner/work/bookon/bookon
2026-10-06T15:00:58.5247660Z     builtin-Swift-Compilation -- /Applications/Xcode_15.4.app/Contents/Developer/Toolchains/XcodeDefault.xctoolchain/usr/bin/swiftc -module-name BookonDebugKit -O -whole-module-optimization -enforce-exclusivity\=checked @/Users/runner/Library/Developer/Xcode/DerivedData/BookonDebug-ehazsigvxemoqzdtqumqzfgyfpkz/Build/Intermediates.noindex/ArchiveIntermediates/BookonDebug/IntermediateBuildFilesPath/LegadoBookSource.build/Release-iphoneos/BookonDebugKit.build/Objects-normal/arm64/BookonDebugKit.SwiftFileList -DSWIFT_PACKAGE -DXcode -sdk /Applications/Xcode_15.4.app/Contents/Developer/Platforms/iPhoneOS.platform/Developer/SDKs/iPhoneOS17.5.sdk -target arm64-apple-ios17.0 -g -module-cache-path /Users/runner/Library/Developer/Xcode/DerivedData/ModuleCache.noindex -Xfrontend -serialize-debugging-options -swift-version 5 -I /Users/runner/Library/Developer/Xcode/DerivedData/BookonDebug-ehazsigvxemoqzdtqumqzfgyfpkz/Build/Intermediates.noindex/ArchiveIntermediates/BookonDebug/BuildProductsPath/Release-iphoneos -I /Applications/Xcode_15.4.app/Contents/Developer/Platforms/iPhoneOS.platform/Developer/usr/lib -F /Users/runner/Library/Developer/Xcode/DerivedData/BookonDebug-ehazsigvxemoqzdtqumqzfgyfpkz/Build/Intermediates.noindex/ArchiveIntermediates/BookonDebug/BuildProductsPath/Release-iphoneos/PackageFrameworks -F /Users/runner/Library/Developer/Xcode/DerivedData/BookonDebug-ehazsigvxemoqzdtqumqzfgyfpkz/Build/Intermediates.noindex/ArchiveIntermediates/BookonDebug/BuildProductsPath/Release-iphoneos/PackageFrameworks -F /Users/runner/Library/Developer/Xcode/DerivedData/BookonDebug-ehazsigvxemoqzdtqumqzfgyfpkz/Build/Intermediates.noindex/ArchiveIntermediates/BookonDebug/BuildProductsPath/Release-iphoneos -F /Applications/Xcode_15.4.app/Contents/Developer/Platforms/iPhoneOS.platform/Developer/Library/Frameworks -F /Applications/Xcode_15.4.app/Contents/Developer/Platforms/iPhoneOS.platform/Developer/SDKs/iPhoneOS17.5.sdk/Developer/Library/Frameworks -c -num-threads 3 -Xcc -ivfsstatcache -Xcc /Users/runner/Library/Developer/Xcode/DerivedData/SDKStatCaches.noindex/iphoneos17.5-21F77-f0fa7969d082b13145125136a829df3a.sdkstatcache -output-file-map /Users/runner/Library/Developer/Xcode/DerivedData/BookonDebug-ehazsigvxemoqzdtqumqzfgyfpkz/Build/Intermediates.noindex/ArchiveIntermediates/BookonDebug/IntermediateBuildFilesPath/LegadoBookSource.build/Release-iphoneos/BookonDebugKit.build/Objects-normal/arm64/BookonDebugKit-OutputFileMap.json -use-frontend-parseable-output -save-temps -no-color-diagnostics -serialize-diagnostics -emit-dependencies -emit-module -emit-module-path /Users/runner/Library/Developer/Xcode/DerivedData/BookonDebug-ehazsigvxemoqzdtqumqzfgyfpkz/Build/Intermediates.noindex/ArchiveIntermediates/BookonDebug/IntermediateBuildFilesPath/LegadoBookSource.build/Release-iphoneos/BookonDebugKit.build/Objects-normal/arm64/BookonDebugKit.swiftmodule -validate-clang-modules-once -clang-build-session-file /Users/runner/Library/Developer/Xcode/DerivedData/ModuleCache.noindex/Session.modulevalidation -Xfrontend -package-name -Xfrontend bookon -Xcc -I/Users/runner/Library/Developer/Xcode/DerivedData/BookonDebug-ehazsigvxemoqzdtqumqzfgyfpkz/Build/Intermediates.noindex/ArchiveIntermediates/BookonDebug/IntermediateBuildFilesPath/LegadoBookSource.build/Release-iphoneos/BookonDebugKit.build/swift-overrides.hmap -emit-const-values -Xfrontend -const-gather-protocols-file -Xfrontend /Users/runner/Library/Developer/Xcode/DerivedData/BookonDebug-ehazsigvxemoqzdtqumqzfgyfpkz/Build/Intermediates.noindex/ArchiveIntermediates/BookonDebug/IntermediateBuildFilesPath/LegadoBookSource.build/Release-iphoneos/BookonDebugKit.build/Objects-normal/arm64/BookonDebugKit_const_extract_protocols.json -Xcc -I/Users/runner/Library/Developer/Xcode/DerivedData/BookonDebug-ehazsigvxemoqzdtqumqzfgyfpkz/Build/Intermediates.noindex/ArchiveIntermediates/BookonDebug/BuildProductsPath/Release-iphoneos/include -Xcc -I/Users/runner/Library/Developer/Xcode/DerivedData/BookonDebug-ehazsigvxemoqzdtqumqzfgyfpkz/Build/Intermediates.noindex/ArchiveIntermediates/BookonDebug/IntermediateBuildFilesPath/LegadoBookSource.build/Release-iphoneos/BookonDebugKit.build/DerivedSources-normal/arm64 -Xcc -I/Users/runner/Library/Developer/Xcode/DerivedData/BookonDebug-ehazsigvxemoqzdtqumqzfgyfpkz/Build/Intermediates.noindex/ArchiveIntermediates/BookonDebug/IntermediateBuildFilesPath/LegadoBookSource.build/Release-iphoneos/BookonDebugKit.build/DerivedSources/arm64 -Xcc -I/Users/runner/Library/Developer/Xcode/DerivedData/BookonDebug-ehazsigvxemoqzdtqumqzfgyfpkz/Build/Intermediates.noindex/ArchiveIntermediates/BookonDebug/IntermediateBuildFilesPath/LegadoBookSource.build/Release-iphoneos/BookonDebugKit.build/DerivedSources -Xcc -DSWIFT_PACKAGE -emit-objc-header -emit-objc-header-path /Users/runner/Library/Developer/Xcode/DerivedData/BookonDebug-ehazsigvxemoqzdtqumqzfgyfpkz/Build/Intermediates.noindex/ArchiveIntermediates/BookonDebug/IntermediateBuildFilesPath/LegadoBookSource.build/Release-iphoneos/BookonDebugKit.build/Objects-normal/arm64/BookonDebugKit-Swift.h -working-directory /Users/runner/work/bookon/bookon -no-emit-module-separately-wmo
2026-10-06T15:00:58.5267030Z 
2026-10-06T15:00:58.5271090Z SwiftCompile normal arm64 Compiling\ AppBuildInfo.swift,\ BookSourceRepository.swift,\ DebugEnvironment.swift,\ DebugLogStore.swift,\ DebugSession.swift,\ DebugSettings.swift,\ DebugTab.swift,\ DebugTextLimit.swift,\ ImportOutcome.swift,\ Reexports.swift,\ SharedEnvironment.swift /Users/runner/work/bookon/bookon/Sources/BookonDebugKit/AppBuildInfo.swift /Users/runner/work/bookon/bookon/Sources/BookonDebugKit/BookSourceRepository.swift /Users/runner/work/bookon/bookon/Sources/BookonDebugKit/DebugEnvironment.swift /Users/runner/work/bookon/bookon/Sources/BookonDebugKit/DebugLogStore.swift /Users/runner/work/bookon/bookon/Sources/BookonDebugKit/DebugSession.swift /Users/runner/work/bookon/bookon/Sources/BookonDebugKit/DebugSettings.swift /Users/runner/work/bookon/bookon/Sources/BookonDebugKit/DebugTab.swift /Users/runner/work/bookon/bookon/Sources/BookonDebugKit/DebugTextLimit.swift /Users/runner/work/bookon/bookon/Sources/BookonDebugKit/ImportOutcome.swift /Users/runner/work/bookon/bookon/Sources/BookonDebugKit/Reexports.swift /Users/runner/work/bookon/bookon/Sources/BookonDebugKit/SharedEnvironment.swift (in target 'BookonDebugKit' from project 'LegadoBookSource')
2026-10-06T15:00:58.5276190Z     cd /Users/runner/work/bookon/bookon
2026-10-06T15:00:58.5319780Z     builtin-swiftTaskExecution -- /Applications/Xcode_15.4.app/Contents/Developer/Toolchains/XcodeDefault.xctoolchain/usr/bin/swift-frontend -frontend -c /Users/runner/work/bookon/bookon/Sources/BookonDebugKit/AppBuildInfo.swift /Users/runner/work/bookon/bookon/Sources/BookonDebugKit/BookSourceRepository.swift /Users/runner/work/bookon/bookon/Sources/BookonDebugKit/DebugEnvironment.swift /Users/runner/work/bookon/bookon/Sources/BookonDebugKit/DebugLogStore.swift /Users/runner/work/bookon/bookon/Sources/BookonDebugKit/DebugSession.swift /Users/runner/work/bookon/bookon/Sources/BookonDebugKit/DebugSettings.swift /Users/runner/work/bookon/bookon/Sources/BookonDebugKit/DebugTab.swift /Users/runner/work/bookon/bookon/Sources/BookonDebugKit/DebugTextLimit.swift /Users/runner/work/bookon/bookon/Sources/BookonDebugKit/ImportOutcome.swift /Users/runner/work/bookon/bookon/Sources/BookonDebugKit/Reexports.swift /Users/runner/work/bookon/bookon/Sources/BookonDebugKit/SharedEnvironment.swift -supplementary-output-file-map /Users/runner/Library/Developer/Xcode/DerivedData/BookonDebug-ehazsigvxemoqzdtqumqzfgyfpkz/Build/Intermediates.noindex/ArchiveIntermediates/BookonDebug/IntermediateBuildFilesPath/LegadoBookSource.build/Release-iphoneos/BookonDebugKit.build/Objects-normal/arm64/supplementaryOutputs-3 -target arm64-apple-ios17.0 -Xllvm -aarch64-use-tbi -enable-objc-interop -stack-check -sdk /Applications/Xcode_15.4.app/Contents/Developer/Platforms/iPhoneOS.platform/Developer/SDKs/iPhoneOS17.5.sdk -I /Users/runner/Library/Developer/Xcode/DerivedData/BookonDebug-ehazsigvxemoqzdtqumqzfgyfpkz/Build/Intermediates.noindex/ArchiveIntermediates/BookonDebug/BuildProductsPath/Release-iphoneos -I /Applications/Xcode_15.4.app/Contents/Developer/Platforms/iPhoneOS.platform/Developer/usr/lib -F /Users/runner/Library/Developer/Xcode/DerivedData/BookonDebug-ehazsigvxemoqzdtqumqzfgyfpkz/Build/Intermediates.noindex/ArchiveIntermediates/BookonDebug/BuildProductsPath/Release-iphoneos/PackageFrameworks -F /Users/runner/Library/Developer/Xcode/DerivedData/BookonDebug-ehazsigvxemoqzdtqumqzfgyfpkz/Build/Intermediates.noindex/ArchiveIntermediates/BookonDebug/BuildProductsPath/Release-iphoneos/PackageFrameworks -F /Users/runner/Library/Developer/Xcode/DerivedData/BookonDebug-ehazsigvxemoqzdtqumqzfgyfpkz/Build/Intermediates.noindex/ArchiveIntermediates/BookonDebug/BuildProductsPath/Release-iphoneos -F /Applications/Xcode_15.4.app/Contents/Developer/Platforms/iPhoneOS.platform/Developer/Library/Frameworks -F /Applications/Xcode_15.4.app/Contents/Developer/Platforms/iPhoneOS.platform/Developer/SDKs/iPhoneOS17.5.sdk/Developer/Library/Frameworks -no-color-diagnostics -g -module-cache-path /Users/runner/Library/Developer/Xcode/DerivedData/ModuleCache.noindex -swift-version 5 -enforce-exclusivity\=checked -O -D SWIFT_PACKAGE -D Xcode -serialize-debugging-options -package-name bookon -const-gather-protocols-file /Users/runner/Library/Developer/Xcode/DerivedData/BookonDebug-ehazsigvxemoqzdtqumqzfgyfpkz/Build/Intermediates.noindex/ArchiveIntermediates/BookonDebug/IntermediateBuildFilesPath/LegadoBookSource.build/Release-iphoneos/BookonDebugKit.build/Objects-normal/arm64/BookonDebugKit_const_extract_protocols.json -empty-abi-descriptor -validate-clang-modules-once -clang-build-session-file /Users/runner/Library/Developer/Xcode/DerivedData/ModuleCache.noindex/Session.modulevalidation -Xcc -working-directory -Xcc /Users/runner/work/bookon/bookon -resource-dir /Applications/Xcode_15.4.app/Contents/Developer/Toolchains/XcodeDefault.xctoolchain/usr/lib/swift -Xcc -ivfsstatcache -Xcc /Users/runner/Library/Developer/Xcode/DerivedData/SDKStatCaches.noindex/iphoneos17.5-21F77-f0fa7969d082b13145125136a829df3a.sdkstatcache -Xcc -I/Users/runner/Library/Developer/Xcode/DerivedData/BookonDebug-ehazsigvxemoqzdtqumqzfgyfpkz/Build/Intermediates.noindex/ArchiveIntermediates/BookonDebug/IntermediateBuildFilesPath/LegadoBookSource.build/Release-iphoneos/BookonDebugKit.build/swift-overrides.hmap -Xcc -I/Users/runner/Library/Developer/Xcode/DerivedData/BookonDebug-ehazsigvxemoqzdtqumqzfgyfpkz/Build/Intermediates.noindex/ArchiveIntermediates/BookonDebug/BuildProductsPath/Release-iphoneos/include -Xcc -I/Users/runner/Library/Developer/Xcode/DerivedData/BookonDebug-ehazsigvxemoqzdtqumqzfgyfpkz/Build/Intermediates.noindex/ArchiveIntermediates/BookonDebug/IntermediateBuildFilesPath/LegadoBookSource.build/Release-iphoneos/BookonDebugKit.build/DerivedSources-normal/arm64 -Xcc -I/Users/runner/Library/Developer/Xcode/DerivedData/BookonDebug-ehazsigvxemoqzdtqumqzfgyfpkz/Build/Intermediates.noindex/ArchiveIntermediates/BookonDebug/IntermediateBuildFilesPath/LegadoBookSource.build/Release-iphoneos/BookonDebugKit.build/DerivedSources/arm64 -Xcc -I/Users/runner/Library/Developer/Xcode/DerivedData/BookonDebug-ehazsigvxemoqzdtqumqzfgyfpkz/Build/Intermediates.noindex/ArchiveIntermediates/BookonDebug/IntermediateBuildFilesPath/LegadoBookSource.build/Release-iphoneos/BookonDebugKit.build/DerivedSources -Xcc -DSWIFT_PACKAGE -module-name BookonDebugKit -frontend-parseable-output -disable-clang-spi -target-sdk-version 17.5 -target-sdk-name iphoneos17.5 -external-plugin-path /Applications/Xcode_15.4.app/Contents/Developer/Platforms/iPhoneOS.platform/Developer/SDKs/iPhoneOS17.5.sdk/usr/lib/swift/host/plugins\#/Applications/Xcode_15.4.app/Contents/Developer/Platforms/iPhoneOS.platform/Developer/SDKs/iPhoneOS17.5.sdk/usr/bin/swift-plugin-server -external-plugin-path /Applications/Xcode_15.4.app/Contents/Developer/Platforms/iPhoneOS.platform/Developer/SDKs/iPhoneOS17.5.sdk/usr/local/lib/swift/host/plugins\#/Applications/Xcode_15.4.app/Contents/Developer/Platforms/iPhoneOS.platform/Developer/SDKs/iPhoneOS17.5.sdk/usr/bin/swift-plugin-server -external-plugin-path /Applications/Xcode_15.4.app/Contents/Developer/Platforms/iPhoneOS.platform/Developer/usr/lib/swift/host/plugins\#/Applications/Xcode_15.4.app/Contents/Developer/Platforms/iPhoneOS.platform/Developer/usr/bin/swift-plugin-server -external-plugin-path /Applications/Xcode_15.4.app/Contents/Developer/Platforms/iPhoneOS.platform/Developer/usr/local/lib/swift/host/plugins\#/Applications/Xcode_15.4.app/Contents/Developer/Platforms/iPhoneOS.platform/Developer/usr/bin/swift-plugin-server -plugin-path /Applications/Xcode_15.4.app/Contents/Developer/Toolchains/XcodeDefault.xctoolchain/usr/lib/swift/host/plugins -plugin-path /Applications/Xcode_15.4.app/Contents/Developer/Toolchains/XcodeDefault.xctoolchain/usr/local/lib/swift/host/plugins -enable-default-cmo -num-threads 3 -o /Users/runner/Library/Developer/Xcode/DerivedData/BookonDebug-ehazsigvxemoqzdtqumqzfgyfpkz/Build/Intermediates.noindex/ArchiveIntermediates/BookonDebug/IntermediateBuildFilesPath/LegadoBookSource.build/Release-iphoneos/BookonDebugKit.build/Objects-normal/arm64/AppBuildInfo.o -o /Users/runner/Library/Developer/Xcode/DerivedData/BookonDebug-ehazsigvxemoqzdtqumqzfgyfpkz/Build/Intermediates.noindex/ArchiveIntermediates/BookonDebug/IntermediateBuildFilesPath/LegadoBookSource.build/Release-iphoneos/BookonDebugKit.build/Objects-normal/arm64/BookSourceRepository.o -o /Users/runner/Library/Developer/Xcode/DerivedData/BookonDebug-ehazsigvxemoqzdtqumqzfgyfpkz/Build/Intermediates.noindex/ArchiveIntermediates/BookonDebug/IntermediateBuildFilesPath/LegadoBookSource.build/Release-iphoneos/BookonDebugKit.build/Objects-normal/arm64/DebugEnvironment.o -o /Users/runner/Library/Developer/Xcode/DerivedData/BookonDebug-ehazsigvxemoqzdtqumqzfgyfpkz/Build/Intermediates.noindex/ArchiveIntermediates/BookonDebug/IntermediateBuildFilesPath/LegadoBookSource.build/Release-iphoneos/BookonDebugKit.build/Objects-normal/arm64/DebugLogStore.o -o /Users/runner/Library/Developer/Xcode/DerivedData/BookonDebug-ehazsigvxemoqzdtqumqzfgyfpkz/Build/Intermediates.noindex/ArchiveIntermediates/BookonDebug/IntermediateBuildFilesPath/LegadoBookSource.build/Release-iphoneos/BookonDebugKit.build/Objects-normal/arm64/DebugSession.o -o /Users/runner/Library/Developer/Xcode/DerivedData/BookonDebug-ehazsigvxemoqzdtqumqzfgyfpkz/Build/Intermediates.noindex/ArchiveIntermediates/BookonDebug/IntermediateBuildFilesPath/LegadoBookSource.build/Release-iphoneos/BookonDebugKit.build/Objects-normal/arm64/DebugSettings.o -o /Users/runner/Library/Developer/Xcode/DerivedData/BookonDebug-ehazsigvxemoqzdtqumqzfgyfpkz/Build/Intermediates.noindex/ArchiveIntermediates/BookonDebug/IntermediateBuildFilesPath/LegadoBookSource.build/Release-iphoneos/BookonDebugKit.build/Objects-normal/arm64/DebugTab.o -o /Users/runner/Library/Developer/Xcode/DerivedData/BookonDebug-ehazsigvxemoqzdtqumqzfgyfpkz/Build/Intermediates.noindex/ArchiveIntermediates/BookonDebug/IntermediateBuildFilesPath/LegadoBookSource.build/Release-iphoneos/BookonDebugKit.build/Objects-normal/arm64/DebugTextLimit.o -o /Users/runner/Library/Developer/Xcode/DerivedData/BookonDebug-ehazsigvxemoqzdtqumqzfgyfpkz/Build/Intermediates.noindex/ArchiveIntermediates/BookonDebug/IntermediateBuildFilesPath/LegadoBookSource.build/Release-iphoneos/BookonDebugKit.build/Objects-normal/arm64/ImportOutcome.o -o /Users/runner/Library/Developer/Xcode/DerivedData/BookonDebug-ehazsigvxemoqzdtqumqzfgyfpkz/Build/Intermediates.noindex/ArchiveIntermediates/BookonDebug/IntermediateBuildFilesPath/LegadoBookSource.build/Release-iphoneos/BookonDebugKit.build/Objects-normal/arm64/Reexports.o -o /Users/runner/Library/Developer/Xcode/DerivedData/BookonDebug-ehazsigvxemoqzdtqumqzfgyfpkz/Build/Intermediates.noindex/ArchiveIntermediates/BookonDebug/IntermediateBuildFilesPath/LegadoBookSource.build/Release-iphoneos/BookonDebugKit.build/Objects-normal/arm64/SharedEnvironment.o -index-unit-output-path /LegadoBookSource.build/Release-iphoneos/BookonDebugKit.build/Objects-normal/arm64/AppBuildInfo.o -index-unit-output-path /LegadoBookSource.build/Release-iphoneos/BookonDebugKit.build/Objects-normal/arm64/BookSourceRepository.o -index-unit-output-path /LegadoBookSource.build/Release-iphoneos/BookonDebugKit.build/Objects-normal/arm64/DebugEnvironment.o -index-unit-output-path /LegadoBookSource.build/Release-iphoneos/BookonDebugKit.build/Objects-normal/arm64/DebugLogStore.o -index-unit-output-path /LegadoBookSource.build/Release-iphoneos/BookonDebugKit.build/Objects-normal/arm64/DebugSession.o -index-unit-output-path /LegadoBookSource.build/Release-iphoneos/BookonDebugKit.build/Objects-normal/arm64/DebugSettings.o -index-unit-output-path /LegadoBookSource.build/Release-iphoneos/BookonDebugKit.build/Objects-normal/arm64/DebugTab.o -index-unit-output-path /LegadoBookSource.build/Release-iphoneos/BookonDebugKit.build/Objects-normal/arm64/DebugTextLimit.o -index-unit-output-path /LegadoBookSource.build/Release-iphoneos/BookonDebugKit.build/Objects-normal/arm64/ImportOutcome.o -index-unit-output-path /LegadoBookSource.build/Release-iphoneos/BookonDebugKit.build/Objects-normal/arm64/Reexports.o -index-unit-output-path /LegadoBookSource.build/Release-iphoneos/BookonDebugKit.build/Objects-normal/arm64/SharedEnvironment.o
2026-10-06T15:00:58.5364490Z CompileSwift normal arm64 (in target 'BookonDebugKit' from project 'LegadoBookSource')
2026-10-06T15:00:58.5364880Z     cd /Users/runner/work/bookon/bookon
2026-10-06T15:00:58.5406140Z     /Applications/Xcode_15.4.app/Contents/Developer/Toolchains/XcodeDefault.xctoolchain/usr/bin/swift-frontend -c /Users/runner/work/bookon/bookon/Sources/BookonDebugKit/AppBuildInfo.swift /Users/runner/work/bookon/bookon/Sources/BookonDebugKit/BookSourceRepository.swift /Users/runner/work/bookon/bookon/Sources/BookonDebugKit/DebugEnvironment.swift /Users/runner/work/bookon/bookon/Sources/BookonDebugKit/DebugLogStore.swift /Users/runner/work/bookon/bookon/Sources/BookonDebugKit/DebugSession.swift /Users/runner/work/bookon/bookon/Sources/BookonDebugKit/DebugSettings.swift /Users/runner/work/bookon/bookon/Sources/BookonDebugKit/DebugTab.swift /Users/runner/work/bookon/bookon/Sources/BookonDebugKit/DebugTextLimit.swift /Users/runner/work/bookon/bookon/Sources/BookonDebugKit/ImportOutcome.swift /Users/runner/work/bookon/bookon/Sources/BookonDebugKit/Reexports.swift /Users/runner/work/bookon/bookon/Sources/BookonDebugKit/SharedEnvironment.swift -supplementary-output-file-map /Users/runner/Library/Developer/Xcode/DerivedData/BookonDebug-ehazsigvxemoqzdtqumqzfgyfpkz/Build/Intermediates.noindex/ArchiveIntermediates/BookonDebug/IntermediateBuildFilesPath/LegadoBookSource.build/Release-iphoneos/BookonDebugKit.build/Objects-normal/arm64/supplementaryOutputs-3 -target arm64-apple-ios17.0 -Xllvm -aarch64-use-tbi -enable-objc-interop -stack-check -sdk /Applications/Xcode_15.4.app/Contents/Developer/Platforms/iPhoneOS.platform/Developer/SDKs/iPhoneOS17.5.sdk -I /Users/runner/Library/Developer/Xcode/DerivedData/BookonDebug-ehazsigvxemoqzdtqumqzfgyfpkz/Build/Intermediates.noindex/ArchiveIntermediates/BookonDebug/BuildProductsPath/Release-iphoneos -I /Applications/Xcode_15.4.app/Contents/Developer/Platforms/iPhoneOS.platform/Developer/usr/lib -F /Users/runner/Library/Developer/Xcode/DerivedData/BookonDebug-ehazsigvxemoqzdtqumqzfgyfpkz/Build/Intermediates.noindex/ArchiveIntermediates/BookonDebug/BuildProductsPath/Release-iphoneos/PackageFrameworks -F /Users/runner/Library/Developer/Xcode/DerivedData/BookonDebug-ehazsigvxemoqzdtqumqzfgyfpkz/Build/Intermediates.noindex/ArchiveIntermediates/BookonDebug/BuildProductsPath/Release-iphoneos/PackageFrameworks -F /Users/runner/Library/Developer/Xcode/DerivedData/BookonDebug-ehazsigvxemoqzdtqumqzfgyfpkz/Build/Intermediates.noindex/ArchiveIntermediates/BookonDebug/BuildProductsPath/Release-iphoneos -F /Applications/Xcode_15.4.app/Contents/Developer/Platforms/iPhoneOS.platform/Developer/Library/Frameworks -F /Applications/Xcode_15.4.app/Contents/Developer/Platforms/iPhoneOS.platform/Developer/SDKs/iPhoneOS17.5.sdk/Developer/Library/Frameworks -no-color-diagnostics -g -module-cache-path /Users/runner/Library/Developer/Xcode/DerivedData/ModuleCache.noindex -swift-version 5 -enforce-exclusivity\=checked -O -D SWIFT_PACKAGE -D Xcode -serialize-debugging-options -package-name bookon -const-gather-protocols-file /Users/runner/Library/Developer/Xcode/DerivedData/BookonDebug-ehazsigvxemoqzdtqumqzfgyfpkz/Build/Intermediates.noindex/ArchiveIntermediates/BookonDebug/IntermediateBuildFilesPath/LegadoBookSource.build/Release-iphoneos/BookonDebugKit.build/Objects-normal/arm64/BookonDebugKit_const_extract_protocols.json -empty-abi-descriptor -validate-clang-modules-once -clang-build-session-file /Users/runner/Library/Developer/Xcode/DerivedData/ModuleCache.noindex/Session.modulevalidation -Xcc -working-directory -Xcc /Users/runner/work/bookon/bookon -resource-dir /Applications/Xcode_15.4.app/Contents/Developer/Toolchains/XcodeDefault.xctoolchain/usr/lib/swift -Xcc -ivfsstatcache -Xcc /Users/runner/Library/Developer/Xcode/DerivedData/SDKStatCaches.noindex/iphoneos17.5-21F77-f0fa7969d082b13145125136a829df3a.sdkstatcache -Xcc -I/Users/runner/Library/Developer/Xcode/DerivedData/BookonDebug-ehazsigvxemoqzdtqumqzfgyfpkz/Build/Intermediates.noindex/ArchiveIntermediates/BookonDebug/IntermediateBuildFilesPath/LegadoBookSource.build/Release-iphoneos/BookonDebugKit.build/swift-overrides.hmap -Xcc -I/Users/runner/Library/Developer/Xcode/DerivedData/BookonDebug-ehazsigvxemoqzdtqumqzfgyfpkz/Build/Intermediates.noindex/ArchiveIntermediates/BookonDebug/BuildProductsPath/Release-iphoneos/include -Xcc -I/Users/runner/Library/Developer/Xcode/DerivedData/BookonDebug-ehazsigvxemoqzdtqumqzfgyfpkz/Build/Intermediates.noindex/ArchiveIntermediates/BookonDebug/IntermediateBuildFilesPath/LegadoBookSource.build/Release-iphoneos/BookonDebugKit.build/DerivedSources-normal/arm64 -Xcc -I/Users/runner/Library/Developer/Xcode/DerivedData/BookonDebug-ehazsigvxemoqzdtqumqzfgyfpkz/Build/Intermediates.noindex/ArchiveIntermediates/BookonDebug/IntermediateBuildFilesPath/LegadoBookSource.build/Release-iphoneos/BookonDebugKit.build/DerivedSources/arm64 -Xcc -I/Users/runner/Library/Developer/Xcode/DerivedData/BookonDebug-ehazsigvxemoqzdtqumqzfgyfpkz/Build/Intermediates.noindex/ArchiveIntermediates/BookonDebug/IntermediateBuildFilesPath/LegadoBookSource.build/Release-iphoneos/BookonDebugKit.build/DerivedSources -Xcc -DSWIFT_PACKAGE -module-name BookonDebugKit -frontend-parseable-output -disable-clang-spi -target-sdk-version 17.5 -target-sdk-name iphoneos17.5 -external-plugin-path /Applications/Xcode_15.4.app/Contents/Developer/Platforms/iPhoneOS.platform/Developer/SDKs/iPhoneOS17.5.sdk/usr/lib/swift/host/plugins\#/Applications/Xcode_15.4.app/Contents/Developer/Platforms/iPhoneOS.platform/Developer/SDKs/iPhoneOS17.5.sdk/usr/bin/swift-plugin-server -external-plugin-path /Applications/Xcode_15.4.app/Contents/Developer/Platforms/iPhoneOS.platform/Developer/SDKs/iPhoneOS17.5.sdk/usr/local/lib/swift/host/plugins\#/Applications/Xcode_15.4.app/Contents/Developer/Platforms/iPhoneOS.platform/Developer/SDKs/iPhoneOS17.5.sdk/usr/bin/swift-plugin-server -external-plugin-path /Applications/Xcode_15.4.app/Contents/Developer/Platforms/iPhoneOS.platform/Developer/usr/lib/swift/host/plugins\#/Applications/Xcode_15.4.app/Contents/Developer/Platforms/iPhoneOS.platform/Developer/usr/bin/swift-plugin-server -external-plugin-path /Applications/Xcode_15.4.app/Contents/Developer/Platforms/iPhoneOS.platform/Developer/usr/local/lib/swift/host/plugins\#/Applications/Xcode_15.4.app/Contents/Developer/Platforms/iPhoneOS.platform/Developer/usr/bin/swift-plugin-server -plugin-path /Applications/Xcode_15.4.app/Contents/Developer/Toolchains/XcodeDefault.xctoolchain/usr/lib/swift/host/plugins -plugin-path /Applications/Xcode_15.4.app/Contents/Developer/Toolchains/XcodeDefault.xctoolchain/usr/local/lib/swift/host/plugins -enable-default-cmo -num-threads 3 -o /Users/runner/Library/Developer/Xcode/DerivedData/BookonDebug-ehazsigvxemoqzdtqumqzfgyfpkz/Build/Intermediates.noindex/ArchiveIntermediates/BookonDebug/IntermediateBuildFilesPath/LegadoBookSource.build/Release-iphoneos/BookonDebugKit.build/Objects-normal/arm64/AppBuildInfo.o -o /Users/runner/Library/Developer/Xcode/DerivedData/BookonDebug-ehazsigvxemoqzdtqumqzfgyfpkz/Build/Intermediates.noindex/ArchiveIntermediates/BookonDebug/IntermediateBuildFilesPath/LegadoBookSource.build/Release-iphoneos/BookonDebugKit.build/Objects-normal/arm64/BookSourceRepository.o -o /Users/runner/Library/Developer/Xcode/DerivedData/BookonDebug-ehazsigvxemoqzdtqumqzfgyfpkz/Build/Intermediates.noindex/ArchiveIntermediates/BookonDebug/IntermediateBuildFilesPath/LegadoBookSource.build/Release-iphoneos/BookonDebugKit.build/Objects-normal/arm64/DebugEnvironment.o -o /Users/runner/Library/Developer/Xcode/DerivedData/BookonDebug-ehazsigvxemoqzdtqumqzfgyfpkz/Build/Intermediates.noindex/ArchiveIntermediates/BookonDebug/IntermediateBuildFilesPath/LegadoBookSource.build/Release-iphoneos/BookonDebugKit.build/Objects-normal/arm64/DebugLogStore.o -o /Users/runner/Library/Developer/Xcode/DerivedData/BookonDebug-ehazsigvxemoqzdtqumqzfgyfpkz/Build/Intermediates.noindex/ArchiveIntermediates/BookonDebug/IntermediateBuildFilesPath/LegadoBookSource.build/Release-iphoneos/BookonDebugKit.build/Objects-normal/arm64/DebugSession.o -o /Users/runner/Library/Developer/Xcode/DerivedData/BookonDebug-ehazsigvxemoqzdtqumqzfgyfpkz/Build/Intermediates.noindex/ArchiveIntermediates/BookonDebug/IntermediateBuildFilesPath/LegadoBookSource.build/Release-iphoneos/BookonDebugKit.build/Objects-normal/arm64/DebugSettings.o -o /Users/runner/Library/Developer/Xcode/DerivedData/BookonDebug-ehazsigvxemoqzdtqumqzfgyfpkz/Build/Intermediates.noindex/ArchiveIntermediates/BookonDebug/IntermediateBuildFilesPath/LegadoBookSource.build/Release-iphoneos/BookonDebugKit.build/Objects-normal/arm64/DebugTab.o -o /Users/runner/Library/Developer/Xcode/DerivedData/BookonDebug-ehazsigvxemoqzdtqumqzfgyfpkz/Build/Intermediates.noindex/ArchiveIntermediates/BookonDebug/IntermediateBuildFilesPath/LegadoBookSource.build/Release-iphoneos/BookonDebugKit.build/Objects-normal/arm64/DebugTextLimit.o -o /Users/runner/Library/Developer/Xcode/DerivedData/BookonDebug-ehazsigvxemoqzdtqumqzfgyfpkz/Build/Intermediates.noindex/ArchiveIntermediates/BookonDebug/IntermediateBuildFilesPath/LegadoBookSource.build/Release-iphoneos/BookonDebugKit.build/Objects-normal/arm64/ImportOutcome.o -o /Users/runner/Library/Developer/Xcode/DerivedData/BookonDebug-ehazsigvxemoqzdtqumqzfgyfpkz/Build/Intermediates.noindex/ArchiveIntermediates/BookonDebug/IntermediateBuildFilesPath/LegadoBookSource.build/Release-iphoneos/BookonDebugKit.build/Objects-normal/arm64/Reexports.o -o /Users/runner/Library/Developer/Xcode/DerivedData/BookonDebug-ehazsigvxemoqzdtqumqzfgyfpkz/Build/Intermediates.noindex/ArchiveIntermediates/BookonDebug/IntermediateBuildFilesPath/LegadoBookSource.build/Release-iphoneos/BookonDebugKit.build/Objects-normal/arm64/SharedEnvironment.o -index-unit-output-path /LegadoBookSource.build/Release-iphoneos/BookonDebugKit.build/Objects-normal/arm64/AppBuildInfo.o -index-unit-output-path /LegadoBookSource.build/Release-iphoneos/BookonDebugKit.build/Objects-normal/arm64/BookSourceRepository.o -index-unit-output-path /LegadoBookSource.build/Release-iphoneos/BookonDebugKit.build/Objects-normal/arm64/DebugEnvironment.o -index-unit-output-path /LegadoBookSource.build/Release-iphoneos/BookonDebugKit.build/Objects-normal/arm64/DebugLogStore.o -index-unit-output-path /LegadoBookSource.build/Release-iphoneos/BookonDebugKit.build/Objects-normal/arm64/DebugSession.o -index-unit-output-path /LegadoBookSource.build/Release-iphoneos/BookonDebugKit.build/Objects-normal/arm64/DebugSettings.o -index-unit-output-path /LegadoBookSource.build/Release-iphoneos/BookonDebugKit.build/Objects-normal/arm64/DebugTab.o -index-unit-output-path /LegadoBookSource.build/Release-iphoneos/BookonDebugKit.build/Objects-normal/arm64/DebugTextLimit.o -index-unit-output-path /LegadoBookSource.build/Release-iphoneos/BookonDebugKit.build/Objects-normal/arm64/ImportOutcome.o -index-unit-output-path /LegadoBookSource.build/Release-iphoneos/BookonDebugKit.build/Objects-normal/arm64/Reexports.o -index-unit-output-path /LegadoBookSource.build/Release-iphoneos/BookonDebugKit.build/Objects-normal/arm64/SharedEnvironment.o
2026-10-06T15:01:02.5864270Z 
2026-10-06T15:01:02.5965040Z SetOwnerAndGroup runner:staff /Users/runner/Library/Developer/Xcode/DerivedData/BookonDebug-ehazsigvxemoqzdtqumqzfgyfpkz/Build/Intermediates.noindex/ArchiveIntermediates/BookonDebug/IntermediateBuildFilesPath/UninstalledProducts/iphoneos/LegadoBookSource.o (in target 'LegadoBookSource' from project 'LegadoBookSource')
2026-10-06T15:01:02.5966770Z     cd /Users/runner/work/bookon/bookon
2026-10-06T15:01:02.5968250Z     /usr/sbin/chown -RH runner:staff /Users/runner/Library/Developer/Xcode/DerivedData/BookonDebug-ehazsigvxemoqzdtqumqzfgyfpkz/Build/Intermediates.noindex/ArchiveIntermediates/BookonDebug/IntermediateBuildFilesPath/UninstalledProducts/iphoneos/LegadoBookSource.o
2026-10-06T15:01:02.5969980Z 
2026-10-06T15:01:02.5971000Z SetMode u+w,go-w,a+rX /Users/runner/Library/Developer/Xcode/DerivedData/BookonDebug-ehazsigvxemoqzdtqumqzfgyfpkz/Build/Intermediates.noindex/ArchiveIntermediates/BookonDebug/IntermediateBuildFilesPath/UninstalledProducts/iphoneos/LegadoBookSource.o (in target 'LegadoBookSource' from project 'LegadoBookSource')
2026-10-06T15:01:02.5972230Z     cd /Users/runner/work/bookon/bookon
2026-10-06T15:01:02.5973890Z     /bin/chmod -RH u+w,go-w,a+rX /Users/runner/Library/Developer/Xcode/DerivedData/BookonDebug-ehazsigvxemoqzdtqumqzfgyfpkz/Build/Intermediates.noindex/ArchiveIntermediates/BookonDebug/IntermediateBuildFilesPath/UninstalledProducts/iphoneos/LegadoBookSource.o
2026-10-06T15:01:02.5974720Z 
2026-10-06T15:01:02.5976040Z RegisterExecutionPolicyException /Users/runner/Library/Developer/Xcode/DerivedData/BookonDebug-ehazsigvxemoqzdtqumqzfgyfpkz/Build/Intermediates.noindex/ArchiveIntermediates/BookonDebug/IntermediateBuildFilesPath/UninstalledProducts/iphoneos/LegadoBookSource.o (in target 'LegadoBookSource' from project 'LegadoBookSource')
2026-10-06T15:01:02.5977280Z     cd /Users/runner/work/bookon/bookon
2026-10-06T15:01:02.5978240Z     builtin-RegisterExecutionPolicyException /Users/runner/Library/Developer/Xcode/DerivedData/BookonDebug-ehazsigvxemoqzdtqumqzfgyfpkz/Build/Intermediates.noindex/ArchiveIntermediates/BookonDebug/IntermediateBuildFilesPath/UninstalledProducts/iphoneos/LegadoBookSource.o
2026-10-06T15:01:02.5979190Z 
2026-10-06T15:01:02.5980300Z WriteAuxiliaryFile /Users/runner/Library/Developer/Xcode/DerivedData/BookonDebug-ehazsigvxemoqzdtqumqzfgyfpkz/Build/Intermediates.noindex/ArchiveIntermediates/BookonDebug/IntermediateBuildFilesPath/LegadoBookSource.build/Release-iphoneos/BookonDebugKit.build/Objects-normal/arm64/BookonDebugKit.LinkFileList (in target 'BookonDebugKit' from project 'LegadoBookSource')
2026-10-06T15:01:02.5981790Z     cd /Users/runner/work/bookon/bookon
2026-10-06T15:01:02.5982870Z     write-file /Users/runner/Library/Developer/Xcode/DerivedData/BookonDebug-ehazsigvxemoqzdtqumqzfgyfpkz/Build/Intermediates.noindex/ArchiveIntermediates/BookonDebug/IntermediateBuildFilesPath/LegadoBookSource.build/Release-iphoneos/BookonDebugKit.build/Objects-normal/arm64/BookonDebugKit.LinkFileList
2026-10-06T15:01:02.5985100Z 
2026-10-06T15:01:02.5986190Z SwiftDriverJobDiscovery normal arm64 Compiling AppBuildInfo.swift, BookSourceRepository.swift, DebugEnvironment.swift, DebugLogStore.swift, DebugSession.swift, DebugSettings.swift, DebugTab.swift, DebugTextLimit.swift, ImportOutcome.swift, Reexports.swift, SharedEnvironment.swift (in target 'BookonDebugKit' from project 'LegadoBookSource')
2026-10-06T15:01:02.5987330Z 
2026-10-06T15:01:02.5987780Z SwiftDriver\ Compilation\ Requirements BookonDebugKit normal arm64 com.apple.xcode.tools.swift.compiler (in target 'BookonDebugKit' from project 'LegadoBookSource')
2026-10-06T15:01:02.5988360Z     cd /Users/runner/work/bookon/bookon
2026-10-06T15:01:02.6008070Z     builtin-Swift-Compilation-Requirements -- /Applications/Xcode_15.4.app/Contents/Developer/Toolchains/XcodeDefault.xctoolchain/usr/bin/swiftc -module-name BookonDebugKit -O -whole-module-optimization -enforce-exclusivity\=checked @/Users/runner/Library/Developer/Xcode/DerivedData/BookonDebug-ehazsigvxemoqzdtqumqzfgyfpkz/Build/Intermediates.noindex/ArchiveIntermediates/BookonDebug/IntermediateBuildFilesPath/LegadoBookSource.build/Release-iphoneos/BookonDebugKit.build/Objects-normal/arm64/BookonDebugKit.SwiftFileList -DSWIFT_PACKAGE -DXcode -sdk /Applications/Xcode_15.4.app/Contents/Developer/Platforms/iPhoneOS.platform/Developer/SDKs/iPhoneOS17.5.sdk -target arm64-apple-ios17.0 -g -module-cache-path /Users/runner/Library/Developer/Xcode/DerivedData/ModuleCache.noindex -Xfrontend -serialize-debugging-options -swift-version 5 -I /Users/runner/Library/Developer/Xcode/DerivedData/BookonDebug-ehazsigvxemoqzdtqumqzfgyfpkz/Build/Intermediates.noindex/ArchiveIntermediates/BookonDebug/BuildProductsPath/Release-iphoneos -I /Applications/Xcode_15.4.app/Contents/Developer/Platforms/iPhoneOS.platform/Developer/usr/lib -F /Users/runner/Library/Developer/Xcode/DerivedData/BookonDebug-ehazsigvxemoqzdtqumqzfgyfpkz/Build/Intermediates.noindex/ArchiveIntermediates/BookonDebug/BuildProductsPath/Release-iphoneos/PackageFrameworks -F /Users/runner/Library/Developer/Xcode/DerivedData/BookonDebug-ehazsigvxemoqzdtqumqzfgyfpkz/Build/Intermediates.noindex/ArchiveIntermediates/BookonDebug/BuildProductsPath/Release-iphoneos/PackageFrameworks -F /Users/runner/Library/Developer/Xcode/DerivedData/BookonDebug-ehazsigvxemoqzdtqumqzfgyfpkz/Build/Intermediates.noindex/ArchiveIntermediates/BookonDebug/BuildProductsPath/Release-iphoneos -F /Applications/Xcode_15.4.app/Contents/Developer/Platforms/iPhoneOS.platform/Developer/Library/Frameworks -F /Applications/Xcode_15.4.app/Contents/Developer/Platforms/iPhoneOS.platform/Developer/SDKs/iPhoneOS17.5.sdk/Developer/Library/Frameworks -c -num-threads 3 -Xcc -ivfsstatcache -Xcc /Users/runner/Library/Developer/Xcode/DerivedData/SDKStatCaches.noindex/iphoneos17.5-21F77-f0fa7969d082b13145125136a829df3a.sdkstatcache -output-file-map /Users/runner/Library/Developer/Xcode/DerivedData/BookonDebug-ehazsigvxemoqzdtqumqzfgyfpkz/Build/Intermediates.noindex/ArchiveIntermediates/BookonDebug/IntermediateBuildFilesPath/LegadoBookSource.build/Release-iphoneos/BookonDebugKit.build/Objects-normal/arm64/BookonDebugKit-OutputFileMap.json -use-frontend-parseable-output -save-temps -no-color-diagnostics -serialize-diagnostics -emit-dependencies -emit-module -emit-module-path /Users/runner/Library/Developer/Xcode/DerivedData/BookonDebug-ehazsigvxemoqzdtqumqzfgyfpkz/Build/Intermediates.noindex/ArchiveIntermediates/BookonDebug/IntermediateBuildFilesPath/LegadoBookSource.build/Release-iphoneos/BookonDebugKit.build/Objects-normal/arm64/BookonDebugKit.swiftmodule -validate-clang-modules-once -clang-build-session-file /Users/runner/Library/Developer/Xcode/DerivedData/ModuleCache.noindex/Session.modulevalidation -Xfrontend -package-name -Xfrontend bookon -Xcc -I/Users/runner/Library/Developer/Xcode/DerivedData/BookonDebug-ehazsigvxemoqzdtqumqzfgyfpkz/Build/Intermediates.noindex/ArchiveIntermediates/BookonDebug/IntermediateBuildFilesPath/LegadoBookSource.build/Release-iphoneos/BookonDebugKit.build/swift-overrides.hmap -emit-const-values -Xfrontend -const-gather-protocols-file -Xfrontend /Users/runner/Library/Developer/Xcode/DerivedData/BookonDebug-ehazsigvxemoqzdtqumqzfgyfpkz/Build/Intermediates.noindex/ArchiveIntermediates/BookonDebug/IntermediateBuildFilesPath/LegadoBookSource.build/Release-iphoneos/BookonDebugKit.build/Objects-normal/arm64/BookonDebugKit_const_extract_protocols.json -Xcc -I/Users/runner/Library/Developer/Xcode/DerivedData/BookonDebug-ehazsigvxemoqzdtqumqzfgyfpkz/Build/Intermediates.noindex/ArchiveIntermediates/BookonDebug/BuildProductsPath/Release-iphoneos/include -Xcc -I/Users/runner/Library/Developer/Xcode/DerivedData/BookonDebug-ehazsigvxemoqzdtqumqzfgyfpkz/Build/Intermediates.noindex/ArchiveIntermediates/BookonDebug/IntermediateBuildFilesPath/LegadoBookSource.build/Release-iphoneos/BookonDebugKit.build/DerivedSources-normal/arm64 -Xcc -I/Users/runner/Library/Developer/Xcode/DerivedData/BookonDebug-ehazsigvxemoqzdtqumqzfgyfpkz/Build/Intermediates.noindex/ArchiveIntermediates/BookonDebug/IntermediateBuildFilesPath/LegadoBookSource.build/Release-iphoneos/BookonDebugKit.build/DerivedSources/arm64 -Xcc -I/Users/runner/Library/Developer/Xcode/DerivedData/BookonDebug-ehazsigvxemoqzdtqumqzfgyfpkz/Build/Intermediates.noindex/ArchiveIntermediates/BookonDebug/IntermediateBuildFilesPath/LegadoBookSource.build/Release-iphoneos/BookonDebugKit.build/DerivedSources -Xcc -DSWIFT_PACKAGE -emit-objc-header -emit-objc-header-path /Users/runner/Library/Developer/Xcode/DerivedData/BookonDebug-ehazsigvxemoqzdtqumqzfgyfpkz/Build/Intermediates.noindex/ArchiveIntermediates/BookonDebug/IntermediateBuildFilesPath/LegadoBookSource.build/Release-iphoneos/BookonDebugKit.build/Objects-normal/arm64/BookonDebugKit-Swift.h -working-directory /Users/runner/work/bookon/bookon -no-emit-module-separately-wmo
2026-10-06T15:01:02.6025100Z 
2026-10-06T15:01:02.6026980Z SwiftMergeGeneratedHeaders /Users/runner/Library/Developer/Xcode/DerivedData/BookonDebug-ehazsigvxemoqzdtqumqzfgyfpkz/Build/Intermediates.noindex/ArchiveIntermediates/BookonDebug/IntermediateBuildFilesPath/GeneratedModuleMaps-iphoneos/BookonDebugKit-Swift.h /Users/runner/Library/Developer/Xcode/DerivedData/BookonDebug-ehazsigvxemoqzdtqumqzfgyfpkz/Build/Intermediates.noindex/ArchiveIntermediates/BookonDebug/IntermediateBuildFilesPath/LegadoBookSource.build/Release-iphoneos/BookonDebugKit.build/Objects-normal/arm64/BookonDebugKit-Swift.h (in target 'BookonDebugKit' from project 'LegadoBookSource')
2026-10-06T15:01:02.6029090Z     cd /Users/runner/work/bookon/bookon
2026-10-06T15:01:02.6031360Z     builtin-swiftHeaderTool -arch arm64 /Users/runner/Library/Developer/Xcode/DerivedData/BookonDebug-ehazsigvxemoqzdtqumqzfgyfpkz/Build/Intermediates.noindex/ArchiveIntermediates/BookonDebug/IntermediateBuildFilesPath/LegadoBookSource.build/Release-iphoneos/BookonDebugKit.build/Objects-normal/arm64/BookonDebugKit-Swift.h -o /Users/runner/Library/Developer/Xcode/DerivedData/BookonDebug-ehazsigvxemoqzdtqumqzfgyfpkz/Build/Intermediates.noindex/ArchiveIntermediates/BookonDebug/IntermediateBuildFilesPath/GeneratedModuleMaps-iphoneos/BookonDebugKit-Swift.h
2026-10-06T15:01:02.6033170Z 
2026-10-06T15:01:02.6089930Z Copy /Users/runner/Library/Developer/Xcode/DerivedData/BookonDebug-ehazsigvxemoqzdtqumqzfgyfpkz/Build/Intermediates.noindex/ArchiveIntermediates/BookonDebug/BuildProductsPath/Release-iphoneos/BookonDebugKit.swiftmodule/arm64-apple-ios.swiftmodule /Users/runner/Library/Developer/Xcode/DerivedData/BookonDebug-ehazsigvxemoqzdtqumqzfgyfpkz/Build/Intermediates.noindex/ArchiveIntermediates/BookonDebug/IntermediateBuildFilesPath/LegadoBookSource.build/Release-iphoneos/BookonDebugKit.build/Objects-normal/arm64/BookonDebugKit.swiftmodule (in target 'BookonDebugKit' from project 'LegadoBookSource')
2026-10-06T15:01:02.6092440Z     cd /Users/runner/work/bookon/bookon
2026-10-06T15:01:02.6095830Z     builtin-copy -exclude .DS_Store -exclude CVS -exclude .svn -exclude .git -exclude .hg -strip-unsigned-binaries -strip-deterministic -strip-tool /Applications/Xcode_15.4.app/Contents/Developer/Toolchains/XcodeDefault.xctoolchain/usr/bin/strip -resolve-src-symlinks -rename /Users/runner/Library/Developer/Xcode/DerivedData/BookonDebug-ehazsigvxemoqzdtqumqzfgyfpkz/Build/Intermediates.noindex/ArchiveIntermediates/BookonDebug/IntermediateBuildFilesPath/LegadoBookSource.build/Release-iphoneos/BookonDebugKit.build/Objects-normal/arm64/BookonDebugKit.swiftmodule /Users/runner/Library/Developer/Xcode/DerivedData/BookonDebug-ehazsigvxemoqzdtqumqzfgyfpkz/Build/Intermediates.noindex/ArchiveIntermediates/BookonDebug/BuildProductsPath/Release-iphoneos/BookonDebugKit.swiftmodule/arm64-apple-ios.swiftmodule
2026-10-06T15:01:02.6099990Z 
2026-10-06T15:01:02.6102080Z Copy /Users/runner/Library/Developer/Xcode/DerivedData/BookonDebug-ehazsigvxemoqzdtqumqzfgyfpkz/Build/Intermediates.noindex/ArchiveIntermediates/BookonDebug/BuildProductsPath/Release-iphoneos/BookonDebugKit.swiftmodule/arm64-apple-ios.swiftdoc /Users/runner/Library/Developer/Xcode/DerivedData/BookonDebug-ehazsigvxemoqzdtqumqzfgyfpkz/Build/Intermediates.noindex/ArchiveIntermediates/BookonDebug/IntermediateBuildFilesPath/LegadoBookSource.build/Release-iphoneos/BookonDebugKit.build/Objects-normal/arm64/BookonDebugKit.swiftdoc (in target 'BookonDebugKit' from project 'LegadoBookSource')
2026-10-06T15:01:02.6104740Z     cd /Users/runner/work/bookon/bookon
2026-10-06T15:01:02.6107710Z     builtin-copy -exclude .DS_Store -exclude CVS -exclude .svn -exclude .git -exclude .hg -strip-unsigned-binaries -strip-deterministic -strip-tool /Applications/Xcode_15.4.app/Contents/Developer/Toolchains/XcodeDefault.xctoolchain/usr/bin/strip -resolve-src-symlinks -rename /Users/runner/Library/Developer/Xcode/DerivedData/BookonDebug-ehazsigvxemoqzdtqumqzfgyfpkz/Build/Intermediates.noindex/ArchiveIntermediates/BookonDebug/IntermediateBuildFilesPath/LegadoBookSource.build/Release-iphoneos/BookonDebugKit.build/Objects-normal/arm64/BookonDebugKit.swiftdoc /Users/runner/Library/Developer/Xcode/DerivedData/BookonDebug-ehazsigvxemoqzdtqumqzfgyfpkz/Build/Intermediates.noindex/ArchiveIntermediates/BookonDebug/BuildProductsPath/Release-iphoneos/BookonDebugKit.swiftmodule/arm64-apple-ios.swiftdoc
2026-10-06T15:01:02.6110240Z 
2026-10-06T15:01:02.6112520Z Copy /Users/runner/Library/Developer/Xcode/DerivedData/BookonDebug-ehazsigvxemoqzdtqumqzfgyfpkz/Build/Intermediates.noindex/ArchiveIntermediates/BookonDebug/BuildProductsPath/Release-iphoneos/BookonDebugKit.swiftmodule/arm64-apple-ios.abi.json /Users/runner/Library/Developer/Xcode/DerivedData/BookonDebug-ehazsigvxemoqzdtqumqzfgyfpkz/Build/Intermediates.noindex/ArchiveIntermediates/BookonDebug/IntermediateBuildFilesPath/LegadoBookSource.build/Release-iphoneos/BookonDebugKit.build/Objects-normal/arm64/BookonDebugKit.abi.json (in target 'BookonDebugKit' from project 'LegadoBookSource')
2026-10-06T15:01:02.6115350Z     cd /Users/runner/work/bookon/bookon
2026-10-06T15:01:02.6118360Z     builtin-copy -exclude .DS_Store -exclude CVS -exclude .svn -exclude .git -exclude .hg -strip-unsigned-binaries -strip-deterministic -strip-tool /Applications/Xcode_15.4.app/Contents/Developer/Toolchains/XcodeDefault.xctoolchain/usr/bin/strip -resolve-src-symlinks -rename /Users/runner/Library/Developer/Xcode/DerivedData/BookonDebug-ehazsigvxemoqzdtqumqzfgyfpkz/Build/Intermediates.noindex/ArchiveIntermediates/BookonDebug/IntermediateBuildFilesPath/LegadoBookSource.build/Release-iphoneos/BookonDebugKit.build/Objects-normal/arm64/BookonDebugKit.abi.json /Users/runner/Library/Developer/Xcode/DerivedData/BookonDebug-ehazsigvxemoqzdtqumqzfgyfpkz/Build/Intermediates.noindex/ArchiveIntermediates/BookonDebug/BuildProductsPath/Release-iphoneos/BookonDebugKit.swiftmodule/arm64-apple-ios.abi.json
2026-10-06T15:01:02.6120810Z 
2026-10-06T15:01:02.6121670Z Ld /Users/runner/Library/Developer/Xcode/DerivedData/BookonDebug-ehazsigvxemoqzdtqumqzfgyfpkz/Build/Intermediates.noindex/ArchiveIntermediates/BookonDebug/IntermediateBuildFilesPath/UninstalledProducts/iphoneos/BookonDebugKit.o normal (in target 'BookonDebugKit' from project 'LegadoBookSource')
2026-10-06T15:01:02.6122680Z     cd /Users/runner/work/bookon/bookon
2026-10-06T15:01:02.6133950Z     /Applications/Xcode_15.4.app/Contents/Developer/Toolchains/XcodeDefault.xctoolchain/usr/bin/clang -Xlinker -reproducible -target arm64-apple-ios17.0 -r -isysroot /Applications/Xcode_15.4.app/Contents/Developer/Platforms/iPhoneOS.platform/Developer/SDKs/iPhoneOS17.5.sdk -Os -L/Users/runner/Library/Developer/Xcode/DerivedData/BookonDebug-ehazsigvxemoqzdtqumqzfgyfpkz/Build/Intermediates.noindex/ArchiveIntermediates/BookonDebug/IntermediateBuildFilesPath/EagerLinkingTBDs/Release-iphoneos -L/Users/runner/Library/Developer/Xcode/DerivedData/BookonDebug-ehazsigvxemoqzdtqumqzfgyfpkz/Build/Intermediates.noindex/ArchiveIntermediates/BookonDebug/BuildProductsPath/Release-iphoneos -L/Applications/Xcode_15.4.app/Contents/Developer/Platforms/iPhoneOS.platform/Developer/usr/lib -F/Users/runner/Library/Developer/Xcode/DerivedData/BookonDebug-ehazsigvxemoqzdtqumqzfgyfpkz/Build/Intermediates.noindex/ArchiveIntermediates/BookonDebug/IntermediateBuildFilesPath/EagerLinkingTBDs/Release-iphoneos -F/Users/runner/Library/Developer/Xcode/DerivedData/BookonDebug-ehazsigvxemoqzdtqumqzfgyfpkz/Build/Intermediates.noindex/ArchiveIntermediates/BookonDebug/BuildProductsPath/Release-iphoneos/PackageFrameworks -F/Users/runner/Library/Developer/Xcode/DerivedData/BookonDebug-ehazsigvxemoqzdtqumqzfgyfpkz/Build/Intermediates.noindex/ArchiveIntermediates/BookonDebug/BuildProductsPath/Release-iphoneos/PackageFrameworks -F/Users/runner/Library/Developer/Xcode/DerivedData/BookonDebug-ehazsigvxemoqzdtqumqzfgyfpkz/Build/Intermediates.noindex/ArchiveIntermediates/BookonDebug/BuildProductsPath/Release-iphoneos -iframework /Applications/Xcode_15.4.app/Contents/Developer/Platforms/iPhoneOS.platform/Developer/Library/Frameworks -iframework /Applications/Xcode_15.4.app/Contents/Developer/Platforms/iPhoneOS.platform/Developer/SDKs/iPhoneOS17.5.sdk/Developer/Library/Frameworks -filelist /Users/runner/Library/Developer/Xcode/DerivedData/BookonDebug-ehazsigvxemoqzdtqumqzfgyfpkz/Build/Intermediates.noindex/ArchiveIntermediates/BookonDebug/IntermediateBuildFilesPath/LegadoBookSource.build/Release-iphoneos/BookonDebugKit.build/Objects-normal/arm64/BookonDebugKit.LinkFileList -nostdlib -Xlinker -object_path_lto -Xlinker /Users/runner/Library/Developer/Xcode/DerivedData/BookonDebug-ehazsigvxemoqzdtqumqzfgyfpkz/Build/Intermediates.noindex/ArchiveIntermediates/BookonDebug/IntermediateBuildFilesPath/LegadoBookSource.build/Release-iphoneos/BookonDebugKit.build/Objects-normal/arm64/BookonDebugKit_lto.o -fobjc-link-runtime -L/Applications/Xcode_15.4.app/Contents/Developer/Toolchains/XcodeDefault.xctoolchain/usr/lib/swift/iphoneos -L/usr/lib/swift -Xlinker -add_ast_path -Xlinker /Users/runner/Library/Developer/Xcode/DerivedData/BookonDebug-ehazsigvxemoqzdtqumqzfgyfpkz/Build/Intermediates.noindex/ArchiveIntermediates/BookonDebug/IntermediateBuildFilesPath/LegadoBookSource.build/Release-iphoneos/BookonDebugKit.build/Objects-normal/arm64/BookonDebugKit.swiftmodule -Xlinker -dependency_info -Xlinker /Users/runner/Library/Developer/Xcode/DerivedData/BookonDebug-ehazsigvxemoqzdtqumqzfgyfpkz/Build/Intermediates.noindex/ArchiveIntermediates/BookonDebug/IntermediateBuildFilesPath/LegadoBookSource.build/Release-iphoneos/BookonDebugKit.build/Objects-normal/arm64/BookonDebugKit_dependency_info.dat -o /Users/runner/Library/Developer/Xcode/DerivedData/BookonDebug-ehazsigvxemoqzdtqumqzfgyfpkz/Build/Intermediates.noindex/ArchiveIntermediates/BookonDebug/IntermediateBuildFilesPath/UninstalledProducts/iphoneos/BookonDebugKit.o
2026-10-06T15:01:02.6285070Z 
2026-10-06T15:01:02.6286550Z WriteAuxiliaryFile /Users/runner/Library/Developer/Xcode/DerivedData/BookonDebug-ehazsigvxemoqzdtqumqzfgyfpkz/Build/Intermediates.noindex/ArchiveIntermediates/BookonDebug/IntermediateBuildFilesPath/BookonDebug.build/Release-iphoneos/BookonDebug.build/all-product-headers.yaml (in target 'BookonDebug' from project 'BookonDebug')
2026-10-06T15:01:02.6288490Z     cd /Users/runner/work/bookon/bookon
2026-10-06T15:01:02.6289700Z     write-file /Users/runner/Library/Developer/Xcode/DerivedData/BookonDebug-ehazsigvxemoqzdtqumqzfgyfpkz/Build/Intermediates.noindex/ArchiveIntermediates/BookonDebug/IntermediateBuildFilesPath/BookonDebug.build/Release-iphoneos/BookonDebug.build/all-product-headers.yaml
2026-10-06T15:01:02.6290680Z 
2026-10-06T15:01:02.6291660Z WriteAuxiliaryFile /Users/runner/Library/Developer/Xcode/DerivedData/BookonDebug-ehazsigvxemoqzdtqumqzfgyfpkz/Build/Intermediates.noindex/ArchiveIntermediates/BookonDebug/IntermediateBuildFilesPath/BookonDebug.build/Release-iphoneos/BookonDebug.build/BookonDebug.hmap (in target 'BookonDebug' from project 'BookonDebug')
2026-10-06T15:01:02.6292780Z     cd /Users/runner/work/bookon/bookon
2026-10-06T15:01:02.6293760Z     write-file /Users/runner/Library/Developer/Xcode/DerivedData/BookonDebug-ehazsigvxemoqzdtqumqzfgyfpkz/Build/Intermediates.noindex/ArchiveIntermediates/BookonDebug/IntermediateBuildFilesPath/BookonDebug.build/Release-iphoneos/BookonDebug.build/BookonDebug.hmap
2026-10-06T15:01:02.6295000Z 
2026-10-06T15:01:02.6296100Z WriteAuxiliaryFile /Users/runner/Library/Developer/Xcode/DerivedData/BookonDebug-ehazsigvxemoqzdtqumqzfgyfpkz/Build/Intermediates.noindex/ArchiveIntermediates/BookonDebug/IntermediateBuildFilesPath/BookonDebug.build/Release-iphoneos/BookonDebug.build/BookonDebug-project-headers.hmap (in target 'BookonDebug' from project 'BookonDebug')
2026-10-06T15:01:02.6297220Z     cd /Users/runner/work/bookon/bookon
2026-10-06T15:01:02.6298650Z     write-file /Users/runner/Library/Developer/Xcode/DerivedData/BookonDebug-ehazsigvxemoqzdtqumqzfgyfpkz/Build/Intermediates.noindex/ArchiveIntermediates/BookonDebug/IntermediateBuildFilesPath/BookonDebug.build/Release-iphoneos/BookonDebug.build/BookonDebug-project-headers.hmap
2026-10-06T15:01:02.6299610Z 
2026-10-06T15:01:02.6300720Z WriteAuxiliaryFile /Users/runner/Library/Developer/Xcode/DerivedData/BookonDebug-ehazsigvxemoqzdtqumqzfgyfpkz/Build/Intermediates.noindex/ArchiveIntermediates/BookonDebug/IntermediateBuildFilesPath/BookonDebug.build/Release-iphoneos/BookonDebug.build/BookonDebug-own-target-headers.hmap (in target 'BookonDebug' from project 'BookonDebug')
2026-10-06T15:01:02.6301960Z     cd /Users/runner/work/bookon/bookon
2026-10-06T15:01:02.6303680Z     write-file /Users/runner/Library/Developer/Xcode/DerivedData/BookonDebug-ehazsigvxemoqzdtqumqzfgyfpkz/Build/Intermediates.noindex/ArchiveIntermediates/BookonDebug/IntermediateBuildFilesPath/BookonDebug.build/Release-iphoneos/BookonDebug.build/BookonDebug-own-target-headers.hmap
2026-10-06T15:01:02.6304630Z 
2026-10-06T15:01:02.6305780Z WriteAuxiliaryFile /Users/runner/Library/Developer/Xcode/DerivedData/BookonDebug-ehazsigvxemoqzdtqumqzfgyfpkz/Build/Intermediates.noindex/ArchiveIntermediates/BookonDebug/IntermediateBuildFilesPath/BookonDebug.build/Release-iphoneos/BookonDebug.build/BookonDebug-generated-files.hmap (in target 'BookonDebug' from project 'BookonDebug')
2026-10-06T15:01:02.6307240Z     cd /Users/runner/work/bookon/bookon
2026-10-06T15:01:02.6308210Z     write-file /Users/runner/Library/Developer/Xcode/DerivedData/BookonDebug-ehazsigvxemoqzdtqumqzfgyfpkz/Build/Intermediates.noindex/ArchiveIntermediates/BookonDebug/IntermediateBuildFilesPath/BookonDebug.build/Release-iphoneos/BookonDebug.build/BookonDebug-generated-files.hmap
2026-10-06T15:01:02.6315520Z 
2026-10-06T15:01:02.6316930Z WriteAuxiliaryFile /Users/runner/Library/Developer/Xcode/DerivedData/BookonDebug-ehazsigvxemoqzdtqumqzfgyfpkz/Build/Intermediates.noindex/ArchiveIntermediates/BookonDebug/IntermediateBuildFilesPath/BookonDebug.build/Release-iphoneos/BookonDebug.build/BookonDebug-all-target-headers.hmap (in target 'BookonDebug' from project 'BookonDebug')
2026-10-06T15:01:02.6318520Z     cd /Users/runner/work/bookon/bookon
2026-10-06T15:01:02.6320620Z     write-file /Users/runner/Library/Developer/Xcode/DerivedData/BookonDebug-ehazsigvxemoqzdtqumqzfgyfpkz/Build/Intermediates.noindex/ArchiveIntermediates/BookonDebug/IntermediateBuildFilesPath/BookonDebug.build/Release-iphoneos/BookonDebug.build/BookonDebug-all-target-headers.hmap
2026-10-06T15:01:02.6321530Z 
2026-10-06T15:01:02.6322620Z WriteAuxiliaryFile /Users/runner/Library/Developer/Xcode/DerivedData/BookonDebug-ehazsigvxemoqzdtqumqzfgyfpkz/Build/Intermediates.noindex/ArchiveIntermediates/BookonDebug/IntermediateBuildFilesPath/BookonDebug.build/Release-iphoneos/BookonDebug.build/BookonDebug-all-non-framework-target-headers.hmap (in target 'BookonDebug' from project 'BookonDebug')
2026-10-06T15:01:02.6324570Z     cd /Users/runner/work/bookon/bookon
2026-10-06T15:01:02.6325720Z     write-file /Users/runner/Library/Developer/Xcode/DerivedData/BookonDebug-ehazsigvxemoqzdtqumqzfgyfpkz/Build/Intermediates.noindex/ArchiveIntermediates/BookonDebug/IntermediateBuildFilesPath/BookonDebug.build/Release-iphoneos/BookonDebug.build/BookonDebug-all-non-framework-target-headers.hmap
2026-10-06T15:01:02.6326710Z 
2026-10-06T15:01:02.6327810Z WriteAuxiliaryFile /Users/runner/Library/Developer/Xcode/DerivedData/BookonDebug-ehazsigvxemoqzdtqumqzfgyfpkz/Build/Intermediates.noindex/ArchiveIntermediates/BookonDebug/IntermediateBuildFilesPath/BookonDebug.build/Release-iphoneos/BookonDebug.build/Objects-normal/arm64/BookonDebug_const_extract_protocols.json (in target 'BookonDebug' from project 'BookonDebug')
2026-10-06T15:01:02.6329150Z     cd /Users/runner/work/bookon/bookon
2026-10-06T15:01:02.6330320Z     write-file /Users/runner/Library/Developer/Xcode/DerivedData/BookonDebug-ehazsigvxemoqzdtqumqzfgyfpkz/Build/Intermediates.noindex/ArchiveIntermediates/BookonDebug/IntermediateBuildFilesPath/BookonDebug.build/Release-iphoneos/BookonDebug.build/Objects-normal/arm64/BookonDebug_const_extract_protocols.json
2026-10-06T15:01:02.6331780Z 
2026-10-06T15:01:02.6333000Z WriteAuxiliaryFile /Users/runner/Library/Developer/Xcode/DerivedData/BookonDebug-ehazsigvxemoqzdtqumqzfgyfpkz/Build/Intermediates.noindex/ArchiveIntermediates/BookonDebug/IntermediateBuildFilesPath/BookonDebug.build/Release-iphoneos/BookonDebug.build/Objects-normal/arm64/BookonDebug.SwiftFileList (in target 'BookonDebug' from project 'BookonDebug')
2026-10-06T15:01:02.6334240Z     cd /Users/runner/work/bookon/bookon
2026-10-06T15:01:02.6335560Z     write-file /Users/runner/Library/Developer/Xcode/DerivedData/BookonDebug-ehazsigvxemoqzdtqumqzfgyfpkz/Build/Intermediates.noindex/ArchiveIntermediates/BookonDebug/IntermediateBuildFilesPath/BookonDebug.build/Release-iphoneos/BookonDebug.build/Objects-normal/arm64/BookonDebug.SwiftFileList
2026-10-06T15:01:02.6336920Z 
2026-10-06T15:01:02.6338000Z WriteAuxiliaryFile /Users/runner/Library/Developer/Xcode/DerivedData/BookonDebug-ehazsigvxemoqzdtqumqzfgyfpkz/Build/Intermediates.noindex/ArchiveIntermediates/BookonDebug/IntermediateBuildFilesPath/BookonDebug.build/Release-iphoneos/BookonDebug.build/Objects-normal/arm64/BookonDebug-OutputFileMap.json (in target 'BookonDebug' from project 'BookonDebug')
2026-10-06T15:01:02.6339390Z     cd /Users/runner/work/bookon/bookon
2026-10-06T15:01:02.6340600Z     write-file /Users/runner/Library/Developer/Xcode/DerivedData/BookonDebug-ehazsigvxemoqzdtqumqzfgyfpkz/Build/Intermediates.noindex/ArchiveIntermediates/BookonDebug/IntermediateBuildFilesPath/BookonDebug.build/Release-iphoneos/BookonDebug.build/Objects-normal/arm64/BookonDebug-OutputFileMap.json
2026-10-06T15:01:02.6341830Z 
2026-10-06T15:01:02.6342510Z SwiftDriver BookonDebug normal arm64 com.apple.xcode.tools.swift.compiler (in target 'BookonDebug' from project 'BookonDebug')
2026-10-06T15:01:02.6343120Z     cd /Users/runner/work/bookon/bookon
2026-10-06T15:01:02.6367090Z     builtin-SwiftDriver -- /Applications/Xcode_15.4.app/Contents/Developer/Toolchains/XcodeDefault.xctoolchain/usr/bin/swiftc -module-name BookonDebug -O -whole-module-optimization -enforce-exclusivity\=checked @/Users/runner/Library/Developer/Xcode/DerivedData/BookonDebug-ehazsigvxemoqzdtqumqzfgyfpkz/Build/Intermediates.noindex/ArchiveIntermediates/BookonDebug/IntermediateBuildFilesPath/BookonDebug.build/Release-iphoneos/BookonDebug.build/Objects-normal/arm64/BookonDebug.SwiftFileList -sdk /Applications/Xcode_15.4.app/Contents/Developer/Platforms/iPhoneOS.platform/Developer/SDKs/iPhoneOS17.5.sdk -target arm64-apple-ios17.0 -enable-bare-slash-regex -g -module-cache-path /Users/runner/Library/Developer/Xcode/DerivedData/ModuleCache.noindex -Xfrontend -serialize-debugging-options -swift-version 5 -I /Users/runner/Library/Developer/Xcode/DerivedData/BookonDebug-ehazsigvxemoqzdtqumqzfgyfpkz/Build/Intermediates.noindex/ArchiveIntermediates/BookonDebug/BuildProductsPath/Release-iphoneos -F /Users/runner/Library/Developer/Xcode/DerivedData/BookonDebug-ehazsigvxemoqzdtqumqzfgyfpkz/Build/Intermediates.noindex/ArchiveIntermediates/BookonDebug/BuildProductsPath/Release-iphoneos/PackageFrameworks -F /Users/runner/Library/Developer/Xcode/DerivedData/BookonDebug-ehazsigvxemoqzdtqumqzfgyfpkz/Build/Intermediates.noindex/ArchiveIntermediates/BookonDebug/BuildProductsPath/Release-iphoneos/PackageFrameworks -F /Users/runner/Library/Developer/Xcode/DerivedData/BookonDebug-ehazsigvxemoqzdtqumqzfgyfpkz/Build/Intermediates.noindex/ArchiveIntermediates/BookonDebug/BuildProductsPath/Release-iphoneos/PackageFrameworks -F /Users/runner/Library/Developer/Xcode/DerivedData/BookonDebug-ehazsigvxemoqzdtqumqzfgyfpkz/Build/Intermediates.noindex/ArchiveIntermediates/BookonDebug/BuildProductsPath/Release-iphoneos -c -num-threads 3 -Xcc -ivfsstatcache -Xcc /Users/runner/Library/Developer/Xcode/DerivedData/SDKStatCaches.noindex/iphoneos17.5-21F77-f0fa7969d082b13145125136a829df3a.sdkstatcache -output-file-map /Users/runner/Library/Developer/Xcode/DerivedData/BookonDebug-ehazsigvxemoqzdtqumqzfgyfpkz/Build/Intermediates.noindex/ArchiveIntermediates/BookonDebug/IntermediateBuildFilesPath/BookonDebug.build/Release-iphoneos/BookonDebug.build/Objects-normal/arm64/BookonDebug-OutputFileMap.json -use-frontend-parseable-output -save-temps -no-color-diagnostics -serialize-diagnostics -emit-dependencies -emit-module -emit-module-path /Users/runner/Library/Developer/Xcode/DerivedData/BookonDebug-ehazsigvxemoqzdtqumqzfgyfpkz/Build/Intermediates.noindex/ArchiveIntermediates/BookonDebug/IntermediateBuildFilesPath/BookonDebug.build/Release-iphoneos/BookonDebug.build/Objects-normal/arm64/BookonDebug.swiftmodule -validate-clang-modules-once -clang-build-session-file /Users/runner/Library/Developer/Xcode/DerivedData/ModuleCache.noindex/Session.modulevalidation -Xcc -I/Users/runner/Library/Developer/Xcode/DerivedData/BookonDebug-ehazsigvxemoqzdtqumqzfgyfpkz/Build/Intermediates.noindex/ArchiveIntermediates/BookonDebug/IntermediateBuildFilesPath/BookonDebug.build/Release-iphoneos/BookonDebug.build/swift-overrides.hmap -emit-const-values -Xfrontend -const-gather-protocols-file -Xfrontend /Users/runner/Library/Developer/Xcode/DerivedData/BookonDebug-ehazsigvxemoqzdtqumqzfgyfpkz/Build/Intermediates.noindex/ArchiveIntermediates/BookonDebug/IntermediateBuildFilesPath/BookonDebug.build/Release-iphoneos/BookonDebug.build/Objects-normal/arm64/BookonDebug_const_extract_protocols.json -Xcc -iquote -Xcc /Users/runner/Library/Developer/Xcode/DerivedData/BookonDebug-ehazsigvxemoqzdtqumqzfgyfpkz/Build/Intermediates.noindex/ArchiveIntermediates/BookonDebug/IntermediateBuildFilesPath/BookonDebug.build/Release-iphoneos/BookonDebug.build/BookonDebug-generated-files.hmap -Xcc -I/Users/runner/Library/Developer/Xcode/DerivedData/BookonDebug-ehazsigvxemoqzdtqumqzfgyfpkz/Build/Intermediates.noindex/ArchiveIntermediates/BookonDebug/IntermediateBuildFilesPath/BookonDebug.build/Release-iphoneos/BookonDebug.build/BookonDebug-own-target-headers.hmap -Xcc -I/Users/runner/Library/Developer/Xcode/DerivedData/BookonDebug-ehazsigvxemoqzdtqumqzfgyfpkz/Build/Intermediates.noindex/ArchiveIntermediates/BookonDebug/IntermediateBuildFilesPath/BookonDebug.build/Release-iphoneos/BookonDebug.build/BookonDebug-all-non-framework-target-headers.hmap -Xcc -ivfsoverlay -Xcc /Users/runner/Library/Developer/Xcode/DerivedData/BookonDebug-ehazsigvxemoqzdtqumqzfgyfpkz/Build/Intermediates.noindex/ArchiveIntermediates/BookonDebug/IntermediateBuildFilesPath/BookonDebug.build/Release-iphoneos/BookonDebug.build/all-product-headers.yaml -Xcc -iquote -Xcc /Users/runner/Library/Developer/Xcode/DerivedData/BookonDebug-ehazsigvxemoqzdtqumqzfgyfpkz/Build/Intermediates.noindex/ArchiveIntermediates/BookonDebug/IntermediateBuildFilesPath/BookonDebug.build/Release-iphoneos/BookonDebug.build/BookonDebug-project-headers.hmap -Xcc -I/Users/runner/Library/Developer/Xcode/DerivedData/BookonDebug-ehazsigvxemoqzdtqumqzfgyfpkz/Build/Intermediates.noindex/ArchiveIntermediates/BookonDebug/BuildProductsPath/Release-iphoneos/include -Xcc -I/Users/runner/Library/Developer/Xcode/DerivedData/BookonDebug-ehazsigvxemoqzdtqumqzfgyfpkz/Build/Intermediates.noindex/ArchiveIntermediates/BookonDebug/IntermediateBuildFilesPath/BookonDebug.build/Release-iphoneos/BookonDebug.build/DerivedSources-normal/arm64 -Xcc -I/Users/runner/Library/Developer/Xcode/DerivedData/BookonDebug-ehazsigvxemoqzdtqumqzfgyfpkz/Build/Intermediates.noindex/ArchiveIntermediates/BookonDebug/IntermediateBuildFilesPath/BookonDebug.build/Release-iphoneos/BookonDebug.build/DerivedSources/arm64 -Xcc -I/Users/runner/Library/Developer/Xcode/DerivedData/BookonDebug-ehazsigvxemoqzdtqumqzfgyfpkz/Build/Intermediates.noindex/ArchiveIntermediates/BookonDebug/IntermediateBuildFilesPath/BookonDebug.build/Release-iphoneos/BookonDebug.build/DerivedSources -emit-objc-header -emit-objc-header-path /Users/runner/Library/Developer/Xcode/DerivedData/BookonDebug-ehazsigvxemoqzdtqumqzfgyfpkz/Build/Intermediates.noindex/ArchiveIntermediates/BookonDebug/IntermediateBuildFilesPath/BookonDebug.build/Release-iphoneos/BookonDebug.build/Objects-normal/arm64/BookonDebug-Swift.h -working-directory /Users/runner/work/bookon/bookon -no-emit-module-separately-wmo
2026-10-06T15:01:02.6417540Z 
2026-10-06T15:01:02.6419440Z SwiftCompile normal arm64 Compiling\ BookonDebugApp.swift,\ ContentView.swift,\ DebugView.swift,\ LogHistoryView.swift,\ SettingsView.swift,\ SourceListView.swift /Users/runner/work/bookon/bookon/App/BookonDebugApp.swift /Users/runner/work/bookon/bookon/App/ContentView.swift /Users/runner/work/bookon/bookon/App/DebugView.swift /Users/runner/work/bookon/bookon/App/LogHistoryView.swift /Users/runner/work/bookon/bookon/App/SettingsView.swift /Users/runner/work/bookon/bookon/App/SourceListView.swift (in target 'BookonDebug' from project 'BookonDebug')
2026-10-06T15:01:02.6421400Z     cd /Users/runner/work/bookon/bookon
2026-10-06T15:01:02.6454460Z     builtin-swiftTaskExecution -- /Applications/Xcode_15.4.app/Contents/Developer/Toolchains/XcodeDefault.xctoolchain/usr/bin/swift-frontend -frontend -c /Users/runner/work/bookon/bookon/App/BookonDebugApp.swift /Users/runner/work/bookon/bookon/App/ContentView.swift /Users/runner/work/bookon/bookon/App/DebugView.swift /Users/runner/work/bookon/bookon/App/LogHistoryView.swift /Users/runner/work/bookon/bookon/App/SettingsView.swift /Users/runner/work/bookon/bookon/App/SourceListView.swift -supplementary-output-file-map /Users/runner/Library/Developer/Xcode/DerivedData/BookonDebug-ehazsigvxemoqzdtqumqzfgyfpkz/Build/Intermediates.noindex/ArchiveIntermediates/BookonDebug/IntermediateBuildFilesPath/BookonDebug.build/Release-iphoneos/BookonDebug.build/Objects-normal/arm64/supplementaryOutputs-4 -target arm64-apple-ios17.0 -Xllvm -aarch64-use-tbi -enable-objc-interop -stack-check -sdk /Applications/Xcode_15.4.app/Contents/Developer/Platforms/iPhoneOS.platform/Developer/SDKs/iPhoneOS17.5.sdk -I /Users/runner/Library/Developer/Xcode/DerivedData/BookonDebug-ehazsigvxemoqzdtqumqzfgyfpkz/Build/Intermediates.noindex/ArchiveIntermediates/BookonDebug/BuildProductsPath/Release-iphoneos -F /Users/runner/Library/Developer/Xcode/DerivedData/BookonDebug-ehazsigvxemoqzdtqumqzfgyfpkz/Build/Intermediates.noindex/ArchiveIntermediates/BookonDebug/BuildProductsPath/Release-iphoneos/PackageFrameworks -F /Users/runner/Library/Developer/Xcode/DerivedData/BookonDebug-ehazsigvxemoqzdtqumqzfgyfpkz/Build/Intermediates.noindex/ArchiveIntermediates/BookonDebug/BuildProductsPath/Release-iphoneos/PackageFrameworks -F /Users/runner/Library/Developer/Xcode/DerivedData/BookonDebug-ehazsigvxemoqzdtqumqzfgyfpkz/Build/Intermediates.noindex/ArchiveIntermediates/BookonDebug/BuildProductsPath/Release-iphoneos/PackageFrameworks -F /Users/runner/Library/Developer/Xcode/DerivedData/BookonDebug-ehazsigvxemoqzdtqumqzfgyfpkz/Build/Intermediates.noindex/ArchiveIntermediates/BookonDebug/BuildProductsPath/Release-iphoneos -no-color-diagnostics -g -module-cache-path /Users/runner/Library/Developer/Xcode/DerivedData/ModuleCache.noindex -swift-version 5 -enforce-exclusivity\=checked -O -serialize-debugging-options -const-gather-protocols-file /Users/runner/Library/Developer/Xcode/DerivedData/BookonDebug-ehazsigvxemoqzdtqumqzfgyfpkz/Build/Intermediates.noindex/ArchiveIntermediates/BookonDebug/IntermediateBuildFilesPath/BookonDebug.build/Release-iphoneos/BookonDebug.build/Objects-normal/arm64/BookonDebug_const_extract_protocols.json -enable-bare-slash-regex -empty-abi-descriptor -validate-clang-modules-once -clang-build-session-file /Users/runner/Library/Developer/Xcode/DerivedData/ModuleCache.noindex/Session.modulevalidation -Xcc -working-directory -Xcc /Users/runner/work/bookon/bookon -resource-dir /Applications/Xcode_15.4.app/Contents/Developer/Toolchains/XcodeDefault.xctoolchain/usr/lib/swift -Xcc -ivfsstatcache -Xcc /Users/runner/Library/Developer/Xcode/DerivedData/SDKStatCaches.noindex/iphoneos17.5-21F77-f0fa7969d082b13145125136a829df3a.sdkstatcache -Xcc -I/Users/runner/Library/Developer/Xcode/DerivedData/BookonDebug-ehazsigvxemoqzdtqumqzfgyfpkz/Build/Intermediates.noindex/ArchiveIntermediates/BookonDebug/IntermediateBuildFilesPath/BookonDebug.build/Release-iphoneos/BookonDebug.build/swift-overrides.hmap -Xcc -iquote -Xcc /Users/runner/Library/Developer/Xcode/DerivedData/BookonDebug-ehazsigvxemoqzdtqumqzfgyfpkz/Build/Intermediates.noindex/ArchiveIntermediates/BookonDebug/IntermediateBuildFilesPath/BookonDebug.build/Release-iphoneos/BookonDebug.build/BookonDebug-generated-files.hmap -Xcc -I/Users/runner/Library/Developer/Xcode/DerivedData/BookonDebug-ehazsigvxemoqzdtqumqzfgyfpkz/Build/Intermediates.noindex/ArchiveIntermediates/BookonDebug/IntermediateBuildFilesPath/BookonDebug.build/Release-iphoneos/BookonDebug.build/BookonDebug-own-target-headers.hmap -Xcc -I/Users/runner/Library/Developer/Xcode/DerivedData/BookonDebug-ehazsigvxemoqzdtqumqzfgyfpkz/Build/Intermediates.noindex/ArchiveIntermediates/BookonDebug/IntermediateBuildFilesPath/BookonDebug.build/Release-iphoneos/BookonDebug.build/BookonDebug-all-non-framework-target-headers.hmap -Xcc -ivfsoverlay -Xcc /Users/runner/Library/Developer/Xcode/DerivedData/BookonDebug-ehazsigvxemoqzdtqumqzfgyfpkz/Build/Intermediates.noindex/ArchiveIntermediates/BookonDebug/IntermediateBuildFilesPath/BookonDebug.build/Release-iphoneos/BookonDebug.build/all-product-headers.yaml -Xcc -iquote -Xcc /Users/runner/Library/Developer/Xcode/DerivedData/BookonDebug-ehazsigvxemoqzdtqumqzfgyfpkz/Build/Intermediates.noindex/ArchiveIntermediates/BookonDebug/IntermediateBuildFilesPath/BookonDebug.build/Release-iphoneos/BookonDebug.build/BookonDebug-project-headers.hmap -Xcc -I/Users/runner/Library/Developer/Xcode/DerivedData/BookonDebug-ehazsigvxemoqzdtqumqzfgyfpkz/Build/Intermediates.noindex/ArchiveIntermediates/BookonDebug/BuildProductsPath/Release-iphoneos/include -Xcc -I/Users/runner/Library/Developer/Xcode/DerivedData/BookonDebug-ehazsigvxemoqzdtqumqzfgyfpkz/Build/Intermediates.noindex/ArchiveIntermediates/BookonDebug/IntermediateBuildFilesPath/BookonDebug.build/Release-iphoneos/BookonDebug.build/DerivedSources-normal/arm64 -Xcc -I/Users/runner/Library/Developer/Xcode/DerivedData/BookonDebug-ehazsigvxemoqzdtqumqzfgyfpkz/Build/Intermediates.noindex/ArchiveIntermediates/BookonDebug/IntermediateBuildFilesPath/BookonDebug.build/Release-iphoneos/BookonDebug.build/DerivedSources/arm64 -Xcc -I/Users/runner/Library/Developer/Xcode/DerivedData/BookonDebug-ehazsigvxemoqzdtqumqzfgyfpkz/Build/Intermediates.noindex/ArchiveIntermediates/BookonDebug/IntermediateBuildFilesPath/BookonDebug.build/Release-iphoneos/BookonDebug.build/DerivedSources -module-name BookonDebug -frontend-parseable-output -disable-clang-spi -target-sdk-version 17.5 -target-sdk-name iphoneos17.5 -external-plugin-path /Applications/Xcode_15.4.app/Contents/Developer/Platforms/iPhoneOS.platform/Developer/SDKs/iPhoneOS17.5.sdk/usr/lib/swift/host/plugins\#/Applications/Xcode_15.4.app/Contents/Developer/Platforms/iPhoneOS.platform/Developer/SDKs/iPhoneOS17.5.sdk/usr/bin/swift-plugin-server -external-plugin-path /Applications/Xcode_15.4.app/Contents/Developer/Platforms/iPhoneOS.platform/Developer/SDKs/iPhoneOS17.5.sdk/usr/local/lib/swift/host/plugins\#/Applications/Xcode_15.4.app/Contents/Developer/Platforms/iPhoneOS.platform/Developer/SDKs/iPhoneOS17.5.sdk/usr/bin/swift-plugin-server -external-plugin-path /Applications/Xcode_15.4.app/Contents/Developer/Platforms/iPhoneOS.platform/Developer/usr/lib/swift/host/plugins\#/Applications/Xcode_15.4.app/Contents/Developer/Platforms/iPhoneOS.platform/Developer/usr/bin/swift-plugin-server -external-plugin-path /Applications/Xcode_15.4.app/Contents/Developer/Platforms/iPhoneOS.platform/Developer/usr/local/lib/swift/host/plugins\#/Applications/Xcode_15.4.app/Contents/Developer/Platforms/iPhoneOS.platform/Developer/usr/bin/swift-plugin-server -plugin-path /Applications/Xcode_15.4.app/Contents/Developer/Toolchains/XcodeDefault.xctoolchain/usr/lib/swift/host/plugins -plugin-path /Applications/Xcode_15.4.app/Contents/Developer/Toolchains/XcodeDefault.xctoolchain/usr/local/lib/swift/host/plugins -enable-default-cmo -num-threads 3 -o /Users/runner/Library/Developer/Xcode/DerivedData/BookonDebug-ehazsigvxemoqzdtqumqzfgyfpkz/Build/Intermediates.noindex/ArchiveIntermediates/BookonDebug/IntermediateBuildFilesPath/BookonDebug.build/Release-iphoneos/BookonDebug.build/Objects-normal/arm64/BookonDebugApp.o -o /Users/runner/Library/Developer/Xcode/DerivedData/BookonDebug-ehazsigvxemoqzdtqumqzfgyfpkz/Build/Intermediates.noindex/ArchiveIntermediates/BookonDebug/IntermediateBuildFilesPath/BookonDebug.build/Release-iphoneos/BookonDebug.build/Objects-normal/arm64/ContentView.o -o /Users/runner/Library/Developer/Xcode/DerivedData/BookonDebug-ehazsigvxemoqzdtqumqzfgyfpkz/Build/Intermediates.noindex/ArchiveIntermediates/BookonDebug/IntermediateBuildFilesPath/BookonDebug.build/Release-iphoneos/BookonDebug.build/Objects-normal/arm64/DebugView.o -o /Users/runner/Library/Developer/Xcode/DerivedData/BookonDebug-ehazsigvxemoqzdtqumqzfgyfpkz/Build/Intermediates.noindex/ArchiveIntermediates/BookonDebug/IntermediateBuildFilesPath/BookonDebug.build/Release-iphoneos/BookonDebug.build/Objects-normal/arm64/LogHistoryView.o -o /Users/runner/Library/Developer/Xcode/DerivedData/BookonDebug-ehazsigvxemoqzdtqumqzfgyfpkz/Build/Intermediates.noindex/ArchiveIntermediates/BookonDebug/IntermediateBuildFilesPath/BookonDebug.build/Release-iphoneos/BookonDebug.build/Objects-normal/arm64/SettingsView.o -o /Users/runner/Library/Developer/Xcode/DerivedData/BookonDebug-ehazsigvxemoqzdtqumqzfgyfpkz/Build/Intermediates.noindex/ArchiveIntermediates/BookonDebug/IntermediateBuildFilesPath/BookonDebug.build/Release-iphoneos/BookonDebug.build/Objects-normal/arm64/SourceListView.o -index-unit-output-path /BookonDebug.build/Release-iphoneos/BookonDebug.build/Objects-normal/arm64/BookonDebugApp.o -index-unit-output-path /BookonDebug.build/Release-iphoneos/BookonDebug.build/Objects-normal/arm64/ContentView.o -index-unit-output-path /BookonDebug.build/Release-iphoneos/BookonDebug.build/Objects-normal/arm64/DebugView.o -index-unit-output-path /BookonDebug.build/Release-iphoneos/BookonDebug.build/Objects-normal/arm64/LogHistoryView.o -index-unit-output-path /BookonDebug.build/Release-iphoneos/BookonDebug.build/Objects-normal/arm64/SettingsView.o -index-unit-output-path /BookonDebug.build/Release-iphoneos/BookonDebug.build/Objects-normal/arm64/SourceListView.o
2026-10-06T15:01:02.6643520Z 
2026-10-06T15:01:02.6645150Z CompileSwift normal arm64 (in target 'BookonDebug' from project 'BookonDebug')
2026-10-06T15:01:02.6645760Z     cd /Users/runner/work/bookon/bookon
2026-10-06T15:01:02.6678230Z     /Applications/Xcode_15.4.app/Contents/Developer/Toolchains/XcodeDefault.xctoolchain/usr/bin/swift-frontend -c /Users/runner/work/bookon/bookon/App/BookonDebugApp.swift /Users/runner/work/bookon/bookon/App/ContentView.swift /Users/runner/work/bookon/bookon/App/DebugView.swift /Users/runner/work/bookon/bookon/App/LogHistoryView.swift /Users/runner/work/bookon/bookon/App/SettingsView.swift /Users/runner/work/bookon/bookon/App/SourceListView.swift -supplementary-output-file-map /Users/runner/Library/Developer/Xcode/DerivedData/BookonDebug-ehazsigvxemoqzdtqumqzfgyfpkz/Build/Intermediates.noindex/ArchiveIntermediates/BookonDebug/IntermediateBuildFilesPath/BookonDebug.build/Release-iphoneos/BookonDebug.build/Objects-normal/arm64/supplementaryOutputs-4 -target arm64-apple-ios17.0 -Xllvm -aarch64-use-tbi -enable-objc-interop -stack-check -sdk /Applications/Xcode_15.4.app/Contents/Developer/Platforms/iPhoneOS.platform/Developer/SDKs/iPhoneOS17.5.sdk -I /Users/runner/Library/Developer/Xcode/DerivedData/BookonDebug-ehazsigvxemoqzdtqumqzfgyfpkz/Build/Intermediates.noindex/ArchiveIntermediates/BookonDebug/BuildProductsPath/Release-iphoneos -F /Users/runner/Library/Developer/Xcode/DerivedData/BookonDebug-ehazsigvxemoqzdtqumqzfgyfpkz/Build/Intermediates.noindex/ArchiveIntermediates/BookonDebug/BuildProductsPath/Release-iphoneos/PackageFrameworks -F /Users/runner/Library/Developer/Xcode/DerivedData/BookonDebug-ehazsigvxemoqzdtqumqzfgyfpkz/Build/Intermediates.noindex/ArchiveIntermediates/BookonDebug/BuildProductsPath/Release-iphoneos/PackageFrameworks -F /Users/runner/Library/Developer/Xcode/DerivedData/BookonDebug-ehazsigvxemoqzdtqumqzfgyfpkz/Build/Intermediates.noindex/ArchiveIntermediates/BookonDebug/BuildProductsPath/Release-iphoneos/PackageFrameworks -F /Users/runner/Library/Developer/Xcode/DerivedData/BookonDebug-ehazsigvxemoqzdtqumqzfgyfpkz/Build/Intermediates.noindex/ArchiveIntermediates/BookonDebug/BuildProductsPath/Release-iphoneos -no-color-diagnostics -g -module-cache-path /Users/runner/Library/Developer/Xcode/DerivedData/ModuleCache.noindex -swift-version 5 -enforce-exclusivity\=checked -O -serialize-debugging-options -const-gather-protocols-file /Users/runner/Library/Developer/Xcode/DerivedData/BookonDebug-ehazsigvxemoqzdtqumqzfgyfpkz/Build/Intermediates.noindex/ArchiveIntermediates/BookonDebug/IntermediateBuildFilesPath/BookonDebug.build/Release-iphoneos/BookonDebug.build/Objects-normal/arm64/BookonDebug_const_extract_protocols.json -enable-bare-slash-regex -empty-abi-descriptor -validate-clang-modules-once -clang-build-session-file /Users/runner/Library/Developer/Xcode/DerivedData/ModuleCache.noindex/Session.modulevalidation -Xcc -working-directory -Xcc /Users/runner/work/bookon/bookon -resource-dir /Applications/Xcode_15.4.app/Contents/Developer/Toolchains/XcodeDefault.xctoolchain/usr/lib/swift -Xcc -ivfsstatcache -Xcc /Users/runner/Library/Developer/Xcode/DerivedData/SDKStatCaches.noindex/iphoneos17.5-21F77-f0fa7969d082b13145125136a829df3a.sdkstatcache -Xcc -I/Users/runner/Library/Developer/Xcode/DerivedData/BookonDebug-ehazsigvxemoqzdtqumqzfgyfpkz/Build/Intermediates.noindex/ArchiveIntermediates/BookonDebug/IntermediateBuildFilesPath/BookonDebug.build/Release-iphoneos/BookonDebug.build/swift-overrides.hmap -Xcc -iquote -Xcc /Users/runner/Library/Developer/Xcode/DerivedData/BookonDebug-ehazsigvxemoqzdtqumqzfgyfpkz/Build/Intermediates.noindex/ArchiveIntermediates/BookonDebug/IntermediateBuildFilesPath/BookonDebug.build/Release-iphoneos/BookonDebug.build/BookonDebug-generated-files.hmap -Xcc -I/Users/runner/Library/Developer/Xcode/DerivedData/BookonDebug-ehazsigvxemoqzdtqumqzfgyfpkz/Build/Intermediates.noindex/ArchiveIntermediates/BookonDebug/IntermediateBuildFilesPath/BookonDebug.build/Release-iphoneos/BookonDebug.build/BookonDebug-own-target-headers.hmap -Xcc -I/Users/runner/Library/Developer/Xcode/DerivedData/BookonDebug-ehazsigvxemoqzdtqumqzfgyfpkz/Build/Intermediates.noindex/ArchiveIntermediates/BookonDebug/IntermediateBuildFilesPath/BookonDebug.build/Release-iphoneos/BookonDebug.build/BookonDebug-all-non-framework-target-headers.hmap -Xcc -ivfsoverlay -Xcc /Users/runner/Library/Developer/Xcode/DerivedData/BookonDebug-ehazsigvxemoqzdtqumqzfgyfpkz/Build/Intermediates.noindex/ArchiveIntermediates/BookonDebug/IntermediateBuildFilesPath/BookonDebug.build/Release-iphoneos/BookonDebug.build/all-product-headers.yaml -Xcc -iquote -Xcc /Users/runner/Library/Developer/Xcode/DerivedData/BookonDebug-ehazsigvxemoqzdtqumqzfgyfpkz/Build/Intermediates.noindex/ArchiveIntermediates/BookonDebug/IntermediateBuildFilesPath/BookonDebug.build/Release-iphoneos/BookonDebug.build/BookonDebug-project-headers.hmap -Xcc -I/Users/runner/Library/Developer/Xcode/DerivedData/BookonDebug-ehazsigvxemoqzdtqumqzfgyfpkz/Build/Intermediates.noindex/ArchiveIntermediates/BookonDebug/BuildProductsPath/Release-iphoneos/include -Xcc -I/Users/runner/Library/Developer/Xcode/DerivedData/BookonDebug-ehazsigvxemoqzdtqumqzfgyfpkz/Build/Intermediates.noindex/ArchiveIntermediates/BookonDebug/IntermediateBuildFilesPath/BookonDebug.build/Release-iphoneos/BookonDebug.build/DerivedSources-normal/arm64 -Xcc -I/Users/runner/Library/Developer/Xcode/DerivedData/BookonDebug-ehazsigvxemoqzdtqumqzfgyfpkz/Build/Intermediates.noindex/ArchiveIntermediates/BookonDebug/IntermediateBuildFilesPath/BookonDebug.build/Release-iphoneos/BookonDebug.build/DerivedSources/arm64 -Xcc -I/Users/runner/Library/Developer/Xcode/DerivedData/BookonDebug-ehazsigvxemoqzdtqumqzfgyfpkz/Build/Intermediates.noindex/ArchiveIntermediates/BookonDebug/IntermediateBuildFilesPath/BookonDebug.build/Release-iphoneos/BookonDebug.build/DerivedSources -module-name BookonDebug -frontend-parseable-output -disable-clang-spi -target-sdk-version 17.5 -target-sdk-name iphoneos17.5 -external-plugin-path /Applications/Xcode_15.4.app/Contents/Developer/Platforms/iPhoneOS.platform/Developer/SDKs/iPhoneOS17.5.sdk/usr/lib/swift/host/plugins\#/Applications/Xcode_15.4.app/Contents/Developer/Platforms/iPhoneOS.platform/Developer/SDKs/iPhoneOS17.5.sdk/usr/bin/swift-plugin-server -external-plugin-path /Applications/Xcode_15.4.app/Contents/Developer/Platforms/iPhoneOS.platform/Developer/SDKs/iPhoneOS17.5.sdk/usr/local/lib/swift/host/plugins\#/Applications/Xcode_15.4.app/Contents/Developer/Platforms/iPhoneOS.platform/Developer/SDKs/iPhoneOS17.5.sdk/usr/bin/swift-plugin-server -external-plugin-path /Applications/Xcode_15.4.app/Contents/Developer/Platforms/iPhoneOS.platform/Developer/usr/lib/swift/host/plugins\#/Applications/Xcode_15.4.app/Contents/Developer/Platforms/iPhoneOS.platform/Developer/usr/bin/swift-plugin-server -external-plugin-path /Applications/Xcode_15.4.app/Contents/Developer/Platforms/iPhoneOS.platform/Developer/usr/local/lib/swift/host/plugins\#/Applications/Xcode_15.4.app/Contents/Developer/Platforms/iPhoneOS.platform/Developer/usr/bin/swift-plugin-server -plugin-path /Applications/Xcode_15.4.app/Contents/Developer/Toolchains/XcodeDefault.xctoolchain/usr/lib/swift/host/plugins -plugin-path /Applications/Xcode_15.4.app/Contents/Developer/Toolchains/XcodeDefault.xctoolchain/usr/local/lib/swift/host/plugins -enable-default-cmo -num-threads 3 -o /Users/runner/Library/Developer/Xcode/DerivedData/BookonDebug-ehazsigvxemoqzdtqumqzfgyfpkz/Build/Intermediates.noindex/ArchiveIntermediates/BookonDebug/IntermediateBuildFilesPath/BookonDebug.build/Release-iphoneos/BookonDebug.build/Objects-normal/arm64/BookonDebugApp.o -o /Users/runner/Library/Developer/Xcode/DerivedData/BookonDebug-ehazsigvxemoqzdtqumqzfgyfpkz/Build/Intermediates.noindex/ArchiveIntermediates/BookonDebug/IntermediateBuildFilesPath/BookonDebug.build/Release-iphoneos/BookonDebug.build/Objects-normal/arm64/ContentView.o -o /Users/runner/Library/Developer/Xcode/DerivedData/BookonDebug-ehazsigvxemoqzdtqumqzfgyfpkz/Build/Intermediates.noindex/ArchiveIntermediates/BookonDebug/IntermediateBuildFilesPath/BookonDebug.build/Release-iphoneos/BookonDebug.build/Objects-normal/arm64/DebugView.o -o /Users/runner/Library/Developer/Xcode/DerivedData/BookonDebug-ehazsigvxemoqzdtqumqzfgyfpkz/Build/Intermediates.noindex/ArchiveIntermediates/BookonDebug/IntermediateBuildFilesPath/BookonDebug.build/Release-iphoneos/BookonDebug.build/Objects-normal/arm64/LogHistoryView.o -o /Users/runner/Library/Developer/Xcode/DerivedData/BookonDebug-ehazsigvxemoqzdtqumqzfgyfpkz/Build/Intermediates.noindex/ArchiveIntermediates/BookonDebug/IntermediateBuildFilesPath/BookonDebug.build/Release-iphoneos/BookonDebug.build/Objects-normal/arm64/SettingsView.o -o /Users/runner/Library/Developer/Xcode/DerivedData/BookonDebug-ehazsigvxemoqzdtqumqzfgyfpkz/Build/Intermediates.noindex/ArchiveIntermediates/BookonDebug/IntermediateBuildFilesPath/BookonDebug.build/Release-iphoneos/BookonDebug.build/Objects-normal/arm64/SourceListView.o -index-unit-output-path /BookonDebug.build/Release-iphoneos/BookonDebug.build/Objects-normal/arm64/BookonDebugApp.o -index-unit-output-path /BookonDebug.build/Release-iphoneos/BookonDebug.build/Objects-normal/arm64/ContentView.o -index-unit-output-path /BookonDebug.build/Release-iphoneos/BookonDebug.build/Objects-normal/arm64/DebugView.o -index-unit-output-path /BookonDebug.build/Release-iphoneos/BookonDebug.build/Objects-normal/arm64/LogHistoryView.o -index-unit-output-path /BookonDebug.build/Release-iphoneos/BookonDebug.build/Objects-normal/arm64/SettingsView.o -index-unit-output-path /BookonDebug.build/Release-iphoneos/BookonDebug.build/Objects-normal/arm64/SourceListView.o
2026-10-06T15:01:08.9092430Z 
2026-10-06T15:01:08.9252280Z SwiftDriver\ Compilation BookonDebug normal arm64 com.apple.xcode.tools.swift.compiler (in target 'BookonDebug' from project 'BookonDebug')
2026-10-06T15:01:08.9257820Z     cd /Users/runner/work/bookon/bookon
2026-10-06T15:01:08.9284960Z     builtin-Swift-Compilation -- /Applications/Xcode_15.4.app/Contents/Developer/Toolchains/XcodeDefault.xctoolchain/usr/bin/swiftc -module-name BookonDebug -O -whole-module-optimization -enforce-exclusivity\=checked @/Users/runner/Library/Developer/Xcode/DerivedData/BookonDebug-ehazsigvxemoqzdtqumqzfgyfpkz/Build/Intermediates.noindex/ArchiveIntermediates/BookonDebug/IntermediateBuildFilesPath/BookonDebug.build/Release-iphoneos/BookonDebug.build/Objects-normal/arm64/BookonDebug.SwiftFileList -sdk /Applications/Xcode_15.4.app/Contents/Developer/Platforms/iPhoneOS.platform/Developer/SDKs/iPhoneOS17.5.sdk -target arm64-apple-ios17.0 -enable-bare-slash-regex -g -module-cache-path /Users/runner/Library/Developer/Xcode/DerivedData/ModuleCache.noindex -Xfrontend -serialize-debugging-options -swift-version 5 -I /Users/runner/Library/Developer/Xcode/DerivedData/BookonDebug-ehazsigvxemoqzdtqumqzfgyfpkz/Build/Intermediates.noindex/ArchiveIntermediates/BookonDebug/BuildProductsPath/Release-iphoneos -F /Users/runner/Library/Developer/Xcode/DerivedData/BookonDebug-ehazsigvxemoqzdtqumqzfgyfpkz/Build/Intermediates.noindex/ArchiveIntermediates/BookonDebug/BuildProductsPath/Release-iphoneos/PackageFrameworks -F /Users/runner/Library/Developer/Xcode/DerivedData/BookonDebug-ehazsigvxemoqzdtqumqzfgyfpkz/Build/Intermediates.noindex/ArchiveIntermediates/BookonDebug/BuildProductsPath/Release-iphoneos/PackageFrameworks -F /Users/runner/Library/Developer/Xcode/DerivedData/BookonDebug-ehazsigvxemoqzdtqumqzfgyfpkz/Build/Intermediates.noindex/ArchiveIntermediates/BookonDebug/BuildProductsPath/Release-iphoneos/PackageFrameworks -F /Users/runner/Library/Developer/Xcode/DerivedData/BookonDebug-ehazsigvxemoqzdtqumqzfgyfpkz/Build/Intermediates.noindex/ArchiveIntermediates/BookonDebug/BuildProductsPath/Release-iphoneos -c -num-threads 3 -Xcc -ivfsstatcache -Xcc /Users/runner/Library/Developer/Xcode/DerivedData/SDKStatCaches.noindex/iphoneos17.5-21F77-f0fa7969d082b13145125136a829df3a.sdkstatcache -output-file-map /Users/runner/Library/Developer/Xcode/DerivedData/BookonDebug-ehazsigvxemoqzdtqumqzfgyfpkz/Build/Intermediates.noindex/ArchiveIntermediates/BookonDebug/IntermediateBuildFilesPath/BookonDebug.build/Release-iphoneos/BookonDebug.build/Objects-normal/arm64/BookonDebug-OutputFileMap.json -use-frontend-parseable-output -save-temps -no-color-diagnostics -serialize-diagnostics -emit-dependencies -emit-module -emit-module-path /Users/runner/Library/Developer/Xcode/DerivedData/BookonDebug-ehazsigvxemoqzdtqumqzfgyfpkz/Build/Intermediates.noindex/ArchiveIntermediates/BookonDebug/IntermediateBuildFilesPath/BookonDebug.build/Release-iphoneos/BookonDebug.build/Objects-normal/arm64/BookonDebug.swiftmodule -validate-clang-modules-once -clang-build-session-file /Users/runner/Library/Developer/Xcode/DerivedData/ModuleCache.noindex/Session.modulevalidation -Xcc -I/Users/runner/Library/Developer/Xcode/DerivedData/BookonDebug-ehazsigvxemoqzdtqumqzfgyfpkz/Build/Intermediates.noindex/ArchiveIntermediates/BookonDebug/IntermediateBuildFilesPath/BookonDebug.build/Release-iphoneos/BookonDebug.build/swift-overrides.hmap -emit-const-values -Xfrontend -const-gather-protocols-file -Xfrontend /Users/runner/Library/Developer/Xcode/DerivedData/BookonDebug-ehazsigvxemoqzdtqumqzfgyfpkz/Build/Intermediates.noindex/ArchiveIntermediates/BookonDebug/IntermediateBuildFilesPath/BookonDebug.build/Release-iphoneos/BookonDebug.build/Objects-normal/arm64/BookonDebug_const_extract_protocols.json -Xcc -iquote -Xcc /Users/runner/Library/Developer/Xcode/DerivedData/BookonDebug-ehazsigvxemoqzdtqumqzfgyfpkz/Build/Intermediates.noindex/ArchiveIntermediates/BookonDebug/IntermediateBuildFilesPath/BookonDebug.build/Release-iphoneos/BookonDebug.build/BookonDebug-generated-files.hmap -Xcc -I/Users/runner/Library/Developer/Xcode/DerivedData/BookonDebug-ehazsigvxemoqzdtqumqzfgyfpkz/Build/Intermediates.noindex/ArchiveIntermediates/BookonDebug/IntermediateBuildFilesPath/BookonDebug.build/Release-iphoneos/BookonDebug.build/BookonDebug-own-target-headers.hmap -Xcc -I/Users/runner/Library/Developer/Xcode/DerivedData/BookonDebug-ehazsigvxemoqzdtqumqzfgyfpkz/Build/Intermediates.noindex/ArchiveIntermediates/BookonDebug/IntermediateBuildFilesPath/BookonDebug.build/Release-iphoneos/BookonDebug.build/BookonDebug-all-non-framework-target-headers.hmap -Xcc -ivfsoverlay -Xcc /Users/runner/Library/Developer/Xcode/DerivedData/BookonDebug-ehazsigvxemoqzdtqumqzfgyfpkz/Build/Intermediates.noindex/ArchiveIntermediates/BookonDebug/IntermediateBuildFilesPath/BookonDebug.build/Release-iphoneos/BookonDebug.build/all-product-headers.yaml -Xcc -iquote -Xcc /Users/runner/Library/Developer/Xcode/DerivedData/BookonDebug-ehazsigvxemoqzdtqumqzfgyfpkz/Build/Intermediates.noindex/ArchiveIntermediates/BookonDebug/IntermediateBuildFilesPath/BookonDebug.build/Release-iphoneos/BookonDebug.build/BookonDebug-project-headers.hmap -Xcc -I/Users/runner/Library/Developer/Xcode/DerivedData/BookonDebug-ehazsigvxemoqzdtqumqzfgyfpkz/Build/Intermediates.noindex/ArchiveIntermediates/BookonDebug/BuildProductsPath/Release-iphoneos/include -Xcc -I/Users/runner/Library/Developer/Xcode/DerivedData/BookonDebug-ehazsigvxemoqzdtqumqzfgyfpkz/Build/Intermediates.noindex/ArchiveIntermediates/BookonDebug/IntermediateBuildFilesPath/BookonDebug.build/Release-iphoneos/BookonDebug.build/DerivedSources-normal/arm64 -Xcc -I/Users/runner/Library/Developer/Xcode/DerivedData/BookonDebug-ehazsigvxemoqzdtqumqzfgyfpkz/Build/Intermediates.noindex/ArchiveIntermediates/BookonDebug/IntermediateBuildFilesPath/BookonDebug.build/Release-iphoneos/BookonDebug.build/DerivedSources/arm64 -Xcc -I/Users/runner/Library/Developer/Xcode/DerivedData/BookonDebug-ehazsigvxemoqzdtqumqzfgyfpkz/Build/Intermediates.noindex/ArchiveIntermediates/BookonDebug/IntermediateBuildFilesPath/BookonDebug.build/Release-iphoneos/BookonDebug.build/DerivedSources -emit-objc-header -emit-objc-header-path /Users/runner/Library/Developer/Xcode/DerivedData/BookonDebug-ehazsigvxemoqzdtqumqzfgyfpkz/Build/Intermediates.noindex/ArchiveIntermediates/BookonDebug/IntermediateBuildFilesPath/BookonDebug.build/Release-iphoneos/BookonDebug.build/Objects-normal/arm64/BookonDebug-Swift.h -working-directory /Users/runner/work/bookon/bookon -no-emit-module-separately-wmo
2026-10-06T15:01:08.9308840Z 
2026-10-06T15:01:08.9309790Z SetOwnerAndGroup runner:staff /Users/runner/Library/Developer/Xcode/DerivedData/BookonDebug-ehazsigvxemoqzdtqumqzfgyfpkz/Build/Intermediates.noindex/ArchiveIntermediates/BookonDebug/IntermediateBuildFilesPath/UninstalledProducts/iphoneos/BookonDebugKit.o (in target 'BookonDebugKit' from project 'LegadoBookSource')
2026-10-06T15:01:08.9310950Z     cd /Users/runner/work/bookon/bookon
2026-10-06T15:01:08.9311820Z     /usr/sbin/chown -RH runner:staff /Users/runner/Library/Developer/Xcode/DerivedData/BookonDebug-ehazsigvxemoqzdtqumqzfgyfpkz/Build/Intermediates.noindex/ArchiveIntermediates/BookonDebug/IntermediateBuildFilesPath/UninstalledProducts/iphoneos/BookonDebugKit.o
2026-10-06T15:01:08.9312630Z 
2026-10-06T15:01:08.9313490Z SetMode u+w,go-w,a+rX /Users/runner/Library/Developer/Xcode/DerivedData/BookonDebug-ehazsigvxemoqzdtqumqzfgyfpkz/Build/Intermediates.noindex/ArchiveIntermediates/BookonDebug/IntermediateBuildFilesPath/UninstalledProducts/iphoneos/BookonDebugKit.o (in target 'BookonDebugKit' from project 'LegadoBookSource')
2026-10-06T15:01:08.9314490Z     cd /Users/runner/work/bookon/bookon
2026-10-06T15:01:08.9316020Z     /bin/chmod -RH u+w,go-w,a+rX /Users/runner/Library/Developer/Xcode/DerivedData/BookonDebug-ehazsigvxemoqzdtqumqzfgyfpkz/Build/Intermediates.noindex/ArchiveIntermediates/BookonDebug/IntermediateBuildFilesPath/UninstalledProducts/iphoneos/BookonDebugKit.o
2026-10-06T15:01:08.9316940Z 
2026-10-06T15:01:08.9317850Z RegisterExecutionPolicyException /Users/runner/Library/Developer/Xcode/DerivedData/BookonDebug-ehazsigvxemoqzdtqumqzfgyfpkz/Build/Intermediates.noindex/ArchiveIntermediates/BookonDebug/IntermediateBuildFilesPath/UninstalledProducts/iphoneos/BookonDebugKit.o (in target 'BookonDebugKit' from project 'LegadoBookSource')
2026-10-06T15:01:08.9319010Z     cd /Users/runner/work/bookon/bookon
2026-10-06T15:01:08.9319940Z     builtin-RegisterExecutionPolicyException /Users/runner/Library/Developer/Xcode/DerivedData/BookonDebug-ehazsigvxemoqzdtqumqzfgyfpkz/Build/Intermediates.noindex/ArchiveIntermediates/BookonDebug/IntermediateBuildFilesPath/UninstalledProducts/iphoneos/BookonDebugKit.o
2026-10-06T15:01:08.9320810Z 
2026-10-06T15:01:08.9322410Z Copy /Users/runner/Library/Developer/Xcode/DerivedData/BookonDebug-ehazsigvxemoqzdtqumqzfgyfpkz/Build/Intermediates.noindex/ArchiveIntermediates/BookonDebug/InstallationBuildProductsLocation/Applications/BookonDebug.app/LegadoBookSource_LegadoBookSource.bundle /Users/runner/Library/Developer/Xcode/DerivedData/BookonDebug-ehazsigvxemoqzdtqumqzfgyfpkz/Build/Intermediates.noindex/ArchiveIntermediates/BookonDebug/BuildProductsPath/Release-iphoneos/LegadoBookSource_LegadoBookSource.bundle (in target 'BookonDebug' from project 'BookonDebug')
2026-10-06T15:01:08.9324330Z     cd /Users/runner/work/bookon/bookon
2026-10-06T15:01:08.9326300Z     builtin-copy -exclude .DS_Store -exclude CVS -exclude .svn -exclude .git -exclude .hg -resolve-src-symlinks /Users/runner/Library/Developer/Xcode/DerivedData/BookonDebug-ehazsigvxemoqzdtqumqzfgyfpkz/Build/Intermediates.noindex/ArchiveIntermediates/BookonDebug/BuildProductsPath/Release-iphoneos/LegadoBookSource_LegadoBookSource.bundle /Users/runner/Library/Developer/Xcode/DerivedData/BookonDebug-ehazsigvxemoqzdtqumqzfgyfpkz/Build/Intermediates.noindex/ArchiveIntermediates/BookonDebug/InstallationBuildProductsLocation/Applications/BookonDebug.app
2026-10-06T15:01:08.9328000Z 
2026-10-06T15:01:08.9329020Z WriteAuxiliaryFile /Users/runner/Library/Developer/Xcode/DerivedData/BookonDebug-ehazsigvxemoqzdtqumqzfgyfpkz/Build/Intermediates.noindex/ArchiveIntermediates/BookonDebug/IntermediateBuildFilesPath/BookonDebug.build/Release-iphoneos/BookonDebug.build/Objects-normal/arm64/BookonDebug.LinkFileList (in target 'BookonDebug' from project 'BookonDebug')
2026-10-06T15:01:08.9330440Z     cd /Users/runner/work/bookon/bookon
2026-10-06T15:01:08.9331430Z     write-file /Users/runner/Library/Developer/Xcode/DerivedData/BookonDebug-ehazsigvxemoqzdtqumqzfgyfpkz/Build/Intermediates.noindex/ArchiveIntermediates/BookonDebug/IntermediateBuildFilesPath/BookonDebug.build/Release-iphoneos/BookonDebug.build/Objects-normal/arm64/BookonDebug.LinkFileList
2026-10-06T15:01:08.9332340Z 
2026-10-06T15:01:08.9333340Z ProcessInfoPlistFile /Users/runner/Library/Developer/Xcode/DerivedData/BookonDebug-ehazsigvxemoqzdtqumqzfgyfpkz/Build/Intermediates.noindex/ArchiveIntermediates/BookonDebug/InstallationBuildProductsLocation/Applications/BookonDebug.app/Info.plist /Users/runner/work/bookon/bookon/App/Info.plist (in target 'BookonDebug' from project 'BookonDebug')
2026-10-06T15:01:08.9334470Z     cd /Users/runner/work/bookon/bookon
2026-10-06T15:01:08.9337460Z     builtin-infoPlistUtility /Users/runner/work/bookon/bookon/App/Info.plist -producttype com.apple.product-type.application -genpkginfo /Users/runner/Library/Developer/Xcode/DerivedData/BookonDebug-ehazsigvxemoqzdtqumqzfgyfpkz/Build/Intermediates.noindex/ArchiveIntermediates/BookonDebug/InstallationBuildProductsLocation/Applications/BookonDebug.app/PkgInfo -expandbuildsettings -format binary -platform iphoneos -scanforprivacyfile /Users/runner/Library/Developer/Xcode/DerivedData/BookonDebug-ehazsigvxemoqzdtqumqzfgyfpkz/Build/Intermediates.noindex/ArchiveIntermediates/BookonDebug/InstallationBuildProductsLocation/Applications/BookonDebug.app/LegadoBookSource_LegadoBookSource.bundle -requiredArchitecture arm64 -o /Users/runner/Library/Developer/Xcode/DerivedData/BookonDebug-ehazsigvxemoqzdtqumqzfgyfpkz/Build/Intermediates.noindex/ArchiveIntermediates/BookonDebug/InstallationBuildProductsLocation/Applications/BookonDebug.app/Info.plist
2026-10-06T15:01:08.9340470Z 
2026-10-06T15:01:08.9341060Z SwiftDriverJobDiscovery normal arm64 Compiling BookonDebugApp.swift, ContentView.swift, DebugView.swift, LogHistoryView.swift, SettingsView.swift, SourceListView.swift (in target 'BookonDebug' from project 'BookonDebug')
2026-10-06T15:01:08.9341720Z 
2026-10-06T15:01:08.9342110Z SwiftDriver\ Compilation\ Requirements BookonDebug normal arm64 com.apple.xcode.tools.swift.compiler (in target 'BookonDebug' from project 'BookonDebug')
2026-10-06T15:01:08.9342640Z     cd /Users/runner/work/bookon/bookon
2026-10-06T15:01:08.9363990Z     builtin-Swift-Compilation-Requirements -- /Applications/Xcode_15.4.app/Contents/Developer/Toolchains/XcodeDefault.xctoolchain/usr/bin/swiftc -module-name BookonDebug -O -whole-module-optimization -enforce-exclusivity\=checked @/Users/runner/Library/Developer/Xcode/DerivedData/BookonDebug-ehazsigvxemoqzdtqumqzfgyfpkz/Build/Intermediates.noindex/ArchiveIntermediates/BookonDebug/IntermediateBuildFilesPath/BookonDebug.build/Release-iphoneos/BookonDebug.build/Objects-normal/arm64/BookonDebug.SwiftFileList -sdk /Applications/Xcode_15.4.app/Contents/Developer/Platforms/iPhoneOS.platform/Developer/SDKs/iPhoneOS17.5.sdk -target arm64-apple-ios17.0 -enable-bare-slash-regex -g -module-cache-path /Users/runner/Library/Developer/Xcode/DerivedData/ModuleCache.noindex -Xfrontend -serialize-debugging-options -swift-version 5 -I /Users/runner/Library/Developer/Xcode/DerivedData/BookonDebug-ehazsigvxemoqzdtqumqzfgyfpkz/Build/Intermediates.noindex/ArchiveIntermediates/BookonDebug/BuildProductsPath/Release-iphoneos -F /Users/runner/Library/Developer/Xcode/DerivedData/BookonDebug-ehazsigvxemoqzdtqumqzfgyfpkz/Build/Intermediates.noindex/ArchiveIntermediates/BookonDebug/BuildProductsPath/Release-iphoneos/PackageFrameworks -F /Users/runner/Library/Developer/Xcode/DerivedData/BookonDebug-ehazsigvxemoqzdtqumqzfgyfpkz/Build/Intermediates.noindex/ArchiveIntermediates/BookonDebug/BuildProductsPath/Release-iphoneos/PackageFrameworks -F /Users/runner/Library/Developer/Xcode/DerivedData/BookonDebug-ehazsigvxemoqzdtqumqzfgyfpkz/Build/Intermediates.noindex/ArchiveIntermediates/BookonDebug/BuildProductsPath/Release-iphoneos/PackageFrameworks -F /Users/runner/Library/Developer/Xcode/DerivedData/BookonDebug-ehazsigvxemoqzdtqumqzfgyfpkz/Build/Intermediates.noindex/ArchiveIntermediates/BookonDebug/BuildProductsPath/Release-iphoneos -c -num-threads 3 -Xcc -ivfsstatcache -Xcc /Users/runner/Library/Developer/Xcode/DerivedData/SDKStatCaches.noindex/iphoneos17.5-21F77-f0fa7969d082b13145125136a829df3a.sdkstatcache -output-file-map /Users/runner/Library/Developer/Xcode/DerivedData/BookonDebug-ehazsigvxemoqzdtqumqzfgyfpkz/Build/Intermediates.noindex/ArchiveIntermediates/BookonDebug/IntermediateBuildFilesPath/BookonDebug.build/Release-iphoneos/BookonDebug.build/Objects-normal/arm64/BookonDebug-OutputFileMap.json -use-frontend-parseable-output -save-temps -no-color-diagnostics -serialize-diagnostics -emit-dependencies -emit-module -emit-module-path /Users/runner/Library/Developer/Xcode/DerivedData/BookonDebug-ehazsigvxemoqzdtqumqzfgyfpkz/Build/Intermediates.noindex/ArchiveIntermediates/BookonDebug/IntermediateBuildFilesPath/BookonDebug.build/Release-iphoneos/BookonDebug.build/Objects-normal/arm64/BookonDebug.swiftmodule -validate-clang-modules-once -clang-build-session-file /Users/runner/Library/Developer/Xcode/DerivedData/ModuleCache.noindex/Session.modulevalidation -Xcc -I/Users/runner/Library/Developer/Xcode/DerivedData/BookonDebug-ehazsigvxemoqzdtqumqzfgyfpkz/Build/Intermediates.noindex/ArchiveIntermediates/BookonDebug/IntermediateBuildFilesPath/BookonDebug.build/Release-iphoneos/BookonDebug.build/swift-overrides.hmap -emit-const-values -Xfrontend -const-gather-protocols-file -Xfrontend /Users/runner/Library/Developer/Xcode/DerivedData/BookonDebug-ehazsigvxemoqzdtqumqzfgyfpkz/Build/Intermediates.noindex/ArchiveIntermediates/BookonDebug/IntermediateBuildFilesPath/BookonDebug.build/Release-iphoneos/BookonDebug.build/Objects-normal/arm64/BookonDebug_const_extract_protocols.json -Xcc -iquote -Xcc /Users/runner/Library/Developer/Xcode/DerivedData/BookonDebug-ehazsigvxemoqzdtqumqzfgyfpkz/Build/Intermediates.noindex/ArchiveIntermediates/BookonDebug/IntermediateBuildFilesPath/BookonDebug.build/Release-iphoneos/BookonDebug.build/BookonDebug-generated-files.hmap -Xcc -I/Users/runner/Library/Developer/Xcode/DerivedData/BookonDebug-ehazsigvxemoqzdtqumqzfgyfpkz/Build/Intermediates.noindex/ArchiveIntermediates/BookonDebug/IntermediateBuildFilesPath/BookonDebug.build/Release-iphoneos/BookonDebug.build/BookonDebug-own-target-headers.hmap -Xcc -I/Users/runner/Library/Developer/Xcode/DerivedData/BookonDebug-ehazsigvxemoqzdtqumqzfgyfpkz/Build/Intermediates.noindex/ArchiveIntermediates/BookonDebug/IntermediateBuildFilesPath/BookonDebug.build/Release-iphoneos/BookonDebug.build/BookonDebug-all-non-framework-target-headers.hmap -Xcc -ivfsoverlay -Xcc /Users/runner/Library/Developer/Xcode/DerivedData/BookonDebug-ehazsigvxemoqzdtqumqzfgyfpkz/Build/Intermediates.noindex/ArchiveIntermediates/BookonDebug/IntermediateBuildFilesPath/BookonDebug.build/Release-iphoneos/BookonDebug.build/all-product-headers.yaml -Xcc -iquote -Xcc /Users/runner/Library/Developer/Xcode/DerivedData/BookonDebug-ehazsigvxemoqzdtqumqzfgyfpkz/Build/Intermediates.noindex/ArchiveIntermediates/BookonDebug/IntermediateBuildFilesPath/BookonDebug.build/Release-iphoneos/BookonDebug.build/BookonDebug-project-headers.hmap -Xcc -I/Users/runner/Library/Developer/Xcode/DerivedData/BookonDebug-ehazsigvxemoqzdtqumqzfgyfpkz/Build/Intermediates.noindex/ArchiveIntermediates/BookonDebug/BuildProductsPath/Release-iphoneos/include -Xcc -I/Users/runner/Library/Developer/Xcode/DerivedData/BookonDebug-ehazsigvxemoqzdtqumqzfgyfpkz/Build/Intermediates.noindex/ArchiveIntermediates/BookonDebug/IntermediateBuildFilesPath/BookonDebug.build/Release-iphoneos/BookonDebug.build/DerivedSources-normal/arm64 -Xcc -I/Users/runner/Library/Developer/Xcode/DerivedData/BookonDebug-ehazsigvxemoqzdtqumqzfgyfpkz/Build/Intermediates.noindex/ArchiveIntermediates/BookonDebug/IntermediateBuildFilesPath/BookonDebug.build/Release-iphoneos/BookonDebug.build/DerivedSources/arm64 -Xcc -I/Users/runner/Library/Developer/Xcode/DerivedData/BookonDebug-ehazsigvxemoqzdtqumqzfgyfpkz/Build/Intermediates.noindex/ArchiveIntermediates/BookonDebug/IntermediateBuildFilesPath/BookonDebug.build/Release-iphoneos/BookonDebug.build/DerivedSources -emit-objc-header -emit-objc-header-path /Users/runner/Library/Developer/Xcode/DerivedData/BookonDebug-ehazsigvxemoqzdtqumqzfgyfpkz/Build/Intermediates.noindex/ArchiveIntermediates/BookonDebug/IntermediateBuildFilesPath/BookonDebug.build/Release-iphoneos/BookonDebug.build/Objects-normal/arm64/BookonDebug-Swift.h -working-directory /Users/runner/work/bookon/bookon -no-emit-module-separately-wmo
2026-10-06T15:01:08.9385370Z 
2026-10-06T15:01:08.9387700Z SwiftMergeGeneratedHeaders /Users/runner/Library/Developer/Xcode/DerivedData/BookonDebug-ehazsigvxemoqzdtqumqzfgyfpkz/Build/Intermediates.noindex/ArchiveIntermediates/BookonDebug/IntermediateBuildFilesPath/BookonDebug.build/Release-iphoneos/BookonDebug.build/DerivedSources/BookonDebug-Swift.h /Users/runner/Library/Developer/Xcode/DerivedData/BookonDebug-ehazsigvxemoqzdtqumqzfgyfpkz/Build/Intermediates.noindex/ArchiveIntermediates/BookonDebug/IntermediateBuildFilesPath/BookonDebug.build/Release-iphoneos/BookonDebug.build/Objects-normal/arm64/BookonDebug-Swift.h (in target 'BookonDebug' from project 'BookonDebug')
2026-10-06T15:01:08.9389750Z     cd /Users/runner/work/bookon/bookon
2026-10-06T15:01:08.9391800Z     builtin-swiftHeaderTool -arch arm64 /Users/runner/Library/Developer/Xcode/DerivedData/BookonDebug-ehazsigvxemoqzdtqumqzfgyfpkz/Build/Intermediates.noindex/ArchiveIntermediates/BookonDebug/IntermediateBuildFilesPath/BookonDebug.build/Release-iphoneos/BookonDebug.build/Objects-normal/arm64/BookonDebug-Swift.h -o /Users/runner/Library/Developer/Xcode/DerivedData/BookonDebug-ehazsigvxemoqzdtqumqzfgyfpkz/Build/Intermediates.noindex/ArchiveIntermediates/BookonDebug/IntermediateBuildFilesPath/BookonDebug.build/Release-iphoneos/BookonDebug.build/DerivedSources/BookonDebug-Swift.h
2026-10-06T15:01:08.9393780Z 
2026-10-06T15:01:08.9395580Z Copy /Users/runner/Library/Developer/Xcode/DerivedData/BookonDebug-ehazsigvxemoqzdtqumqzfgyfpkz/Build/Intermediates.noindex/ArchiveIntermediates/BookonDebug/BuildProductsPath/Release-iphoneos/BookonDebug.swiftmodule/arm64-apple-ios.swiftmodule /Users/runner/Library/Developer/Xcode/DerivedData/BookonDebug-ehazsigvxemoqzdtqumqzfgyfpkz/Build/Intermediates.noindex/ArchiveIntermediates/BookonDebug/IntermediateBuildFilesPath/BookonDebug.build/Release-iphoneos/BookonDebug.build/Objects-normal/arm64/BookonDebug.swiftmodule (in target 'BookonDebug' from project 'BookonDebug')
2026-10-06T15:01:08.9397390Z     cd /Users/runner/work/bookon/bookon
2026-10-06T15:01:08.9400250Z     builtin-copy -exclude .DS_Store -exclude CVS -exclude .svn -exclude .git -exclude .hg -resolve-src-symlinks -rename /Users/runner/Library/Developer/Xcode/DerivedData/BookonDebug-ehazsigvxemoqzdtqumqzfgyfpkz/Build/Intermediates.noindex/ArchiveIntermediates/BookonDebug/IntermediateBuildFilesPath/BookonDebug.build/Release-iphoneos/BookonDebug.build/Objects-normal/arm64/BookonDebug.swiftmodule /Users/runner/Library/Developer/Xcode/DerivedData/BookonDebug-ehazsigvxemoqzdtqumqzfgyfpkz/Build/Intermediates.noindex/ArchiveIntermediates/BookonDebug/BuildProductsPath/Release-iphoneos/BookonDebug.swiftmodule/arm64-apple-ios.swiftmodule
2026-10-06T15:01:08.9402460Z 
2026-10-06T15:01:08.9404260Z Copy /Users/runner/Library/Developer/Xcode/DerivedData/BookonDebug-ehazsigvxemoqzdtqumqzfgyfpkz/Build/Intermediates.noindex/ArchiveIntermediates/BookonDebug/BuildProductsPath/Release-iphoneos/BookonDebug.swiftmodule/arm64-apple-ios.swiftdoc /Users/runner/Library/Developer/Xcode/DerivedData/BookonDebug-ehazsigvxemoqzdtqumqzfgyfpkz/Build/Intermediates.noindex/ArchiveIntermediates/BookonDebug/IntermediateBuildFilesPath/BookonDebug.build/Release-iphoneos/BookonDebug.build/Objects-normal/arm64/BookonDebug.swiftdoc (in target 'BookonDebug' from project 'BookonDebug')
2026-10-06T15:01:08.9406360Z     cd /Users/runner/work/bookon/bookon
2026-10-06T15:01:08.9408330Z     builtin-copy -exclude .DS_Store -exclude CVS -exclude .svn -exclude .git -exclude .hg -resolve-src-symlinks -rename /Users/runner/Library/Developer/Xcode/DerivedData/BookonDebug-ehazsigvxemoqzdtqumqzfgyfpkz/Build/Intermediates.noindex/ArchiveIntermediates/BookonDebug/IntermediateBuildFilesPath/BookonDebug.build/Release-iphoneos/BookonDebug.build/Objects-normal/arm64/BookonDebug.swiftdoc /Users/runner/Library/Developer/Xcode/DerivedData/BookonDebug-ehazsigvxemoqzdtqumqzfgyfpkz/Build/Intermediates.noindex/ArchiveIntermediates/BookonDebug/BuildProductsPath/Release-iphoneos/BookonDebug.swiftmodule/arm64-apple-ios.swiftdoc
2026-10-06T15:01:08.9410630Z 
2026-10-06T15:01:08.9412310Z Copy /Users/runner/Library/Developer/Xcode/DerivedData/BookonDebug-ehazsigvxemoqzdtqumqzfgyfpkz/Build/Intermediates.noindex/ArchiveIntermediates/BookonDebug/BuildProductsPath/Release-iphoneos/BookonDebug.swiftmodule/arm64-apple-ios.abi.json /Users/runner/Library/Developer/Xcode/DerivedData/BookonDebug-ehazsigvxemoqzdtqumqzfgyfpkz/Build/Intermediates.noindex/ArchiveIntermediates/BookonDebug/IntermediateBuildFilesPath/BookonDebug.build/Release-iphoneos/BookonDebug.build/Objects-normal/arm64/BookonDebug.abi.json (in target 'BookonDebug' from project 'BookonDebug')
2026-10-06T15:01:08.9416110Z     cd /Users/runner/work/bookon/bookon
2026-10-06T15:01:08.9418620Z     builtin-copy -exclude .DS_Store -exclude CVS -exclude .svn -exclude .git -exclude .hg -resolve-src-symlinks -rename /Users/runner/Library/Developer/Xcode/DerivedData/BookonDebug-ehazsigvxemoqzdtqumqzfgyfpkz/Build/Intermediates.noindex/ArchiveIntermediates/BookonDebug/IntermediateBuildFilesPath/BookonDebug.build/Release-iphoneos/BookonDebug.build/Objects-normal/arm64/BookonDebug.abi.json /Users/runner/Library/Developer/Xcode/DerivedData/BookonDebug-ehazsigvxemoqzdtqumqzfgyfpkz/Build/Intermediates.noindex/ArchiveIntermediates/BookonDebug/BuildProductsPath/Release-iphoneos/BookonDebug.swiftmodule/arm64-apple-ios.abi.json
2026-10-06T15:01:08.9420990Z 
2026-10-06T15:01:08.9422320Z Ld /Users/runner/Library/Developer/Xcode/DerivedData/BookonDebug-ehazsigvxemoqzdtqumqzfgyfpkz/Build/Intermediates.noindex/ArchiveIntermediates/BookonDebug/InstallationBuildProductsLocation/Applications/BookonDebug.app/BookonDebug normal (in target 'BookonDebug' from project 'BookonDebug')
2026-10-06T15:01:08.9423350Z     cd /Users/runner/work/bookon/bookon
2026-10-06T15:01:08.9438590Z     /Applications/Xcode_15.4.app/Contents/Developer/Toolchains/XcodeDefault.xctoolchain/usr/bin/clang -Xlinker -reproducible -target arm64-apple-ios17.0 -isysroot /Applications/Xcode_15.4.app/Contents/Developer/Platforms/iPhoneOS.platform/Developer/SDKs/iPhoneOS17.5.sdk -Os -L/Users/runner/Library/Developer/Xcode/DerivedData/BookonDebug-ehazsigvxemoqzdtqumqzfgyfpkz/Build/Intermediates.noindex/ArchiveIntermediates/BookonDebug/IntermediateBuildFilesPath/EagerLinkingTBDs/Release-iphoneos -L/Users/runner/Library/Developer/Xcode/DerivedData/BookonDebug-ehazsigvxemoqzdtqumqzfgyfpkz/Build/Intermediates.noindex/ArchiveIntermediates/BookonDebug/BuildProductsPath/Release-iphoneos -F/Users/runner/Library/Developer/Xcode/DerivedData/BookonDebug-ehazsigvxemoqzdtqumqzfgyfpkz/Build/Intermediates.noindex/ArchiveIntermediates/BookonDebug/IntermediateBuildFilesPath/EagerLinkingTBDs/Release-iphoneos -F/Users/runner/Library/Developer/Xcode/DerivedData/BookonDebug-ehazsigvxemoqzdtqumqzfgyfpkz/Build/Intermediates.noindex/ArchiveIntermediates/BookonDebug/BuildProductsPath/Release-iphoneos/PackageFrameworks -F/Users/runner/Library/Developer/Xcode/DerivedData/BookonDebug-ehazsigvxemoqzdtqumqzfgyfpkz/Build/Intermediates.noindex/ArchiveIntermediates/BookonDebug/BuildProductsPath/Release-iphoneos/PackageFrameworks -F/Users/runner/Library/Developer/Xcode/DerivedData/BookonDebug-ehazsigvxemoqzdtqumqzfgyfpkz/Build/Intermediates.noindex/ArchiveIntermediates/BookonDebug/BuildProductsPath/Release-iphoneos/PackageFrameworks -F/Users/runner/Library/Developer/Xcode/DerivedData/BookonDebug-ehazsigvxemoqzdtqumqzfgyfpkz/Build/Intermediates.noindex/ArchiveIntermediates/BookonDebug/BuildProductsPath/Release-iphoneos -filelist /Users/runner/Library/Developer/Xcode/DerivedData/BookonDebug-ehazsigvxemoqzdtqumqzfgyfpkz/Build/Intermediates.noindex/ArchiveIntermediates/BookonDebug/IntermediateBuildFilesPath/BookonDebug.build/Release-iphoneos/BookonDebug.build/Objects-normal/arm64/BookonDebug.LinkFileList -Xlinker -rpath -Xlinker @executable_path/Frameworks -dead_strip -Xlinker -object_path_lto -Xlinker /Users/runner/Library/Developer/Xcode/DerivedData/BookonDebug-ehazsigvxemoqzdtqumqzfgyfpkz/Build/Intermediates.noindex/ArchiveIntermediates/BookonDebug/IntermediateBuildFilesPath/BookonDebug.build/Release-iphoneos/BookonDebug.build/Objects-normal/arm64/BookonDebug_lto.o -Xlinker -final_output -Xlinker /Applications/BookonDebug.app/BookonDebug -fobjc-link-runtime -L/Applications/Xcode_15.4.app/Contents/Developer/Toolchains/XcodeDefault.xctoolchain/usr/lib/swift/iphoneos -L/usr/lib/swift -Xlinker -add_ast_path -Xlinker /Users/runner/Library/Developer/Xcode/DerivedData/BookonDebug-ehazsigvxemoqzdtqumqzfgyfpkz/Build/Intermediates.noindex/ArchiveIntermediates/BookonDebug/IntermediateBuildFilesPath/BookonDebug.build/Release-iphoneos/BookonDebug.build/Objects-normal/arm64/BookonDebug.swiftmodule -Wl,-no_warn_duplicate_libraries -Wl,-no_warn_duplicate_libraries -Wl,-no_warn_duplicate_libraries -Xlinker -dependency_info -Xlinker /Users/runner/Library/Developer/Xcode/DerivedData/BookonDebug-ehazsigvxemoqzdtqumqzfgyfpkz/Build/Intermediates.noindex/ArchiveIntermediates/BookonDebug/IntermediateBuildFilesPath/BookonDebug.build/Release-iphoneos/BookonDebug.build/Objects-normal/arm64/BookonDebug_dependency_info.dat -o /Users/runner/Library/Developer/Xcode/DerivedData/BookonDebug-ehazsigvxemoqzdtqumqzfgyfpkz/Build/Intermediates.noindex/ArchiveIntermediates/BookonDebug/InstallationBuildProductsLocation/Applications/BookonDebug.app/BookonDebug -Xlinker -add_ast_path -Xlinker /Users/runner/Library/Developer/Xcode/DerivedData/BookonDebug-ehazsigvxemoqzdtqumqzfgyfpkz/Build/Intermediates.noindex/ArchiveIntermediates/BookonDebug/IntermediateBuildFilesPath/LegadoBookSource.build/Release-iphoneos/BookonDebugKit.build/Objects-normal/arm64/BookonDebugKit.swiftmodule -Xlinker -add_ast_path -Xlinker /Users/runner/Library/Developer/Xcode/DerivedData/BookonDebug-ehazsigvxemoqzdtqumqzfgyfpkz/Build/Intermediates.noindex/ArchiveIntermediates/BookonDebug/IntermediateBuildFilesPath/SwiftSoup.build/Release-iphoneos/SwiftSoup.build/Objects-normal/arm64/SwiftSoup.swiftmodule -Xlinker -add_ast_path -Xlinker /Users/runner/Library/Developer/Xcode/DerivedData/BookonDebug-ehazsigvxemoqzdtqumqzfgyfpkz/Build/Intermediates.noindex/ArchiveIntermediates/BookonDebug/IntermediateBuildFilesPath/LegadoBookSource.build/Release-iphoneos/LegadoBookSource.build/Objects-normal/arm64/LegadoBookSource.swiftmodule
2026-10-06T15:01:09.1770760Z 
2026-10-06T15:01:09.1799040Z CopySwiftLibs /Users/runner/Library/Developer/Xcode/DerivedData/BookonDebug-ehazsigvxemoqzdtqumqzfgyfpkz/Build/Intermediates.noindex/ArchiveIntermediates/BookonDebug/InstallationBuildProductsLocation/Applications/BookonDebug.app (in target 'BookonDebug' from project 'BookonDebug')
2026-10-06T15:01:09.1809900Z     cd /Users/runner/work/bookon/bookon
2026-10-06T15:01:09.1818930Z     builtin-swiftStdLibTool --copy --verbose --scan-executable /Users/runner/Library/Developer/Xcode/DerivedData/BookonDebug-ehazsigvxemoqzdtqumqzfgyfpkz/Build/Intermediates.noindex/ArchiveIntermediates/BookonDebug/InstallationBuildProductsLocation/Applications/BookonDebug.app/BookonDebug --scan-folder /Users/runner/Library/Developer/Xcode/DerivedData/BookonDebug-ehazsigvxemoqzdtqumqzfgyfpkz/Build/Intermediates.noindex/ArchiveIntermediates/BookonDebug/InstallationBuildProductsLocation/Applications/BookonDebug.app/Frameworks --scan-folder /Users/runner/Library/Developer/Xcode/DerivedData/BookonDebug-ehazsigvxemoqzdtqumqzfgyfpkz/Build/Intermediates.noindex/ArchiveIntermediates/BookonDebug/InstallationBuildProductsLocation/Applications/BookonDebug.app/PlugIns --scan-folder /Users/runner/Library/Developer/Xcode/DerivedData/BookonDebug-ehazsigvxemoqzdtqumqzfgyfpkz/Build/Intermediates.noindex/ArchiveIntermediates/BookonDebug/InstallationBuildProductsLocation/Applications/BookonDebug.app/SystemExtensions --scan-folder /Users/runner/Library/Developer/Xcode/DerivedData/BookonDebug-ehazsigvxemoqzdtqumqzfgyfpkz/Build/Intermediates.noindex/ArchiveIntermediates/BookonDebug/InstallationBuildProductsLocation/Applications/BookonDebug.app/Extensions --platform iphoneos --toolchain /Applications/Xcode_15.4.app/Contents/Developer/Toolchains/XcodeDefault.xctoolchain --destination /Users/runner/Library/Developer/Xcode/DerivedData/BookonDebug-ehazsigvxemoqzdtqumqzfgyfpkz/Build/Intermediates.noindex/ArchiveIntermediates/BookonDebug/InstallationBuildProductsLocation/Applications/BookonDebug.app/Frameworks --unsigned-destination /Users/runner/Library/Developer/Xcode/DerivedData/BookonDebug-ehazsigvxemoqzdtqumqzfgyfpkz/Build/Intermediates.noindex/ArchiveIntermediates/BookonDebug/BuildProductsPath/SwiftSupport --strip-bitcode --strip-bitcode-tool /Applications/Xcode_15.4.app/Contents/Developer/Toolchains/XcodeDefault.xctoolchain/usr/bin/bitcode_strip --emit-dependency-info /Users/runner/Library/Developer/Xcode/DerivedData/BookonDebug-ehazsigvxemoqzdtqumqzfgyfpkz/Build/Intermediates.noindex/ArchiveIntermediates/BookonDebug/IntermediateBuildFilesPath/BookonDebug.build/Release-iphoneos/BookonDebug.build/SwiftStdLibToolInputDependencies.dep --filter-for-swift-os
2026-10-06T15:01:09.3614800Z Ignoring --strip-bitcode because --sign was not passed
2026-10-06T15:01:09.3617600Z 
2026-10-06T15:01:09.3619330Z WriteAuxiliaryFile /Users/runner/Library/Developer/Xcode/DerivedData/BookonDebug-ehazsigvxemoqzdtqumqzfgyfpkz/Build/Intermediates.noindex/ArchiveIntermediates/BookonDebug/IntermediateBuildFilesPath/BookonDebug.build/Release-iphoneos/BookonDebug.build/Objects-normal/arm64/BookonDebug.SwiftConstValuesFileList (in target 'BookonDebug' from project 'BookonDebug')
2026-10-06T15:01:09.3621150Z     cd /Users/runner/work/bookon/bookon
2026-10-06T15:01:09.3622400Z     write-file /Users/runner/Library/Developer/Xcode/DerivedData/BookonDebug-ehazsigvxemoqzdtqumqzfgyfpkz/Build/Intermediates.noindex/ArchiveIntermediates/BookonDebug/IntermediateBuildFilesPath/BookonDebug.build/Release-iphoneos/BookonDebug.build/Objects-normal/arm64/BookonDebug.SwiftConstValuesFileList
2026-10-06T15:01:09.3623380Z 
2026-10-06T15:01:09.3625160Z GenerateDSYMFile /Users/runner/Library/Developer/Xcode/DerivedData/BookonDebug-ehazsigvxemoqzdtqumqzfgyfpkz/Build/Intermediates.noindex/ArchiveIntermediates/BookonDebug/BuildProductsPath/Release-iphoneos/BookonDebug.app.dSYM /Users/runner/Library/Developer/Xcode/DerivedData/BookonDebug-ehazsigvxemoqzdtqumqzfgyfpkz/Build/Intermediates.noindex/ArchiveIntermediates/BookonDebug/InstallationBuildProductsLocation/Applications/BookonDebug.app/BookonDebug (in target 'BookonDebug' from project 'BookonDebug')
2026-10-06T15:01:09.3626920Z     cd /Users/runner/work/bookon/bookon
2026-10-06T15:01:09.3628780Z     /Applications/Xcode_15.4.app/Contents/Developer/Toolchains/XcodeDefault.xctoolchain/usr/bin/dsymutil /Users/runner/Library/Developer/Xcode/DerivedData/BookonDebug-ehazsigvxemoqzdtqumqzfgyfpkz/Build/Intermediates.noindex/ArchiveIntermediates/BookonDebug/InstallationBuildProductsLocation/Applications/BookonDebug.app/BookonDebug -o /Users/runner/Library/Developer/Xcode/DerivedData/BookonDebug-ehazsigvxemoqzdtqumqzfgyfpkz/Build/Intermediates.noindex/ArchiveIntermediates/BookonDebug/BuildProductsPath/Release-iphoneos/BookonDebug.app.dSYM
2026-10-06T15:01:09.9349760Z 
2026-10-06T15:01:09.9350710Z ExtractAppIntentsMetadata (in target 'BookonDebug' from project 'BookonDebug')
2026-10-06T15:01:09.9351280Z     cd /Users/runner/work/bookon/bookon
2026-10-06T15:01:09.9362650Z     /Applications/Xcode_15.4.app/Contents/Developer/Toolchains/XcodeDefault.xctoolchain/usr/bin/appintentsmetadataprocessor --output /Users/runner/Library/Developer/Xcode/DerivedData/BookonDebug-ehazsigvxemoqzdtqumqzfgyfpkz/Build/Intermediates.noindex/ArchiveIntermediates/BookonDebug/InstallationBuildProductsLocation/Applications/BookonDebug.app --toolchain-dir /Applications/Xcode_15.4.app/Contents/Developer/Toolchains/XcodeDefault.xctoolchain --module-name BookonDebug --sdk-root /Applications/Xcode_15.4.app/Contents/Developer/Platforms/iPhoneOS.platform/Developer/SDKs/iPhoneOS17.5.sdk --xcode-version 15F31d --platform-family iOS --deployment-target 17.0 --target-triple arm64-apple-ios17.0 --binary-file /Users/runner/Library/Developer/Xcode/DerivedData/BookonDebug-ehazsigvxemoqzdtqumqzfgyfpkz/Build/Intermediates.noindex/ArchiveIntermediates/BookonDebug/InstallationBuildProductsLocation/Applications/BookonDebug.app/BookonDebug --dependency-file /Users/runner/Library/Developer/Xcode/DerivedData/BookonDebug-ehazsigvxemoqzdtqumqzfgyfpkz/Build/Intermediates.noindex/ArchiveIntermediates/BookonDebug/IntermediateBuildFilesPath/BookonDebug.build/Release-iphoneos/BookonDebug.build/Objects-normal/arm64/BookonDebug_dependency_info.dat --stringsdata-file /Users/runner/Library/Developer/Xcode/DerivedData/BookonDebug-ehazsigvxemoqzdtqumqzfgyfpkz/Build/Intermediates.noindex/ArchiveIntermediates/BookonDebug/IntermediateBuildFilesPath/BookonDebug.build/Release-iphoneos/BookonDebug.build/Objects-normal/arm64/ExtractedAppShortcutsMetadata.stringsdata --source-file-list /Users/runner/Library/Developer/Xcode/DerivedData/BookonDebug-ehazsigvxemoqzdtqumqzfgyfpkz/Build/Intermediates.noindex/ArchiveIntermediates/BookonDebug/IntermediateBuildFilesPath/BookonDebug.build/Release-iphoneos/BookonDebug.build/Objects-normal/arm64/BookonDebug.SwiftFileList --swift-const-vals-list /Users/runner/Library/Developer/Xcode/DerivedData/BookonDebug-ehazsigvxemoqzdtqumqzfgyfpkz/Build/Intermediates.noindex/ArchiveIntermediates/BookonDebug/IntermediateBuildFilesPath/BookonDebug.build/Release-iphoneos/BookonDebug.build/Objects-normal/arm64/BookonDebug.SwiftConstValuesFileList --compile-time-extraction --deployment-aware-processing
2026-10-06T15:01:09.9372240Z note: Metadata extraction skipped. No AppIntents.framework dependency found. (in target 'BookonDebug' from project 'BookonDebug')
2026-10-06T15:01:09.9372830Z 
2026-10-06T15:01:09.9373000Z AppIntentsSSUTraining (in target 'BookonDebug' from project 'BookonDebug')
2026-10-06T15:01:09.9373320Z     cd /Users/runner/work/bookon/bookon
2026-10-06T15:01:09.9377280Z     /Applications/Xcode_15.4.app/Contents/Developer/Toolchains/XcodeDefault.xctoolchain/usr/bin/appintentsnltrainingprocessor --infoplist-path /Users/runner/Library/Developer/Xcode/DerivedData/BookonDebug-ehazsigvxemoqzdtqumqzfgyfpkz/Build/Intermediates.noindex/ArchiveIntermediates/BookonDebug/InstallationBuildProductsLocation/Applications/BookonDebug.app/Info.plist --temp-dir-path /Users/runner/Library/Developer/Xcode/DerivedData/BookonDebug-ehazsigvxemoqzdtqumqzfgyfpkz/Build/Intermediates.noindex/ArchiveIntermediates/BookonDebug/IntermediateBuildFilesPath/BookonDebug.build/Release-iphoneos/BookonDebug.build/ssu --bundle-id com.bookon.debug --product-path /Users/runner/Library/Developer/Xcode/DerivedData/BookonDebug-ehazsigvxemoqzdtqumqzfgyfpkz/Build/Intermediates.noindex/ArchiveIntermediates/BookonDebug/InstallationBuildProductsLocation/Applications/BookonDebug.app --extracted-metadata-path /Users/runner/Library/Developer/Xcode/DerivedData/BookonDebug-ehazsigvxemoqzdtqumqzfgyfpkz/Build/Intermediates.noindex/ArchiveIntermediates/BookonDebug/InstallationBuildProductsLocation/Applications/BookonDebug.app/Metadata.appintents --deployment-postprocessing --archive-ssu-assets
2026-10-06T15:01:09.9383190Z 2026-10-06 15:01:09.275 appintentsnltrainingprocessor[3313:12457] Parsing options for appintentsnltrainingprocessor
2026-10-06T15:01:09.9383910Z 2026-10-06 15:01:09.278 appintentsnltrainingprocessor[3313:12457] No AppShortcuts found - Skipping.
2026-10-06T15:01:09.9384220Z 
2026-10-06T15:01:09.9385040Z Strip /Users/runner/Library/Developer/Xcode/DerivedData/BookonDebug-ehazsigvxemoqzdtqumqzfgyfpkz/Build/Intermediates.noindex/ArchiveIntermediates/BookonDebug/InstallationBuildProductsLocation/Applications/BookonDebug.app/BookonDebug (in target 'BookonDebug' from project 'BookonDebug')
2026-10-06T15:01:09.9386320Z     cd /Users/runner/work/bookon/bookon
2026-10-06T15:01:09.9387440Z     /Applications/Xcode_15.4.app/Contents/Developer/Toolchains/XcodeDefault.xctoolchain/usr/bin/strip -D /Users/runner/Library/Developer/Xcode/DerivedData/BookonDebug-ehazsigvxemoqzdtqumqzfgyfpkz/Build/Intermediates.noindex/ArchiveIntermediates/BookonDebug/InstallationBuildProductsLocation/Applications/BookonDebug.app/BookonDebug
2026-10-06T15:01:09.9570190Z 
2026-10-06T15:01:09.9572370Z SetOwnerAndGroup runner:staff /Users/runner/Library/Developer/Xcode/DerivedData/BookonDebug-ehazsigvxemoqzdtqumqzfgyfpkz/Build/Intermediates.noindex/ArchiveIntermediates/BookonDebug/InstallationBuildProductsLocation/Applications/BookonDebug.app (in target 'BookonDebug' from project 'BookonDebug')
2026-10-06T15:01:09.9573670Z     cd /Users/runner/work/bookon/bookon
2026-10-06T15:01:09.9575060Z     /usr/sbin/chown -RH runner:staff /Users/runner/Library/Developer/Xcode/DerivedData/BookonDebug-ehazsigvxemoqzdtqumqzfgyfpkz/Build/Intermediates.noindex/ArchiveIntermediates/BookonDebug/InstallationBuildProductsLocation/Applications/BookonDebug.app
2026-10-06T15:01:09.9618840Z 
2026-10-06T15:01:09.9621770Z SetMode u+w,go-w,a+rX /Users/runner/Library/Developer/Xcode/DerivedData/BookonDebug-ehazsigvxemoqzdtqumqzfgyfpkz/Build/Intermediates.noindex/ArchiveIntermediates/BookonDebug/InstallationBuildProductsLocation/Applications/BookonDebug.app (in target 'BookonDebug' from project 'BookonDebug')
2026-10-06T15:01:09.9623210Z     cd /Users/runner/work/bookon/bookon
2026-10-06T15:01:09.9624240Z     /bin/chmod -RH u+w,go-w,a+rX /Users/runner/Library/Developer/Xcode/DerivedData/BookonDebug-ehazsigvxemoqzdtqumqzfgyfpkz/Build/Intermediates.noindex/ArchiveIntermediates/BookonDebug/InstallationBuildProductsLocation/Applications/BookonDebug.app
2026-10-06T15:01:09.9643380Z 
2026-10-06T15:01:09.9647860Z RegisterExecutionPolicyException /Users/runner/Library/Developer/Xcode/DerivedData/BookonDebug-ehazsigvxemoqzdtqumqzfgyfpkz/Build/Intermediates.noindex/ArchiveIntermediates/BookonDebug/InstallationBuildProductsLocation/Applications/BookonDebug.app (in target 'BookonDebug' from project 'BookonDebug')
2026-10-06T15:01:09.9649370Z     cd /Users/runner/work/bookon/bookon
2026-10-06T15:01:09.9650560Z     builtin-RegisterExecutionPolicyException /Users/runner/Library/Developer/Xcode/DerivedData/BookonDebug-ehazsigvxemoqzdtqumqzfgyfpkz/Build/Intermediates.noindex/ArchiveIntermediates/BookonDebug/InstallationBuildProductsLocation/Applications/BookonDebug.app
2026-10-06T15:01:09.9680160Z 
2026-10-06T15:01:09.9681430Z Validate /Users/runner/Library/Developer/Xcode/DerivedData/BookonDebug-ehazsigvxemoqzdtqumqzfgyfpkz/Build/Intermediates.noindex/ArchiveIntermediates/BookonDebug/InstallationBuildProductsLocation/Applications/BookonDebug.app (in target 'BookonDebug' from project 'BookonDebug')
2026-10-06T15:01:09.9684400Z     cd /Users/runner/work/bookon/bookon
2026-10-06T15:01:09.9685530Z     builtin-validationUtility /Users/runner/Library/Developer/Xcode/DerivedData/BookonDebug-ehazsigvxemoqzdtqumqzfgyfpkz/Build/Intermediates.noindex/ArchiveIntermediates/BookonDebug/InstallationBuildProductsLocation/Applications/BookonDebug.app
2026-10-06T15:01:09.9686900Z 
2026-10-06T15:01:09.9688090Z Touch /Users/runner/Library/Developer/Xcode/DerivedData/BookonDebug-ehazsigvxemoqzdtqumqzfgyfpkz/Build/Intermediates.noindex/ArchiveIntermediates/BookonDebug/InstallationBuildProductsLocation/Applications/BookonDebug.app (in target 'BookonDebug' from project 'BookonDebug')
2026-10-06T15:01:09.9689190Z     cd /Users/runner/work/bookon/bookon
2026-10-06T15:01:09.9690350Z     /usr/bin/touch -c /Users/runner/Library/Developer/Xcode/DerivedData/BookonDebug-ehazsigvxemoqzdtqumqzfgyfpkz/Build/Intermediates.noindex/ArchiveIntermediates/BookonDebug/InstallationBuildProductsLocation/Applications/BookonDebug.app
2026-10-06T15:01:09.9719230Z 
2026-10-06T15:01:10.0017640Z ** ARCHIVE SUCCEEDED **
2026-10-06T15:01:10.0017890Z 
2026-10-06T15:01:10.0142970Z == 3/4 校验 Info.plist（MinimumOSVersion 必须为 17.0）==
2026-10-06T15:01:10.0294450Z   "BuildCIRun" => "37483342891"
2026-10-06T15:01:10.0295220Z   "BuildCommit" => "38d59cf41e03a80eea0ab7c18d4b3c2c27a70e36"
2026-10-06T15:01:10.0295610Z   "MinimumOSVersion" => "17.0"
2026-10-06T15:01:10.0360380Z MinimumOSVersion = 17.0 ✓
2026-10-06T15:01:10.0360770Z == 4/4 打包 IPA ==
2026-10-06T15:01:10.2795620Z IPA 已生成: build/BookonDebug.ipa
2026-10-06T15:01:10.2833610Z -rw-r--r--  1 runner  staff  1948132 Oct  6 15:01 build/BookonDebug.ipa
2026-10-06T15:01:10.2930030Z ##[group]Run actions/upload-artifact@v4
2026-10-06T15:01:10.2930280Z with:
2026-10-06T15:01:10.2930490Z   name: bookon-debug-ipa
2026-10-06T15:01:10.2930680Z   path: build/BookonDebug.ipa
2026-10-06T15:01:10.2930860Z   if-no-files-found: error
2026-10-06T15:01:10.2931030Z   compression-level: 6
2026-10-06T15:01:10.2931180Z   overwrite: false
2026-10-06T15:01:10.2931330Z   include-hidden-files: false
2026-10-06T15:01:10.2931510Z ##[endgroup]
2026-10-06T15:01:10.7132850Z (node:3329) [DEP0040] DeprecationWarning: The `punycode` module is deprecated. Please use a userland alternative instead.
2026-10-06T15:01:10.7167020Z (Use `node --trace-deprecation ...` to show where the warning was created)
2026-10-06T15:01:10.7179830Z With the provided path, there will be 1 file uploaded
2026-10-06T15:01:10.7184290Z Artifact name is valid!
2026-10-06T15:01:10.7184610Z Root directory input is valid!
2026-10-06T15:01:11.1252980Z Beginning upload of artifact content to blob storage
2026-10-06T15:01:11.1956990Z (node:3329) [DEP0169] DeprecationWarning: `url.parse()` behavior is not standardized and prone to errors that have security implications. Use the WHATWG URL API instead. CVEs are not issued for `url.parse()` vulnerabilities.
2026-10-06T15:01:11.9611430Z Uploaded bytes 1943617
2026-10-06T15:01:12.0369270Z Finished uploading artifact content to blob storage!
2026-10-06T15:01:12.0370980Z SHA256 digest of uploaded artifact zip is 65a51d6f5a59e1ec76b859ccd41adc267913318f904944a4e029ecce670a98dc
2026-10-06T15:01:12.0371570Z Finalizing artifact upload
2026-10-06T15:01:12.3668780Z Artifact bookon-debug-ipa.zip successfully finalized. Artifact ID 11422502155
2026-10-06T15:01:12.3770550Z Artifact bookon-debug-ipa has been successfully uploaded! Final size is 1943617 bytes. Artifact ID is 11422502155
2026-10-06T15:01:12.3872330Z Artifact download URL: https://github.com/zhuof725/bookon/actions/runs/37483342891/artifacts/11422502155
2026-10-06T15:01:12.4094650Z Post job cleanup.
2026-10-06T15:01:12.5221570Z [command]/opt/homebrew/bin/git version
2026-10-06T15:01:12.5436320Z git version 2.55.0
2026-10-06T15:01:12.5466340Z Copying '/Users/runner/.gitconfig' to '/Users/runner/work/_temp/98863035-cfd7-4816-bf84-fa411ec7ea6e/.gitconfig'
2026-10-06T15:01:12.5468080Z Temporarily overriding HOME='/Users/runner/work/_temp/98863035-cfd7-4816-bf84-fa411ec7ea6e' before making global git config changes
2026-10-06T15:01:12.5468750Z Adding repository directory to the temporary git global config as a safe directory
2026-10-06T15:01:12.5469350Z [command]/opt/homebrew/bin/git config --global --add safe.directory /Users/runner/work/bookon/bookon
2026-10-06T15:01:12.5575580Z [command]/opt/homebrew/bin/git config --local --name-only --get-regexp core\.sshCommand
2026-10-06T15:01:12.5630980Z [command]/opt/homebrew/bin/git submodule foreach --recursive sh -c "git config --local --name-only --get-regexp 'core\.sshCommand' && git config --local --unset-all 'core.sshCommand' || :"
2026-10-06T15:01:12.6465370Z [command]/opt/homebrew/bin/git config --local --name-only --get-regexp http\.https\:\/\/github\.com\/\.extraheader
2026-10-06T15:01:12.6513280Z http.https://github.com/.extraheader
2026-10-06T15:01:12.6522040Z [command]/opt/homebrew/bin/git config --local --unset-all http.https://github.com/.extraheader
2026-10-06T15:01:12.6588040Z [command]/opt/homebrew/bin/git submodule foreach --recursive sh -c "git config --local --name-only --get-regexp 'http\.https\:\/\/github\.com\/\.extraheader' && git config --local --unset-all 'http.https://github.com/.extraheader' || :"
2026-10-06T15:01:12.7245030Z [command]/opt/homebrew/bin/git config --local --name-only --get-regexp ^includeIf\.gitdir:
2026-10-06T15:01:12.7297920Z [command]/opt/homebrew/bin/git submodule foreach --recursive git config --local --show-origin --name-only --get-regexp remote.origin.url
2026-10-06T15:01:12.8061420Z Cleaning up orphan processes
2026-10-06T15:01:13.7771420Z ##[warning]Node.js 20 is deprecated. The following actions target Node.js 20 but are being forced to run on Node.js 24: actions/checkout@v4, actions/upload-artifact@v4. For more information see: https://github.blog/changelog/2025-09-19-deprecation-of-node-20-on-github-actions-runners/
