2026-10-06T13:40:42.1611960Z Current runner version: '2.337.0'
2026-10-06T13:40:42.1626940Z ##[group]Runner Image Provisioner
2026-10-06T13:40:42.1627460Z Hosted Compute Agent
2026-10-06T13:40:42.1627910Z Version: 20260828.587
2026-10-06T13:40:42.1628320Z Commit: abac92662cab4cc7352de4f9f9d2e2419aad9c29
2026-10-06T13:40:42.1628780Z Build Date: 2026-08-28T16:44:25Z
2026-10-06T13:40:42.1629220Z Worker ID: {24e5fd18-6cd9-4afd-bfb0-d2569abbdcdf}
2026-10-06T13:40:42.1629760Z Azure Region: westus
2026-10-06T13:40:42.1630120Z ##[endgroup]
2026-10-06T13:40:42.1631010Z ##[group]Operating System
2026-10-06T13:40:42.1631390Z macOS
2026-10-06T13:40:42.1631700Z 14.8.9
2026-10-06T13:40:42.1632020Z 23J631
2026-10-06T13:40:42.1632330Z ##[endgroup]
2026-10-06T13:40:42.1632680Z ##[group]Runner Image
2026-10-06T13:40:42.1633040Z Image: macos-14-arm64
2026-10-06T13:40:42.1633400Z Version: 20260831.0302.1
2026-10-06T13:40:42.1634210Z Included Software: https://github.com/actions/runner-images/blob/macos-14-arm64/20260831.0302/images/macos/macos-14-arm64-Readme.md
2026-10-06T13:40:42.1635770Z Image Release: https://github.com/actions/runner-images/releases/tag/macos-14-arm64%2F20260831.0302
2026-10-06T13:40:42.1636420Z ##[endgroup]
2026-10-06T13:40:42.1637200Z ##[group]GITHUB_TOKEN Permissions
2026-10-06T13:40:42.1638590Z Contents: read
2026-10-06T13:40:42.1638940Z Metadata: read
2026-10-06T13:40:42.1639340Z Packages: read
2026-10-06T13:40:42.1639720Z ##[endgroup]
2026-10-06T13:40:42.1641090Z Secret source: Actions
2026-10-06T13:40:42.1641630Z Cache mode: write
2026-10-06T13:40:42.1642130Z Prepare workflow directory
2026-10-06T13:40:42.1955270Z Prepare all required actions
2026-10-06T13:40:42.2003220Z Getting action download info
2026-10-06T13:40:42.3880390Z Download action repository 'actions/checkout@v4' (SHA:11d5960a326750d5838078e36cf38b85af677262)
2026-10-06T13:40:42.9055070Z Download action repository 'actions/upload-artifact@v4' (SHA:ea165f8d65b6e75b540449e92b4886f43607fa02)
2026-10-06T13:40:43.1382170Z Complete job name: build-ipa
2026-10-06T13:40:43.1927520Z ##[group]Run actions/checkout@v4
2026-10-06T13:40:43.1928170Z with:
2026-10-06T13:40:43.1928550Z   repository: zhuof725/bookon
2026-10-06T13:40:43.1931430Z   token: ***
2026-10-06T13:40:43.1931770Z   ssh-strict: true
2026-10-06T13:40:43.1932300Z   ssh-user: git
2026-10-06T13:40:43.1932660Z   persist-credentials: true
2026-10-06T13:40:43.1933060Z   clean: true
2026-10-06T13:40:43.1933430Z   sparse-checkout-cone-mode: true
2026-10-06T13:40:43.1933860Z   fetch-depth: 1
2026-10-06T13:40:43.1934210Z   fetch-tags: false
2026-10-06T13:40:43.1934600Z   show-progress: true
2026-10-06T13:40:43.1934970Z   lfs: false
2026-10-06T13:40:43.1935320Z   submodules: false
2026-10-06T13:40:43.1935690Z   set-safe-directory: true
2026-10-06T13:40:43.1936100Z   allow-unsafe-pr-checkout: false
2026-10-06T13:40:43.1936970Z ##[endgroup]
2026-10-06T13:40:43.6262150Z Syncing repository: zhuof725/bookon
2026-10-06T13:40:43.6265060Z ##[group]Getting Git version info
2026-10-06T13:40:43.6265890Z Working directory is '/Users/runner/work/bookon/bookon'
2026-10-06T13:40:43.6266900Z [command]/opt/homebrew/bin/git version
2026-10-06T13:40:43.6518820Z git version 2.55.0
2026-10-06T13:40:43.6535720Z ##[endgroup]
2026-10-06T13:40:43.6548280Z Copying '/Users/runner/.gitconfig' to '/Users/runner/work/_temp/d50cbedd-9b58-46e2-975f-631f866e1266/.gitconfig'
2026-10-06T13:40:43.6552110Z Temporarily overriding HOME='/Users/runner/work/_temp/d50cbedd-9b58-46e2-975f-631f866e1266' before making global git config changes
2026-10-06T13:40:43.6553520Z Adding repository directory to the temporary git global config as a safe directory
2026-10-06T13:40:43.6556590Z [command]/opt/homebrew/bin/git config --global --add safe.directory /Users/runner/work/bookon/bookon
2026-10-06T13:40:43.6682720Z Deleting the contents of '/Users/runner/work/bookon/bookon'
2026-10-06T13:40:43.6691260Z ##[group]Initializing the repository
2026-10-06T13:40:43.6694380Z [command]/opt/homebrew/bin/git init /Users/runner/work/bookon/bookon
2026-10-06T13:40:43.6950960Z hint: Using 'master' as the name for the initial branch. This default branch name
2026-10-06T13:40:43.6955650Z hint: will change to "main" in Git 3.0. To configure the initial branch name
2026-10-06T13:40:43.6957990Z hint: to use in all of your new repositories, which will suppress this warning,
2026-10-06T13:40:43.6987800Z hint: call:
2026-10-06T13:40:43.6990260Z hint:
2026-10-06T13:40:43.6991630Z hint: 	git config --global init.defaultBranch <name>
2026-10-06T13:40:43.6992250Z hint:
2026-10-06T13:40:43.6992730Z hint: Names commonly chosen instead of 'master' are 'main', 'trunk' and
2026-10-06T13:40:43.6993550Z hint: 'development'. The just-created branch can be renamed via this command:
2026-10-06T13:40:43.6994200Z hint:
2026-10-06T13:40:43.6994570Z hint: 	git branch -m <name>
2026-10-06T13:40:43.6994960Z hint:
2026-10-06T13:40:43.6995480Z hint: Disable this message with "git config set advice.defaultBranchName false"
2026-10-06T13:40:43.6996540Z Initialized empty Git repository in /Users/runner/work/bookon/bookon/.git/
2026-10-06T13:40:43.6998530Z [command]/opt/homebrew/bin/git remote add origin https://github.com/zhuof725/bookon
2026-10-06T13:40:43.7040640Z ##[endgroup]
2026-10-06T13:40:43.7041600Z ##[group]Disabling automatic garbage collection
2026-10-06T13:40:43.7042230Z [command]/opt/homebrew/bin/git config --local gc.auto 0
2026-10-06T13:40:43.7093950Z ##[endgroup]
2026-10-06T13:40:43.7094740Z ##[group]Setting up auth
2026-10-06T13:40:43.7101290Z [command]/opt/homebrew/bin/git config --local --name-only --get-regexp core\.sshCommand
2026-10-06T13:40:43.7152930Z [command]/opt/homebrew/bin/git submodule foreach --recursive sh -c "git config --local --name-only --get-regexp 'core\.sshCommand' && git config --local --unset-all 'core.sshCommand' || :"
2026-10-06T13:40:43.8068530Z [command]/opt/homebrew/bin/git config --local --name-only --get-regexp http\.https\:\/\/github\.com\/\.extraheader
2026-10-06T13:40:43.8121530Z [command]/opt/homebrew/bin/git submodule foreach --recursive sh -c "git config --local --name-only --get-regexp 'http\.https\:\/\/github\.com\/\.extraheader' && git config --local --unset-all 'http.https://github.com/.extraheader' || :"
2026-10-06T13:40:43.8809740Z [command]/opt/homebrew/bin/git config --local --name-only --get-regexp ^includeIf\.gitdir:
2026-10-06T13:40:43.8863260Z [command]/opt/homebrew/bin/git submodule foreach --recursive git config --local --show-origin --name-only --get-regexp remote.origin.url
2026-10-06T13:40:43.9914670Z [command]/opt/homebrew/bin/git config --local http.https://github.com/.extraheader AUTHORIZATION: basic ***
2026-10-06T13:40:43.9968780Z ##[endgroup]
2026-10-06T13:40:43.9969850Z ##[group]Fetching the repository
2026-10-06T13:40:43.9971290Z [command]/opt/homebrew/bin/git -c protocol.version=2 fetch --no-tags --prune --no-recurse-submodules --depth=1 origin +a61fcdf9a44a2599af67e65b223df2749b42b292:refs/remotes/origin/main
2026-10-06T13:40:46.3009600Z From https://github.com/zhuof725/bookon
2026-10-06T13:40:46.3010400Z  * [new ref]         a61fcdf9a44a2599af67e65b223df2749b42b292 -> origin/main
2026-10-06T13:40:46.3014170Z ##[endgroup]
2026-10-06T13:40:46.3014600Z ##[group]Determining the checkout info
2026-10-06T13:40:46.3017380Z ##[endgroup]
2026-10-06T13:40:46.3026230Z [command]/opt/homebrew/bin/git sparse-checkout disable
2026-10-06T13:40:46.3108260Z [command]/opt/homebrew/bin/git config --local --unset-all extensions.worktreeConfig
2026-10-06T13:40:46.3163590Z ##[group]Checking out the ref
2026-10-06T13:40:46.3170350Z [command]/opt/homebrew/bin/git checkout --progress --force -B main refs/remotes/origin/main
2026-10-06T13:40:46.6577410Z Switched to a new branch 'main'
2026-10-06T13:40:46.6582190Z branch 'main' set up to track 'origin/main'.
2026-10-06T13:40:46.6598540Z ##[endgroup]
2026-10-06T13:40:46.6684850Z [command]/opt/homebrew/bin/git log -1 --format=%H
2026-10-06T13:40:46.6744400Z a61fcdf9a44a2599af67e65b223df2749b42b292
2026-10-06T13:40:46.6951320Z ##[group]Run brew install xcodegen
2026-10-06T13:40:46.6951700Z [36;1mbrew install xcodegen[0m
2026-10-06T13:40:46.7020960Z shell: /bin/bash -e {0}
2026-10-06T13:40:46.7021240Z ##[endgroup]
2026-10-06T13:40:49.5136770Z [32m==>[0m [1mDownloading bottle manifests[0m
2026-10-06T13:40:49.5344690Z ✔︎ Bottle Manifest xcodegen (2.46.0)
2026-10-06T13:40:49.5345920Z [34m==>[0m [1mWould install 1 formula:[0m
2026-10-06T13:40:49.5346740Z xcodegen
2026-10-06T13:40:49.5408270Z [32m==>[0m [1mFetching downloads for: [32mxcodegen[39m[0m
2026-10-06T13:40:49.8710560Z ✔︎ Bottle xcodegen (2.46.0)
2026-10-06T13:40:49.9571180Z [34m==>[0m [1mPouring xcodegen--2.46.0.arm64_sonoma.bottle.1.tar.gz[0m
2026-10-06T13:40:50.1227430Z 🍺  /opt/homebrew/Cellar/xcodegen/2.46.0: 38 files, 7.6MB
2026-10-06T13:40:50.1454400Z ##[group]Run bash scripts/build_ipa.sh
2026-10-06T13:40:50.1454910Z [36;1mbash scripts/build_ipa.sh[0m
2026-10-06T13:40:50.1547080Z shell: /bin/bash -e {0}
2026-10-06T13:40:50.1547390Z env:
2026-10-06T13:40:50.1547730Z   GIT_COMMIT: a61fcdf9a44a2599af67e65b223df2749b42b292
2026-10-06T13:40:50.1547990Z   CI_RUN_ID: 37472428939
2026-10-06T13:40:50.1548290Z ##[endgroup]
2026-10-06T13:40:50.2117360Z == 1/4 生成 Xcode 工程 ==
2026-10-06T13:40:50.2290760Z ⚙️  Generating plists...
2026-10-06T13:40:50.2291290Z ⚙️  Generating project...
2026-10-06T13:40:50.2415530Z ⚙️  Writing project...
2026-10-06T13:40:50.2529750Z Created project at /Users/runner/work/bookon/bookon/BookonDebug.xcodeproj
2026-10-06T13:40:50.2811910Z [verify_xcodeproj_format] Xcode=15.4 (major=15 minor=4) objectVersion=63 (需要 Xcode 15.3+)
2026-10-06T13:40:50.2813650Z [verify_xcodeproj_format] OK: objectVersion 63 is compatible with Xcode 15.4
2026-10-06T13:40:50.2814510Z == 2/4 归档（Release，无签名）==
2026-10-06T13:40:51.2165970Z Command line invocation:
2026-10-06T13:40:51.2168540Z     /Applications/Xcode_15.4.app/Contents/Developer/usr/bin/xcodebuild archive -project BookonDebug.xcodeproj -scheme BookonDebug -configuration Release -archivePath build/BookonDebug.xcarchive -destination generic/platform=iOS CODE_SIGNING_ALLOWED=NO CODE_SIGNING_REQUIRED=NO GIT_COMMIT=a61fcdf9a44a2599af67e65b223df2749b42b292 CI_RUN_ID=37472428939
2026-10-06T13:40:51.2179750Z 
2026-10-06T13:40:51.2180990Z User defaults from command line:
2026-10-06T13:40:51.2192790Z     IDEArchivePathOverride = /Users/runner/work/bookon/bookon/build/BookonDebug.xcarchive
2026-10-06T13:40:51.2202000Z     IDEPackageSupportUseBuiltinSCM = YES
2026-10-06T13:40:51.2203300Z 
2026-10-06T13:40:51.2203840Z Build settings from command line:
2026-10-06T13:40:51.2208710Z     CI_RUN_ID = 37472428939
2026-10-06T13:40:51.2209720Z     CODE_SIGNING_ALLOWED = NO
2026-10-06T13:40:51.2210160Z     CODE_SIGNING_REQUIRED = NO
2026-10-06T13:40:51.2211530Z     GIT_COMMIT = a61fcdf9a44a2599af67e65b223df2749b42b292
2026-10-06T13:40:51.2212210Z 
2026-10-06T13:41:00.9271570Z Resolve Package Graph
2026-10-06T13:41:10.3009760Z 
2026-10-06T13:41:10.3019390Z Fetching from https://github.com/scinfu/SwiftSoup.git
2026-10-06T13:41:11.6945130Z 
2026-10-06T13:41:12.3876180Z Creating working copy of package ‘SwiftSoup’
2026-10-06T13:41:12.4400510Z 
2026-10-06T13:41:12.4424090Z Checking out 2.9.6 of package ‘SwiftSoup’
2026-10-06T13:41:12.5287260Z 
2026-10-06T13:41:13.0963490Z Invalid Resource 'Resources/golden': File not found.
2026-10-06T13:41:13.0969680Z Resolved source packages:
2026-10-06T13:41:13.1003160Z   SwiftSoup: https://github.com/scinfu/SwiftSoup.git @ 2.9.6
2026-10-06T13:41:13.1006310Z   LegadoBookSource: /Users/runner/work/bookon/bookon
2026-10-06T13:41:13.1017030Z 
2026-10-06T13:41:13.2387000Z Prepare packages
2026-10-06T13:41:13.2847190Z 
2026-10-06T13:41:14.0022280Z ComputeTargetDependencyGraph
2026-10-06T13:41:14.1231900Z note: Building targets in dependency order
2026-10-06T13:41:14.1238330Z note: Target dependency graph (8 targets)
2026-10-06T13:41:14.1238980Z     Target 'BookonDebug' in project 'BookonDebug'
2026-10-06T13:41:14.1240070Z         ➜ Explicit dependency on target 'BookonDebugKit' in project 'LegadoBookSource'
2026-10-06T13:41:14.1241040Z         ➜ Explicit dependency on target 'LegadoBookSource' in project 'LegadoBookSource'
2026-10-06T13:41:14.1246920Z     Target 'LegadoBookSource' in project 'LegadoBookSource'
2026-10-06T13:41:14.1247980Z         ➜ Explicit dependency on target 'LegadoBookSource' in project 'LegadoBookSource'
2026-10-06T13:41:14.1261650Z         ➜ Explicit dependency on target 'LegadoBookSource_LegadoBookSource' in project 'LegadoBookSource'
2026-10-06T13:41:14.1262640Z         ➜ Explicit dependency on target 'SwiftSoup' in project 'SwiftSoup'
2026-10-06T13:41:14.1263100Z     Target 'BookonDebugKit' in project 'LegadoBookSource'
2026-10-06T13:41:14.1263870Z         ➜ Explicit dependency on target 'BookonDebugKit' in project 'LegadoBookSource'
2026-10-06T13:41:14.1265370Z         ➜ Explicit dependency on target 'LegadoBookSource' in project 'LegadoBookSource'
2026-10-06T13:41:14.1266430Z         ➜ Explicit dependency on target 'SwiftSoup' in project 'SwiftSoup'
2026-10-06T13:41:14.1266880Z     Target 'BookonDebugKit' in project 'LegadoBookSource'
2026-10-06T13:41:14.1267540Z         ➜ Explicit dependency on target 'LegadoBookSource' in project 'LegadoBookSource'
2026-10-06T13:41:14.1268160Z         ➜ Explicit dependency on target 'SwiftSoup' in project 'SwiftSoup'
2026-10-06T13:41:14.1268580Z     Target 'LegadoBookSource' in project 'LegadoBookSource'
2026-10-06T13:41:14.1269220Z         ➜ Explicit dependency on target 'LegadoBookSource_LegadoBookSource' in project 'LegadoBookSource'
2026-10-06T13:41:14.1269890Z         ➜ Explicit dependency on target 'SwiftSoup' in project 'SwiftSoup'
2026-10-06T13:41:14.1270370Z     Target 'SwiftSoup' in project 'SwiftSoup'
2026-10-06T13:41:14.1270770Z         ➜ Explicit dependency on target 'SwiftSoup' in project 'SwiftSoup'
2026-10-06T13:41:14.1271300Z     Target 'SwiftSoup' in project 'SwiftSoup' (no dependencies)
2026-10-06T13:41:14.1271860Z     Target 'LegadoBookSource_LegadoBookSource' in project 'LegadoBookSource' (no dependencies)
2026-10-06T13:41:14.1272660Z 
2026-10-06T13:41:14.1272870Z GatherProvisioningInputs
2026-10-06T13:41:14.1273060Z 
2026-10-06T13:41:14.1404130Z CreateBuildDescription
2026-10-06T13:41:14.2837920Z 
2026-10-06T13:41:14.2846040Z ExecuteExternalTool /Applications/Xcode_15.4.app/Contents/Developer/Toolchains/XcodeDefault.xctoolchain/usr/bin/swiftc -v
2026-10-06T13:41:14.7601710Z 
2026-10-06T13:41:14.7609750Z ExecuteExternalTool /Applications/Xcode_15.4.app/Contents/Developer/Toolchains/XcodeDefault.xctoolchain/usr/bin/clang -v -E -dM -isysroot /Applications/Xcode_15.4.app/Contents/Developer/Platforms/iPhoneOS.platform/Developer/SDKs/iPhoneOS17.5.sdk -x c -c /dev/null
2026-10-06T13:41:15.2288830Z 
2026-10-06T13:41:15.2440280Z ExecuteExternalTool /Applications/Xcode_15.4.app/Contents/Developer/Toolchains/XcodeDefault.xctoolchain/usr/bin/ld -version_details
2026-10-06T13:41:15.2670340Z 
2026-10-06T13:41:15.3594680Z Build description signature: edc5618d91d79b5e1f24524cc5da866c
2026-10-06T13:41:15.3700110Z Build description path: /Users/runner/Library/Developer/Xcode/DerivedData/BookonDebug-ehazsigvxemoqzdtqumqzfgyfpkz/Build/Intermediates.noindex/ArchiveIntermediates/BookonDebug/IntermediateBuildFilesPath/XCBuildData/edc5618d91d79b5e1f24524cc5da866c.xcbuilddata
2026-10-06T13:41:15.3810080Z CreateBuildDirectory /Users/runner/Library/Developer/Xcode/DerivedData/BookonDebug-ehazsigvxemoqzdtqumqzfgyfpkz/Build/Intermediates.noindex/ArchiveIntermediates/BookonDebug/InstallationBuildProductsLocation
2026-10-06T13:41:15.3918860Z     cd /Users/runner/work/bookon/bookon/BookonDebug.xcodeproj
2026-10-06T13:41:15.4021950Z     builtin-create-build-directory /Users/runner/Library/Developer/Xcode/DerivedData/BookonDebug-ehazsigvxemoqzdtqumqzfgyfpkz/Build/Intermediates.noindex/ArchiveIntermediates/BookonDebug/InstallationBuildProductsLocation
2026-10-06T13:41:15.4132690Z 
2026-10-06T13:41:15.4236740Z CreateBuildDirectory /Users/runner/Library/Developer/Xcode/DerivedData/BookonDebug-ehazsigvxemoqzdtqumqzfgyfpkz/Build/Intermediates.noindex/ArchiveIntermediates/BookonDebug/IntermediateBuildFilesPath
2026-10-06T13:41:15.4301150Z     cd /Users/runner/work/bookon/bookon/BookonDebug.xcodeproj
2026-10-06T13:41:15.4306890Z     builtin-create-build-directory /Users/runner/Library/Developer/Xcode/DerivedData/BookonDebug-ehazsigvxemoqzdtqumqzfgyfpkz/Build/Intermediates.noindex/ArchiveIntermediates/BookonDebug/IntermediateBuildFilesPath
2026-10-06T13:41:15.4316590Z 
2026-10-06T13:41:15.4317490Z CreateBuildDirectory /Users/runner/Library/Developer/Xcode/DerivedData/BookonDebug-ehazsigvxemoqzdtqumqzfgyfpkz/Build/Intermediates.noindex/ArchiveIntermediates/BookonDebug/BuildProductsPath
2026-10-06T13:41:15.4320760Z     cd /Users/runner/work/bookon/bookon/BookonDebug.xcodeproj
2026-10-06T13:41:15.4336180Z     builtin-create-build-directory /Users/runner/Library/Developer/Xcode/DerivedData/BookonDebug-ehazsigvxemoqzdtqumqzfgyfpkz/Build/Intermediates.noindex/ArchiveIntermediates/BookonDebug/BuildProductsPath
2026-10-06T13:41:15.4350370Z 
2026-10-06T13:41:15.4353490Z ClangStatCache /Applications/Xcode_15.4.app/Contents/Developer/Toolchains/XcodeDefault.xctoolchain/usr/bin/clang-stat-cache /Applications/Xcode_15.4.app/Contents/Developer/Platforms/iPhoneOS.platform/Developer/SDKs/iPhoneOS17.5.sdk /Users/runner/Library/Developer/Xcode/DerivedData/SDKStatCaches.noindex/iphoneos17.5-21F77-f0fa7969d082b13145125136a829df3a.sdkstatcache
2026-10-06T13:41:15.4439250Z     cd /Users/runner/work/bookon/bookon/BookonDebug.xcodeproj
2026-10-06T13:41:15.4566930Z     /Applications/Xcode_15.4.app/Contents/Developer/Toolchains/XcodeDefault.xctoolchain/usr/bin/clang-stat-cache /Applications/Xcode_15.4.app/Contents/Developer/Platforms/iPhoneOS.platform/Developer/SDKs/iPhoneOS17.5.sdk -o /Users/runner/Library/Developer/Xcode/DerivedData/SDKStatCaches.noindex/iphoneos17.5-21F77-f0fa7969d082b13145125136a829df3a.sdkstatcache
2026-10-06T13:41:17.2942610Z 
2026-10-06T13:41:17.2946000Z CreateBuildDirectory /Users/runner/Library/Developer/Xcode/DerivedData/BookonDebug-ehazsigvxemoqzdtqumqzfgyfpkz/Build/Intermediates.noindex/ArchiveIntermediates/BookonDebug/IntermediateBuildFilesPath/EagerLinkingTBDs/Release-iphoneos
2026-10-06T13:41:17.2950040Z     cd /Users/runner/work/bookon/bookon/BookonDebug.xcodeproj
2026-10-06T13:41:17.2952850Z     builtin-create-build-directory /Users/runner/Library/Developer/Xcode/DerivedData/BookonDebug-ehazsigvxemoqzdtqumqzfgyfpkz/Build/Intermediates.noindex/ArchiveIntermediates/BookonDebug/IntermediateBuildFilesPath/EagerLinkingTBDs/Release-iphoneos
2026-10-06T13:41:17.2956620Z 
2026-10-06T13:41:17.2957880Z CreateBuildDirectory /Users/runner/Library/Developer/Xcode/DerivedData/BookonDebug-ehazsigvxemoqzdtqumqzfgyfpkz/Build/Intermediates.noindex/ArchiveIntermediates/BookonDebug/BuildProductsPath/Release-iphoneos
2026-10-06T13:41:17.2960690Z     cd /Users/runner/work/bookon/bookon/BookonDebug.xcodeproj
2026-10-06T13:41:17.2963080Z     builtin-create-build-directory /Users/runner/Library/Developer/Xcode/DerivedData/BookonDebug-ehazsigvxemoqzdtqumqzfgyfpkz/Build/Intermediates.noindex/ArchiveIntermediates/BookonDebug/BuildProductsPath/Release-iphoneos
2026-10-06T13:41:17.2971560Z 
2026-10-06T13:41:17.2974110Z CreateBuildDirectory /Users/runner/Library/Developer/Xcode/DerivedData/BookonDebug-ehazsigvxemoqzdtqumqzfgyfpkz/Build/Intermediates.noindex/ArchiveIntermediates/BookonDebug/BuildProductsPath/Release-iphoneos/PackageFrameworks
2026-10-06T13:41:17.2978690Z     cd /Users/runner/work/bookon/bookon/BookonDebug.xcodeproj
2026-10-06T13:41:17.2980350Z     builtin-create-build-directory /Users/runner/Library/Developer/Xcode/DerivedData/BookonDebug-ehazsigvxemoqzdtqumqzfgyfpkz/Build/Intermediates.noindex/ArchiveIntermediates/BookonDebug/BuildProductsPath/Release-iphoneos/PackageFrameworks
2026-10-06T13:41:17.2995290Z 
2026-10-06T13:41:17.2997130Z SymLink /Users/runner/Library/Developer/Xcode/DerivedData/BookonDebug-ehazsigvxemoqzdtqumqzfgyfpkz/Build/Intermediates.noindex/ArchiveIntermediates/BookonDebug/BuildProductsPath/Release-iphoneos/SwiftSoup.o ../../IntermediateBuildFilesPath/UninstalledProducts/iphoneos/SwiftSoup.o (in target 'SwiftSoup' from project 'SwiftSoup')
2026-10-06T13:41:17.2999120Z     cd /Users/runner/Library/Developer/Xcode/DerivedData/BookonDebug-ehazsigvxemoqzdtqumqzfgyfpkz/SourcePackages/checkouts/SwiftSoup
2026-10-06T13:41:17.3016030Z     /bin/ln -sfh ../../IntermediateBuildFilesPath/UninstalledProducts/iphoneos/SwiftSoup.o /Users/runner/Library/Developer/Xcode/DerivedData/BookonDebug-ehazsigvxemoqzdtqumqzfgyfpkz/Build/Intermediates.noindex/ArchiveIntermediates/BookonDebug/BuildProductsPath/Release-iphoneos/SwiftSoup.o
2026-10-06T13:41:17.3018860Z 
2026-10-06T13:41:17.3023790Z SymLink /Users/runner/Library/Developer/Xcode/DerivedData/BookonDebug-ehazsigvxemoqzdtqumqzfgyfpkz/Build/Intermediates.noindex/ArchiveIntermediates/BookonDebug/BuildProductsPath/Release-iphoneos/LegadoBookSource_LegadoBookSource.bundle ../../IntermediateBuildFilesPath/UninstalledProducts/iphoneos/LegadoBookSource_LegadoBookSource.bundle (in target 'LegadoBookSource_LegadoBookSource' from project 'LegadoBookSource')
2026-10-06T13:41:17.3028700Z     cd /Users/runner/work/bookon/bookon
2026-10-06T13:41:17.3032800Z     /bin/ln -sfh ../../IntermediateBuildFilesPath/UninstalledProducts/iphoneos/LegadoBookSource_LegadoBookSource.bundle /Users/runner/Library/Developer/Xcode/DerivedData/BookonDebug-ehazsigvxemoqzdtqumqzfgyfpkz/Build/Intermediates.noindex/ArchiveIntermediates/BookonDebug/BuildProductsPath/Release-iphoneos/LegadoBookSource_LegadoBookSource.bundle
2026-10-06T13:41:17.3037560Z 
2026-10-06T13:41:17.3040870Z MkDir /Users/runner/Library/Developer/Xcode/DerivedData/BookonDebug-ehazsigvxemoqzdtqumqzfgyfpkz/Build/Intermediates.noindex/ArchiveIntermediates/BookonDebug/IntermediateBuildFilesPath/UninstalledProducts/iphoneos/LegadoBookSource_LegadoBookSource.bundle (in target 'LegadoBookSource_LegadoBookSource' from project 'LegadoBookSource')
2026-10-06T13:41:17.3044410Z     cd /Users/runner/work/bookon/bookon
2026-10-06T13:41:17.3047660Z     /bin/mkdir -p /Users/runner/Library/Developer/Xcode/DerivedData/BookonDebug-ehazsigvxemoqzdtqumqzfgyfpkz/Build/Intermediates.noindex/ArchiveIntermediates/BookonDebug/IntermediateBuildFilesPath/UninstalledProducts/iphoneos/LegadoBookSource_LegadoBookSource.bundle
2026-10-06T13:41:17.3050390Z 
2026-10-06T13:41:17.3053730Z SymLink /Users/runner/Library/Developer/Xcode/DerivedData/BookonDebug-ehazsigvxemoqzdtqumqzfgyfpkz/Build/Intermediates.noindex/ArchiveIntermediates/BookonDebug/BuildProductsPath/Release-iphoneos/LegadoBookSource.o ../../IntermediateBuildFilesPath/UninstalledProducts/iphoneos/LegadoBookSource.o (in target 'LegadoBookSource' from project 'LegadoBookSource')
2026-10-06T13:41:17.3056750Z     cd /Users/runner/work/bookon/bookon
2026-10-06T13:41:17.3058080Z     /bin/ln -sfh ../../IntermediateBuildFilesPath/UninstalledProducts/iphoneos/LegadoBookSource.o /Users/runner/Library/Developer/Xcode/DerivedData/BookonDebug-ehazsigvxemoqzdtqumqzfgyfpkz/Build/Intermediates.noindex/ArchiveIntermediates/BookonDebug/BuildProductsPath/Release-iphoneos/LegadoBookSource.o
2026-10-06T13:41:17.3060140Z 
2026-10-06T13:41:17.3061180Z SymLink /Users/runner/Library/Developer/Xcode/DerivedData/BookonDebug-ehazsigvxemoqzdtqumqzfgyfpkz/Build/Intermediates.noindex/ArchiveIntermediates/BookonDebug/BuildProductsPath/Release-iphoneos/BookonDebugKit.o ../../IntermediateBuildFilesPath/UninstalledProducts/iphoneos/BookonDebugKit.o (in target 'BookonDebugKit' from project 'LegadoBookSource')
2026-10-06T13:41:17.3064810Z     cd /Users/runner/work/bookon/bookon
2026-10-06T13:41:17.3068310Z     /bin/ln -sfh ../../IntermediateBuildFilesPath/UninstalledProducts/iphoneos/BookonDebugKit.o /Users/runner/Library/Developer/Xcode/DerivedData/BookonDebug-ehazsigvxemoqzdtqumqzfgyfpkz/Build/Intermediates.noindex/ArchiveIntermediates/BookonDebug/BuildProductsPath/Release-iphoneos/BookonDebugKit.o
2026-10-06T13:41:17.3071150Z 
2026-10-06T13:41:17.3074580Z SymLink /Users/runner/Library/Developer/Xcode/DerivedData/BookonDebug-ehazsigvxemoqzdtqumqzfgyfpkz/Build/Intermediates.noindex/ArchiveIntermediates/BookonDebug/BuildProductsPath/Release-iphoneos/BookonDebug.app ../../InstallationBuildProductsLocation/Applications/BookonDebug.app (in target 'BookonDebug' from project 'BookonDebug')
2026-10-06T13:41:17.3079250Z     cd /Users/runner/work/bookon/bookon
2026-10-06T13:41:17.3082440Z     /bin/ln -sfh ../../InstallationBuildProductsLocation/Applications/BookonDebug.app /Users/runner/Library/Developer/Xcode/DerivedData/BookonDebug-ehazsigvxemoqzdtqumqzfgyfpkz/Build/Intermediates.noindex/ArchiveIntermediates/BookonDebug/BuildProductsPath/Release-iphoneos/BookonDebug.app
2026-10-06T13:41:17.3084970Z 
2026-10-06T13:41:17.3088250Z MkDir /Users/runner/Library/Developer/Xcode/DerivedData/BookonDebug-ehazsigvxemoqzdtqumqzfgyfpkz/Build/Intermediates.noindex/ArchiveIntermediates/BookonDebug/InstallationBuildProductsLocation/Applications/BookonDebug.app (in target 'BookonDebug' from project 'BookonDebug')
2026-10-06T13:41:17.3091400Z     cd /Users/runner/work/bookon/bookon
2026-10-06T13:41:17.3093860Z     /bin/mkdir -p /Users/runner/Library/Developer/Xcode/DerivedData/BookonDebug-ehazsigvxemoqzdtqumqzfgyfpkz/Build/Intermediates.noindex/ArchiveIntermediates/BookonDebug/InstallationBuildProductsLocation/Applications/BookonDebug.app
2026-10-06T13:41:17.3097030Z 
2026-10-06T13:41:17.3099890Z WriteAuxiliaryFile /Users/runner/Library/Developer/Xcode/DerivedData/BookonDebug-ehazsigvxemoqzdtqumqzfgyfpkz/Build/Intermediates.noindex/ArchiveIntermediates/BookonDebug/IntermediateBuildFilesPath/SwiftSoup.build/Release-iphoneos/SwiftSoup.build/SwiftSoup.modulemap (in target 'SwiftSoup' from project 'SwiftSoup')
2026-10-06T13:41:17.3103570Z     cd /Users/runner/Library/Developer/Xcode/DerivedData/BookonDebug-ehazsigvxemoqzdtqumqzfgyfpkz/SourcePackages/checkouts/SwiftSoup
2026-10-06T13:41:17.3105030Z     write-file /Users/runner/Library/Developer/Xcode/DerivedData/BookonDebug-ehazsigvxemoqzdtqumqzfgyfpkz/Build/Intermediates.noindex/ArchiveIntermediates/BookonDebug/IntermediateBuildFilesPath/SwiftSoup.build/Release-iphoneos/SwiftSoup.build/SwiftSoup.modulemap
2026-10-06T13:41:17.3106090Z 
2026-10-06T13:41:17.3107400Z WriteAuxiliaryFile /Users/runner/Library/Developer/Xcode/DerivedData/BookonDebug-ehazsigvxemoqzdtqumqzfgyfpkz/Build/Intermediates.noindex/ArchiveIntermediates/BookonDebug/IntermediateBuildFilesPath/LegadoBookSource.build/Release-iphoneos/LegadoBookSource_LegadoBookSource.build/empty-LegadoBookSource_LegadoBookSource.plist (in target 'LegadoBookSource_LegadoBookSource' from project 'LegadoBookSource')
2026-10-06T13:41:17.3109050Z     cd /Users/runner/work/bookon/bookon
2026-10-06T13:41:17.3110300Z     write-file /Users/runner/Library/Developer/Xcode/DerivedData/BookonDebug-ehazsigvxemoqzdtqumqzfgyfpkz/Build/Intermediates.noindex/ArchiveIntermediates/BookonDebug/IntermediateBuildFilesPath/LegadoBookSource.build/Release-iphoneos/LegadoBookSource_LegadoBookSource.build/empty-LegadoBookSource_LegadoBookSource.plist
2026-10-06T13:41:17.3111520Z 
2026-10-06T13:41:17.3112810Z CpResource /Users/runner/Library/Developer/Xcode/DerivedData/BookonDebug-ehazsigvxemoqzdtqumqzfgyfpkz/Build/Intermediates.noindex/ArchiveIntermediates/BookonDebug/IntermediateBuildFilesPath/UninstalledProducts/iphoneos/LegadoBookSource_LegadoBookSource.bundle/t2s_exclude.txt /Users/runner/work/bookon/bookon/Sources/LegadoBookSource/Resources/Chinese/t2s_exclude.txt (in target 'LegadoBookSource_LegadoBookSource' from project 'LegadoBookSource')
2026-10-06T13:41:17.3114630Z     cd /Users/runner/work/bookon/bookon
2026-10-06T13:41:17.3116770Z     builtin-copy -exclude .DS_Store -exclude CVS -exclude .svn -exclude .git -exclude .hg -strip-unsigned-binaries -strip-deterministic -strip-tool /Applications/Xcode_15.4.app/Contents/Developer/Toolchains/XcodeDefault.xctoolchain/usr/bin/strip -resolve-src-symlinks /Users/runner/work/bookon/bookon/Sources/LegadoBookSource/Resources/Chinese/t2s_exclude.txt /Users/runner/Library/Developer/Xcode/DerivedData/BookonDebug-ehazsigvxemoqzdtqumqzfgyfpkz/Build/Intermediates.noindex/ArchiveIntermediates/BookonDebug/IntermediateBuildFilesPath/UninstalledProducts/iphoneos/LegadoBookSource_LegadoBookSource.bundle
2026-10-06T13:41:17.3119120Z 
2026-10-06T13:41:17.3121140Z ProcessInfoPlistFile /Users/runner/Library/Developer/Xcode/DerivedData/BookonDebug-ehazsigvxemoqzdtqumqzfgyfpkz/Build/Intermediates.noindex/ArchiveIntermediates/BookonDebug/IntermediateBuildFilesPath/UninstalledProducts/iphoneos/LegadoBookSource_LegadoBookSource.bundle/Info.plist /Users/runner/Library/Developer/Xcode/DerivedData/BookonDebug-ehazsigvxemoqzdtqumqzfgyfpkz/Build/Intermediates.noindex/ArchiveIntermediates/BookonDebug/IntermediateBuildFilesPath/LegadoBookSource.build/Release-iphoneos/LegadoBookSource_LegadoBookSource.build/empty-LegadoBookSource_LegadoBookSource.plist (in target 'LegadoBookSource_LegadoBookSource' from project 'LegadoBookSource')
2026-10-06T13:41:17.3124400Z     cd /Users/runner/work/bookon/bookon
2026-10-06T13:41:17.3127040Z     builtin-infoPlistUtility /Users/runner/Library/Developer/Xcode/DerivedData/BookonDebug-ehazsigvxemoqzdtqumqzfgyfpkz/Build/Intermediates.noindex/ArchiveIntermediates/BookonDebug/IntermediateBuildFilesPath/LegadoBookSource.build/Release-iphoneos/LegadoBookSource_LegadoBookSource.build/empty-LegadoBookSource_LegadoBookSource.plist -producttype com.apple.product-type.bundle -expandbuildsettings -format binary -platform iphoneos -requiredArchitecture arm64 -o /Users/runner/Library/Developer/Xcode/DerivedData/BookonDebug-ehazsigvxemoqzdtqumqzfgyfpkz/Build/Intermediates.noindex/ArchiveIntermediates/BookonDebug/IntermediateBuildFilesPath/UninstalledProducts/iphoneos/LegadoBookSource_LegadoBookSource.bundle/Info.plist
2026-10-06T13:41:17.3129410Z 
2026-10-06T13:41:17.3131320Z Copy /Users/runner/Library/Developer/Xcode/DerivedData/BookonDebug-ehazsigvxemoqzdtqumqzfgyfpkz/Build/Intermediates.noindex/ArchiveIntermediates/BookonDebug/IntermediateBuildFilesPath/GeneratedModuleMaps-iphoneos/SwiftSoup.modulemap /Users/runner/Library/Developer/Xcode/DerivedData/BookonDebug-ehazsigvxemoqzdtqumqzfgyfpkz/Build/Intermediates.noindex/ArchiveIntermediates/BookonDebug/IntermediateBuildFilesPath/SwiftSoup.build/Release-iphoneos/SwiftSoup.build/SwiftSoup.modulemap (in target 'SwiftSoup' from project 'SwiftSoup')
2026-10-06T13:41:17.3133480Z     cd /Users/runner/Library/Developer/Xcode/DerivedData/BookonDebug-ehazsigvxemoqzdtqumqzfgyfpkz/SourcePackages/checkouts/SwiftSoup
2026-10-06T13:41:17.3136400Z     builtin-copy -exclude .DS_Store -exclude CVS -exclude .svn -exclude .git -exclude .hg -strip-unsigned-binaries -strip-deterministic -strip-tool /Applications/Xcode_15.4.app/Contents/Developer/Toolchains/XcodeDefault.xctoolchain/usr/bin/strip -resolve-src-symlinks /Users/runner/Library/Developer/Xcode/DerivedData/BookonDebug-ehazsigvxemoqzdtqumqzfgyfpkz/Build/Intermediates.noindex/ArchiveIntermediates/BookonDebug/IntermediateBuildFilesPath/SwiftSoup.build/Release-iphoneos/SwiftSoup.build/SwiftSoup.modulemap /Users/runner/Library/Developer/Xcode/DerivedData/BookonDebug-ehazsigvxemoqzdtqumqzfgyfpkz/Build/Intermediates.noindex/ArchiveIntermediates/BookonDebug/IntermediateBuildFilesPath/GeneratedModuleMaps-iphoneos
2026-10-06T13:41:17.3138730Z 
2026-10-06T13:41:17.3140070Z CpResource /Users/runner/Library/Developer/Xcode/DerivedData/BookonDebug-ehazsigvxemoqzdtqumqzfgyfpkz/Build/Intermediates.noindex/ArchiveIntermediates/BookonDebug/IntermediateBuildFilesPath/UninstalledProducts/iphoneos/LegadoBookSource_LegadoBookSource.bundle/t2s.txt /Users/runner/work/bookon/bookon/Sources/LegadoBookSource/Resources/Chinese/t2s.txt (in target 'LegadoBookSource_LegadoBookSource' from project 'LegadoBookSource')
2026-10-06T13:41:17.3141550Z     cd /Users/runner/work/bookon/bookon
2026-10-06T13:41:17.3144110Z     builtin-copy -exclude .DS_Store -exclude CVS -exclude .svn -exclude .git -exclude .hg -strip-unsigned-binaries -strip-deterministic -strip-tool /Applications/Xcode_15.4.app/Contents/Developer/Toolchains/XcodeDefault.xctoolchain/usr/bin/strip -resolve-src-symlinks /Users/runner/work/bookon/bookon/Sources/LegadoBookSource/Resources/Chinese/t2s.txt /Users/runner/Library/Developer/Xcode/DerivedData/BookonDebug-ehazsigvxemoqzdtqumqzfgyfpkz/Build/Intermediates.noindex/ArchiveIntermediates/BookonDebug/IntermediateBuildFilesPath/UninstalledProducts/iphoneos/LegadoBookSource_LegadoBookSource.bundle
2026-10-06T13:41:17.3151050Z 
2026-10-06T13:41:17.3154960Z CpResource /Users/runner/Library/Developer/Xcode/DerivedData/BookonDebug-ehazsigvxemoqzdtqumqzfgyfpkz/Build/Intermediates.noindex/ArchiveIntermediates/BookonDebug/IntermediateBuildFilesPath/UninstalledProducts/iphoneos/LegadoBookSource_LegadoBookSource.bundle/s2t.txt /Users/runner/work/bookon/bookon/Sources/LegadoBookSource/Resources/Chinese/s2t.txt (in target 'LegadoBookSource_LegadoBookSource' from project 'LegadoBookSource')
2026-10-06T13:41:17.3159610Z     cd /Users/runner/work/bookon/bookon
2026-10-06T13:41:17.3166460Z     builtin-copy -exclude .DS_Store -exclude CVS -exclude .svn -exclude .git -exclude .hg -strip-unsigned-binaries -strip-deterministic -strip-tool /Applications/Xcode_15.4.app/Contents/Developer/Toolchains/XcodeDefault.xctoolchain/usr/bin/strip -resolve-src-symlinks /Users/runner/work/bookon/bookon/Sources/LegadoBookSource/Resources/Chinese/s2t.txt /Users/runner/Library/Developer/Xcode/DerivedData/BookonDebug-ehazsigvxemoqzdtqumqzfgyfpkz/Build/Intermediates.noindex/ArchiveIntermediates/BookonDebug/IntermediateBuildFilesPath/UninstalledProducts/iphoneos/LegadoBookSource_LegadoBookSource.bundle
2026-10-06T13:41:17.3172170Z 
2026-10-06T13:41:17.3176250Z CpResource /Users/runner/Library/Developer/Xcode/DerivedData/BookonDebug-ehazsigvxemoqzdtqumqzfgyfpkz/Build/Intermediates.noindex/ArchiveIntermediates/BookonDebug/IntermediateBuildFilesPath/UninstalledProducts/iphoneos/LegadoBookSource_LegadoBookSource.bundle/PROVENANCE.md /Users/runner/work/bookon/bookon/Sources/LegadoBookSource/Resources/Chinese/PROVENANCE.md (in target 'LegadoBookSource_LegadoBookSource' from project 'LegadoBookSource')
2026-10-06T13:41:17.3180800Z     cd /Users/runner/work/bookon/bookon
2026-10-06T13:41:17.3186590Z     builtin-copy -exclude .DS_Store -exclude CVS -exclude .svn -exclude .git -exclude .hg -strip-unsigned-binaries -strip-deterministic -strip-tool /Applications/Xcode_15.4.app/Contents/Developer/Toolchains/XcodeDefault.xctoolchain/usr/bin/strip -resolve-src-symlinks /Users/runner/work/bookon/bookon/Sources/LegadoBookSource/Resources/Chinese/PROVENANCE.md /Users/runner/Library/Developer/Xcode/DerivedData/BookonDebug-ehazsigvxemoqzdtqumqzfgyfpkz/Build/Intermediates.noindex/ArchiveIntermediates/BookonDebug/IntermediateBuildFilesPath/UninstalledProducts/iphoneos/LegadoBookSource_LegadoBookSource.bundle
2026-10-06T13:41:17.3192690Z 
2026-10-06T13:41:17.3195850Z WriteAuxiliaryFile /Users/runner/Library/Developer/Xcode/DerivedData/BookonDebug-ehazsigvxemoqzdtqumqzfgyfpkz/Build/Intermediates.noindex/ArchiveIntermediates/BookonDebug/IntermediateBuildFilesPath/SwiftSoup.build/Release-iphoneos/SwiftSoup.build/Objects-normal/arm64/SwiftSoup.LinkFileList (in target 'SwiftSoup' from project 'SwiftSoup')
2026-10-06T13:41:17.3200290Z     cd /Users/runner/Library/Developer/Xcode/DerivedData/BookonDebug-ehazsigvxemoqzdtqumqzfgyfpkz/SourcePackages/checkouts/SwiftSoup
2026-10-06T13:41:17.3204950Z     write-file /Users/runner/Library/Developer/Xcode/DerivedData/BookonDebug-ehazsigvxemoqzdtqumqzfgyfpkz/Build/Intermediates.noindex/ArchiveIntermediates/BookonDebug/IntermediateBuildFilesPath/SwiftSoup.build/Release-iphoneos/SwiftSoup.build/Objects-normal/arm64/SwiftSoup.LinkFileList
2026-10-06T13:41:17.3206040Z 
2026-10-06T13:41:17.3207120Z WriteAuxiliaryFile /Users/runner/Library/Developer/Xcode/DerivedData/BookonDebug-ehazsigvxemoqzdtqumqzfgyfpkz/Build/Intermediates.noindex/ArchiveIntermediates/BookonDebug/IntermediateBuildFilesPath/SwiftSoup.build/Release-iphoneos/SwiftSoup.build/Objects-normal/arm64/SwiftSoup_const_extract_protocols.json (in target 'SwiftSoup' from project 'SwiftSoup')
2026-10-06T13:41:17.3208730Z     cd /Users/runner/Library/Developer/Xcode/DerivedData/BookonDebug-ehazsigvxemoqzdtqumqzfgyfpkz/SourcePackages/checkouts/SwiftSoup
2026-10-06T13:41:17.3210560Z     write-file /Users/runner/Library/Developer/Xcode/DerivedData/BookonDebug-ehazsigvxemoqzdtqumqzfgyfpkz/Build/Intermediates.noindex/ArchiveIntermediates/BookonDebug/IntermediateBuildFilesPath/SwiftSoup.build/Release-iphoneos/SwiftSoup.build/Objects-normal/arm64/SwiftSoup_const_extract_protocols.json
2026-10-06T13:41:17.3212230Z 
2026-10-06T13:41:17.3213380Z WriteAuxiliaryFile /Users/runner/Library/Developer/Xcode/DerivedData/BookonDebug-ehazsigvxemoqzdtqumqzfgyfpkz/Build/Intermediates.noindex/ArchiveIntermediates/BookonDebug/IntermediateBuildFilesPath/SwiftSoup.build/Release-iphoneos/SwiftSoup.build/Objects-normal/arm64/SwiftSoup.SwiftFileList (in target 'SwiftSoup' from project 'SwiftSoup')
2026-10-06T13:41:17.3215300Z     cd /Users/runner/Library/Developer/Xcode/DerivedData/BookonDebug-ehazsigvxemoqzdtqumqzfgyfpkz/SourcePackages/checkouts/SwiftSoup
2026-10-06T13:41:17.3216680Z     write-file /Users/runner/Library/Developer/Xcode/DerivedData/BookonDebug-ehazsigvxemoqzdtqumqzfgyfpkz/Build/Intermediates.noindex/ArchiveIntermediates/BookonDebug/IntermediateBuildFilesPath/SwiftSoup.build/Release-iphoneos/SwiftSoup.build/Objects-normal/arm64/SwiftSoup.SwiftFileList
2026-10-06T13:41:17.3217640Z 
2026-10-06T13:41:17.3218650Z WriteAuxiliaryFile /Users/runner/Library/Developer/Xcode/DerivedData/BookonDebug-ehazsigvxemoqzdtqumqzfgyfpkz/Build/Intermediates.noindex/ArchiveIntermediates/BookonDebug/IntermediateBuildFilesPath/SwiftSoup.build/Release-iphoneos/SwiftSoup.build/Objects-normal/arm64/SwiftSoup-OutputFileMap.json (in target 'SwiftSoup' from project 'SwiftSoup')
2026-10-06T13:41:17.3220300Z     cd /Users/runner/Library/Developer/Xcode/DerivedData/BookonDebug-ehazsigvxemoqzdtqumqzfgyfpkz/SourcePackages/checkouts/SwiftSoup
2026-10-06T13:41:17.3222010Z     write-file /Users/runner/Library/Developer/Xcode/DerivedData/BookonDebug-ehazsigvxemoqzdtqumqzfgyfpkz/Build/Intermediates.noindex/ArchiveIntermediates/BookonDebug/IntermediateBuildFilesPath/SwiftSoup.build/Release-iphoneos/SwiftSoup.build/Objects-normal/arm64/SwiftSoup-OutputFileMap.json
2026-10-06T13:41:17.3223200Z 
2026-10-06T13:41:17.3224270Z SetOwnerAndGroup runner:staff /Users/runner/Library/Developer/Xcode/DerivedData/BookonDebug-ehazsigvxemoqzdtqumqzfgyfpkz/Build/Intermediates.noindex/ArchiveIntermediates/BookonDebug/IntermediateBuildFilesPath/UninstalledProducts/iphoneos/LegadoBookSource_LegadoBookSource.bundle (in target 'LegadoBookSource_LegadoBookSource' from project 'LegadoBookSource')
2026-10-06T13:41:17.3225890Z     cd /Users/runner/work/bookon/bookon
2026-10-06T13:41:17.3227080Z     /usr/sbin/chown -RH runner:staff /Users/runner/Library/Developer/Xcode/DerivedData/BookonDebug-ehazsigvxemoqzdtqumqzfgyfpkz/Build/Intermediates.noindex/ArchiveIntermediates/BookonDebug/IntermediateBuildFilesPath/UninstalledProducts/iphoneos/LegadoBookSource_LegadoBookSource.bundle
2026-10-06T13:41:17.3228100Z 
2026-10-06T13:41:17.3229100Z SetMode u+w,go-w,a+rX /Users/runner/Library/Developer/Xcode/DerivedData/BookonDebug-ehazsigvxemoqzdtqumqzfgyfpkz/Build/Intermediates.noindex/ArchiveIntermediates/BookonDebug/IntermediateBuildFilesPath/UninstalledProducts/iphoneos/LegadoBookSource_LegadoBookSource.bundle (in target 'LegadoBookSource_LegadoBookSource' from project 'LegadoBookSource')
2026-10-06T13:41:17.3230500Z     cd /Users/runner/work/bookon/bookon
2026-10-06T13:41:17.3231990Z     /bin/chmod -RH u+w,go-w,a+rX /Users/runner/Library/Developer/Xcode/DerivedData/BookonDebug-ehazsigvxemoqzdtqumqzfgyfpkz/Build/Intermediates.noindex/ArchiveIntermediates/BookonDebug/IntermediateBuildFilesPath/UninstalledProducts/iphoneos/LegadoBookSource_LegadoBookSource.bundle
2026-10-06T13:41:17.3232870Z 
2026-10-06T13:41:17.3234050Z RegisterExecutionPolicyException /Users/runner/Library/Developer/Xcode/DerivedData/BookonDebug-ehazsigvxemoqzdtqumqzfgyfpkz/Build/Intermediates.noindex/ArchiveIntermediates/BookonDebug/IntermediateBuildFilesPath/UninstalledProducts/iphoneos/LegadoBookSource_LegadoBookSource.bundle (in target 'LegadoBookSource_LegadoBookSource' from project 'LegadoBookSource')
2026-10-06T13:41:17.3235440Z     cd /Users/runner/work/bookon/bookon
2026-10-06T13:41:17.3236610Z     builtin-RegisterExecutionPolicyException /Users/runner/Library/Developer/Xcode/DerivedData/BookonDebug-ehazsigvxemoqzdtqumqzfgyfpkz/Build/Intermediates.noindex/ArchiveIntermediates/BookonDebug/IntermediateBuildFilesPath/UninstalledProducts/iphoneos/LegadoBookSource_LegadoBookSource.bundle
2026-10-06T13:41:17.3238100Z 
2026-10-06T13:41:17.3239260Z Touch /Users/runner/Library/Developer/Xcode/DerivedData/BookonDebug-ehazsigvxemoqzdtqumqzfgyfpkz/Build/Intermediates.noindex/ArchiveIntermediates/BookonDebug/IntermediateBuildFilesPath/UninstalledProducts/iphoneos/LegadoBookSource_LegadoBookSource.bundle (in target 'LegadoBookSource_LegadoBookSource' from project 'LegadoBookSource')
2026-10-06T13:41:17.3240880Z     cd /Users/runner/work/bookon/bookon
2026-10-06T13:41:17.3241920Z     /usr/bin/touch -c /Users/runner/Library/Developer/Xcode/DerivedData/BookonDebug-ehazsigvxemoqzdtqumqzfgyfpkz/Build/Intermediates.noindex/ArchiveIntermediates/BookonDebug/IntermediateBuildFilesPath/UninstalledProducts/iphoneos/LegadoBookSource_LegadoBookSource.bundle
2026-10-06T13:41:17.3242860Z 
2026-10-06T13:41:17.3243240Z SwiftDriver SwiftSoup normal arm64 com.apple.xcode.tools.swift.compiler (in target 'SwiftSoup' from project 'SwiftSoup')
2026-10-06T13:41:17.3244050Z     cd /Users/runner/Library/Developer/Xcode/DerivedData/BookonDebug-ehazsigvxemoqzdtqumqzfgyfpkz/SourcePackages/checkouts/SwiftSoup
2026-10-06T13:41:17.3271090Z     builtin-SwiftDriver -- /Applications/Xcode_15.4.app/Contents/Developer/Toolchains/XcodeDefault.xctoolchain/usr/bin/swiftc -module-name SwiftSoup -O -whole-module-optimization -enforce-exclusivity\=checked @/Users/runner/Library/Developer/Xcode/DerivedData/BookonDebug-ehazsigvxemoqzdtqumqzfgyfpkz/Build/Intermediates.noindex/ArchiveIntermediates/BookonDebug/IntermediateBuildFilesPath/SwiftSoup.build/Release-iphoneos/SwiftSoup.build/Objects-normal/arm64/SwiftSoup.SwiftFileList -DSWIFT_PACKAGE -DXcode -sdk /Applications/Xcode_15.4.app/Contents/Developer/Platforms/iPhoneOS.platform/Developer/SDKs/iPhoneOS17.5.sdk -target arm64-apple-ios13.0 -g -module-cache-path /Users/runner/Library/Developer/Xcode/DerivedData/ModuleCache.noindex -Xfrontend -serialize-debugging-options -suppress-warnings -swift-version 5 -I /Users/runner/Library/Developer/Xcode/DerivedData/BookonDebug-ehazsigvxemoqzdtqumqzfgyfpkz/Build/Intermediates.noindex/ArchiveIntermediates/BookonDebug/BuildProductsPath/Release-iphoneos -I /Applications/Xcode_15.4.app/Contents/Developer/Platforms/iPhoneOS.platform/Developer/usr/lib -F /Users/runner/Library/Developer/Xcode/DerivedData/BookonDebug-ehazsigvxemoqzdtqumqzfgyfpkz/Build/Intermediates.noindex/ArchiveIntermediates/BookonDebug/BuildProductsPath/Release-iphoneos -F /Applications/Xcode_15.4.app/Contents/Developer/Platforms/iPhoneOS.platform/Developer/Library/Frameworks -F /Applications/Xcode_15.4.app/Contents/Developer/Platforms/iPhoneOS.platform/Developer/SDKs/iPhoneOS17.5.sdk/Developer/Library/Frameworks -c -num-threads 3 -Xcc -ivfsstatcache -Xcc /Users/runner/Library/Developer/Xcode/DerivedData/SDKStatCaches.noindex/iphoneos17.5-21F77-f0fa7969d082b13145125136a829df3a.sdkstatcache -output-file-map /Users/runner/Library/Developer/Xcode/DerivedData/BookonDebug-ehazsigvxemoqzdtqumqzfgyfpkz/Build/Intermediates.noindex/ArchiveIntermediates/BookonDebug/IntermediateBuildFilesPath/SwiftSoup.build/Release-iphoneos/SwiftSoup.build/Objects-normal/arm64/SwiftSoup-OutputFileMap.json -use-frontend-parseable-output -save-temps -no-color-diagnostics -serialize-diagnostics -emit-dependencies -emit-module -emit-module-path /Users/runner/Library/Developer/Xcode/DerivedData/BookonDebug-ehazsigvxemoqzdtqumqzfgyfpkz/Build/Intermediates.noindex/ArchiveIntermediates/BookonDebug/IntermediateBuildFilesPath/SwiftSoup.build/Release-iphoneos/SwiftSoup.build/Objects-normal/arm64/SwiftSoup.swiftmodule -validate-clang-modules-once -clang-build-session-file /Users/runner/Library/Developer/Xcode/DerivedData/ModuleCache.noindex/Session.modulevalidation -Xfrontend -package-name -Xfrontend swiftsoup -Xcc -I/Users/runner/Library/Developer/Xcode/DerivedData/BookonDebug-ehazsigvxemoqzdtqumqzfgyfpkz/Build/Intermediates.noindex/ArchiveIntermediates/BookonDebug/IntermediateBuildFilesPath/SwiftSoup.build/Release-iphoneos/SwiftSoup.build/swift-overrides.hmap -emit-const-values -Xfrontend -const-gather-protocols-file -Xfrontend /Users/runner/Library/Developer/Xcode/DerivedData/BookonDebug-ehazsigvxemoqzdtqumqzfgyfpkz/Build/Intermediates.noindex/ArchiveIntermediates/BookonDebug/IntermediateBuildFilesPath/SwiftSoup.build/Release-iphoneos/SwiftSoup.build/Objects-normal/arm64/SwiftSoup_const_extract_protocols.json -Xcc -I/Users/runner/Library/Developer/Xcode/DerivedData/BookonDebug-ehazsigvxemoqzdtqumqzfgyfpkz/Build/Intermediates.noindex/ArchiveIntermediates/BookonDebug/BuildProductsPath/Release-iphoneos/include -Xcc -I/Users/runner/Library/Developer/Xcode/DerivedData/BookonDebug-ehazsigvxemoqzdtqumqzfgyfpkz/Build/Intermediates.noindex/ArchiveIntermediates/BookonDebug/IntermediateBuildFilesPath/SwiftSoup.build/Release-iphoneos/SwiftSoup.build/DerivedSources-normal/arm64 -Xcc -I/Users/runner/Library/Developer/Xcode/DerivedData/BookonDebug-ehazsigvxemoqzdtqumqzfgyfpkz/Build/Intermediates.noindex/ArchiveIntermediates/BookonDebug/IntermediateBuildFilesPath/SwiftSoup.build/Release-iphoneos/SwiftSoup.build/DerivedSources/arm64 -Xcc -I/Users/runner/Library/Developer/Xcode/DerivedData/BookonDebug-ehazsigvxemoqzdtqumqzfgyfpkz/Build/Intermediates.noindex/ArchiveIntermediates/BookonDebug/IntermediateBuildFilesPath/SwiftSoup.build/Release-iphoneos/SwiftSoup.build/DerivedSources -Xcc -DSWIFT_PACKAGE -emit-objc-header -emit-objc-header-path /Users/runner/Library/Developer/Xcode/DerivedData/BookonDebug-ehazsigvxemoqzdtqumqzfgyfpkz/Build/Intermediates.noindex/ArchiveIntermediates/BookonDebug/IntermediateBuildFilesPath/SwiftSoup.build/Release-iphoneos/SwiftSoup.build/Objects-normal/arm64/SwiftSoup-Swift.h -working-directory /Users/runner/Library/Developer/Xcode/DerivedData/BookonDebug-ehazsigvxemoqzdtqumqzfgyfpkz/SourcePackages/checkouts/SwiftSoup -no-emit-module-separately-wmo
2026-10-06T13:41:17.3933160Z 
2026-10-06T13:41:17.4034450Z SwiftDriver\ Compilation SwiftSoup normal arm64 com.apple.xcode.tools.swift.compiler (in target 'SwiftSoup' from project 'SwiftSoup')
2026-10-06T13:41:17.4137410Z     cd /Users/runner/Library/Developer/Xcode/DerivedData/BookonDebug-ehazsigvxemoqzdtqumqzfgyfpkz/SourcePackages/checkouts/SwiftSoup
2026-10-06T13:41:17.4270400Z     builtin-Swift-Compilation -- /Applications/Xcode_15.4.app/Contents/Developer/Toolchains/XcodeDefault.xctoolchain/usr/bin/swiftc -module-name SwiftSoup -O -whole-module-optimization -enforce-exclusivity\=checked @/Users/runner/Library/Developer/Xcode/DerivedData/BookonDebug-ehazsigvxemoqzdtqumqzfgyfpkz/Build/Intermediates.noindex/ArchiveIntermediates/BookonDebug/IntermediateBuildFilesPath/SwiftSoup.build/Release-iphoneos/SwiftSoup.build/Objects-normal/arm64/SwiftSoup.SwiftFileList -DSWIFT_PACKAGE -DXcode -sdk /Applications/Xcode_15.4.app/Contents/Developer/Platforms/iPhoneOS.platform/Developer/SDKs/iPhoneOS17.5.sdk -target arm64-apple-ios13.0 -g -module-cache-path /Users/runner/Library/Developer/Xcode/DerivedData/ModuleCache.noindex -Xfrontend -serialize-debugging-options -suppress-warnings -swift-version 5 -I /Users/runner/Library/Developer/Xcode/DerivedData/BookonDebug-ehazsigvxemoqzdtqumqzfgyfpkz/Build/Intermediates.noindex/ArchiveIntermediates/BookonDebug/BuildProductsPath/Release-iphoneos -I /Applications/Xcode_15.4.app/Contents/Developer/Platforms/iPhoneOS.platform/Developer/usr/lib -F /Users/runner/Library/Developer/Xcode/DerivedData/BookonDebug-ehazsigvxemoqzdtqumqzfgyfpkz/Build/Intermediates.noindex/ArchiveIntermediates/BookonDebug/BuildProductsPath/Release-iphoneos -F /Applications/Xcode_15.4.app/Contents/Developer/Platforms/iPhoneOS.platform/Developer/Library/Frameworks -F /Applications/Xcode_15.4.app/Contents/Developer/Platforms/iPhoneOS.platform/Developer/SDKs/iPhoneOS17.5.sdk/Developer/Library/Frameworks -c -num-threads 3 -Xcc -ivfsstatcache -Xcc /Users/runner/Library/Developer/Xcode/DerivedData/SDKStatCaches.noindex/iphoneos17.5-21F77-f0fa7969d082b13145125136a829df3a.sdkstatcache -output-file-map /Users/runner/Library/Developer/Xcode/DerivedData/BookonDebug-ehazsigvxemoqzdtqumqzfgyfpkz/Build/Intermediates.noindex/ArchiveIntermediates/BookonDebug/IntermediateBuildFilesPath/SwiftSoup.build/Release-iphoneos/SwiftSoup.build/Objects-normal/arm64/SwiftSoup-OutputFileMap.json -use-frontend-parseable-output -save-temps -no-color-diagnostics -serialize-diagnostics -emit-dependencies -emit-module -emit-module-path /Users/runner/Library/Developer/Xcode/DerivedData/BookonDebug-ehazsigvxemoqzdtqumqzfgyfpkz/Build/Intermediates.noindex/ArchiveIntermediates/BookonDebug/IntermediateBuildFilesPath/SwiftSoup.build/Release-iphoneos/SwiftSoup.build/Objects-normal/arm64/SwiftSoup.swiftmodule -validate-clang-modules-once -clang-build-session-file /Users/runner/Library/Developer/Xcode/DerivedData/ModuleCache.noindex/Session.modulevalidation -Xfrontend -package-name -Xfrontend swiftsoup -Xcc -I/Users/runner/Library/Developer/Xcode/DerivedData/BookonDebug-ehazsigvxemoqzdtqumqzfgyfpkz/Build/Intermediates.noindex/ArchiveIntermediates/BookonDebug/IntermediateBuildFilesPath/SwiftSoup.build/Release-iphoneos/SwiftSoup.build/swift-overrides.hmap -emit-const-values -Xfrontend -const-gather-protocols-file -Xfrontend /Users/runner/Library/Developer/Xcode/DerivedData/BookonDebug-ehazsigvxemoqzdtqumqzfgyfpkz/Build/Intermediates.noindex/ArchiveIntermediates/BookonDebug/IntermediateBuildFilesPath/SwiftSoup.build/Release-iphoneos/SwiftSoup.build/Objects-normal/arm64/SwiftSoup_const_extract_protocols.json -Xcc -I/Users/runner/Library/Developer/Xcode/DerivedData/BookonDebug-ehazsigvxemoqzdtqumqzfgyfpkz/Build/Intermediates.noindex/ArchiveIntermediates/BookonDebug/BuildProductsPath/Release-iphoneos/include -Xcc -I/Users/runner/Library/Developer/Xcode/DerivedData/BookonDebug-ehazsigvxemoqzdtqumqzfgyfpkz/Build/Intermediates.noindex/ArchiveIntermediates/BookonDebug/IntermediateBuildFilesPath/SwiftSoup.build/Release-iphoneos/SwiftSoup.build/DerivedSources-normal/arm64 -Xcc -I/Users/runner/Library/Developer/Xcode/DerivedData/BookonDebug-ehazsigvxemoqzdtqumqzfgyfpkz/Build/Intermediates.noindex/ArchiveIntermediates/BookonDebug/IntermediateBuildFilesPath/SwiftSoup.build/Release-iphoneos/SwiftSoup.build/DerivedSources/arm64 -Xcc -I/Users/runner/Library/Developer/Xcode/DerivedData/BookonDebug-ehazsigvxemoqzdtqumqzfgyfpkz/Build/Intermediates.noindex/ArchiveIntermediates/BookonDebug/IntermediateBuildFilesPath/SwiftSoup.build/Release-iphoneos/SwiftSoup.build/DerivedSources -Xcc -DSWIFT_PACKAGE -emit-objc-header -emit-objc-header-path /Users/runner/Library/Developer/Xcode/DerivedData/BookonDebug-ehazsigvxemoqzdtqumqzfgyfpkz/Build/Intermediates.noindex/ArchiveIntermediates/BookonDebug/IntermediateBuildFilesPath/SwiftSoup.build/Release-iphoneos/SwiftSoup.build/Objects-normal/arm64/SwiftSoup-Swift.h -working-directory /Users/runner/Library/Developer/Xcode/DerivedData/BookonDebug-ehazsigvxemoqzdtqumqzfgyfpkz/SourcePackages/checkouts/SwiftSoup -no-emit-module-separately-wmo
2026-10-06T13:41:17.4328950Z 
2026-10-06T13:41:17.4385830Z SwiftCompile normal arm64 Compiling\ ArrayExt.swift,\ Attribute.swift,\ Attributes.swift,\ BinarySearch.swift,\ BooleanAttribute.swift,\ CharacterExt.swift,\ CharacterReader.swift,\ Cleaner.swift,\ Collector.swift,\ CombiningEvaluator.swift,\ Comment.swift,\ Connection.swift,\ CssSelector.swift,\ DataNode.swift,\ DataUtil.swift,\ Document.swift,\ DocumentType.swift,\ Element.swift,\ Elements.swift,\ Entities.swift,\ Evaluator.swift,\ Exception.swift,\ FormElement.swift,\ HtmlTreeBuilder.swift,\ HtmlTreeBuilderState.swift,\ HttpStatusException.swift,\ Mutex.swift,\ Node.swift,\ NodeTraversor.swift,\ NodeVisitor.swift,\ OrderedSet.swift,\ ParseError.swift,\ ParseErrorList.swift,\ ParseSettings.swift,\ Parser.swift,\ ParsingStrings.swift,\ Pattern.swift,\ QueryParser.swift,\ SerializationException.swift,\ SimpleDictionary.swift,\ StreamReader.swift,\ String.swift,\ StringBuilder.swift,\ StringUtil.swift,\ StructuralEvaluator.swift,\ SwiftSoup.swift,\ Tag.swift,\ TextNode.swift,\ Token.swift,\ TokenQueue.swift,\ Tokeniser.swift,\ TokeniserState.swift,\ TreeBuilder.swift,\ UTF8Arrays.swift,\ UnfairLock.swift,\ UnicodeScalar.swift,\ Validate.swift,\ Whitelist.swift,\ XmlDeclaration.swift,\ XmlTreeBuilder.swift /Users/runner/Library/Developer/Xcode/DerivedData/BookonDebug-ehazsigvxemoqzdtqumqzfgyfpkz/SourcePackages/checkouts/SwiftSoup/Sources/ArrayExt.swift /Users/runner/Library/Developer/Xcode/DerivedData/BookonDebug-ehazsigvxemoqzdtqumqzfgyfpkz/SourcePackages/checkouts/SwiftSoup/Sources/Attribute.swift /Users/runner/Library/Developer/Xcode/DerivedData/BookonDebug-ehazsigvxemoqzdtqumqzfgyfpkz/SourcePackages/checkouts/SwiftSoup/Sources/Attributes.swift /Users/runner/Library/Developer/Xcode/DerivedData/BookonDebug-ehazsigvxemoqzdtqumqzfgyfpkz/SourcePackages/checkouts/SwiftSoup/Sources/BinarySearch.swift /Users/runner/Library/Developer/Xcode/DerivedData/BookonDebug-ehazsigvxemoqzdtqumqzfgyfpkz/SourcePackages/checkouts/SwiftSoup/Sources/BooleanAttribute.swift /Users/runner/Library/Developer/Xcode/DerivedData/BookonDebug-ehazsigvxemoqzdtqumqzfgyfpkz/SourcePackages/checkouts/SwiftSoup/Sources/CharacterExt.swift /Users/runner/Library/Developer/Xcode/DerivedData/BookonDebug-ehazsigvxemoqzdtqumqzfgyfpkz/SourcePackages/checkouts/SwiftSoup/Sources/CharacterReader.swift /Users/runner/Library/Developer/Xcode/DerivedData/BookonDebug-ehazsigvxemoqzdtqumqzfgyfpkz/SourcePackages/checkouts/SwiftSoup/Sources/Cleaner.swift /Users/runner/Library/Developer/Xcode/DerivedData/BookonDebug-ehazsigvxemoqzdtqumqzfgyfpkz/SourcePackages/checkouts/SwiftSoup/Sources/Collector.swift /Users/runner/Library/Developer/Xcode/DerivedData/BookonDebug-ehazsigvxemoqzdtqumqzfgyfpkz/SourcePackages/checkouts/SwiftSoup/Sources/CombiningEvaluator.swift /Users/runner/Library/Developer/Xcode/DerivedData/BookonDebug-ehazsigvxemoqzdtqumqzfgyfpkz/SourcePackages/checkouts/SwiftSoup/Sources/Comment.swift /Users/runner/Library/Developer/Xcode/DerivedData/BookonDebug-ehazsigvxemoqzdtqumqzfgyfpkz/SourcePackages/checkouts/SwiftSoup/Sources/Connection.swift /Users/runner/Library/Developer/Xcode/DerivedData/BookonDebug-ehazsigvxemoqzdtqumqzfgyfpkz/SourcePackages/checkouts/SwiftSoup/Sources/CssSelector.swift /Users/runner/Library/Developer/Xcode/DerivedData/BookonDebug-ehazsigvxemoqzdtqumqzfgyfpkz/SourcePackages/checkouts/SwiftSoup/Sources/DataNode.swift /Users/runner/Library/Developer/Xcode/DerivedData/BookonDebug-ehazsigvxemoqzdtqumqzfgyfpkz/SourcePackages/checkouts/SwiftSoup/Sources/DataUtil.swift /Users/runner/Library/Developer/Xcode/DerivedData/BookonDebug-ehazsigvxemoqzdtqumqzfgyfpkz/SourcePackages/checkouts/SwiftSoup/Sources/Document.swift /Users/runner/Library/Developer/Xcode/DerivedData/BookonDebug-ehazsigvxemoqzdtqumqzfgyfpkz/SourcePackages/checkouts/SwiftSoup/Sources/DocumentType.swift /Users/runner/Library/Developer/Xcode/DerivedData/BookonDebug-ehazsigvxemoqzdtqumqzfgyfpkz/SourcePackages/checkouts/SwiftSoup/Sources/Element.swift /Users/runner/Library/Developer/Xcode/DerivedData/BookonDebug-ehazsigvxemoqzdtqumqzfgyfpkz/SourcePackages/checkouts/SwiftSoup/Sources/Elements.swift /Users/runner/Library/Developer/Xcode/DerivedData/BookonDebug-ehazsigvxemoqzdtqumqzfgyfpkz/SourcePackages/checkouts/SwiftSoup/Sources/Entities.swift /Users/runner/Library/Developer/Xcode/DerivedData/BookonDebug-ehazsigvxemoqzdtqumqzfgyfpkz/SourcePackages/checkouts/SwiftSoup/Sources/Evaluator.swift /Users/runner/Library/Developer/Xcode/DerivedData/BookonDebug-ehazsigvxemoqzdtqumqzfgyfpkz/SourcePackages/checkouts/SwiftSoup/Sources/Exception.swift /Users/runner/Library/Developer/Xcode/DerivedData/BookonDebug-ehazsigvxemoqzdtqumqzfgyfpkz/SourcePackages/checkouts/SwiftSoup/Sources/FormElement.swift /Users/runner/Library/Developer/Xcode/DerivedData/BookonDebug-ehazsigvxemoqzdtqumqzfgyfpkz/SourcePackages/checkouts/SwiftSoup/Sources/HtmlTreeBuilder.swift /Users/runner/Library/Developer/Xcode/DerivedData/BookonDebug-ehazsigvxemoqzdtqumqzfgyfpkz/SourcePackages/checkouts/SwiftSoup/Sources/HtmlTreeBuilderState.swift /Users/runner/Library/Developer/Xcode/DerivedData/BookonDebug-ehazsigvxemoqzdtqumqzfgyfpkz/SourcePackages/checkouts/SwiftSoup/Sources/HttpStatusException.swift /Users/runner/Library/Developer/Xcode/DerivedData/BookonDebug-ehazsigvxemoqzdtqumqzfgyfpkz/SourcePackages/checkouts/SwiftSoup/Sources/Mutex.swift /Users/runner/Library/Developer/Xcode/DerivedData/BookonDebug-ehazsigvxemoqzdtqumqzfgyfpkz/SourcePackages/checkouts/SwiftSoup/Sources/Node.swift /Users/runner/Library/Developer/Xcode/DerivedData/BookonDebug-ehazsigvxemoqzdtqumqzfgyfpkz/SourcePackages/checkouts/SwiftSoup/Sources/NodeTraversor.swift /Users/runner/Library/Developer/Xcode/DerivedData/BookonDebug-ehazsigvxemoqzdtqumqzfgyfpkz/SourcePackages/checkouts/SwiftSoup/Sources/NodeVisitor.swift /Users/runner/Library/Developer/Xcode/DerivedData/BookonDebug-ehazsigvxemoqzdtqumqzfgyfpkz/SourcePackages/checkouts/SwiftSoup/Sources/OrderedSet.swift /Users/runner/Library/Developer/Xcode/DerivedData/BookonDebug-ehazsigvxemoqzdtqumqzfgyfpkz/SourcePackages/checkouts/SwiftSoup/Sources/ParseError.swift /Users/runner/Library/Developer/Xcode/DerivedData/BookonDebug-ehazsigvxemoqzdtqumqzfgyfpkz/SourcePackages/checkouts/SwiftSoup/Sources/ParseErrorList.swift /Users/runner/Library/Developer/Xcode/DerivedData/BookonDebug-ehazsigvxemoqzdtqumqzfgyfpkz/SourcePackages/checkouts/SwiftSoup/Sources/ParseSettings.swift /Users/runner/Library/Developer/Xcode/DerivedData/BookonDebug-ehazsigvxemoqzdtqumqzfgyfpkz/SourcePackages/checkouts/SwiftSoup/Sources/Parser.swift /Users/runner/Library/Developer/Xcode/DerivedData/BookonDebug-ehazsigvxemoqzdtqumqzfgyfpkz/SourcePackages/checkouts/SwiftSoup/Sources/ParsingStrings.swift /Users/runner/Library/Developer/Xcode/DerivedData/BookonDebug-ehazsigvxemoqzdtqumqzfgyfpkz/SourcePackages/checkouts/SwiftSoup/Sources/Pattern.swift /Users/runner/Library/Developer/Xcode/DerivedData/BookonDebug-ehazsigvxemoqzdtqumqzfgyfpkz/SourcePackages/checkouts/SwiftSoup/Sources/QueryParser.swift /Users/runner/Library/Developer/Xcode/DerivedData/BookonDebug-ehazsigvxemoqzdtqumqzfgyfpkz/SourcePackages/checkouts/SwiftSoup/Sources/SerializationException.swift /Users/runner/Library/Developer/Xcode/DerivedData/BookonDebug-ehazsigvxemoqzdtqumqzfgyfpkz/SourcePackages/checkouts/SwiftSoup/Sources/SimpleDictionary.swift /Users/runner/Library/Developer/Xcode/DerivedData/BookonDebug-ehazsigvxemoqzdtqumqzfgyfpkz/SourcePackages/checkouts/SwiftSoup/Sources/StreamReader.swift /Users/runner/Library/Developer/Xcode/DerivedData/BookonDebug-ehazsigvxemoqzdtqumqzfgyfpkz/SourcePackages/checkouts/SwiftSoup/Sources/String.swift /Users/runner/Library/Developer/Xcode/DerivedData/BookonDebug-ehazsigvxemoqzdtqumqzfgyfpkz/SourcePackages/checkouts/SwiftSoup/Sources/StringBuilder.swift /Users/runner/Library/Developer/Xcode/DerivedData/BookonDebug-ehazsigvxemoqzdtqumqzfgyfpkz/SourcePackages/checkouts/SwiftSoup/Sources/StringUtil.swift /Users/runner/Library/Developer/Xcode/DerivedData/BookonDebug-ehazsigvxemoqzdtqumqzfgyfpkz/SourcePackages/checkouts/SwiftSoup/Sources/StructuralEvaluator.swift /Users/runner/Library/Developer/Xcode/DerivedData/BookonDebug-ehazsigvxemoqzdtqumqzfgyfpkz/SourcePackages/checkouts/SwiftSoup/Sources/SwiftSoup.swift /Users/runner/Library/Developer/Xcode/DerivedData/BookonDebug-ehazsigvxemoqzdtqumqzfgyfpkz/SourcePackages/checkouts/SwiftSoup/Sources/Tag.swift /Users/runner/Library/Developer/Xcode/DerivedData/BookonDebug-ehazsigvxemoqzdtqumqzfgyfpkz/SourcePackages/checkouts/SwiftSoup/Sources/TextNode.swift /Users/runner/Library/Developer/Xcode/DerivedData/BookonDebug-ehazsigvxemoqzdtqumqzfgyfpkz/SourcePackages/checkouts/SwiftSoup/Sources/Token.swift /Users/runner/Library/Developer/Xcode/DerivedData/BookonDebug-ehazsigvxemoqzdtqumqzfgyfpkz/SourcePackages/checkouts/SwiftSoup/Sources/TokenQueue.swift /Users/runner/Library/Developer/Xcode/DerivedData/BookonDebug-ehazsigvxemoqzdtqumqzfgyfpkz/SourcePackages/checkouts/SwiftSoup/Sources/Tokeniser.swift /Users/runner/Library/Developer/Xcode/DerivedData/BookonDebug-ehazsigvxemoqzdtqumqzfgyfpkz/SourcePackages/checkouts/SwiftSoup/Sources/TokeniserState.swift /Users/runner/Library/Developer/Xcode/DerivedData/BookonDebug-ehazsigvxemoqzdtqumqzfgyfpkz/SourcePackages/checkouts/SwiftSoup/Sources/TreeBuilder.swift /Users/runner/Library/Developer/Xcode/DerivedData/BookonDebug-ehazsigvxemoqzdtqumqzfgyfpkz/SourcePackages/checkouts/SwiftSoup/Sources/UTF8Arrays.swift /Users/runner/Library/Developer/Xcode/DerivedData/BookonDebug-ehazsigvxemoqzdtqumqzfgyfpkz/SourcePackages/checkouts/SwiftSoup/Sources/UnfairLock.swift /Users/runner/Library/Developer/Xcode/DerivedData/BookonDebug-ehazsigvxemoqzdtqumqzfgyfpkz/SourcePackages/checkouts/SwiftSoup/Sources/UnicodeScalar.swift /Users/runner/Library/Developer/Xcode/DerivedData/BookonDebug-ehazsigvxemoqzdtqumqzfgyfpkz/SourcePackages/checkouts/SwiftSoup/Sources/Validate.swift /Users/runner/Library/Developer/Xcode/DerivedData/BookonDebug-ehazsigvxemoqzdtqumqzfgyfpkz/SourcePackages/checkouts/SwiftSoup/Sources/Whitelist.swift /Users/runner/Library/Developer/Xcode/DerivedData/BookonDebug-ehazsigvxemoqzdtqumqzfgyfpkz/SourcePackages/checkouts/SwiftSoup/Sources/XmlDeclaration.swift /Users/runner/Library/Developer/Xcode/DerivedData/BookonDebug-ehazsigvxemoqzdtqumqzfgyfpkz/SourcePackages/checkouts/SwiftSoup/Sources/XmlTreeBuilder.swift (in target 'SwiftSoup' from project 'SwiftSoup')
2026-10-06T13:41:17.4436820Z     cd /Users/runner/Library/Developer/Xcode/DerivedData/BookonDebug-ehazsigvxemoqzdtqumqzfgyfpkz/SourcePackages/checkouts/SwiftSoup
2026-10-06T13:41:17.4564700Z     builtin-swiftTaskExecution -- /Applications/Xcode_15.4.app/Contents/Developer/Toolchains/XcodeDefault.xctoolchain/usr/bin/swift-frontend -frontend -c /Users/runner/Library/Developer/Xcode/DerivedData/BookonDebug-ehazsigvxemoqzdtqumqzfgyfpkz/SourcePackages/checkouts/SwiftSoup/Sources/ArrayExt.swift /Users/runner/Library/Developer/Xcode/DerivedData/BookonDebug-ehazsigvxemoqzdtqumqzfgyfpkz/SourcePackages/checkouts/SwiftSoup/Sources/Attribute.swift /Users/runner/Library/Developer/Xcode/DerivedData/BookonDebug-ehazsigvxemoqzdtqumqzfgyfpkz/SourcePackages/checkouts/SwiftSoup/Sources/Attributes.swift /Users/runner/Library/Developer/Xcode/DerivedData/BookonDebug-ehazsigvxemoqzdtqumqzfgyfpkz/SourcePackages/checkouts/SwiftSoup/Sources/BinarySearch.swift /Users/runner/Library/Developer/Xcode/DerivedData/BookonDebug-ehazsigvxemoqzdtqumqzfgyfpkz/SourcePackages/checkouts/SwiftSoup/Sources/BooleanAttribute.swift /Users/runner/Library/Developer/Xcode/DerivedData/BookonDebug-ehazsigvxemoqzdtqumqzfgyfpkz/SourcePackages/checkouts/SwiftSoup/Sources/CharacterExt.swift /Users/runner/Library/Developer/Xcode/DerivedData/BookonDebug-ehazsigvxemoqzdtqumqzfgyfpkz/SourcePackages/checkouts/SwiftSoup/Sources/CharacterReader.swift /Users/runner/Library/Developer/Xcode/DerivedData/BookonDebug-ehazsigvxemoqzdtqumqzfgyfpkz/SourcePackages/checkouts/SwiftSoup/Sources/Cleaner.swift /Users/runner/Library/Developer/Xcode/DerivedData/BookonDebug-ehazsigvxemoqzdtqumqzfgyfpkz/SourcePackages/checkouts/SwiftSoup/Sources/Collector.swift /Users/runner/Library/Developer/Xcode/DerivedData/BookonDebug-ehazsigvxemoqzdtqumqzfgyfpkz/SourcePackages/checkouts/SwiftSoup/Sources/CombiningEvaluator.swift /Users/runner/Library/Developer/Xcode/DerivedData/BookonDebug-ehazsigvxemoqzdtqumqzfgyfpkz/SourcePackages/checkouts/SwiftSoup/Sources/Comment.swift /Users/runner/Library/Developer/Xcode/DerivedData/BookonDebug-ehazsigvxemoqzdtqumqzfgyfpkz/SourcePackages/checkouts/SwiftSoup/Sources/Connection.swift /Users/runner/Library/Developer/Xcode/DerivedData/BookonDebug-ehazsigvxemoqzdtqumqzfgyfpkz/SourcePackages/checkouts/SwiftSoup/Sources/CssSelector.swift /Users/runner/Library/Developer/Xcode/DerivedData/BookonDebug-ehazsigvxemoqzdtqumqzfgyfpkz/SourcePackages/checkouts/SwiftSoup/Sources/DataNode.swift /Users/runner/Library/Developer/Xcode/DerivedData/BookonDebug-ehazsigvxemoqzdtqumqzfgyfpkz/SourcePackages/checkouts/SwiftSoup/Sources/DataUtil.swift /Users/runner/Library/Developer/Xcode/DerivedData/BookonDebug-ehazsigvxemoqzdtqumqzfgyfpkz/SourcePackages/checkouts/SwiftSoup/Sources/Document.swift /Users/runner/Library/Developer/Xcode/DerivedData/BookonDebug-ehazsigvxemoqzdtqumqzfgyfpkz/SourcePackages/checkouts/SwiftSoup/Sources/DocumentType.swift /Users/runner/Library/Developer/Xcode/DerivedData/BookonDebug-ehazsigvxemoqzdtqumqzfgyfpkz/SourcePackages/checkouts/SwiftSoup/Sources/Element.swift /Users/runner/Library/Developer/Xcode/DerivedData/BookonDebug-ehazsigvxemoqzdtqumqzfgyfpkz/SourcePackages/checkouts/SwiftSoup/Sources/Elements.swift /Users/runner/Library/Developer/Xcode/DerivedData/BookonDebug-ehazsigvxemoqzdtqumqzfgyfpkz/SourcePackages/checkouts/SwiftSoup/Sources/Entities.swift /Users/runner/Library/Developer/Xcode/DerivedData/BookonDebug-ehazsigvxemoqzdtqumqzfgyfpkz/SourcePackages/checkouts/SwiftSoup/Sources/Evaluator.swift /Users/runner/Library/Developer/Xcode/DerivedData/BookonDebug-ehazsigvxemoqzdtqumqzfgyfpkz/SourcePackages/checkouts/SwiftSoup/Sources/Exception.swift /Users/runner/Library/Developer/Xcode/DerivedData/BookonDebug-ehazsigvxemoqzdtqumqzfgyfpkz/SourcePackages/checkouts/SwiftSoup/Sources/FormElement.swift /Users/runner/Library/Developer/Xcode/DerivedData/BookonDebug-ehazsigvxemoqzdtqumqzfgyfpkz/SourcePackages/checkouts/SwiftSoup/Sources/HtmlTreeBuilder.swift /Users/runner/Library/Developer/Xcode/DerivedData/BookonDebug-ehazsigvxemoqzdtqumqzfgyfpkz/SourcePackages/checkouts/SwiftSoup/Sources/HtmlTreeBuilderState.swift /Users/runner/Library/Developer/Xcode/DerivedData/BookonDebug-ehazsigvxemoqzdtqumqzfgyfpkz/SourcePackages/checkouts/SwiftSoup/Sources/HttpStatusException.swift /Users/runner/Library/Developer/Xcode/DerivedData/BookonDebug-ehazsigvxemoqzdtqumqzfgyfpkz/SourcePackages/checkouts/SwiftSoup/Sources/Mutex.swift /Users/runner/Library/Developer/Xcode/DerivedData/BookonDebug-ehazsigvxemoqzdtqumqzfgyfpkz/SourcePackages/checkouts/SwiftSoup/Sources/Node.swift /Users/runner/Library/Developer/Xcode/DerivedData/BookonDebug-ehazsigvxemoqzdtqumqzfgyfpkz/SourcePackages/checkouts/SwiftSoup/Sources/NodeTraversor.swift /Users/runner/Library/Developer/Xcode/DerivedData/BookonDebug-ehazsigvxemoqzdtqumqzfgyfpkz/SourcePackages/checkouts/SwiftSoup/Sources/NodeVisitor.swift /Users/runner/Library/Developer/Xcode/DerivedData/BookonDebug-ehazsigvxemoqzdtqumqzfgyfpkz/SourcePackages/checkouts/SwiftSoup/Sources/OrderedSet.swift /Users/runner/Library/Developer/Xcode/DerivedData/BookonDebug-ehazsigvxemoqzdtqumqzfgyfpkz/SourcePackages/checkouts/SwiftSoup/Sources/ParseError.swift /Users/runner/Library/Developer/Xcode/DerivedData/BookonDebug-ehazsigvxemoqzdtqumqzfgyfpkz/SourcePackages/checkouts/SwiftSoup/Sources/ParseErrorList.swift /Users/runner/Library/Developer/Xcode/DerivedData/BookonDebug-ehazsigvxemoqzdtqumqzfgyfpkz/SourcePackages/checkouts/SwiftSoup/Sources/ParseSettings.swift /Users/runner/Library/Developer/Xcode/DerivedData/BookonDebug-ehazsigvxemoqzdtqumqzfgyfpkz/SourcePackages/checkouts/SwiftSoup/Sources/Parser.swift /Users/runner/Library/Developer/Xcode/DerivedData/BookonDebug-ehazsigvxemoqzdtqumqzfgyfpkz/SourcePackages/checkouts/SwiftSoup/Sources/ParsingStrings.swift /Users/runner/Library/Developer/Xcode/DerivedData/BookonDebug-ehazsigvxemoqzdtqumqzfgyfpkz/SourcePackages/checkouts/SwiftSoup/Sources/Pattern.swift /Users/runner/Library/Developer/Xcode/DerivedData/BookonDebug-ehazsigvxemoqzdtqumqzfgyfpkz/SourcePackages/checkouts/SwiftSoup/Sources/QueryParser.swift /Users/runner/Library/Developer/Xcode/DerivedData/BookonDebug-ehazsigvxemoqzdtqumqzfgyfpkz/SourcePackages/checkouts/SwiftSoup/Sources/SerializationException.swift /Users/runner/Library/Developer/Xcode/DerivedData/BookonDebug-ehazsigvxemoqzdtqumqzfgyfpkz/SourcePackages/checkouts/SwiftSoup/Sources/SimpleDictionary.swift /Users/runner/Library/Developer/Xcode/DerivedData/BookonDebug-ehazsigvxemoqzdtqumqzfgyfpkz/SourcePackages/checkouts/SwiftSoup/Sources/StreamReader.swift /Users/runner/Library/Developer/Xcode/DerivedData/BookonDebug-ehazsigvxemoqzdtqumqzfgyfpkz/SourcePackages/checkouts/SwiftSoup/Sources/String.swift /Users/runner/Library/Developer/Xcode/DerivedData/BookonDebug-ehazsigvxemoqzdtqumqzfgyfpkz/SourcePackages/checkouts/SwiftSoup/Sources/StringBuilder.swift /Users/runner/Library/Developer/Xcode/DerivedData/BookonDebug-ehazsigvxemoqzdtqumqzfgyfpkz/SourcePackages/checkouts/SwiftSoup/Sources/StringUtil.swift /Users/runner/Library/Developer/Xcode/DerivedData/BookonDebug-ehazsigvxemoqzdtqumqzfgyfpkz/SourcePackages/checkouts/SwiftSoup/Sources/StructuralEvaluator.swift /Users/runner/Library/Developer/Xcode/DerivedData/BookonDebug-ehazsigvxemoqzdtqumqzfgyfpkz/SourcePackages/checkouts/SwiftSoup/Sources/SwiftSoup.swift /Users/runner/Library/Developer/Xcode/DerivedData/BookonDebug-ehazsigvxemoqzdtqumqzfgyfpkz/SourcePackages/checkouts/SwiftSoup/Sources/Tag.swift /Users/runner/Library/Developer/Xcode/DerivedData/BookonDebug-ehazsigvxemoqzdtqumqzfgyfpkz/SourcePackages/checkouts/SwiftSoup/Sources/TextNode.swift /Users/runner/Library/Developer/Xcode/DerivedData/BookonDebug-ehazsigvxemoqzdtqumqzfgyfpkz/SourcePackages/checkouts/SwiftSoup/Sources/Token.swift /Users/runner/Library/Developer/Xcode/DerivedData/BookonDebug-ehazsigvxemoqzdtqumqzfgyfpkz/SourcePackages/checkouts/SwiftSoup/Sources/TokenQueue.swift /Users/runner/Library/Developer/Xcode/DerivedData/BookonDebug-ehazsigvxemoqzdtqumqzfgyfpkz/SourcePackages/checkouts/SwiftSoup/Sources/Tokeniser.swift /Users/runner/Library/Developer/Xcode/DerivedData/BookonDebug-ehazsigvxemoqzdtqumqzfgyfpkz/SourcePackages/checkouts/SwiftSoup/Sources/TokeniserState.swift /Users/runner/Library/Developer/Xcode/DerivedData/BookonDebug-ehazsigvxemoqzdtqumqzfgyfpkz/SourcePackages/checkouts/SwiftSoup/Sources/TreeBuilder.swift /Users/runner/Library/Developer/Xcode/DerivedData/BookonDebug-ehazsigvxemoqzdtqumqzfgyfpkz/SourcePackages/checkouts/SwiftSoup/Sources/UTF8Arrays.swift /Users/runner/Library/Developer/Xcode/DerivedData/BookonDebug-ehazsigvxemoqzdtqumqzfgyfpkz/SourcePackages/checkouts/SwiftSoup/Sources/UnfairLock.swift /Users/runner/Library/Developer/Xcode/DerivedData/BookonDebug-ehazsigvxemoqzdtqumqzfgyfpkz/SourcePackages/checkouts/SwiftSoup/Sources/UnicodeScalar.swift /Users/runner/Library/Developer/Xcode/DerivedData/BookonDebug-ehazsigvxemoqzdtqumqzfgyfpkz/SourcePackages/checkouts/SwiftSoup/Sources/Validate.swift /Users/runner/Library/Developer/Xcode/DerivedData/BookonDebug-ehazsigvxemoqzdtqumqzfgyfpkz/SourcePackages/checkouts/SwiftSoup/Sources/Whitelist.swift /Users/runner/Library/Developer/Xcode/DerivedData/BookonDebug-ehazsigvxemoqzdtqumqzfgyfpkz/SourcePackages/checkouts/SwiftSoup/Sources/XmlDeclaration.swift /Users/runner/Library/Developer/Xcode/DerivedData/BookonDebug-ehazsigvxemoqzdtqumqzfgyfpkz/SourcePackages/checkouts/SwiftSoup/Sources/XmlTreeBuilder.swift -supplementary-output-file-map /Users/runner/Library/Developer/Xcode/DerivedData/BookonDebug-ehazsigvxemoqzdtqumqzfgyfpkz/Build/Intermediates.noindex/ArchiveIntermediates/BookonDebug/IntermediateBuildFilesPath/SwiftSoup.build/Release-iphoneos/SwiftSoup.build/Objects-normal/arm64/supplementaryOutputs-1 -target arm64-apple-ios13.0 -Xllvm -aarch64-use-tbi -enable-objc-interop -stack-check -sdk /Applications/Xcode_15.4.app/Contents/Developer/Platforms/iPhoneOS.platform/Developer/SDKs/iPhoneOS17.5.sdk -I /Users/runner/Library/Developer/Xcode/DerivedData/BookonDebug-ehazsigvxemoqzdtqumqzfgyfpkz/Build/Intermediates.noindex/ArchiveIntermediates/BookonDebug/BuildProductsPath/Release-iphoneos -I /Applications/Xcode_15.4.app/Contents/Developer/Platforms/iPhoneOS.platform/Developer/usr/lib -F /Users/runner/Library/Developer/Xcode/DerivedData/BookonDebug-ehazsigvxemoqzdtqumqzfgyfpkz/Build/Intermediates.noindex/ArchiveIntermediates/BookonDebug/BuildProductsPath/Release-iphoneos -F /Applications/Xcode_15.4.app/Contents/Developer/Platforms/iPhoneOS.platform/Developer/Library/Frameworks -F /Applications/Xcode_15.4.app/Contents/Developer/Platforms/iPhoneOS.platform/Developer/SDKs/iPhoneOS17.5.sdk/Developer/Library/Frameworks -no-color-diagnostics -g -module-cache-path /Users/runner/Library/Developer/Xcode/DerivedData/ModuleCache.noindex -suppress-warnings -swift-version 5 -enforce-exclusivity\=checked -O -D SWIFT_PACKAGE -D Xcode -serialize-debugging-options -package-name swiftsoup -const-gather-protocols-file /Users/runner/Library/Developer/Xcode/DerivedData/BookonDebug-ehazsigvxemoqzdtqumqzfgyfpkz/Build/Intermediates.noindex/ArchiveIntermediates/BookonDebug/IntermediateBuildFilesPath/SwiftSoup.build/Release-iphoneos/SwiftSoup.build/Objects-normal/arm64/SwiftSoup_const_extract_protocols.json -empty-abi-descriptor -validate-clang-modules-once -clang-build-session-file /Users/runner/Library/Developer/Xcode/DerivedData/ModuleCache.noindex/Session.modulevalidation -Xcc -working-directory -Xcc /Users/runner/Library/Developer/Xcode/DerivedData/BookonDebug-ehazsigvxemoqzdtqumqzfgyfpkz/SourcePackages/checkouts/SwiftSoup -resource-dir /Applications/Xcode_15.4.app/Contents/Developer/Toolchains/XcodeDefault.xctoolchain/usr/lib/swift -Xcc -ivfsstatcache -Xcc /Users/runner/Library/Developer/Xcode/DerivedData/SDKStatCaches.noindex/iphoneos17.5-21F77-f0fa7969d082b13145125136a829df3a.sdkstatcache -Xcc -I/Users/runner/Library/Developer/Xcode/DerivedData/BookonDebug-ehazsigvxemoqzdtqumqzfgyfpkz/Build/Intermediates.noindex/ArchiveIntermediates/BookonDebug/IntermediateBuildFilesPath/SwiftSoup.build/Release-iphoneos/SwiftSoup.build/swift-overrides.hmap -Xcc -I/Users/runner/Library/Developer/Xcode/DerivedData/BookonDebug-ehazsigvxemoqzdtqumqzfgyfpkz/Build/Intermediates.noindex/ArchiveIntermediates/BookonDebug/BuildProductsPath/Release-iphoneos/include -Xcc -I/Users/runner/Library/Developer/Xcode/DerivedData/BookonDebug-ehazsigvxemoqzdtqumqzfgyfpkz/Build/Intermediates.noindex/ArchiveIntermediates/BookonDebug/IntermediateBuildFilesPath/SwiftSoup.build/Release-iphoneos/SwiftSoup.build/DerivedSources-normal/arm64 -Xcc -I/Users/runner/Library/Developer/Xcode/DerivedData/BookonDebug-ehazsigvxemoqzdtqumqzfgyfpkz/Build/Intermediates.noindex/ArchiveIntermediates/BookonDebug/IntermediateBuildFilesPath/SwiftSoup.build/Release-iphoneos/SwiftSoup.build/DerivedSources/arm64 -Xcc -I/Users/runner/Library/Developer/Xcode/DerivedData/BookonDebug-ehazsigvxemoqzdtqumqzfgyfpkz/Build/Intermediates.noindex/ArchiveIntermediates/BookonDebug/IntermediateBuildFilesPath/SwiftSoup.build/Release-iphoneos/SwiftSoup.build/DerivedSources -Xcc -DSWIFT_PACKAGE -module-name SwiftSoup -frontend-parseable-output -disable-clang-spi -target-sdk-version 17.5 -target-sdk-name iphoneos17.5 -external-plugin-path /Applications/Xcode_15.4.app/Contents/Developer/Platforms/iPhoneOS.platform/Developer/SDKs/iPhoneOS17.5.sdk/usr/lib/swift/host/plugins\#/Applications/Xcode_15.4.app/Contents/Developer/Platforms/iPhoneOS.platform/Developer/SDKs/iPhoneOS17.5.sdk/usr/bin/swift-plugin-server -external-plugin-path /Applications/Xcode_15.4.app/Contents/Developer/Platforms/iPhoneOS.platform/Developer/SDKs/iPhoneOS17.5.sdk/usr/local/lib/swift/host/plugins\#/Applications/Xcode_15.4.app/Contents/Developer/Platforms/iPhoneOS.platform/Developer/SDKs/iPhoneOS17.5.sdk/usr/bin/swift-plugin-server -external-plugin-path /Applications/Xcode_15.4.app/Contents/Developer/Platforms/iPhoneOS.platform/Developer/usr/lib/swift/host/plugins\#/Applications/Xcode_15.4.app/Contents/Developer/Platforms/iPhoneOS.platform/Developer/usr/bin/swift-plugin-server -external-plugin-path /Applications/Xcode_15.4.app/Contents/Developer/Platforms/iPhoneOS.platform/Developer/usr/local/lib/swift/host/plugins\#/Applications/Xcode_15.4.app/Contents/Developer/Platforms/iPhoneOS.platform/Developer/usr/bin/swift-plugin-server -plugin-path /Applications/Xcode_15.4.app/Contents/Developer/Toolchains/XcodeDefault.xctoolchain/usr/lib/swift/host/plugins -plugin-path /Applications/Xcode_15.4.app/Contents/Developer/Toolchains/XcodeDefault.xctoolchain/usr/local/lib/swift/host/plugins -enable-default-cmo -num-threads 3 -o /Users/runner/Library/Developer/Xcode/DerivedData/BookonDebug-ehazsigvxemoqzdtqumqzfgyfpkz/Build/Intermediates.noindex/ArchiveIntermediates/BookonDebug/IntermediateBuildFilesPath/SwiftSoup.build/Release-iphoneos/SwiftSoup.build/Objects-normal/arm64/ArrayExt.o -o /Users/runner/Library/Developer/Xcode/DerivedData/BookonDebug-ehazsigvxemoqzdtqumqzfgyfpkz/Build/Intermediates.noindex/ArchiveIntermediates/BookonDebug/IntermediateBuildFilesPath/SwiftSoup.build/Release-iphoneos/SwiftSoup.build/Objects-normal/arm64/Attribute.o -o /Users/runner/Library/Developer/Xcode/DerivedData/BookonDebug-ehazsigvxemoqzdtqumqzfgyfpkz/Build/Intermediates.noindex/ArchiveIntermediates/BookonDebug/IntermediateBuildFilesPath/SwiftSoup.build/Release-iphoneos/SwiftSoup.build/Objects-normal/arm64/Attributes.o -o /Users/runner/Library/Developer/Xcode/DerivedData/BookonDebug-ehazsigvxemoqzdtqumqzfgyfpkz/Build/Intermediates.noindex/ArchiveIntermediates/BookonDebug/IntermediateBuildFilesPath/SwiftSoup.build/Release-iphoneos/SwiftSoup.build/Objects-normal/arm64/BinarySearch.o -o /Users/runner/Library/Developer/Xcode/DerivedData/BookonDebug-ehazsigvxemoqzdtqumqzfgyfpkz/Build/Intermediates.noindex/ArchiveIntermediates/BookonDebug/IntermediateBuildFilesPath/SwiftSoup.build/Release-iphoneos/SwiftSoup.build/Objects-normal/arm64/BooleanAttribute.o -o /Users/runner/Library/Developer/Xcode/DerivedData/BookonDebug-ehazsigvxemoqzdtqumqzfgyfpkz/Build/Intermediates.noindex/ArchiveIntermediates/BookonDebug/IntermediateBuildFilesPath/SwiftSoup.build/Release-iphoneos/SwiftSoup.build/Objects-normal/arm64/CharacterExt.o -o /Users/runner/Library/Developer/Xcode/DerivedData/BookonDebug-ehazsigvxemoqzdtqumqzfgyfpkz/Build/Intermediates.noindex/ArchiveIntermediates/BookonDebug/IntermediateBuildFilesPath/SwiftSoup.build/Release-iphoneos/SwiftSoup.build/Objects-normal/arm64/CharacterReader.o -o /Users/runner/Library/Developer/Xcode/DerivedData/BookonDebug-ehazsigvxemoqzdtqumqzfgyfpkz/Build/Intermediates.noindex/ArchiveIntermediates/BookonDebug/IntermediateBuildFilesPath/SwiftSoup.build/Release-iphoneos/SwiftSoup.build/Objects-normal/arm64/Cleaner.o -o /Users/runner/Library/Developer/Xcode/DerivedData/BookonDebug-ehazsigvxemoqzdtqumqzfgyfpkz/Build/Intermediates.noindex/ArchiveIntermediates/BookonDebug/IntermediateBuildFilesPath/SwiftSoup.build/Release-iphoneos/SwiftSoup.build/Objects-normal/arm64/Collector.o -o /Users/runner/Library/Developer/Xcode/DerivedData/BookonDebug-ehazsigvxemoqzdtqumqzfgyfpkz/Build/Intermediates.noindex/ArchiveIntermediates/BookonDebug/IntermediateBuildFilesPath/SwiftSoup.build/Release-iphoneos/SwiftSoup.build/Objects-normal/arm64/CombiningEvaluator.o -o /Users/runner/Library/Developer/Xcode/DerivedData/BookonDebug-ehazsigvxemoqzdtqumqzfgyfpkz/Build/Intermediates.noindex/ArchiveIntermediates/BookonDebug/IntermediateBuildFilesPath/SwiftSoup.build/Release-iphoneos/SwiftSoup.build/Objects-normal/arm64/Comment.o -o /Users/runner/Library/Developer/Xcode/DerivedData/BookonDebug-ehazsigvxemoqzdtqumqzfgyfpkz/Build/Intermediates.noindex/ArchiveIntermediates/BookonDebug/IntermediateBuildFilesPath/SwiftSoup.build/Release-iphoneos/SwiftSoup.build/Objects-normal/arm64/Connection.o -o /Users/runner/Library/Developer/Xcode/DerivedData/BookonDebug-ehazsigvxemoqzdtqumqzfgyfpkz/Build/Intermediates.noindex/ArchiveIntermediates/BookonDebug/IntermediateBuildFilesPath/SwiftSoup.build/Release-iphoneos/SwiftSoup.build/Objects-normal/arm64/CssSelector.o -o /Users/runner/Library/Developer/Xcode/DerivedData/BookonDebug-ehazsigvxemoqzdtqumqzfgyfpkz/Build/Intermediates.noindex/ArchiveIntermediates/BookonDebug/IntermediateBuildFilesPath/SwiftSoup.build/Release-iphoneos/SwiftSoup.build/Objects-normal/arm64/DataNode.o -o /Users/runner/Library/Developer/Xcode/DerivedData/BookonDebug-ehazsigvxemoqzdtqumqzfgyfpkz/Build/Intermediates.noindex/ArchiveIntermediates/BookonDebug/IntermediateBuildFilesPath/SwiftSoup.build/Release-iphoneos/SwiftSoup.build/Objects-normal/arm64/DataUtil.o -o /Users/runner/Library/Developer/Xcode/DerivedData/BookonDebug-ehazsigvxemoqzdtqumqzfgyfpkz/Build/Intermediates.noindex/ArchiveIntermediates/BookonDebug/IntermediateBuildFilesPath/SwiftSoup.build/Release-iphoneos/SwiftSoup.build/Objects-normal/arm64/Document.o -o /Users/runner/Library/Developer/Xcode/DerivedData/BookonDebug-ehazsigvxemoqzdtqumqzfgyfpkz/Build/Intermediates.noindex/ArchiveIntermediates/BookonDebug/IntermediateBuildFilesPath/SwiftSoup.build/Release-iphoneos/SwiftSoup.build/Objects-normal/arm64/DocumentType.o -o /Users/runner/Library/Developer/Xcode/DerivedData/BookonDebug-ehazsigvxemoqzdtqumqzfgyfpkz/Build/Intermediates.noindex/ArchiveIntermediates/BookonDebug/IntermediateBuildFilesPath/SwiftSoup.build/Release-iphoneos/SwiftSoup.build/Objects-normal/arm64/Element.o -o /Users/runner/Library/Developer/Xcode/DerivedData/BookonDebug-ehazsigvxemoqzdtqumqzfgyfpkz/Build/Intermediates.noindex/ArchiveIntermediates/BookonDebug/IntermediateBuildFilesPath/SwiftSoup.build/Release-iphoneos/SwiftSoup.build/Objects-normal/arm64/Elements.o -o /Users/runner/Library/Developer/Xcode/DerivedData/BookonDebug-ehazsigvxemoqzdtqumqzfgyfpkz/Build/Intermediates.noindex/ArchiveIntermediates/BookonDebug/IntermediateBuildFilesPath/SwiftSoup.build/Release-iphoneos/SwiftSoup.build/Objects-normal/arm64/Entities.o -o /Users/runner/Library/Developer/Xcode/DerivedData/BookonDebug-ehazsigvxemoqzdtqumqzfgyfpkz/Build/Intermediates.noindex/ArchiveIntermediates/BookonDebug/IntermediateBuildFilesPath/SwiftSoup.build/Release-iphoneos/SwiftSoup.build/Objects-normal/arm64/Evaluator.o -o /Users/runner/Library/Developer/Xcode/DerivedData/BookonDebug-ehazsigvxemoqzdtqumqzfgyfpkz/Build/Intermediates.noindex/ArchiveIntermediates/BookonDebug/IntermediateBuildFilesPath/SwiftSoup.build/Release-iphoneos/SwiftSoup.build/Objects-normal/arm64/Exception.o -o /Users/runner/Library/Developer/Xcode/DerivedData/BookonDebug-ehazsigvxemoqzdtqumqzfgyfpkz/Build/Intermediates.noindex/ArchiveIntermediates/BookonDebug/IntermediateBuildFilesPath/SwiftSoup.build/Release-iphoneos/SwiftSoup.build/Objects-normal/arm64/FormElement.o -o /Users/runner/Library/Developer/Xcode/DerivedData/BookonDebug-ehazsigvxemoqzdtqumqzfgyfpkz/Build/Intermediates.noindex/ArchiveIntermediates/BookonDebug/IntermediateBuildFilesPath/SwiftSoup.build/Release-iphoneos/SwiftSoup.build/Objects-normal/arm64/HtmlTreeBuilder.o -o /Users/runner/Library/Developer/Xcode/DerivedData/BookonDebug-ehazsigvxemoqzdtqumqzfgyfpkz/Build/Intermediates.noindex/ArchiveIntermediates/BookonDebug/IntermediateBuildFilesPath/SwiftSoup.build/Release-iphoneos/SwiftSoup.build/Objects-normal/arm64/HtmlTreeBuilderState.o -o /Users/runner/Library/Developer/Xcode/DerivedData/BookonDebug-ehazsigvxemoqzdtqumqzfgyfpkz/Build/Intermediates.noindex/ArchiveIntermediates/BookonDebug/IntermediateBuildFilesPath/SwiftSoup.build/Release-iphoneos/SwiftSoup.build/Objects-normal/arm64/HttpStatusException.o -o /Users/runner/Library/Developer/Xcode/DerivedData/BookonDebug-ehazsigvxemoqzdtqumqzfgyfpkz/Build/Intermediates.noindex/ArchiveIntermediates/BookonDebug/IntermediateBuildFilesPath/SwiftSoup.build/Release-iphoneos/SwiftSoup.build/Objects-normal/arm64/Mutex.o -o /Users/runner/Library/Developer/Xcode/DerivedData/BookonDebug-ehazsigvxemoqzdtqumqzfgyfpkz/Build/Intermediates.noindex/ArchiveIntermediates/BookonDebug/IntermediateBuildFilesPath/SwiftSoup.build/Release-iphoneos/SwiftSoup.build/Objects-normal/arm64/Node.o -o /Users/runner/Library/Developer/Xcode/DerivedData/BookonDebug-ehazsigvxemoqzdtqumqzfgyfpkz/Build/Intermediates.noindex/ArchiveIntermediates/BookonDebug/IntermediateBuildFilesPath/SwiftSoup.build/Release-iphoneos/SwiftSoup.build/Objects-normal/arm64/NodeTraversor.o -o /Users/runner/Library/Developer/Xcode/DerivedData/BookonDebug-ehazsigvxemoqzdtqumqzfgyfpkz/Build/Intermediates.noindex/ArchiveIntermediates/BookonDebug/IntermediateBuildFilesPath/SwiftSoup.build/Release-iphoneos/SwiftSoup.build/Objects-normal/arm64/NodeVisitor.o -o /Users/runner/Library/Developer/Xcode/DerivedData/BookonDebug-ehazsigvxemoqzdtqumqzfgyfpkz/Build/Intermediates.noindex/ArchiveIntermediates/BookonDebug/IntermediateBuildFilesPath/SwiftSoup.build/Release-iphoneos/SwiftSoup.build/Objects-normal/arm64/OrderedSet.o -o /Users/runner/Library/Developer/Xcode/DerivedData/BookonDebug-ehazsigvxemoqzdtqumqzfgyfpkz/Build/Intermediates.noindex/ArchiveIntermediates/BookonDebug/IntermediateBuildFilesPath/SwiftSoup.build/Release-iphoneos/SwiftSoup.build/Objects-normal/arm64/ParseError.o -o /Users/runner/Library/Developer/Xcode/DerivedData/BookonDebug-ehazsigvxemoqzdtqumqzfgyfpkz/Build/Intermediates.noindex/ArchiveIntermediates/BookonDebug/IntermediateBuildFilesPath/SwiftSoup.build/Release-iphoneos/SwiftSoup.build/Objects-normal/arm64/ParseErrorList.o -o /Users/runner/Library/Developer/Xcode/DerivedData/BookonDebug-ehazsigvxemoqzdtqumqzfgyfpkz/Build/Intermediates.noindex/ArchiveIntermediates/BookonDebug/IntermediateBuildFilesPath/SwiftSoup.build/Release-iphoneos/SwiftSoup.build/Objects-normal/arm64/ParseSettings.o -o /Users/runner/Library/Developer/Xcode/DerivedData/BookonDebug-ehazsigvxemoqzdtqumqzfgyfpkz/Build/Intermediates.noindex/ArchiveIntermediates/BookonDebug/IntermediateBuildFilesPath/SwiftSoup.build/Release-iphoneos/SwiftSoup.build/Objects-normal/arm64/Parser.o -o /Users/runner/Library/Developer/Xcode/DerivedData/BookonDebug-ehazsigvxemoqzdtqumqzfgyfpkz/Build/Intermediates.noindex/ArchiveIntermediates/BookonDebug/IntermediateBuildFilesPath/SwiftSoup.build/Release-iphoneos/SwiftSoup.build/Objects-normal/arm64/ParsingStrings.o -o /Users/runner/Library/Developer/Xcode/DerivedData/BookonDebug-ehazsigvxemoqzdtqumqzfgyfpkz/Build/Intermediates.noindex/ArchiveIntermediates/BookonDebug/IntermediateBuildFilesPath/SwiftSoup.build/Release-iphoneos/SwiftSoup.build/Objects-normal/arm64/Pattern.o -o /Users/runner/Library/Developer/Xcode/DerivedData/BookonDebug-ehazsigvxemoqzdtqumqzfgyfpkz/Build/Intermediates.noindex/ArchiveIntermediates/BookonDebug/IntermediateBuildFilesPath/SwiftSoup.build/Release-iphoneos/SwiftSoup.build/Objects-normal/arm64/QueryParser.o -o /Users/runner/Library/Developer/Xcode/DerivedData/BookonDebug-ehazsigvxemoqzdtqumqzfgyfpkz/Build/Intermediates.noindex/ArchiveIntermediates/BookonDebug/IntermediateBuildFilesPath/SwiftSoup.build/Release-iphoneos/SwiftSoup.build/Objects-normal/arm64/SerializationException.o -o /Users/runner/Library/Developer/Xcode/DerivedData/BookonDebug-ehazsigvxemoqzdtqumqzfgyfpkz/Build/Intermediates.noindex/ArchiveIntermediates/BookonDebug/IntermediateBuildFilesPath/SwiftSoup.build/Release-iphoneos/SwiftSoup.build/Objects-normal/arm64/SimpleDictionary.o -o /Users/runner/Library/Developer/Xcode/DerivedData/BookonDebug-ehazsigvxemoqzdtqumqzfgyfpkz/Build/Intermediates.noindex/ArchiveIntermediates/BookonDebug/IntermediateBuildFilesPath/SwiftSoup.build/Release-iphoneos/SwiftSoup.build/Objects-normal/arm64/StreamReader.o -o /Users/runner/Library/Developer/Xcode/DerivedData/BookonDebug-ehazsigvxemoqzdtqumqzfgyfpkz/Build/Intermediates.noindex/ArchiveIntermediates/BookonDebug/IntermediateBuildFilesPath/SwiftSoup.build/Release-iphoneos/SwiftSoup.build/Objects-normal/arm64/String.o -o /Users/runner/Library/Developer/Xcode/DerivedData/BookonDebug-ehazsigvxemoqzdtqumqzfgyfpkz/Build/Intermediates.noindex/ArchiveIntermediates/BookonDebug/IntermediateBuildFilesPath/SwiftSoup.build/Release-iphoneos/SwiftSoup.build/Objects-normal/arm64/StringBuilder.o -o /Users/runner/Library/Developer/Xcode/DerivedData/BookonDebug-ehazsigvxemoqzdtqumqzfgyfpkz/Build/Intermediates.noindex/ArchiveIntermediates/BookonDebug/IntermediateBuildFilesPath/SwiftSoup.build/Release-iphoneos/SwiftSoup.build/Objects-normal/arm64/StringUtil.o -o /Users/runner/Library/Developer/Xcode/DerivedData/BookonDebug-ehazsigvxemoqzdtqumqzfgyfpkz/Build/Intermediates.noindex/ArchiveIntermediates/BookonDebug/IntermediateBuildFilesPath/SwiftSoup.build/Release-iphoneos/SwiftSoup.build/Objects-normal/arm64/StructuralEvaluator.o -o /Users/runner/Library/Developer/Xcode/DerivedData/BookonDebug-ehazsigvxemoqzdtqumqzfgyfpkz/Build/Intermediates.noindex/ArchiveIntermediates/BookonDebug/IntermediateBuildFilesPath/SwiftSoup.build/Release-iphoneos/SwiftSoup.build/Objects-normal/arm64/SwiftSoup.o -o /Users/runner/Library/Developer/Xcode/DerivedData/BookonDebug-ehazsigvxemoqzdtqumqzfgyfpkz/Build/Intermediates.noindex/ArchiveIntermediates/BookonDebug/IntermediateBuildFilesPath/SwiftSoup.build/Release-iphoneos/SwiftSoup.build/Objects-normal/arm64/Tag.o -o /Users/runner/Library/Developer/Xcode/DerivedData/BookonDebug-ehazsigvxemoqzdtqumqzfgyfpkz/Build/Intermediates.noindex/ArchiveIntermediates/BookonDebug/IntermediateBuildFilesPath/SwiftSoup.build/Release-iphoneos/SwiftSoup.build/Objects-normal/arm64/TextNode.o -o /Users/runner/Library/Developer/Xcode/DerivedData/BookonDebug-ehazsigvxemoqzdtqumqzfgyfpkz/Build/Intermediates.noindex/ArchiveIntermediates/BookonDebug/IntermediateBuildFilesPath/SwiftSoup.build/Release-iphoneos/SwiftSoup.build/Objects-normal/arm64/Token.o -o /Users/runner/Library/Developer/Xcode/DerivedData/BookonDebug-ehazsigvxemoqzdtqumqzfgyfpkz/Build/Intermediates.noindex/ArchiveIntermediates/BookonDebug/IntermediateBuildFilesPath/SwiftSoup.build/Release-iphoneos/SwiftSoup.build/Objects-normal/arm64/TokenQueue.o -o /Users/runner/Library/Developer/Xcode/DerivedData/BookonDebug-ehazsigvxemoqzdtqumqzfgyfpkz/Build/Intermediates.noindex/ArchiveIntermediates/BookonDebug/IntermediateBuildFilesPath/SwiftSoup.build/Release-iphoneos/SwiftSoup.build/Objects-normal/arm64/Tokeniser.o -o /Users/runner/Library/Developer/Xcode/DerivedData/BookonDebug-ehazsigvxemoqzdtqumqzfgyfpkz/Build/Intermediates.noindex/ArchiveIntermediates/BookonDebug/IntermediateBuildFilesPath/SwiftSoup.build/Release-iphoneos/SwiftSoup.build/Objects-normal/arm64/TokeniserState.o -o /Users/runner/Library/Developer/Xcode/DerivedData/BookonDebug-ehazsigvxemoqzdtqumqzfgyfpkz/Build/Intermediates.noindex/ArchiveIntermediates/BookonDebug/IntermediateBuildFilesPath/SwiftSoup.build/Release-iphoneos/SwiftSoup.build/Objects-normal/arm64/TreeBuilder.o -o /Users/runner/Library/Developer/Xcode/DerivedData/BookonDebug-ehazsigvxemoqzdtqumqzfgyfpkz/Build/Intermediates.noindex/ArchiveIntermediates/BookonDebug/IntermediateBuildFilesPath/SwiftSoup.build/Release-iphoneos/SwiftSoup.build/Objects-normal/arm64/UTF8Arrays.o -o /Users/runner/Library/Developer/Xcode/DerivedData/BookonDebug-ehazsigvxemoqzdtqumqzfgyfpkz/Build/Intermediates.noindex/ArchiveIntermediates/BookonDebug/IntermediateBuildFilesPath/SwiftSoup.build/Release-iphoneos/SwiftSoup.build/Objects-normal/arm64/UnfairLock.o -o /Users/runner/Library/Developer/Xcode/DerivedData/BookonDebug-ehazsigvxemoqzdtqumqzfgyfpkz/Build/Intermediates.noindex/ArchiveIntermediates/BookonDebug/IntermediateBuildFilesPath/SwiftSoup.build/Release-iphoneos/SwiftSoup.build/Objects-normal/arm64/UnicodeScalar.o -o /Users/runner/Library/Developer/Xcode/DerivedData/BookonDebug-ehazsigvxemoqzdtqumqzfgyfpkz/Build/Intermediates.noindex/ArchiveIntermediates/BookonDebug/IntermediateBuildFilesPath/SwiftSoup.build/Release-iphoneos/SwiftSoup.build/Objects-normal/arm64/Validate.o -o /Users/runner/Library/Developer/Xcode/DerivedData/BookonDebug-ehazsigvxemoqzdtqumqzfgyfpkz/Build/Intermediates.noindex/ArchiveIntermediates/BookonDebug/IntermediateBuildFilesPath/SwiftSoup.build/Release-iphoneos/SwiftSoup.build/Objects-normal/arm64/Whitelist.o -o /Users/runner/Library/Developer/Xcode/DerivedData/BookonDebug-ehazsigvxemoqzdtqumqzfgyfpkz/Build/Intermediates.noindex/ArchiveIntermediates/BookonDebug/IntermediateBuildFilesPath/SwiftSoup.build/Release-iphoneos/SwiftSoup.build/Objects-normal/arm64/XmlDeclaration.o -o /Users/runner/Library/Developer/Xcode/DerivedData/BookonDebug-ehazsigvxemoqzdtqumqzfgyfpkz/Build/Intermediates.noindex/ArchiveIntermediates/BookonDebug/IntermediateBuildFilesPath/SwiftSoup.build/Release-iphoneos/SwiftSoup.build/Objects-normal/arm64/XmlTreeBuilder.o -index-unit-output-path /SwiftSoup.build/Release-iphoneos/SwiftSoup.build/Objects-normal/arm64/ArrayExt.o -index-unit-output-path /SwiftSoup.build/Release-iphoneos/SwiftSoup.build/Objects-normal/arm64/Attribute.o -index-unit-output-path /SwiftSoup.build/Release-iphoneos/SwiftSoup.build/Objects-normal/arm64/Attributes.o -index-unit-output-path /SwiftSoup.build/Release-iphoneos/SwiftSoup.build/Objects-normal/arm64/BinarySearch.o -index-unit-output-path /SwiftSoup.build/Release-iphoneos/SwiftSoup.build/Objects-normal/arm64/BooleanAttribute.o -index-unit-output-path /SwiftSoup.build/Release-iphoneos/SwiftSoup.build/Objects-normal/arm64/CharacterExt.o -index-unit-output-path /SwiftSoup.build/Release-iphoneos/SwiftSoup.build/Objects-normal/arm64/CharacterReader.o -index-unit-output-path /SwiftSoup.build/Release-iphoneos/SwiftSoup.build/Objects-normal/arm64/Cleaner.o -index-unit-output-path /SwiftSoup.build/Release-iphoneos/SwiftSoup.build/Objects-normal/arm64/Collector.o -index-unit-output-path /SwiftSoup.build/Release-iphoneos/SwiftSoup.build/Objects-normal/arm64/CombiningEvaluator.o -index-unit-output-path /SwiftSoup.build/Release-iphoneos/SwiftSoup.build/Objects-normal/arm64/Comment.o -index-unit-output-path /SwiftSoup.build/Release-iphoneos/SwiftSoup.build/Objects-normal/arm64/Connection.o -index-unit-output-path /SwiftSoup.build/Release-iphoneos/SwiftSoup.build/Objects-normal/arm64/CssSelector.o -index-unit-output-path /SwiftSoup.build/Release-iphoneos/SwiftSoup.build/Objects-normal/arm64/DataNode.o -index-unit-output-path /SwiftSoup.build/Release-iphoneos/SwiftSoup.build/Objects-normal/arm64/DataUtil.o -index-unit-output-path /SwiftSoup.build/Release-iphoneos/SwiftSoup.build/Objects-normal/arm64/Document.o -index-unit-output-path /SwiftSoup.build/Release-iphoneos/SwiftSoup.build/Objects-normal/arm64/DocumentType.o -index-unit-output-path /SwiftSoup.build/Release-iphoneos/SwiftSoup.build/Objects-normal/arm64/Element.o -index-unit-output-path /SwiftSoup.build/Release-iphoneos/SwiftSoup.build/Objects-normal/arm64/Elements.o -index-unit-output-path /SwiftSoup.build/Release-iphoneos/SwiftSoup.build/Objects-normal/arm64/Entities.o -index-unit-output-path /SwiftSoup.build/Release-iphoneos/SwiftSoup.build/Objects-normal/arm64/Evaluator.o -index-unit-output-path /SwiftSoup.build/Release-iphoneos/SwiftSoup.build/Objects-normal/arm64/Exception.o -index-unit-output-path /SwiftSoup.build/Release-iphoneos/SwiftSoup.build/Objects-normal/arm64/FormElement.o -index-unit-output-path /SwiftSoup.build/Release-iphoneos/SwiftSoup.build/Objects-normal/arm64/HtmlTreeBuilder.o -index-unit-output-path /SwiftSoup.build/Release-iphoneos/SwiftSoup.build/Objects-normal/arm64/HtmlTreeBuilderState.o -index-unit-output-path /SwiftSoup.build/Release-iphoneos/SwiftSoup.build/Objects-normal/arm64/HttpStatusException.o -index-unit-output-path /SwiftSoup.build/Release-iphoneos/SwiftSoup.build/Objects-normal/arm64/Mutex.o -index-unit-output-path /SwiftSoup.build/Release-iphoneos/SwiftSoup.build/Objects-normal/arm64/Node.o -index-unit-output-path /SwiftSoup.build/Release-iphoneos/SwiftSoup.build/Objects-normal/arm64/NodeTraversor.o -index-unit-output-path /SwiftSoup.build/Release-iphoneos/SwiftSoup.build/Objects-normal/arm64/NodeVisitor.o -index-unit-output-path /SwiftSoup.build/Release-iphoneos/SwiftSoup.build/Objects-normal/arm64/OrderedSet.o -index-unit-output-path /SwiftSoup.build/Release-iphoneos/SwiftSoup.build/Objects-normal/arm64/ParseError.o -index-unit-output-path /SwiftSoup.build/Release-iphoneos/SwiftSoup.build/Objects-normal/arm64/ParseErrorList.o -index-unit-output-path /SwiftSoup.build/Release-iphoneos/SwiftSoup.build/Objects-normal/arm64/ParseSettings.o -index-unit-output-path /SwiftSoup.build/Release-iphoneos/SwiftSoup.build/Objects-normal/arm64/Parser.o -index-unit-output-path /SwiftSoup.build/Release-iphoneos/SwiftSoup.build/Objects-normal/arm64/ParsingStrings.o -index-unit-output-path /SwiftSoup.build/Release-iphoneos/SwiftSoup.build/Objects-normal/arm64/Pattern.o -index-unit-output-path /SwiftSoup.build/Release-iphoneos/SwiftSoup.build/Objects-normal/arm64/QueryParser.o -index-unit-output-path /SwiftSoup.build/Release-iphoneos/SwiftSoup.build/Objects-normal/arm64/SerializationException.o -index-unit-output-path /SwiftSoup.build/Release-iphoneos/SwiftSoup.build/Objects-normal/arm64/SimpleDictionary.o -index-unit-output-path /SwiftSoup.build/Release-iphoneos/SwiftSoup.build/Objects-normal/arm64/StreamReader.o -index-unit-output-path /SwiftSoup.build/Release-iphoneos/SwiftSoup.build/Objects-normal/arm64/String.o -index-unit-output-path /SwiftSoup.build/Release-iphoneos/SwiftSoup.build/Objects-normal/arm64/StringBuilder.o -index-unit-output-path /SwiftSoup.build/Release-iphoneos/SwiftSoup.build/Objects-normal/arm64/StringUtil.o -index-unit-output-path /SwiftSoup.build/Release-iphoneos/SwiftSoup.build/Objects-normal/arm64/StructuralEvaluator.o -index-unit-output-path /SwiftSoup.build/Release-iphoneos/SwiftSoup.build/Objects-normal/arm64/SwiftSoup.o -index-unit-output-path /SwiftSoup.build/Release-iphoneos/SwiftSoup.build/Objects-normal/arm64/Tag.o -index-unit-output-path /SwiftSoup.build/Release-iphoneos/SwiftSoup.build/Objects-normal/arm64/TextNode.o -index-unit-output-path /SwiftSoup.build/Release-iphoneos/SwiftSoup.build/Objects-normal/arm64/Token.o -index-unit-output-path /SwiftSoup.build/Release-iphoneos/SwiftSoup.build/Objects-normal/arm64/TokenQueue.o -index-unit-output-path /SwiftSoup.build/Release-iphoneos/SwiftSoup.build/Objects-normal/arm64/Tokeniser.o -index-unit-output-path /SwiftSoup.build/Release-iphoneos/SwiftSoup.build/Objects-normal/arm64/TokeniserState.o -index-unit-output-path /SwiftSoup.build/Release-iphoneos/SwiftSoup.build/Objects-normal/arm64/TreeBuilder.o -index-unit-output-path /SwiftSoup.build/Release-iphoneos/SwiftSoup.build/Objects-normal/arm64/UTF8Arrays.o -index-unit-output-path /SwiftSoup.build/Release-iphoneos/SwiftSoup.build/Objects-normal/arm64/UnfairLock.o -index-unit-output-path /SwiftSoup.build/Release-iphoneos/SwiftSoup.build/Objects-normal/arm64/UnicodeScalar.o -index-unit-output-path /SwiftSoup.build/Release-iphoneos/SwiftSoup.build/Objects-normal/arm64/Validate.o -index-unit-output-path /SwiftSoup.build/Release-iphoneos/SwiftSoup.build/Objects-normal/arm64/Whitelist.o -index-unit-output-path /SwiftSoup.build/Release-iphoneos/SwiftSoup.build/Objects-normal/arm64/XmlDeclaration.o -index-unit-output-path /SwiftSoup.build/Release-iphoneos/SwiftSoup.build/Objects-normal/arm64/XmlTreeBuilder.o
2026-10-06T13:41:17.4723470Z 
2026-10-06T13:41:17.4726440Z CompileSwift normal arm64 (in target 'SwiftSoup' from project 'SwiftSoup')
2026-10-06T13:41:17.4728650Z     cd /Users/runner/Library/Developer/Xcode/DerivedData/BookonDebug-ehazsigvxemoqzdtqumqzfgyfpkz/SourcePackages/checkouts/SwiftSoup
2026-10-06T13:41:17.4956180Z     /Applications/Xcode_15.4.app/Contents/Developer/Toolchains/XcodeDefault.xctoolchain/usr/bin/swift-frontend -c /Users/runner/Library/Developer/Xcode/DerivedData/BookonDebug-ehazsigvxemoqzdtqumqzfgyfpkz/SourcePackages/checkouts/SwiftSoup/Sources/ArrayExt.swift /Users/runner/Library/Developer/Xcode/DerivedData/BookonDebug-ehazsigvxemoqzdtqumqzfgyfpkz/SourcePackages/checkouts/SwiftSoup/Sources/Attribute.swift /Users/runner/Library/Developer/Xcode/DerivedData/BookonDebug-ehazsigvxemoqzdtqumqzfgyfpkz/SourcePackages/checkouts/SwiftSoup/Sources/Attributes.swift /Users/runner/Library/Developer/Xcode/DerivedData/BookonDebug-ehazsigvxemoqzdtqumqzfgyfpkz/SourcePackages/checkouts/SwiftSoup/Sources/BinarySearch.swift /Users/runner/Library/Developer/Xcode/DerivedData/BookonDebug-ehazsigvxemoqzdtqumqzfgyfpkz/SourcePackages/checkouts/SwiftSoup/Sources/BooleanAttribute.swift /Users/runner/Library/Developer/Xcode/DerivedData/BookonDebug-ehazsigvxemoqzdtqumqzfgyfpkz/SourcePackages/checkouts/SwiftSoup/Sources/CharacterExt.swift /Users/runner/Library/Developer/Xcode/DerivedData/BookonDebug-ehazsigvxemoqzdtqumqzfgyfpkz/SourcePackages/checkouts/SwiftSoup/Sources/CharacterReader.swift /Users/runner/Library/Developer/Xcode/DerivedData/BookonDebug-ehazsigvxemoqzdtqumqzfgyfpkz/SourcePackages/checkouts/SwiftSoup/Sources/Cleaner.swift /Users/runner/Library/Developer/Xcode/DerivedData/BookonDebug-ehazsigvxemoqzdtqumqzfgyfpkz/SourcePackages/checkouts/SwiftSoup/Sources/Collector.swift /Users/runner/Library/Developer/Xcode/DerivedData/BookonDebug-ehazsigvxemoqzdtqumqzfgyfpkz/SourcePackages/checkouts/SwiftSoup/Sources/CombiningEvaluator.swift /Users/runner/Library/Developer/Xcode/DerivedData/BookonDebug-ehazsigvxemoqzdtqumqzfgyfpkz/SourcePackages/checkouts/SwiftSoup/Sources/Comment.swift /Users/runner/Library/Developer/Xcode/DerivedData/BookonDebug-ehazsigvxemoqzdtqumqzfgyfpkz/SourcePackages/checkouts/SwiftSoup/Sources/Connection.swift /Users/runner/Library/Developer/Xcode/DerivedData/BookonDebug-ehazsigvxemoqzdtqumqzfgyfpkz/SourcePackages/checkouts/SwiftSoup/Sources/CssSelector.swift /Users/runner/Library/Developer/Xcode/DerivedData/BookonDebug-ehazsigvxemoqzdtqumqzfgyfpkz/SourcePackages/checkouts/SwiftSoup/Sources/DataNode.swift /Users/runner/Library/Developer/Xcode/DerivedData/BookonDebug-ehazsigvxemoqzdtqumqzfgyfpkz/SourcePackages/checkouts/SwiftSoup/Sources/DataUtil.swift /Users/runner/Library/Developer/Xcode/DerivedData/BookonDebug-ehazsigvxemoqzdtqumqzfgyfpkz/SourcePackages/checkouts/SwiftSoup/Sources/Document.swift /Users/runner/Library/Developer/Xcode/DerivedData/BookonDebug-ehazsigvxemoqzdtqumqzfgyfpkz/SourcePackages/checkouts/SwiftSoup/Sources/DocumentType.swift /Users/runner/Library/Developer/Xcode/DerivedData/BookonDebug-ehazsigvxemoqzdtqumqzfgyfpkz/SourcePackages/checkouts/SwiftSoup/Sources/Element.swift /Users/runner/Library/Developer/Xcode/DerivedData/BookonDebug-ehazsigvxemoqzdtqumqzfgyfpkz/SourcePackages/checkouts/SwiftSoup/Sources/Elements.swift /Users/runner/Library/Developer/Xcode/DerivedData/BookonDebug-ehazsigvxemoqzdtqumqzfgyfpkz/SourcePackages/checkouts/SwiftSoup/Sources/Entities.swift /Users/runner/Library/Developer/Xcode/DerivedData/BookonDebug-ehazsigvxemoqzdtqumqzfgyfpkz/SourcePackages/checkouts/SwiftSoup/Sources/Evaluator.swift /Users/runner/Library/Developer/Xcode/DerivedData/BookonDebug-ehazsigvxemoqzdtqumqzfgyfpkz/SourcePackages/checkouts/SwiftSoup/Sources/Exception.swift /Users/runner/Library/Developer/Xcode/DerivedData/BookonDebug-ehazsigvxemoqzdtqumqzfgyfpkz/SourcePackages/checkouts/SwiftSoup/Sources/FormElement.swift /Users/runner/Library/Developer/Xcode/DerivedData/BookonDebug-ehazsigvxemoqzdtqumqzfgyfpkz/SourcePackages/checkouts/SwiftSoup/Sources/HtmlTreeBuilder.swift /Users/runner/Library/Developer/Xcode/DerivedData/BookonDebug-ehazsigvxemoqzdtqumqzfgyfpkz/SourcePackages/checkouts/SwiftSoup/Sources/HtmlTreeBuilderState.swift /Users/runner/Library/Developer/Xcode/DerivedData/BookonDebug-ehazsigvxemoqzdtqumqzfgyfpkz/SourcePackages/checkouts/SwiftSoup/Sources/HttpStatusException.swift /Users/runner/Library/Developer/Xcode/DerivedData/BookonDebug-ehazsigvxemoqzdtqumqzfgyfpkz/SourcePackages/checkouts/SwiftSoup/Sources/Mutex.swift /Users/runner/Library/Developer/Xcode/DerivedData/BookonDebug-ehazsigvxemoqzdtqumqzfgyfpkz/SourcePackages/checkouts/SwiftSoup/Sources/Node.swift /Users/runner/Library/Developer/Xcode/DerivedData/BookonDebug-ehazsigvxemoqzdtqumqzfgyfpkz/SourcePackages/checkouts/SwiftSoup/Sources/NodeTraversor.swift /Users/runner/Library/Developer/Xcode/DerivedData/BookonDebug-ehazsigvxemoqzdtqumqzfgyfpkz/SourcePackages/checkouts/SwiftSoup/Sources/NodeVisitor.swift /Users/runner/Library/Developer/Xcode/DerivedData/BookonDebug-ehazsigvxemoqzdtqumqzfgyfpkz/SourcePackages/checkouts/SwiftSoup/Sources/OrderedSet.swift /Users/runner/Library/Developer/Xcode/DerivedData/BookonDebug-ehazsigvxemoqzdtqumqzfgyfpkz/SourcePackages/checkouts/SwiftSoup/Sources/ParseError.swift /Users/runner/Library/Developer/Xcode/DerivedData/BookonDebug-ehazsigvxemoqzdtqumqzfgyfpkz/SourcePackages/checkouts/SwiftSoup/Sources/ParseErrorList.swift /Users/runner/Library/Developer/Xcode/DerivedData/BookonDebug-ehazsigvxemoqzdtqumqzfgyfpkz/SourcePackages/checkouts/SwiftSoup/Sources/ParseSettings.swift /Users/runner/Library/Developer/Xcode/DerivedData/BookonDebug-ehazsigvxemoqzdtqumqzfgyfpkz/SourcePackages/checkouts/SwiftSoup/Sources/Parser.swift /Users/runner/Library/Developer/Xcode/DerivedData/BookonDebug-ehazsigvxemoqzdtqumqzfgyfpkz/SourcePackages/checkouts/SwiftSoup/Sources/ParsingStrings.swift /Users/runner/Library/Developer/Xcode/DerivedData/BookonDebug-ehazsigvxemoqzdtqumqzfgyfpkz/SourcePackages/checkouts/SwiftSoup/Sources/Pattern.swift /Users/runner/Library/Developer/Xcode/DerivedData/BookonDebug-ehazsigvxemoqzdtqumqzfgyfpkz/SourcePackages/checkouts/SwiftSoup/Sources/QueryParser.swift /Users/runner/Library/Developer/Xcode/DerivedData/BookonDebug-ehazsigvxemoqzdtqumqzfgyfpkz/SourcePackages/checkouts/SwiftSoup/Sources/SerializationException.swift /Users/runner/Library/Developer/Xcode/DerivedData/BookonDebug-ehazsigvxemoqzdtqumqzfgyfpkz/SourcePackages/checkouts/SwiftSoup/Sources/SimpleDictionary.swift /Users/runner/Library/Developer/Xcode/DerivedData/BookonDebug-ehazsigvxemoqzdtqumqzfgyfpkz/SourcePackages/checkouts/SwiftSoup/Sources/StreamReader.swift /Users/runner/Library/Developer/Xcode/DerivedData/BookonDebug-ehazsigvxemoqzdtqumqzfgyfpkz/SourcePackages/checkouts/SwiftSoup/Sources/String.swift /Users/runner/Library/Developer/Xcode/DerivedData/BookonDebug-ehazsigvxemoqzdtqumqzfgyfpkz/SourcePackages/checkouts/SwiftSoup/Sources/StringBuilder.swift /Users/runner/Library/Developer/Xcode/DerivedData/BookonDebug-ehazsigvxemoqzdtqumqzfgyfpkz/SourcePackages/checkouts/SwiftSoup/Sources/StringUtil.swift /Users/runner/Library/Developer/Xcode/DerivedData/BookonDebug-ehazsigvxemoqzdtqumqzfgyfpkz/SourcePackages/checkouts/SwiftSoup/Sources/StructuralEvaluator.swift /Users/runner/Library/Developer/Xcode/DerivedData/BookonDebug-ehazsigvxemoqzdtqumqzfgyfpkz/SourcePackages/checkouts/SwiftSoup/Sources/SwiftSoup.swift /Users/runner/Library/Developer/Xcode/DerivedData/BookonDebug-ehazsigvxemoqzdtqumqzfgyfpkz/SourcePackages/checkouts/SwiftSoup/Sources/Tag.swift /Users/runner/Library/Developer/Xcode/DerivedData/BookonDebug-ehazsigvxemoqzdtqumqzfgyfpkz/SourcePackages/checkouts/SwiftSoup/Sources/TextNode.swift /Users/runner/Library/Developer/Xcode/DerivedData/BookonDebug-ehazsigvxemoqzdtqumqzfgyfpkz/SourcePackages/checkouts/SwiftSoup/Sources/Token.swift /Users/runner/Library/Developer/Xcode/DerivedData/BookonDebug-ehazsigvxemoqzdtqumqzfgyfpkz/SourcePackages/checkouts/SwiftSoup/Sources/TokenQueue.swift /Users/runner/Library/Developer/Xcode/DerivedData/BookonDebug-ehazsigvxemoqzdtqumqzfgyfpkz/SourcePackages/checkouts/SwiftSoup/Sources/Tokeniser.swift /Users/runner/Library/Developer/Xcode/DerivedData/BookonDebug-ehazsigvxemoqzdtqumqzfgyfpkz/SourcePackages/checkouts/SwiftSoup/Sources/TokeniserState.swift /Users/runner/Library/Developer/Xcode/DerivedData/BookonDebug-ehazsigvxemoqzdtqumqzfgyfpkz/SourcePackages/checkouts/SwiftSoup/Sources/TreeBuilder.swift /Users/runner/Library/Developer/Xcode/DerivedData/BookonDebug-ehazsigvxemoqzdtqumqzfgyfpkz/SourcePackages/checkouts/SwiftSoup/Sources/UTF8Arrays.swift /Users/runner/Library/Developer/Xcode/DerivedData/BookonDebug-ehazsigvxemoqzdtqumqzfgyfpkz/SourcePackages/checkouts/SwiftSoup/Sources/UnfairLock.swift /Users/runner/Library/Developer/Xcode/DerivedData/BookonDebug-ehazsigvxemoqzdtqumqzfgyfpkz/SourcePackages/checkouts/SwiftSoup/Sources/UnicodeScalar.swift /Users/runner/Library/Developer/Xcode/DerivedData/BookonDebug-ehazsigvxemoqzdtqumqzfgyfpkz/SourcePackages/checkouts/SwiftSoup/Sources/Validate.swift /Users/runner/Library/Developer/Xcode/DerivedData/BookonDebug-ehazsigvxemoqzdtqumqzfgyfpkz/SourcePackages/checkouts/SwiftSoup/Sources/Whitelist.swift /Users/runner/Library/Developer/Xcode/DerivedData/BookonDebug-ehazsigvxemoqzdtqumqzfgyfpkz/SourcePackages/checkouts/SwiftSoup/Sources/XmlDeclaration.swift /Users/runner/Library/Developer/Xcode/DerivedData/BookonDebug-ehazsigvxemoqzdtqumqzfgyfpkz/SourcePackages/checkouts/SwiftSoup/Sources/XmlTreeBuilder.swift -supplementary-output-file-map /Users/runner/Library/Developer/Xcode/DerivedData/BookonDebug-ehazsigvxemoqzdtqumqzfgyfpkz/Build/Intermediates.noindex/ArchiveIntermediates/BookonDebug/IntermediateBuildFilesPath/SwiftSoup.build/Release-iphoneos/SwiftSoup.build/Objects-normal/arm64/supplementaryOutputs-1 -target arm64-apple-ios13.0 -Xllvm -aarch64-use-tbi -enable-objc-interop -stack-check -sdk /Applications/Xcode_15.4.app/Contents/Developer/Platforms/iPhoneOS.platform/Developer/SDKs/iPhoneOS17.5.sdk -I /Users/runner/Library/Developer/Xcode/DerivedData/BookonDebug-ehazsigvxemoqzdtqumqzfgyfpkz/Build/Intermediates.noindex/ArchiveIntermediates/BookonDebug/BuildProductsPath/Release-iphoneos -I /Applications/Xcode_15.4.app/Contents/Developer/Platforms/iPhoneOS.platform/Developer/usr/lib -F /Users/runner/Library/Developer/Xcode/DerivedData/BookonDebug-ehazsigvxemoqzdtqumqzfgyfpkz/Build/Intermediates.noindex/ArchiveIntermediates/BookonDebug/BuildProductsPath/Release-iphoneos -F /Applications/Xcode_15.4.app/Contents/Developer/Platforms/iPhoneOS.platform/Developer/Library/Frameworks -F /Applications/Xcode_15.4.app/Contents/Developer/Platforms/iPhoneOS.platform/Developer/SDKs/iPhoneOS17.5.sdk/Developer/Library/Frameworks -no-color-diagnostics -g -module-cache-path /Users/runner/Library/Developer/Xcode/DerivedData/ModuleCache.noindex -suppress-warnings -swift-version 5 -enforce-exclusivity\=checked -O -D SWIFT_PACKAGE -D Xcode -serialize-debugging-options -package-name swiftsoup -const-gather-protocols-file /Users/runner/Library/Developer/Xcode/DerivedData/BookonDebug-ehazsigvxemoqzdtqumqzfgyfpkz/Build/Intermediates.noindex/ArchiveIntermediates/BookonDebug/IntermediateBuildFilesPath/SwiftSoup.build/Release-iphoneos/SwiftSoup.build/Objects-normal/arm64/SwiftSoup_const_extract_protocols.json -empty-abi-descriptor -validate-clang-modules-once -clang-build-session-file /Users/runner/Library/Developer/Xcode/DerivedData/ModuleCache.noindex/Session.modulevalidation -Xcc -working-directory -Xcc /Users/runner/Library/Developer/Xcode/DerivedData/BookonDebug-ehazsigvxemoqzdtqumqzfgyfpkz/SourcePackages/checkouts/SwiftSoup -resource-dir /Applications/Xcode_15.4.app/Contents/Developer/Toolchains/XcodeDefault.xctoolchain/usr/lib/swift -Xcc -ivfsstatcache -Xcc /Users/runner/Library/Developer/Xcode/DerivedData/SDKStatCaches.noindex/iphoneos17.5-21F77-f0fa7969d082b13145125136a829df3a.sdkstatcache -Xcc -I/Users/runner/Library/Developer/Xcode/DerivedData/BookonDebug-ehazsigvxemoqzdtqumqzfgyfpkz/Build/Intermediates.noindex/ArchiveIntermediates/BookonDebug/IntermediateBuildFilesPath/SwiftSoup.build/Release-iphoneos/SwiftSoup.build/swift-overrides.hmap -Xcc -I/Users/runner/Library/Developer/Xcode/DerivedData/BookonDebug-ehazsigvxemoqzdtqumqzfgyfpkz/Build/Intermediates.noindex/ArchiveIntermediates/BookonDebug/BuildProductsPath/Release-iphoneos/include -Xcc -I/Users/runner/Library/Developer/Xcode/DerivedData/BookonDebug-ehazsigvxemoqzdtqumqzfgyfpkz/Build/Intermediates.noindex/ArchiveIntermediates/BookonDebug/IntermediateBuildFilesPath/SwiftSoup.build/Release-iphoneos/SwiftSoup.build/DerivedSources-normal/arm64 -Xcc -I/Users/runner/Library/Developer/Xcode/DerivedData/BookonDebug-ehazsigvxemoqzdtqumqzfgyfpkz/Build/Intermediates.noindex/ArchiveIntermediates/BookonDebug/IntermediateBuildFilesPath/SwiftSoup.build/Release-iphoneos/SwiftSoup.build/DerivedSources/arm64 -Xcc -I/Users/runner/Library/Developer/Xcode/DerivedData/BookonDebug-ehazsigvxemoqzdtqumqzfgyfpkz/Build/Intermediates.noindex/ArchiveIntermediates/BookonDebug/IntermediateBuildFilesPath/SwiftSoup.build/Release-iphoneos/SwiftSoup.build/DerivedSources -Xcc -DSWIFT_PACKAGE -module-name SwiftSoup -frontend-parseable-output -disable-clang-spi -target-sdk-version 17.5 -target-sdk-name iphoneos17.5 -external-plugin-path /Applications/Xcode_15.4.app/Contents/Developer/Platforms/iPhoneOS.platform/Developer/SDKs/iPhoneOS17.5.sdk/usr/lib/swift/host/plugins\#/Applications/Xcode_15.4.app/Contents/Developer/Platforms/iPhoneOS.platform/Developer/SDKs/iPhoneOS17.5.sdk/usr/bin/swift-plugin-server -external-plugin-path /Applications/Xcode_15.4.app/Contents/Developer/Platforms/iPhoneOS.platform/Developer/SDKs/iPhoneOS17.5.sdk/usr/local/lib/swift/host/plugins\#/Applications/Xcode_15.4.app/Contents/Developer/Platforms/iPhoneOS.platform/Developer/SDKs/iPhoneOS17.5.sdk/usr/bin/swift-plugin-server -external-plugin-path /Applications/Xcode_15.4.app/Contents/Developer/Platforms/iPhoneOS.platform/Developer/usr/lib/swift/host/plugins\#/Applications/Xcode_15.4.app/Contents/Developer/Platforms/iPhoneOS.platform/Developer/usr/bin/swift-plugin-server -external-plugin-path /Applications/Xcode_15.4.app/Contents/Developer/Platforms/iPhoneOS.platform/Developer/usr/local/lib/swift/host/plugins\#/Applications/Xcode_15.4.app/Contents/Developer/Platforms/iPhoneOS.platform/Developer/usr/bin/swift-plugin-server -plugin-path /Applications/Xcode_15.4.app/Contents/Developer/Toolchains/XcodeDefault.xctoolchain/usr/lib/swift/host/plugins -plugin-path /Applications/Xcode_15.4.app/Contents/Developer/Toolchains/XcodeDefault.xctoolchain/usr/local/lib/swift/host/plugins -enable-default-cmo -num-threads 3 -o /Users/runner/Library/Developer/Xcode/DerivedData/BookonDebug-ehazsigvxemoqzdtqumqzfgyfpkz/Build/Intermediates.noindex/ArchiveIntermediates/BookonDebug/IntermediateBuildFilesPath/SwiftSoup.build/Release-iphoneos/SwiftSoup.build/Objects-normal/arm64/ArrayExt.o -o /Users/runner/Library/Developer/Xcode/DerivedData/BookonDebug-ehazsigvxemoqzdtqumqzfgyfpkz/Build/Intermediates.noindex/ArchiveIntermediates/BookonDebug/IntermediateBuildFilesPath/SwiftSoup.build/Release-iphoneos/SwiftSoup.build/Objects-normal/arm64/Attribute.o -o /Users/runner/Library/Developer/Xcode/DerivedData/BookonDebug-ehazsigvxemoqzdtqumqzfgyfpkz/Build/Intermediates.noindex/ArchiveIntermediates/BookonDebug/IntermediateBuildFilesPath/SwiftSoup.build/Release-iphoneos/SwiftSoup.build/Objects-normal/arm64/Attributes.o -o /Users/runner/Library/Developer/Xcode/DerivedData/BookonDebug-ehazsigvxemoqzdtqumqzfgyfpkz/Build/Intermediates.noindex/ArchiveIntermediates/BookonDebug/IntermediateBuildFilesPath/SwiftSoup.build/Release-iphoneos/SwiftSoup.build/Objects-normal/arm64/BinarySearch.o -o /Users/runner/Library/Developer/Xcode/DerivedData/BookonDebug-ehazsigvxemoqzdtqumqzfgyfpkz/Build/Intermediates.noindex/ArchiveIntermediates/BookonDebug/IntermediateBuildFilesPath/SwiftSoup.build/Release-iphoneos/SwiftSoup.build/Objects-normal/arm64/BooleanAttribute.o -o /Users/runner/Library/Developer/Xcode/DerivedData/BookonDebug-ehazsigvxemoqzdtqumqzfgyfpkz/Build/Intermediates.noindex/ArchiveIntermediates/BookonDebug/IntermediateBuildFilesPath/SwiftSoup.build/Release-iphoneos/SwiftSoup.build/Objects-normal/arm64/CharacterExt.o -o /Users/runner/Library/Developer/Xcode/DerivedData/BookonDebug-ehazsigvxemoqzdtqumqzfgyfpkz/Build/Intermediates.noindex/ArchiveIntermediates/BookonDebug/IntermediateBuildFilesPath/SwiftSoup.build/Release-iphoneos/SwiftSoup.build/Objects-normal/arm64/CharacterReader.o -o /Users/runner/Library/Developer/Xcode/DerivedData/BookonDebug-ehazsigvxemoqzdtqumqzfgyfpkz/Build/Intermediates.noindex/ArchiveIntermediates/BookonDebug/IntermediateBuildFilesPath/SwiftSoup.build/Release-iphoneos/SwiftSoup.build/Objects-normal/arm64/Cleaner.o -o /Users/runner/Library/Developer/Xcode/DerivedData/BookonDebug-ehazsigvxemoqzdtqumqzfgyfpkz/Build/Intermediates.noindex/ArchiveIntermediates/BookonDebug/IntermediateBuildFilesPath/SwiftSoup.build/Release-iphoneos/SwiftSoup.build/Objects-normal/arm64/Collector.o -o /Users/runner/Library/Developer/Xcode/DerivedData/BookonDebug-ehazsigvxemoqzdtqumqzfgyfpkz/Build/Intermediates.noindex/ArchiveIntermediates/BookonDebug/IntermediateBuildFilesPath/SwiftSoup.build/Release-iphoneos/SwiftSoup.build/Objects-normal/arm64/CombiningEvaluator.o -o /Users/runner/Library/Developer/Xcode/DerivedData/BookonDebug-ehazsigvxemoqzdtqumqzfgyfpkz/Build/Intermediates.noindex/ArchiveIntermediates/BookonDebug/IntermediateBuildFilesPath/SwiftSoup.build/Release-iphoneos/SwiftSoup.build/Objects-normal/arm64/Comment.o -o /Users/runner/Library/Developer/Xcode/DerivedData/BookonDebug-ehazsigvxemoqzdtqumqzfgyfpkz/Build/Intermediates.noindex/ArchiveIntermediates/BookonDebug/IntermediateBuildFilesPath/SwiftSoup.build/Release-iphoneos/SwiftSoup.build/Objects-normal/arm64/Connection.o -o /Users/runner/Library/Developer/Xcode/DerivedData/BookonDebug-ehazsigvxemoqzdtqumqzfgyfpkz/Build/Intermediates.noindex/ArchiveIntermediates/BookonDebug/IntermediateBuildFilesPath/SwiftSoup.build/Release-iphoneos/SwiftSoup.build/Objects-normal/arm64/CssSelector.o -o /Users/runner/Library/Developer/Xcode/DerivedData/BookonDebug-ehazsigvxemoqzdtqumqzfgyfpkz/Build/Intermediates.noindex/ArchiveIntermediates/BookonDebug/IntermediateBuildFilesPath/SwiftSoup.build/Release-iphoneos/SwiftSoup.build/Objects-normal/arm64/DataNode.o -o /Users/runner/Library/Developer/Xcode/DerivedData/BookonDebug-ehazsigvxemoqzdtqumqzfgyfpkz/Build/Intermediates.noindex/ArchiveIntermediates/BookonDebug/IntermediateBuildFilesPath/SwiftSoup.build/Release-iphoneos/SwiftSoup.build/Objects-normal/arm64/DataUtil.o -o /Users/runner/Library/Developer/Xcode/DerivedData/BookonDebug-ehazsigvxemoqzdtqumqzfgyfpkz/Build/Intermediates.noindex/ArchiveIntermediates/BookonDebug/IntermediateBuildFilesPath/SwiftSoup.build/Release-iphoneos/SwiftSoup.build/Objects-normal/arm64/Document.o -o /Users/runner/Library/Developer/Xcode/DerivedData/BookonDebug-ehazsigvxemoqzdtqumqzfgyfpkz/Build/Intermediates.noindex/ArchiveIntermediates/BookonDebug/IntermediateBuildFilesPath/SwiftSoup.build/Release-iphoneos/SwiftSoup.build/Objects-normal/arm64/DocumentType.o -o /Users/runner/Library/Developer/Xcode/DerivedData/BookonDebug-ehazsigvxemoqzdtqumqzfgyfpkz/Build/Intermediates.noindex/ArchiveIntermediates/BookonDebug/IntermediateBuildFilesPath/SwiftSoup.build/Release-iphoneos/SwiftSoup.build/Objects-normal/arm64/Element.o -o /Users/runner/Library/Developer/Xcode/DerivedData/BookonDebug-ehazsigvxemoqzdtqumqzfgyfpkz/Build/Intermediates.noindex/ArchiveIntermediates/BookonDebug/IntermediateBuildFilesPath/SwiftSoup.build/Release-iphoneos/SwiftSoup.build/Objects-normal/arm64/Elements.o -o /Users/runner/Library/Developer/Xcode/DerivedData/BookonDebug-ehazsigvxemoqzdtqumqzfgyfpkz/Build/Intermediates.noindex/ArchiveIntermediates/BookonDebug/IntermediateBuildFilesPath/SwiftSoup.build/Release-iphoneos/SwiftSoup.build/Objects-normal/arm64/Entities.o -o /Users/runner/Library/Developer/Xcode/DerivedData/BookonDebug-ehazsigvxemoqzdtqumqzfgyfpkz/Build/Intermediates.noindex/ArchiveIntermediates/BookonDebug/IntermediateBuildFilesPath/SwiftSoup.build/Release-iphoneos/SwiftSoup.build/Objects-normal/arm64/Evaluator.o -o /Users/runner/Library/Developer/Xcode/DerivedData/BookonDebug-ehazsigvxemoqzdtqumqzfgyfpkz/Build/Intermediates.noindex/ArchiveIntermediates/BookonDebug/IntermediateBuildFilesPath/SwiftSoup.build/Release-iphoneos/SwiftSoup.build/Objects-normal/arm64/Exception.o -o /Users/runner/Library/Developer/Xcode/DerivedData/BookonDebug-ehazsigvxemoqzdtqumqzfgyfpkz/Build/Intermediates.noindex/ArchiveIntermediates/BookonDebug/IntermediateBuildFilesPath/SwiftSoup.build/Release-iphoneos/SwiftSoup.build/Objects-normal/arm64/FormElement.o -o /Users/runner/Library/Developer/Xcode/DerivedData/BookonDebug-ehazsigvxemoqzdtqumqzfgyfpkz/Build/Intermediates.noindex/ArchiveIntermediates/BookonDebug/IntermediateBuildFilesPath/SwiftSoup.build/Release-iphoneos/SwiftSoup.build/Objects-normal/arm64/HtmlTreeBuilder.o -o /Users/runner/Library/Developer/Xcode/DerivedData/BookonDebug-ehazsigvxemoqzdtqumqzfgyfpkz/Build/Intermediates.noindex/ArchiveIntermediates/BookonDebug/IntermediateBuildFilesPath/SwiftSoup.build/Release-iphoneos/SwiftSoup.build/Objects-normal/arm64/HtmlTreeBuilderState.o -o /Users/runner/Library/Developer/Xcode/DerivedData/BookonDebug-ehazsigvxemoqzdtqumqzfgyfpkz/Build/Intermediates.noindex/ArchiveIntermediates/BookonDebug/IntermediateBuildFilesPath/SwiftSoup.build/Release-iphoneos/SwiftSoup.build/Objects-normal/arm64/HttpStatusException.o -o /Users/runner/Library/Developer/Xcode/DerivedData/BookonDebug-ehazsigvxemoqzdtqumqzfgyfpkz/Build/Intermediates.noindex/ArchiveIntermediates/BookonDebug/IntermediateBuildFilesPath/SwiftSoup.build/Release-iphoneos/SwiftSoup.build/Objects-normal/arm64/Mutex.o -o /Users/runner/Library/Developer/Xcode/DerivedData/BookonDebug-ehazsigvxemoqzdtqumqzfgyfpkz/Build/Intermediates.noindex/ArchiveIntermediates/BookonDebug/IntermediateBuildFilesPath/SwiftSoup.build/Release-iphoneos/SwiftSoup.build/Objects-normal/arm64/Node.o -o /Users/runner/Library/Developer/Xcode/DerivedData/BookonDebug-ehazsigvxemoqzdtqumqzfgyfpkz/Build/Intermediates.noindex/ArchiveIntermediates/BookonDebug/IntermediateBuildFilesPath/SwiftSoup.build/Release-iphoneos/SwiftSoup.build/Objects-normal/arm64/NodeTraversor.o -o /Users/runner/Library/Developer/Xcode/DerivedData/BookonDebug-ehazsigvxemoqzdtqumqzfgyfpkz/Build/Intermediates.noindex/ArchiveIntermediates/BookonDebug/IntermediateBuildFilesPath/SwiftSoup.build/Release-iphoneos/SwiftSoup.build/Objects-normal/arm64/NodeVisitor.o -o /Users/runner/Library/Developer/Xcode/DerivedData/BookonDebug-ehazsigvxemoqzdtqumqzfgyfpkz/Build/Intermediates.noindex/ArchiveIntermediates/BookonDebug/IntermediateBuildFilesPath/SwiftSoup.build/Release-iphoneos/SwiftSoup.build/Objects-normal/arm64/OrderedSet.o -o /Users/runner/Library/Developer/Xcode/DerivedData/BookonDebug-ehazsigvxemoqzdtqumqzfgyfpkz/Build/Intermediates.noindex/ArchiveIntermediates/BookonDebug/IntermediateBuildFilesPath/SwiftSoup.build/Release-iphoneos/SwiftSoup.build/Objects-normal/arm64/ParseError.o -o /Users/runner/Library/Developer/Xcode/DerivedData/BookonDebug-ehazsigvxemoqzdtqumqzfgyfpkz/Build/Intermediates.noindex/ArchiveIntermediates/BookonDebug/IntermediateBuildFilesPath/SwiftSoup.build/Release-iphoneos/SwiftSoup.build/Objects-normal/arm64/ParseErrorList.o -o /Users/runner/Library/Developer/Xcode/DerivedData/BookonDebug-ehazsigvxemoqzdtqumqzfgyfpkz/Build/Intermediates.noindex/ArchiveIntermediates/BookonDebug/IntermediateBuildFilesPath/SwiftSoup.build/Release-iphoneos/SwiftSoup.build/Objects-normal/arm64/ParseSettings.o -o /Users/runner/Library/Developer/Xcode/DerivedData/BookonDebug-ehazsigvxemoqzdtqumqzfgyfpkz/Build/Intermediates.noindex/ArchiveIntermediates/BookonDebug/IntermediateBuildFilesPath/SwiftSoup.build/Release-iphoneos/SwiftSoup.build/Objects-normal/arm64/Parser.o -o /Users/runner/Library/Developer/Xcode/DerivedData/BookonDebug-ehazsigvxemoqzdtqumqzfgyfpkz/Build/Intermediates.noindex/ArchiveIntermediates/BookonDebug/IntermediateBuildFilesPath/SwiftSoup.build/Release-iphoneos/SwiftSoup.build/Objects-normal/arm64/ParsingStrings.o -o /Users/runner/Library/Developer/Xcode/DerivedData/BookonDebug-ehazsigvxemoqzdtqumqzfgyfpkz/Build/Intermediates.noindex/ArchiveIntermediates/BookonDebug/IntermediateBuildFilesPath/SwiftSoup.build/Release-iphoneos/SwiftSoup.build/Objects-normal/arm64/Pattern.o -o /Users/runner/Library/Developer/Xcode/DerivedData/BookonDebug-ehazsigvxemoqzdtqumqzfgyfpkz/Build/Intermediates.noindex/ArchiveIntermediates/BookonDebug/IntermediateBuildFilesPath/SwiftSoup.build/Release-iphoneos/SwiftSoup.build/Objects-normal/arm64/QueryParser.o -o /Users/runner/Library/Developer/Xcode/DerivedData/BookonDebug-ehazsigvxemoqzdtqumqzfgyfpkz/Build/Intermediates.noindex/ArchiveIntermediates/BookonDebug/IntermediateBuildFilesPath/SwiftSoup.build/Release-iphoneos/SwiftSoup.build/Objects-normal/arm64/SerializationException.o -o /Users/runner/Library/Developer/Xcode/DerivedData/BookonDebug-ehazsigvxemoqzdtqumqzfgyfpkz/Build/Intermediates.noindex/ArchiveIntermediates/BookonDebug/IntermediateBuildFilesPath/SwiftSoup.build/Release-iphoneos/SwiftSoup.build/Objects-normal/arm64/SimpleDictionary.o -o /Users/runner/Library/Developer/Xcode/DerivedData/BookonDebug-ehazsigvxemoqzdtqumqzfgyfpkz/Build/Intermediates.noindex/ArchiveIntermediates/BookonDebug/IntermediateBuildFilesPath/SwiftSoup.build/Release-iphoneos/SwiftSoup.build/Objects-normal/arm64/StreamReader.o -o /Users/runner/Library/Developer/Xcode/DerivedData/BookonDebug-ehazsigvxemoqzdtqumqzfgyfpkz/Build/Intermediates.noindex/ArchiveIntermediates/BookonDebug/IntermediateBuildFilesPath/SwiftSoup.build/Release-iphoneos/SwiftSoup.build/Objects-normal/arm64/String.o -o /Users/runner/Library/Developer/Xcode/DerivedData/BookonDebug-ehazsigvxemoqzdtqumqzfgyfpkz/Build/Intermediates.noindex/ArchiveIntermediates/BookonDebug/IntermediateBuildFilesPath/SwiftSoup.build/Release-iphoneos/SwiftSoup.build/Objects-normal/arm64/StringBuilder.o -o /Users/runner/Library/Developer/Xcode/DerivedData/BookonDebug-ehazsigvxemoqzdtqumqzfgyfpkz/Build/Intermediates.noindex/ArchiveIntermediates/BookonDebug/IntermediateBuildFilesPath/SwiftSoup.build/Release-iphoneos/SwiftSoup.build/Objects-normal/arm64/StringUtil.o -o /Users/runner/Library/Developer/Xcode/DerivedData/BookonDebug-ehazsigvxemoqzdtqumqzfgyfpkz/Build/Intermediates.noindex/ArchiveIntermediates/BookonDebug/IntermediateBuildFilesPath/SwiftSoup.build/Release-iphoneos/SwiftSoup.build/Objects-normal/arm64/StructuralEvaluator.o -o /Users/runner/Library/Developer/Xcode/DerivedData/BookonDebug-ehazsigvxemoqzdtqumqzfgyfpkz/Build/Intermediates.noindex/ArchiveIntermediates/BookonDebug/IntermediateBuildFilesPath/SwiftSoup.build/Release-iphoneos/SwiftSoup.build/Objects-normal/arm64/SwiftSoup.o -o /Users/runner/Library/Developer/Xcode/DerivedData/BookonDebug-ehazsigvxemoqzdtqumqzfgyfpkz/Build/Intermediates.noindex/ArchiveIntermediates/BookonDebug/IntermediateBuildFilesPath/SwiftSoup.build/Release-iphoneos/SwiftSoup.build/Objects-normal/arm64/Tag.o -o /Users/runner/Library/Developer/Xcode/DerivedData/BookonDebug-ehazsigvxemoqzdtqumqzfgyfpkz/Build/Intermediates.noindex/ArchiveIntermediates/BookonDebug/IntermediateBuildFilesPath/SwiftSoup.build/Release-iphoneos/SwiftSoup.build/Objects-normal/arm64/TextNode.o -o /Users/runner/Library/Developer/Xcode/DerivedData/BookonDebug-ehazsigvxemoqzdtqumqzfgyfpkz/Build/Intermediates.noindex/ArchiveIntermediates/BookonDebug/IntermediateBuildFilesPath/SwiftSoup.build/Release-iphoneos/SwiftSoup.build/Objects-normal/arm64/Token.o -o /Users/runner/Library/Developer/Xcode/DerivedData/BookonDebug-ehazsigvxemoqzdtqumqzfgyfpkz/Build/Intermediates.noindex/ArchiveIntermediates/BookonDebug/IntermediateBuildFilesPath/SwiftSoup.build/Release-iphoneos/SwiftSoup.build/Objects-normal/arm64/TokenQueue.o -o /Users/runner/Library/Developer/Xcode/DerivedData/BookonDebug-ehazsigvxemoqzdtqumqzfgyfpkz/Build/Intermediates.noindex/ArchiveIntermediates/BookonDebug/IntermediateBuildFilesPath/SwiftSoup.build/Release-iphoneos/SwiftSoup.build/Objects-normal/arm64/Tokeniser.o -o /Users/runner/Library/Developer/Xcode/DerivedData/BookonDebug-ehazsigvxemoqzdtqumqzfgyfpkz/Build/Intermediates.noindex/ArchiveIntermediates/BookonDebug/IntermediateBuildFilesPath/SwiftSoup.build/Release-iphoneos/SwiftSoup.build/Objects-normal/arm64/TokeniserState.o -o /Users/runner/Library/Developer/Xcode/DerivedData/BookonDebug-ehazsigvxemoqzdtqumqzfgyfpkz/Build/Intermediates.noindex/ArchiveIntermediates/BookonDebug/IntermediateBuildFilesPath/SwiftSoup.build/Release-iphoneos/SwiftSoup.build/Objects-normal/arm64/TreeBuilder.o -o /Users/runner/Library/Developer/Xcode/DerivedData/BookonDebug-ehazsigvxemoqzdtqumqzfgyfpkz/Build/Intermediates.noindex/ArchiveIntermediates/BookonDebug/IntermediateBuildFilesPath/SwiftSoup.build/Release-iphoneos/SwiftSoup.build/Objects-normal/arm64/UTF8Arrays.o -o /Users/runner/Library/Developer/Xcode/DerivedData/BookonDebug-ehazsigvxemoqzdtqumqzfgyfpkz/Build/Intermediates.noindex/ArchiveIntermediates/BookonDebug/IntermediateBuildFilesPath/SwiftSoup.build/Release-iphoneos/SwiftSoup.build/Objects-normal/arm64/UnfairLock.o -o /Users/runner/Library/Developer/Xcode/DerivedData/BookonDebug-ehazsigvxemoqzdtqumqzfgyfpkz/Build/Intermediates.noindex/ArchiveIntermediates/BookonDebug/IntermediateBuildFilesPath/SwiftSoup.build/Release-iphoneos/SwiftSoup.build/Objects-normal/arm64/UnicodeScalar.o -o /Users/runner/Library/Developer/Xcode/DerivedData/BookonDebug-ehazsigvxemoqzdtqumqzfgyfpkz/Build/Intermediates.noindex/ArchiveIntermediates/BookonDebug/IntermediateBuildFilesPath/SwiftSoup.build/Release-iphoneos/SwiftSoup.build/Objects-normal/arm64/Validate.o -o /Users/runner/Library/Developer/Xcode/DerivedData/BookonDebug-ehazsigvxemoqzdtqumqzfgyfpkz/Build/Intermediates.noindex/ArchiveIntermediates/BookonDebug/IntermediateBuildFilesPath/SwiftSoup.build/Release-iphoneos/SwiftSoup.build/Objects-normal/arm64/Whitelist.o -o /Users/runner/Library/Developer/Xcode/DerivedData/BookonDebug-ehazsigvxemoqzdtqumqzfgyfpkz/Build/Intermediates.noindex/ArchiveIntermediates/BookonDebug/IntermediateBuildFilesPath/SwiftSoup.build/Release-iphoneos/SwiftSoup.build/Objects-normal/arm64/XmlDeclaration.o -o /Users/runner/Library/Developer/Xcode/DerivedData/BookonDebug-ehazsigvxemoqzdtqumqzfgyfpkz/Build/Intermediates.noindex/ArchiveIntermediates/BookonDebug/IntermediateBuildFilesPath/SwiftSoup.build/Release-iphoneos/SwiftSoup.build/Objects-normal/arm64/XmlTreeBuilder.o -index-unit-output-path /SwiftSoup.build/Release-iphoneos/SwiftSoup.build/Objects-normal/arm64/ArrayExt.o -index-unit-output-path /SwiftSoup.build/Release-iphoneos/SwiftSoup.build/Objects-normal/arm64/Attribute.o -index-unit-output-path /SwiftSoup.build/Release-iphoneos/SwiftSoup.build/Objects-normal/arm64/Attributes.o -index-unit-output-path /SwiftSoup.build/Release-iphoneos/SwiftSoup.build/Objects-normal/arm64/BinarySearch.o -index-unit-output-path /SwiftSoup.build/Release-iphoneos/SwiftSoup.build/Objects-normal/arm64/BooleanAttribute.o -index-unit-output-path /SwiftSoup.build/Release-iphoneos/SwiftSoup.build/Objects-normal/arm64/CharacterExt.o -index-unit-output-path /SwiftSoup.build/Release-iphoneos/SwiftSoup.build/Objects-normal/arm64/CharacterReader.o -index-unit-output-path /SwiftSoup.build/Release-iphoneos/SwiftSoup.build/Objects-normal/arm64/Cleaner.o -index-unit-output-path /SwiftSoup.build/Release-iphoneos/SwiftSoup.build/Objects-normal/arm64/Collector.o -index-unit-output-path /SwiftSoup.build/Release-iphoneos/SwiftSoup.build/Objects-normal/arm64/CombiningEvaluator.o -index-unit-output-path /SwiftSoup.build/Release-iphoneos/SwiftSoup.build/Objects-normal/arm64/Comment.o -index-unit-output-path /SwiftSoup.build/Release-iphoneos/SwiftSoup.build/Objects-normal/arm64/Connection.o -index-unit-output-path /SwiftSoup.build/Release-iphoneos/SwiftSoup.build/Objects-normal/arm64/CssSelector.o -index-unit-output-path /SwiftSoup.build/Release-iphoneos/SwiftSoup.build/Objects-normal/arm64/DataNode.o -index-unit-output-path /SwiftSoup.build/Release-iphoneos/SwiftSoup.build/Objects-normal/arm64/DataUtil.o -index-unit-output-path /SwiftSoup.build/Release-iphoneos/SwiftSoup.build/Objects-normal/arm64/Document.o -index-unit-output-path /SwiftSoup.build/Release-iphoneos/SwiftSoup.build/Objects-normal/arm64/DocumentType.o -index-unit-output-path /SwiftSoup.build/Release-iphoneos/SwiftSoup.build/Objects-normal/arm64/Element.o -index-unit-output-path /SwiftSoup.build/Release-iphoneos/SwiftSoup.build/Objects-normal/arm64/Elements.o -index-unit-output-path /SwiftSoup.build/Release-iphoneos/SwiftSoup.build/Objects-normal/arm64/Entities.o -index-unit-output-path /SwiftSoup.build/Release-iphoneos/SwiftSoup.build/Objects-normal/arm64/Evaluator.o -index-unit-output-path /SwiftSoup.build/Release-iphoneos/SwiftSoup.build/Objects-normal/arm64/Exception.o -index-unit-output-path /SwiftSoup.build/Release-iphoneos/SwiftSoup.build/Objects-normal/arm64/FormElement.o -index-unit-output-path /SwiftSoup.build/Release-iphoneos/SwiftSoup.build/Objects-normal/arm64/HtmlTreeBuilder.o -index-unit-output-path /SwiftSoup.build/Release-iphoneos/SwiftSoup.build/Objects-normal/arm64/HtmlTreeBuilderState.o -index-unit-output-path /SwiftSoup.build/Release-iphoneos/SwiftSoup.build/Objects-normal/arm64/HttpStatusException.o -index-unit-output-path /SwiftSoup.build/Release-iphoneos/SwiftSoup.build/Objects-normal/arm64/Mutex.o -index-unit-output-path /SwiftSoup.build/Release-iphoneos/SwiftSoup.build/Objects-normal/arm64/Node.o -index-unit-output-path /SwiftSoup.build/Release-iphoneos/SwiftSoup.build/Objects-normal/arm64/NodeTraversor.o -index-unit-output-path /SwiftSoup.build/Release-iphoneos/SwiftSoup.build/Objects-normal/arm64/NodeVisitor.o -index-unit-output-path /SwiftSoup.build/Release-iphoneos/SwiftSoup.build/Objects-normal/arm64/OrderedSet.o -index-unit-output-path /SwiftSoup.build/Release-iphoneos/SwiftSoup.build/Objects-normal/arm64/ParseError.o -index-unit-output-path /SwiftSoup.build/Release-iphoneos/SwiftSoup.build/Objects-normal/arm64/ParseErrorList.o -index-unit-output-path /SwiftSoup.build/Release-iphoneos/SwiftSoup.build/Objects-normal/arm64/ParseSettings.o -index-unit-output-path /SwiftSoup.build/Release-iphoneos/SwiftSoup.build/Objects-normal/arm64/Parser.o -index-unit-output-path /SwiftSoup.build/Release-iphoneos/SwiftSoup.build/Objects-normal/arm64/ParsingStrings.o -index-unit-output-path /SwiftSoup.build/Release-iphoneos/SwiftSoup.build/Objects-normal/arm64/Pattern.o -index-unit-output-path /SwiftSoup.build/Release-iphoneos/SwiftSoup.build/Objects-normal/arm64/QueryParser.o -index-unit-output-path /SwiftSoup.build/Release-iphoneos/SwiftSoup.build/Objects-normal/arm64/SerializationException.o -index-unit-output-path /SwiftSoup.build/Release-iphoneos/SwiftSoup.build/Objects-normal/arm64/SimpleDictionary.o -index-unit-output-path /SwiftSoup.build/Release-iphoneos/SwiftSoup.build/Objects-normal/arm64/StreamReader.o -index-unit-output-path /SwiftSoup.build/Release-iphoneos/SwiftSoup.build/Objects-normal/arm64/String.o -index-unit-output-path /SwiftSoup.build/Release-iphoneos/SwiftSoup.build/Objects-normal/arm64/StringBuilder.o -index-unit-output-path /SwiftSoup.build/Release-iphoneos/SwiftSoup.build/Objects-normal/arm64/StringUtil.o -index-unit-output-path /SwiftSoup.build/Release-iphoneos/SwiftSoup.build/Objects-normal/arm64/StructuralEvaluator.o -index-unit-output-path /SwiftSoup.build/Release-iphoneos/SwiftSoup.build/Objects-normal/arm64/SwiftSoup.o -index-unit-output-path /SwiftSoup.build/Release-iphoneos/SwiftSoup.build/Objects-normal/arm64/Tag.o -index-unit-output-path /SwiftSoup.build/Release-iphoneos/SwiftSoup.build/Objects-normal/arm64/TextNode.o -index-unit-output-path /SwiftSoup.build/Release-iphoneos/SwiftSoup.build/Objects-normal/arm64/Token.o -index-unit-output-path /SwiftSoup.build/Release-iphoneos/SwiftSoup.build/Objects-normal/arm64/TokenQueue.o -index-unit-output-path /SwiftSoup.build/Release-iphoneos/SwiftSoup.build/Objects-normal/arm64/Tokeniser.o -index-unit-output-path /SwiftSoup.build/Release-iphoneos/SwiftSoup.build/Objects-normal/arm64/TokeniserState.o -index-unit-output-path /SwiftSoup.build/Release-iphoneos/SwiftSoup.build/Objects-normal/arm64/TreeBuilder.o -index-unit-output-path /SwiftSoup.build/Release-iphoneos/SwiftSoup.build/Objects-normal/arm64/UTF8Arrays.o -index-unit-output-path /SwiftSoup.build/Release-iphoneos/SwiftSoup.build/Objects-normal/arm64/UnfairLock.o -index-unit-output-path /SwiftSoup.build/Release-iphoneos/SwiftSoup.build/Objects-normal/arm64/UnicodeScalar.o -index-unit-output-path /SwiftSoup.build/Release-iphoneos/SwiftSoup.build/Objects-normal/arm64/Validate.o -index-unit-output-path /SwiftSoup.build/Release-iphoneos/SwiftSoup.build/Objects-normal/arm64/Whitelist.o -index-unit-output-path /SwiftSoup.build/Release-iphoneos/SwiftSoup.build/Objects-normal/arm64/XmlDeclaration.o -index-unit-output-path /SwiftSoup.build/Release-iphoneos/SwiftSoup.build/Objects-normal/arm64/XmlTreeBuilder.o
2026-10-06T13:41:50.4791750Z 
2026-10-06T13:41:50.4902950Z SwiftDriverJobDiscovery normal arm64 Compiling ArrayExt.swift, Attribute.swift, Attributes.swift, BinarySearch.swift, BooleanAttribute.swift, CharacterExt.swift, CharacterReader.swift, Cleaner.swift, Collector.swift, CombiningEvaluator.swift, Comment.swift, Connection.swift, CssSelector.swift, DataNode.swift, DataUtil.swift, Document.swift, DocumentType.swift, Element.swift, Elements.swift, Entities.swift, Evaluator.swift, Exception.swift, FormElement.swift, HtmlTreeBuilder.swift, HtmlTreeBuilderState.swift, HttpStatusException.swift, Mutex.swift, Node.swift, NodeTraversor.swift, NodeVisitor.swift, OrderedSet.swift, ParseError.swift, ParseErrorList.swift, ParseSettings.swift, Parser.swift, ParsingStrings.swift, Pattern.swift, QueryParser.swift, SerializationException.swift, SimpleDictionary.swift, StreamReader.swift, String.swift, StringBuilder.swift, StringUtil.swift, StructuralEvaluator.swift, SwiftSoup.swift, Tag.swift, TextNode.swift, Token.swift, TokenQueue.swift, Tokeniser.swift, TokeniserState.swift, TreeBuilder.swift, UTF8Arrays.swift, UnfairLock.swift, UnicodeScalar.swift, Validate.swift, Whitelist.swift, XmlDeclaration.swift, XmlTreeBuilder.swift (in target 'SwiftSoup' from project 'SwiftSoup')
2026-10-06T13:41:50.4987540Z 
2026-10-06T13:41:50.4992090Z SwiftDriver\ Compilation\ Requirements SwiftSoup normal arm64 com.apple.xcode.tools.swift.compiler (in target 'SwiftSoup' from project 'SwiftSoup')
2026-10-06T13:41:50.4995670Z     cd /Users/runner/Library/Developer/Xcode/DerivedData/BookonDebug-ehazsigvxemoqzdtqumqzfgyfpkz/SourcePackages/checkouts/SwiftSoup
2026-10-06T13:41:50.5038150Z     builtin-Swift-Compilation-Requirements -- /Applications/Xcode_15.4.app/Contents/Developer/Toolchains/XcodeDefault.xctoolchain/usr/bin/swiftc -module-name SwiftSoup -O -whole-module-optimization -enforce-exclusivity\=checked @/Users/runner/Library/Developer/Xcode/DerivedData/BookonDebug-ehazsigvxemoqzdtqumqzfgyfpkz/Build/Intermediates.noindex/ArchiveIntermediates/BookonDebug/IntermediateBuildFilesPath/SwiftSoup.build/Release-iphoneos/SwiftSoup.build/Objects-normal/arm64/SwiftSoup.SwiftFileList -DSWIFT_PACKAGE -DXcode -sdk /Applications/Xcode_15.4.app/Contents/Developer/Platforms/iPhoneOS.platform/Developer/SDKs/iPhoneOS17.5.sdk -target arm64-apple-ios13.0 -g -module-cache-path /Users/runner/Library/Developer/Xcode/DerivedData/ModuleCache.noindex -Xfrontend -serialize-debugging-options -suppress-warnings -swift-version 5 -I /Users/runner/Library/Developer/Xcode/DerivedData/BookonDebug-ehazsigvxemoqzdtqumqzfgyfpkz/Build/Intermediates.noindex/ArchiveIntermediates/BookonDebug/BuildProductsPath/Release-iphoneos -I /Applications/Xcode_15.4.app/Contents/Developer/Platforms/iPhoneOS.platform/Developer/usr/lib -F /Users/runner/Library/Developer/Xcode/DerivedData/BookonDebug-ehazsigvxemoqzdtqumqzfgyfpkz/Build/Intermediates.noindex/ArchiveIntermediates/BookonDebug/BuildProductsPath/Release-iphoneos -F /Applications/Xcode_15.4.app/Contents/Developer/Platforms/iPhoneOS.platform/Developer/Library/Frameworks -F /Applications/Xcode_15.4.app/Contents/Developer/Platforms/iPhoneOS.platform/Developer/SDKs/iPhoneOS17.5.sdk/Developer/Library/Frameworks -c -num-threads 3 -Xcc -ivfsstatcache -Xcc /Users/runner/Library/Developer/Xcode/DerivedData/SDKStatCaches.noindex/iphoneos17.5-21F77-f0fa7969d082b13145125136a829df3a.sdkstatcache -output-file-map /Users/runner/Library/Developer/Xcode/DerivedData/BookonDebug-ehazsigvxemoqzdtqumqzfgyfpkz/Build/Intermediates.noindex/ArchiveIntermediates/BookonDebug/IntermediateBuildFilesPath/SwiftSoup.build/Release-iphoneos/SwiftSoup.build/Objects-normal/arm64/SwiftSoup-OutputFileMap.json -use-frontend-parseable-output -save-temps -no-color-diagnostics -serialize-diagnostics -emit-dependencies -emit-module -emit-module-path /Users/runner/Library/Developer/Xcode/DerivedData/BookonDebug-ehazsigvxemoqzdtqumqzfgyfpkz/Build/Intermediates.noindex/ArchiveIntermediates/BookonDebug/IntermediateBuildFilesPath/SwiftSoup.build/Release-iphoneos/SwiftSoup.build/Objects-normal/arm64/SwiftSoup.swiftmodule -validate-clang-modules-once -clang-build-session-file /Users/runner/Library/Developer/Xcode/DerivedData/ModuleCache.noindex/Session.modulevalidation -Xfrontend -package-name -Xfrontend swiftsoup -Xcc -I/Users/runner/Library/Developer/Xcode/DerivedData/BookonDebug-ehazsigvxemoqzdtqumqzfgyfpkz/Build/Intermediates.noindex/ArchiveIntermediates/BookonDebug/IntermediateBuildFilesPath/SwiftSoup.build/Release-iphoneos/SwiftSoup.build/swift-overrides.hmap -emit-const-values -Xfrontend -const-gather-protocols-file -Xfrontend /Users/runner/Library/Developer/Xcode/DerivedData/BookonDebug-ehazsigvxemoqzdtqumqzfgyfpkz/Build/Intermediates.noindex/ArchiveIntermediates/BookonDebug/IntermediateBuildFilesPath/SwiftSoup.build/Release-iphoneos/SwiftSoup.build/Objects-normal/arm64/SwiftSoup_const_extract_protocols.json -Xcc -I/Users/runner/Library/Developer/Xcode/DerivedData/BookonDebug-ehazsigvxemoqzdtqumqzfgyfpkz/Build/Intermediates.noindex/ArchiveIntermediates/BookonDebug/BuildProductsPath/Release-iphoneos/include -Xcc -I/Users/runner/Library/Developer/Xcode/DerivedData/BookonDebug-ehazsigvxemoqzdtqumqzfgyfpkz/Build/Intermediates.noindex/ArchiveIntermediates/BookonDebug/IntermediateBuildFilesPath/SwiftSoup.build/Release-iphoneos/SwiftSoup.build/DerivedSources-normal/arm64 -Xcc -I/Users/runner/Library/Developer/Xcode/DerivedData/BookonDebug-ehazsigvxemoqzdtqumqzfgyfpkz/Build/Intermediates.noindex/ArchiveIntermediates/BookonDebug/IntermediateBuildFilesPath/SwiftSoup.build/Release-iphoneos/SwiftSoup.build/DerivedSources/arm64 -Xcc -I/Users/runner/Library/Developer/Xcode/DerivedData/BookonDebug-ehazsigvxemoqzdtqumqzfgyfpkz/Build/Intermediates.noindex/ArchiveIntermediates/BookonDebug/IntermediateBuildFilesPath/SwiftSoup.build/Release-iphoneos/SwiftSoup.build/DerivedSources -Xcc -DSWIFT_PACKAGE -emit-objc-header -emit-objc-header-path /Users/runner/Library/Developer/Xcode/DerivedData/BookonDebug-ehazsigvxemoqzdtqumqzfgyfpkz/Build/Intermediates.noindex/ArchiveIntermediates/BookonDebug/IntermediateBuildFilesPath/SwiftSoup.build/Release-iphoneos/SwiftSoup.build/Objects-normal/arm64/SwiftSoup-Swift.h -working-directory /Users/runner/Library/Developer/Xcode/DerivedData/BookonDebug-ehazsigvxemoqzdtqumqzfgyfpkz/SourcePackages/checkouts/SwiftSoup -no-emit-module-separately-wmo
2026-10-06T13:41:50.5445630Z 
2026-10-06T13:41:50.5553360Z SwiftMergeGeneratedHeaders /Users/runner/Library/Developer/Xcode/DerivedData/BookonDebug-ehazsigvxemoqzdtqumqzfgyfpkz/Build/Intermediates.noindex/ArchiveIntermediates/BookonDebug/IntermediateBuildFilesPath/GeneratedModuleMaps-iphoneos/SwiftSoup-Swift.h /Users/runner/Library/Developer/Xcode/DerivedData/BookonDebug-ehazsigvxemoqzdtqumqzfgyfpkz/Build/Intermediates.noindex/ArchiveIntermediates/BookonDebug/IntermediateBuildFilesPath/SwiftSoup.build/Release-iphoneos/SwiftSoup.build/Objects-normal/arm64/SwiftSoup-Swift.h (in target 'SwiftSoup' from project 'SwiftSoup')
2026-10-06T13:41:50.5666710Z     cd /Users/runner/Library/Developer/Xcode/DerivedData/BookonDebug-ehazsigvxemoqzdtqumqzfgyfpkz/SourcePackages/checkouts/SwiftSoup
2026-10-06T13:41:50.5711130Z     builtin-swiftHeaderTool -arch arm64 /Users/runner/Library/Developer/Xcode/DerivedData/BookonDebug-ehazsigvxemoqzdtqumqzfgyfpkz/Build/Intermediates.noindex/ArchiveIntermediates/BookonDebug/IntermediateBuildFilesPath/SwiftSoup.build/Release-iphoneos/SwiftSoup.build/Objects-normal/arm64/SwiftSoup-Swift.h -o /Users/runner/Library/Developer/Xcode/DerivedData/BookonDebug-ehazsigvxemoqzdtqumqzfgyfpkz/Build/Intermediates.noindex/ArchiveIntermediates/BookonDebug/IntermediateBuildFilesPath/GeneratedModuleMaps-iphoneos/SwiftSoup-Swift.h
2026-10-06T13:41:50.5716370Z 
2026-10-06T13:41:50.5722240Z Copy /Users/runner/Library/Developer/Xcode/DerivedData/BookonDebug-ehazsigvxemoqzdtqumqzfgyfpkz/Build/Intermediates.noindex/ArchiveIntermediates/BookonDebug/BuildProductsPath/Release-iphoneos/SwiftSoup.swiftmodule/arm64-apple-ios.swiftmodule /Users/runner/Library/Developer/Xcode/DerivedData/BookonDebug-ehazsigvxemoqzdtqumqzfgyfpkz/Build/Intermediates.noindex/ArchiveIntermediates/BookonDebug/IntermediateBuildFilesPath/SwiftSoup.build/Release-iphoneos/SwiftSoup.build/Objects-normal/arm64/SwiftSoup.swiftmodule (in target 'SwiftSoup' from project 'SwiftSoup')
2026-10-06T13:41:50.5727110Z     cd /Users/runner/Library/Developer/Xcode/DerivedData/BookonDebug-ehazsigvxemoqzdtqumqzfgyfpkz/SourcePackages/checkouts/SwiftSoup
2026-10-06T13:41:50.5737220Z     builtin-copy -exclude .DS_Store -exclude CVS -exclude .svn -exclude .git -exclude .hg -strip-unsigned-binaries -strip-deterministic -strip-tool /Applications/Xcode_15.4.app/Contents/Developer/Toolchains/XcodeDefault.xctoolchain/usr/bin/strip -resolve-src-symlinks -rename /Users/runner/Library/Developer/Xcode/DerivedData/BookonDebug-ehazsigvxemoqzdtqumqzfgyfpkz/Build/Intermediates.noindex/ArchiveIntermediates/BookonDebug/IntermediateBuildFilesPath/SwiftSoup.build/Release-iphoneos/SwiftSoup.build/Objects-normal/arm64/SwiftSoup.swiftmodule /Users/runner/Library/Developer/Xcode/DerivedData/BookonDebug-ehazsigvxemoqzdtqumqzfgyfpkz/Build/Intermediates.noindex/ArchiveIntermediates/BookonDebug/BuildProductsPath/Release-iphoneos/SwiftSoup.swiftmodule/arm64-apple-ios.swiftmodule
2026-10-06T13:41:50.5768210Z 
2026-10-06T13:41:50.5770200Z Copy /Users/runner/Library/Developer/Xcode/DerivedData/BookonDebug-ehazsigvxemoqzdtqumqzfgyfpkz/Build/Intermediates.noindex/ArchiveIntermediates/BookonDebug/BuildProductsPath/Release-iphoneos/SwiftSoup.swiftmodule/arm64-apple-ios.swiftdoc /Users/runner/Library/Developer/Xcode/DerivedData/BookonDebug-ehazsigvxemoqzdtqumqzfgyfpkz/Build/Intermediates.noindex/ArchiveIntermediates/BookonDebug/IntermediateBuildFilesPath/SwiftSoup.build/Release-iphoneos/SwiftSoup.build/Objects-normal/arm64/SwiftSoup.swiftdoc (in target 'SwiftSoup' from project 'SwiftSoup')
2026-10-06T13:41:50.5772430Z     cd /Users/runner/Library/Developer/Xcode/DerivedData/BookonDebug-ehazsigvxemoqzdtqumqzfgyfpkz/SourcePackages/checkouts/SwiftSoup
2026-10-06T13:41:50.5775210Z     builtin-copy -exclude .DS_Store -exclude CVS -exclude .svn -exclude .git -exclude .hg -strip-unsigned-binaries -strip-deterministic -strip-tool /Applications/Xcode_15.4.app/Contents/Developer/Toolchains/XcodeDefault.xctoolchain/usr/bin/strip -resolve-src-symlinks -rename /Users/runner/Library/Developer/Xcode/DerivedData/BookonDebug-ehazsigvxemoqzdtqumqzfgyfpkz/Build/Intermediates.noindex/ArchiveIntermediates/BookonDebug/IntermediateBuildFilesPath/SwiftSoup.build/Release-iphoneos/SwiftSoup.build/Objects-normal/arm64/SwiftSoup.swiftdoc /Users/runner/Library/Developer/Xcode/DerivedData/BookonDebug-ehazsigvxemoqzdtqumqzfgyfpkz/Build/Intermediates.noindex/ArchiveIntermediates/BookonDebug/BuildProductsPath/Release-iphoneos/SwiftSoup.swiftmodule/arm64-apple-ios.swiftdoc
2026-10-06T13:41:50.5777860Z 
2026-10-06T13:41:50.5779790Z Copy /Users/runner/Library/Developer/Xcode/DerivedData/BookonDebug-ehazsigvxemoqzdtqumqzfgyfpkz/Build/Intermediates.noindex/ArchiveIntermediates/BookonDebug/BuildProductsPath/Release-iphoneos/SwiftSoup.swiftmodule/arm64-apple-ios.abi.json /Users/runner/Library/Developer/Xcode/DerivedData/BookonDebug-ehazsigvxemoqzdtqumqzfgyfpkz/Build/Intermediates.noindex/ArchiveIntermediates/BookonDebug/IntermediateBuildFilesPath/SwiftSoup.build/Release-iphoneos/SwiftSoup.build/Objects-normal/arm64/SwiftSoup.abi.json (in target 'SwiftSoup' from project 'SwiftSoup')
2026-10-06T13:41:50.5788150Z     cd /Users/runner/Library/Developer/Xcode/DerivedData/BookonDebug-ehazsigvxemoqzdtqumqzfgyfpkz/SourcePackages/checkouts/SwiftSoup
2026-10-06T13:41:50.5814770Z     builtin-copy -exclude .DS_Store -exclude CVS -exclude .svn -exclude .git -exclude .hg -strip-unsigned-binaries -strip-deterministic -strip-tool /Applications/Xcode_15.4.app/Contents/Developer/Toolchains/XcodeDefault.xctoolchain/usr/bin/strip -resolve-src-symlinks -rename /Users/runner/Library/Developer/Xcode/DerivedData/BookonDebug-ehazsigvxemoqzdtqumqzfgyfpkz/Build/Intermediates.noindex/ArchiveIntermediates/BookonDebug/IntermediateBuildFilesPath/SwiftSoup.build/Release-iphoneos/SwiftSoup.build/Objects-normal/arm64/SwiftSoup.abi.json /Users/runner/Library/Developer/Xcode/DerivedData/BookonDebug-ehazsigvxemoqzdtqumqzfgyfpkz/Build/Intermediates.noindex/ArchiveIntermediates/BookonDebug/BuildProductsPath/Release-iphoneos/SwiftSoup.swiftmodule/arm64-apple-ios.abi.json
2026-10-06T13:41:50.5829510Z 
2026-10-06T13:41:50.5831090Z Ld /Users/runner/Library/Developer/Xcode/DerivedData/BookonDebug-ehazsigvxemoqzdtqumqzfgyfpkz/Build/Intermediates.noindex/ArchiveIntermediates/BookonDebug/IntermediateBuildFilesPath/UninstalledProducts/iphoneos/SwiftSoup.o normal (in target 'SwiftSoup' from project 'SwiftSoup')
2026-10-06T13:41:50.5838410Z     cd /Users/runner/Library/Developer/Xcode/DerivedData/BookonDebug-ehazsigvxemoqzdtqumqzfgyfpkz/SourcePackages/checkouts/SwiftSoup
2026-10-06T13:41:50.5873900Z     /Applications/Xcode_15.4.app/Contents/Developer/Toolchains/XcodeDefault.xctoolchain/usr/bin/clang -Xlinker -reproducible -target arm64-apple-ios13.0 -r -isysroot /Applications/Xcode_15.4.app/Contents/Developer/Platforms/iPhoneOS.platform/Developer/SDKs/iPhoneOS17.5.sdk -Os -w -L/Users/runner/Library/Developer/Xcode/DerivedData/BookonDebug-ehazsigvxemoqzdtqumqzfgyfpkz/Build/Intermediates.noindex/ArchiveIntermediates/BookonDebug/IntermediateBuildFilesPath/EagerLinkingTBDs/Release-iphoneos -L/Users/runner/Library/Developer/Xcode/DerivedData/BookonDebug-ehazsigvxemoqzdtqumqzfgyfpkz/Build/Intermediates.noindex/ArchiveIntermediates/BookonDebug/BuildProductsPath/Release-iphoneos -L/Applications/Xcode_15.4.app/Contents/Developer/Platforms/iPhoneOS.platform/Developer/usr/lib -F/Users/runner/Library/Developer/Xcode/DerivedData/BookonDebug-ehazsigvxemoqzdtqumqzfgyfpkz/Build/Intermediates.noindex/ArchiveIntermediates/BookonDebug/IntermediateBuildFilesPath/EagerLinkingTBDs/Release-iphoneos -F/Users/runner/Library/Developer/Xcode/DerivedData/BookonDebug-ehazsigvxemoqzdtqumqzfgyfpkz/Build/Intermediates.noindex/ArchiveIntermediates/BookonDebug/BuildProductsPath/Release-iphoneos -iframework /Applications/Xcode_15.4.app/Contents/Developer/Platforms/iPhoneOS.platform/Developer/Library/Frameworks -iframework /Applications/Xcode_15.4.app/Contents/Developer/Platforms/iPhoneOS.platform/Developer/SDKs/iPhoneOS17.5.sdk/Developer/Library/Frameworks -filelist /Users/runner/Library/Developer/Xcode/DerivedData/BookonDebug-ehazsigvxemoqzdtqumqzfgyfpkz/Build/Intermediates.noindex/ArchiveIntermediates/BookonDebug/IntermediateBuildFilesPath/SwiftSoup.build/Release-iphoneos/SwiftSoup.build/Objects-normal/arm64/SwiftSoup.LinkFileList -nostdlib -Xlinker -object_path_lto -Xlinker /Users/runner/Library/Developer/Xcode/DerivedData/BookonDebug-ehazsigvxemoqzdtqumqzfgyfpkz/Build/Intermediates.noindex/ArchiveIntermediates/BookonDebug/IntermediateBuildFilesPath/SwiftSoup.build/Release-iphoneos/SwiftSoup.build/Objects-normal/arm64/SwiftSoup_lto.o -fobjc-link-runtime -L/Applications/Xcode_15.4.app/Contents/Developer/Toolchains/XcodeDefault.xctoolchain/usr/lib/swift/iphoneos -L/usr/lib/swift -Xlinker -add_ast_path -Xlinker /Users/runner/Library/Developer/Xcode/DerivedData/BookonDebug-ehazsigvxemoqzdtqumqzfgyfpkz/Build/Intermediates.noindex/ArchiveIntermediates/BookonDebug/IntermediateBuildFilesPath/SwiftSoup.build/Release-iphoneos/SwiftSoup.build/Objects-normal/arm64/SwiftSoup.swiftmodule -Xlinker -dependency_info -Xlinker /Users/runner/Library/Developer/Xcode/DerivedData/BookonDebug-ehazsigvxemoqzdtqumqzfgyfpkz/Build/Intermediates.noindex/ArchiveIntermediates/BookonDebug/IntermediateBuildFilesPath/SwiftSoup.build/Release-iphoneos/SwiftSoup.build/Objects-normal/arm64/SwiftSoup_dependency_info.dat -o /Users/runner/Library/Developer/Xcode/DerivedData/BookonDebug-ehazsigvxemoqzdtqumqzfgyfpkz/Build/Intermediates.noindex/ArchiveIntermediates/BookonDebug/IntermediateBuildFilesPath/UninstalledProducts/iphoneos/SwiftSoup.o
2026-10-06T13:41:50.7775510Z 
2026-10-06T13:41:50.7789390Z WriteAuxiliaryFile /Users/runner/Library/Developer/Xcode/DerivedData/BookonDebug-ehazsigvxemoqzdtqumqzfgyfpkz/Build/Intermediates.noindex/ArchiveIntermediates/BookonDebug/IntermediateBuildFilesPath/LegadoBookSource.build/Release-iphoneos/LegadoBookSource.build/LegadoBookSource.modulemap (in target 'LegadoBookSource' from project 'LegadoBookSource')
2026-10-06T13:41:50.7794290Z     cd /Users/runner/work/bookon/bookon
2026-10-06T13:41:50.7796160Z     write-file /Users/runner/Library/Developer/Xcode/DerivedData/BookonDebug-ehazsigvxemoqzdtqumqzfgyfpkz/Build/Intermediates.noindex/ArchiveIntermediates/BookonDebug/IntermediateBuildFilesPath/LegadoBookSource.build/Release-iphoneos/LegadoBookSource.build/LegadoBookSource.modulemap
2026-10-06T13:41:50.7797510Z 
2026-10-06T13:41:50.7799290Z Copy /Users/runner/Library/Developer/Xcode/DerivedData/BookonDebug-ehazsigvxemoqzdtqumqzfgyfpkz/Build/Intermediates.noindex/ArchiveIntermediates/BookonDebug/IntermediateBuildFilesPath/GeneratedModuleMaps-iphoneos/LegadoBookSource.modulemap /Users/runner/Library/Developer/Xcode/DerivedData/BookonDebug-ehazsigvxemoqzdtqumqzfgyfpkz/Build/Intermediates.noindex/ArchiveIntermediates/BookonDebug/IntermediateBuildFilesPath/LegadoBookSource.build/Release-iphoneos/LegadoBookSource.build/LegadoBookSource.modulemap (in target 'LegadoBookSource' from project 'LegadoBookSource')
2026-10-06T13:41:50.7803860Z     cd /Users/runner/work/bookon/bookon
2026-10-06T13:41:50.7812390Z     builtin-copy -exclude .DS_Store -exclude CVS -exclude .svn -exclude .git -exclude .hg -strip-unsigned-binaries -strip-deterministic -strip-tool /Applications/Xcode_15.4.app/Contents/Developer/Toolchains/XcodeDefault.xctoolchain/usr/bin/strip -resolve-src-symlinks /Users/runner/Library/Developer/Xcode/DerivedData/BookonDebug-ehazsigvxemoqzdtqumqzfgyfpkz/Build/Intermediates.noindex/ArchiveIntermediates/BookonDebug/IntermediateBuildFilesPath/LegadoBookSource.build/Release-iphoneos/LegadoBookSource.build/LegadoBookSource.modulemap /Users/runner/Library/Developer/Xcode/DerivedData/BookonDebug-ehazsigvxemoqzdtqumqzfgyfpkz/Build/Intermediates.noindex/ArchiveIntermediates/BookonDebug/IntermediateBuildFilesPath/GeneratedModuleMaps-iphoneos
2026-10-06T13:41:50.7819210Z 
2026-10-06T13:41:50.7823640Z WriteAuxiliaryFile /Users/runner/Library/Developer/Xcode/DerivedData/BookonDebug-ehazsigvxemoqzdtqumqzfgyfpkz/Build/Intermediates.noindex/ArchiveIntermediates/BookonDebug/IntermediateBuildFilesPath/LegadoBookSource.build/Release-iphoneos/LegadoBookSource.build/Objects-normal/arm64/LegadoBookSource.SwiftFileList (in target 'LegadoBookSource' from project 'LegadoBookSource')
2026-10-06T13:41:50.7834910Z     cd /Users/runner/work/bookon/bookon
2026-10-06T13:41:50.7836090Z     write-file /Users/runner/Library/Developer/Xcode/DerivedData/BookonDebug-ehazsigvxemoqzdtqumqzfgyfpkz/Build/Intermediates.noindex/ArchiveIntermediates/BookonDebug/IntermediateBuildFilesPath/LegadoBookSource.build/Release-iphoneos/LegadoBookSource.build/Objects-normal/arm64/LegadoBookSource.SwiftFileList
2026-10-06T13:41:50.7837670Z 
2026-10-06T13:41:50.7839370Z WriteAuxiliaryFile /Users/runner/Library/Developer/Xcode/DerivedData/BookonDebug-ehazsigvxemoqzdtqumqzfgyfpkz/Build/Intermediates.noindex/ArchiveIntermediates/BookonDebug/IntermediateBuildFilesPath/LegadoBookSource.build/Release-iphoneos/LegadoBookSource.build/Objects-normal/arm64/LegadoBookSource_const_extract_protocols.json (in target 'LegadoBookSource' from project 'LegadoBookSource')
2026-10-06T13:41:50.7840980Z     cd /Users/runner/work/bookon/bookon
2026-10-06T13:41:50.7842210Z     write-file /Users/runner/Library/Developer/Xcode/DerivedData/BookonDebug-ehazsigvxemoqzdtqumqzfgyfpkz/Build/Intermediates.noindex/ArchiveIntermediates/BookonDebug/IntermediateBuildFilesPath/LegadoBookSource.build/Release-iphoneos/LegadoBookSource.build/Objects-normal/arm64/LegadoBookSource_const_extract_protocols.json
2026-10-06T13:41:50.7843300Z 
2026-10-06T13:41:50.7844590Z WriteAuxiliaryFile /Users/runner/Library/Developer/Xcode/DerivedData/BookonDebug-ehazsigvxemoqzdtqumqzfgyfpkz/Build/Intermediates.noindex/ArchiveIntermediates/BookonDebug/IntermediateBuildFilesPath/LegadoBookSource.build/Release-iphoneos/LegadoBookSource.build/Objects-normal/arm64/LegadoBookSource-OutputFileMap.json (in target 'LegadoBookSource' from project 'LegadoBookSource')
2026-10-06T13:41:50.7846000Z     cd /Users/runner/work/bookon/bookon
2026-10-06T13:41:50.7847190Z     write-file /Users/runner/Library/Developer/Xcode/DerivedData/BookonDebug-ehazsigvxemoqzdtqumqzfgyfpkz/Build/Intermediates.noindex/ArchiveIntermediates/BookonDebug/IntermediateBuildFilesPath/LegadoBookSource.build/Release-iphoneos/LegadoBookSource.build/Objects-normal/arm64/LegadoBookSource-OutputFileMap.json
2026-10-06T13:41:50.7848230Z 
2026-10-06T13:41:50.7849620Z WriteAuxiliaryFile /Users/runner/Library/Developer/Xcode/DerivedData/BookonDebug-ehazsigvxemoqzdtqumqzfgyfpkz/Build/Intermediates.noindex/ArchiveIntermediates/BookonDebug/IntermediateBuildFilesPath/LegadoBookSource.build/Release-iphoneos/LegadoBookSource.build/DerivedSources/resource_bundle_accessor.swift (in target 'LegadoBookSource' from project 'LegadoBookSource')
2026-10-06T13:41:50.7851790Z     cd /Users/runner/work/bookon/bookon
2026-10-06T13:41:50.7853390Z     write-file /Users/runner/Library/Developer/Xcode/DerivedData/BookonDebug-ehazsigvxemoqzdtqumqzfgyfpkz/Build/Intermediates.noindex/ArchiveIntermediates/BookonDebug/IntermediateBuildFilesPath/LegadoBookSource.build/Release-iphoneos/LegadoBookSource.build/DerivedSources/resource_bundle_accessor.swift
2026-10-06T13:41:50.7854460Z 
2026-10-06T13:41:50.7854890Z SwiftDriver LegadoBookSource normal arm64 com.apple.xcode.tools.swift.compiler (in target 'LegadoBookSource' from project 'LegadoBookSource')
2026-10-06T13:41:50.7855480Z     cd /Users/runner/work/bookon/bookon
2026-10-06T13:41:50.7899330Z     builtin-SwiftDriver -- /Applications/Xcode_15.4.app/Contents/Developer/Toolchains/XcodeDefault.xctoolchain/usr/bin/swiftc -module-name LegadoBookSource -O -whole-module-optimization -enforce-exclusivity\=checked @/Users/runner/Library/Developer/Xcode/DerivedData/BookonDebug-ehazsigvxemoqzdtqumqzfgyfpkz/Build/Intermediates.noindex/ArchiveIntermediates/BookonDebug/IntermediateBuildFilesPath/LegadoBookSource.build/Release-iphoneos/LegadoBookSource.build/Objects-normal/arm64/LegadoBookSource.SwiftFileList -DSWIFT_PACKAGE -DXcode -sdk /Applications/Xcode_15.4.app/Contents/Developer/Platforms/iPhoneOS.platform/Developer/SDKs/iPhoneOS17.5.sdk -target arm64-apple-ios17.0 -g -module-cache-path /Users/runner/Library/Developer/Xcode/DerivedData/ModuleCache.noindex -Xfrontend -serialize-debugging-options -swift-version 5 -I /Users/runner/Library/Developer/Xcode/DerivedData/BookonDebug-ehazsigvxemoqzdtqumqzfgyfpkz/Build/Intermediates.noindex/ArchiveIntermediates/BookonDebug/BuildProductsPath/Release-iphoneos -I /Applications/Xcode_15.4.app/Contents/Developer/Platforms/iPhoneOS.platform/Developer/usr/lib -F /Users/runner/Library/Developer/Xcode/DerivedData/BookonDebug-ehazsigvxemoqzdtqumqzfgyfpkz/Build/Intermediates.noindex/ArchiveIntermediates/BookonDebug/BuildProductsPath/Release-iphoneos/PackageFrameworks -F /Users/runner/Library/Developer/Xcode/DerivedData/BookonDebug-ehazsigvxemoqzdtqumqzfgyfpkz/Build/Intermediates.noindex/ArchiveIntermediates/BookonDebug/BuildProductsPath/Release-iphoneos -F /Applications/Xcode_15.4.app/Contents/Developer/Platforms/iPhoneOS.platform/Developer/Library/Frameworks -F /Applications/Xcode_15.4.app/Contents/Developer/Platforms/iPhoneOS.platform/Developer/SDKs/iPhoneOS17.5.sdk/Developer/Library/Frameworks -c -num-threads 3 -Xcc -ivfsstatcache -Xcc /Users/runner/Library/Developer/Xcode/DerivedData/SDKStatCaches.noindex/iphoneos17.5-21F77-f0fa7969d082b13145125136a829df3a.sdkstatcache -output-file-map /Users/runner/Library/Developer/Xcode/DerivedData/BookonDebug-ehazsigvxemoqzdtqumqzfgyfpkz/Build/Intermediates.noindex/ArchiveIntermediates/BookonDebug/IntermediateBuildFilesPath/LegadoBookSource.build/Release-iphoneos/LegadoBookSource.build/Objects-normal/arm64/LegadoBookSource-OutputFileMap.json -use-frontend-parseable-output -save-temps -no-color-diagnostics -serialize-diagnostics -emit-dependencies -emit-module -emit-module-path /Users/runner/Library/Developer/Xcode/DerivedData/BookonDebug-ehazsigvxemoqzdtqumqzfgyfpkz/Build/Intermediates.noindex/ArchiveIntermediates/BookonDebug/IntermediateBuildFilesPath/LegadoBookSource.build/Release-iphoneos/LegadoBookSource.build/Objects-normal/arm64/LegadoBookSource.swiftmodule -validate-clang-modules-once -clang-build-session-file /Users/runner/Library/Developer/Xcode/DerivedData/ModuleCache.noindex/Session.modulevalidation -Xfrontend -package-name -Xfrontend bookon -Xcc -I/Users/runner/Library/Developer/Xcode/DerivedData/BookonDebug-ehazsigvxemoqzdtqumqzfgyfpkz/Build/Intermediates.noindex/ArchiveIntermediates/BookonDebug/IntermediateBuildFilesPath/LegadoBookSource.build/Release-iphoneos/LegadoBookSource.build/swift-overrides.hmap -emit-const-values -Xfrontend -const-gather-protocols-file -Xfrontend /Users/runner/Library/Developer/Xcode/DerivedData/BookonDebug-ehazsigvxemoqzdtqumqzfgyfpkz/Build/Intermediates.noindex/ArchiveIntermediates/BookonDebug/IntermediateBuildFilesPath/LegadoBookSource.build/Release-iphoneos/LegadoBookSource.build/Objects-normal/arm64/LegadoBookSource_const_extract_protocols.json -Xcc -I/Users/runner/Library/Developer/Xcode/DerivedData/BookonDebug-ehazsigvxemoqzdtqumqzfgyfpkz/Build/Intermediates.noindex/ArchiveIntermediates/BookonDebug/BuildProductsPath/Release-iphoneos/include -Xcc -I/Users/runner/Library/Developer/Xcode/DerivedData/BookonDebug-ehazsigvxemoqzdtqumqzfgyfpkz/Build/Intermediates.noindex/ArchiveIntermediates/BookonDebug/IntermediateBuildFilesPath/LegadoBookSource.build/Release-iphoneos/LegadoBookSource.build/DerivedSources-normal/arm64 -Xcc -I/Users/runner/Library/Developer/Xcode/DerivedData/BookonDebug-ehazsigvxemoqzdtqumqzfgyfpkz/Build/Intermediates.noindex/ArchiveIntermediates/BookonDebug/IntermediateBuildFilesPath/LegadoBookSource.build/Release-iphoneos/LegadoBookSource.build/DerivedSources/arm64 -Xcc -I/Users/runner/Library/Developer/Xcode/DerivedData/BookonDebug-ehazsigvxemoqzdtqumqzfgyfpkz/Build/Intermediates.noindex/ArchiveIntermediates/BookonDebug/IntermediateBuildFilesPath/LegadoBookSource.build/Release-iphoneos/LegadoBookSource.build/DerivedSources -Xcc -DSWIFT_PACKAGE -emit-objc-header -emit-objc-header-path /Users/runner/Library/Developer/Xcode/DerivedData/BookonDebug-ehazsigvxemoqzdtqumqzfgyfpkz/Build/Intermediates.noindex/ArchiveIntermediates/BookonDebug/IntermediateBuildFilesPath/LegadoBookSource.build/Release-iphoneos/LegadoBookSource.build/Objects-normal/arm64/LegadoBookSource-Swift.h -working-directory /Users/runner/work/bookon/bookon -no-emit-module-separately-wmo
2026-10-06T13:41:50.7928410Z 
2026-10-06T13:41:50.7928900Z SwiftDriver\ Compilation LegadoBookSource normal arm64 com.apple.xcode.tools.swift.compiler (in target 'LegadoBookSource' from project 'LegadoBookSource')
2026-10-06T13:41:50.7929530Z     cd /Users/runner/work/bookon/bookon
2026-10-06T13:41:50.7955460Z     builtin-Swift-Compilation -- /Applications/Xcode_15.4.app/Contents/Developer/Toolchains/XcodeDefault.xctoolchain/usr/bin/swiftc -module-name LegadoBookSource -O -whole-module-optimization -enforce-exclusivity\=checked @/Users/runner/Library/Developer/Xcode/DerivedData/BookonDebug-ehazsigvxemoqzdtqumqzfgyfpkz/Build/Intermediates.noindex/ArchiveIntermediates/BookonDebug/IntermediateBuildFilesPath/LegadoBookSource.build/Release-iphoneos/LegadoBookSource.build/Objects-normal/arm64/LegadoBookSource.SwiftFileList -DSWIFT_PACKAGE -DXcode -sdk /Applications/Xcode_15.4.app/Contents/Developer/Platforms/iPhoneOS.platform/Developer/SDKs/iPhoneOS17.5.sdk -target arm64-apple-ios17.0 -g -module-cache-path /Users/runner/Library/Developer/Xcode/DerivedData/ModuleCache.noindex -Xfrontend -serialize-debugging-options -swift-version 5 -I /Users/runner/Library/Developer/Xcode/DerivedData/BookonDebug-ehazsigvxemoqzdtqumqzfgyfpkz/Build/Intermediates.noindex/ArchiveIntermediates/BookonDebug/BuildProductsPath/Release-iphoneos -I /Applications/Xcode_15.4.app/Contents/Developer/Platforms/iPhoneOS.platform/Developer/usr/lib -F /Users/runner/Library/Developer/Xcode/DerivedData/BookonDebug-ehazsigvxemoqzdtqumqzfgyfpkz/Build/Intermediates.noindex/ArchiveIntermediates/BookonDebug/BuildProductsPath/Release-iphoneos/PackageFrameworks -F /Users/runner/Library/Developer/Xcode/DerivedData/BookonDebug-ehazsigvxemoqzdtqumqzfgyfpkz/Build/Intermediates.noindex/ArchiveIntermediates/BookonDebug/BuildProductsPath/Release-iphoneos -F /Applications/Xcode_15.4.app/Contents/Developer/Platforms/iPhoneOS.platform/Developer/Library/Frameworks -F /Applications/Xcode_15.4.app/Contents/Developer/Platforms/iPhoneOS.platform/Developer/SDKs/iPhoneOS17.5.sdk/Developer/Library/Frameworks -c -num-threads 3 -Xcc -ivfsstatcache -Xcc /Users/runner/Library/Developer/Xcode/DerivedData/SDKStatCaches.noindex/iphoneos17.5-21F77-f0fa7969d082b13145125136a829df3a.sdkstatcache -output-file-map /Users/runner/Library/Developer/Xcode/DerivedData/BookonDebug-ehazsigvxemoqzdtqumqzfgyfpkz/Build/Intermediates.noindex/ArchiveIntermediates/BookonDebug/IntermediateBuildFilesPath/LegadoBookSource.build/Release-iphoneos/LegadoBookSource.build/Objects-normal/arm64/LegadoBookSource-OutputFileMap.json -use-frontend-parseable-output -save-temps -no-color-diagnostics -serialize-diagnostics -emit-dependencies -emit-module -emit-module-path /Users/runner/Library/Developer/Xcode/DerivedData/BookonDebug-ehazsigvxemoqzdtqumqzfgyfpkz/Build/Intermediates.noindex/ArchiveIntermediates/BookonDebug/IntermediateBuildFilesPath/LegadoBookSource.build/Release-iphoneos/LegadoBookSource.build/Objects-normal/arm64/LegadoBookSource.swiftmodule -validate-clang-modules-once -clang-build-session-file /Users/runner/Library/Developer/Xcode/DerivedData/ModuleCache.noindex/Session.modulevalidation -Xfrontend -package-name -Xfrontend bookon -Xcc -I/Users/runner/Library/Developer/Xcode/DerivedData/BookonDebug-ehazsigvxemoqzdtqumqzfgyfpkz/Build/Intermediates.noindex/ArchiveIntermediates/BookonDebug/IntermediateBuildFilesPath/LegadoBookSource.build/Release-iphoneos/LegadoBookSource.build/swift-overrides.hmap -emit-const-values -Xfrontend -const-gather-protocols-file -Xfrontend /Users/runner/Library/Developer/Xcode/DerivedData/BookonDebug-ehazsigvxemoqzdtqumqzfgyfpkz/Build/Intermediates.noindex/ArchiveIntermediates/BookonDebug/IntermediateBuildFilesPath/LegadoBookSource.build/Release-iphoneos/LegadoBookSource.build/Objects-normal/arm64/LegadoBookSource_const_extract_protocols.json -Xcc -I/Users/runner/Library/Developer/Xcode/DerivedData/BookonDebug-ehazsigvxemoqzdtqumqzfgyfpkz/Build/Intermediates.noindex/ArchiveIntermediates/BookonDebug/BuildProductsPath/Release-iphoneos/include -Xcc -I/Users/runner/Library/Developer/Xcode/DerivedData/BookonDebug-ehazsigvxemoqzdtqumqzfgyfpkz/Build/Intermediates.noindex/ArchiveIntermediates/BookonDebug/IntermediateBuildFilesPath/LegadoBookSource.build/Release-iphoneos/LegadoBookSource.build/DerivedSources-normal/arm64 -Xcc -I/Users/runner/Library/Developer/Xcode/DerivedData/BookonDebug-ehazsigvxemoqzdtqumqzfgyfpkz/Build/Intermediates.noindex/ArchiveIntermediates/BookonDebug/IntermediateBuildFilesPath/LegadoBookSource.build/Release-iphoneos/LegadoBookSource.build/DerivedSources/arm64 -Xcc -I/Users/runner/Library/Developer/Xcode/DerivedData/BookonDebug-ehazsigvxemoqzdtqumqzfgyfpkz/Build/Intermediates.noindex/ArchiveIntermediates/BookonDebug/IntermediateBuildFilesPath/LegadoBookSource.build/Release-iphoneos/LegadoBookSource.build/DerivedSources -Xcc -DSWIFT_PACKAGE -emit-objc-header -emit-objc-header-path /Users/runner/Library/Developer/Xcode/DerivedData/BookonDebug-ehazsigvxemoqzdtqumqzfgyfpkz/Build/Intermediates.noindex/ArchiveIntermediates/BookonDebug/IntermediateBuildFilesPath/LegadoBookSource.build/Release-iphoneos/LegadoBookSource.build/Objects-normal/arm64/LegadoBookSource-Swift.h -working-directory /Users/runner/work/bookon/bookon -no-emit-module-separately-wmo
2026-10-06T13:41:50.7986500Z 
2026-10-06T13:41:50.8075970Z SwiftCompile normal arm64 Compiling\ resource_bundle_accessor.swift,\ BaseBook.swift,\ BaseSource.swift,\ Book.swift,\ BookChapter.swift,\ BookSource.swift,\ BookSourceImporter.swift,\ BookSourceType.swift,\ BookType.swift,\ LegadoJSON.swift,\ LenientDecoding.swift,\ AnalyzeUrl.swift,\ CacheManager.swift,\ CharsetDetector.swift,\ CharsetMatch.swift,\ CharsetRecog2022.swift,\ CharsetRecogMBCS.swift,\ CharsetRecogSBCS.swift,\ CharsetRecogUTF8.swift,\ CharsetRecogUnicode.swift,\ CharsetRecognizer.swift,\ CharsetTables.swift,\ EncodingDetect.swift,\ ConcurrentRateLimiter.swift,\ CookieManager.swift,\ CookieStore.swift,\ GsonJSON.swift,\ HTTPTypes.swift,\ HttpUrl.swift,\ NetworkUtilsEncoding.swift,\ RealAjaxProvider.swift,\ RealJsNetworkExtensionsProvider.swift,\ URLSessionHTTPClient.swift,\ UrlOption.swift,\ BookInfoRule.swift,\ BookListRule.swift,\ ContentRule.swift,\ ExploreKind.swift,\ ExploreRule.swift,\ FlexChildStyle.swift,\ ReviewRule.swift,\ RowUi.swift,\ SearchRule.swift,\ TocRule.swift,\ AnalyzeByJSonPath.swift,\ AnalyzeByJSoup+Elements.swift,\ AnalyzeByJSoup.swift,\ AnalyzeByJSoupRules.swift,\ AnalyzeByRegex.swift,\ AnalyzeByXPath.swift,\ AnalyzeRule+Dispatch.swift,\ AnalyzeRule+JS.swift,\ AnalyzeRule+Rules.swift,\ AnalyzeRule.swift,\ AnalyzeRuleDependencies.swift,\ DebugLogger.swift,\ DefaultJSONPathEvaluator.swift,\ HtmlEntities.swift,\ HtmlFormatter.swift,\ HtmlUnescape.swift,\ JSEngine.swift,\ JSJavaBridge.swift,\ JSONPathEvaluator.swift,\ JSONPathParser.swift,\ JavaDoubleFormat.swift,\ JavaURLResolver.swift,\ JsExtensionsCatalog.swift,\ JsExtensionsCore.swift,\ JsExtensionsRuntime.swift,\ JsNumberFormat.swift,\ JsoupCompatSerializer.swift,\ JsoupJSBridge.swift,\ LegadoStringExtensions.swift,\ NetworkUtils.swift,\ OrderedJSONParser.swift,\ RegexTemplate.swift,\ RuleAnalyzer.swift,\ RuleEngineDiagnostics.swift,\ RuleEngineError.swift,\ RuleValue.swift,\ SourceRule.swift,\ StringUtils.swift,\ SwiftSoupElementsCompat.swift,\ SwiftSoupTextNormalizeFix.swift,\ SwiftSoupXPathEvaluator.swift,\ SwiftSoupXPathFunctions.swift,\ SwiftSoupXPathParser.swift,\ SwiftSoupXPathPredicate.swift,\ SwiftSoupXPathStepParser.swift,\ XPathEvaluator.swift,\ SearchBook.swift,\ StringOrObject.swift,\ BookChapterList.swift,\ BookContent.swift,\ BookInfo.swift,\ BookList.swift,\ Debug.swift,\ WebBook.swift,\ WebBookNetwork.swift,\ WebBookOptions.swift,\ WebBookSupport.swift /Users/runner/Library/Developer/Xcode/DerivedData/BookonDebug-ehazsigvxemoqzdtqumqzfgyfpkz/Build/Intermediates.noindex/ArchiveIntermediates/BookonDebug/IntermediateBuildFilesPath/LegadoBookSource.build/Release-iphoneos/LegadoBookSource.build/DerivedSources/resource_bundle_accessor.swift /Users/runner/work/bookon/bookon/Sources/LegadoBookSource/BaseBook.swift /Users/runner/work/bookon/bookon/Sources/LegadoBookSource/BaseSource.swift /Users/runner/work/bookon/bookon/Sources/LegadoBookSource/Book.swift /Users/runner/work/bookon/bookon/Sources/LegadoBookSource/BookChapter.swift /Users/runner/work/bookon/bookon/Sources/LegadoBookSource/BookSource.swift /Users/runner/work/bookon/bookon/Sources/LegadoBookSource/BookSourceImporter.swift /Users/runner/work/bookon/bookon/Sources/LegadoBookSource/Constant/BookSourceType.swift /Users/runner/work/bookon/bookon/Sources/LegadoBookSource/Constant/BookType.swift /Users/runner/work/bookon/bookon/Sources/LegadoBookSource/LegadoJSON.swift /Users/runner/work/bookon/bookon/Sources/LegadoBookSource/LenientDecoding.swift /Users/runner/work/bookon/bookon/Sources/LegadoBookSource/Network/AnalyzeUrl.swift /Users/runner/work/bookon/bookon/Sources/LegadoBookSource/Network/CacheManager.swift /Users/runner/work/bookon/bookon/Sources/LegadoBookSource/Network/CharsetDetector/CharsetDetector.swift /Users/runner/work/bookon/bookon/Sources/LegadoBookSource/Network/CharsetDetector/CharsetMatch.swift /Users/runner/work/bookon/bookon/Sources/LegadoBookSource/Network/CharsetDetector/CharsetRecog2022.swift /Users/runner/work/bookon/bookon/Sources/LegadoBookSource/Network/CharsetDetector/CharsetRecogMBCS.swift /Users/runner/work/bookon/bookon/Sources/LegadoBookSource/Network/CharsetDetector/CharsetRecogSBCS.swift /Users/runner/work/bookon/bookon/Sources/LegadoBookSource/Network/CharsetDetector/CharsetRecogUTF8.swift /Users/runner/work/bookon/bookon/Sources/LegadoBookSource/Network/CharsetDetector/CharsetRecogUnicode.swift /Users/runner/work/bookon/bookon/Sources/LegadoBookSource/Network/CharsetDetector/CharsetRecognizer.swift /Users/runner/work/bookon/bookon/Sources/LegadoBookSource/Network/CharsetDetector/CharsetTables.swift /Users/runner/work/bookon/bookon/Sources/LegadoBookSource/Network/CharsetDetector/EncodingDetect.swift /Users/runner/work/bookon/bookon/Sources/LegadoBookSource/Network/ConcurrentRateLimiter.swift /Users/runner/work/bookon/bookon/Sources/LegadoBookSource/Network/CookieManager.swift /Users/runner/work/bookon/bookon/Sources/LegadoBookSource/Network/CookieStore.swift /Users/runner/work/bookon/bookon/Sources/LegadoBookSource/Network/GsonJSON.swift /Users/runner/work/bookon/bookon/Sources/LegadoBookSource/Network/HTTPTypes.swift /Users/runner/work/bookon/bookon/Sources/LegadoBookSource/Network/HttpUrl.swift /Users/runner/work/bookon/bookon/Sources/LegadoBookSource/Network/NetworkUtilsEncoding.swift /Users/runner/work/bookon/bookon/Sources/LegadoBookSource/Network/RealAjaxProvider.swift /Users/runner/work/bookon/bookon/Sources/LegadoBookSource/Network/RealJsNetworkExtensionsProvider.swift /Users/runner/work/bookon/bookon/Sources/LegadoBookSource/Network/URLSessionHTTPClient.swift /Users/runner/work/bookon/bookon/Sources/LegadoBookSource/Network/UrlOption.swift /Users/runner/work/bookon/bookon/Sources/LegadoBookSource/Rule/BookInfoRule.swift /Users/runner/work/bookon/bookon/Sources/LegadoBookSource/Rule/BookListRule.swift /Users/runner/work/bookon/bookon/Sources/LegadoBookSource/Rule/ContentRule.swift /Users/runner/work/bookon/bookon/Sources/LegadoBookSource/Rule/ExploreKind.swift /Users/runner/work/bookon/bookon/Sources/LegadoBookSource/Rule/ExploreRule.swift /Users/runner/work/bookon/bookon/Sources/LegadoBookSource/Rule/FlexChildStyle.swift /Users/runner/work/bookon/bookon/Sources/LegadoBookSource/Rule/ReviewRule.swift /Users/runner/work/bookon/bookon/Sources/LegadoBookSource/Rule/RowUi.swift /Users/runner/work/bookon/bookon/Sources/LegadoBookSource/Rule/SearchRule.swift /Users/runner/work/bookon/bookon/Sources/LegadoBookSource/Rule/TocRule.swift /Users/runner/work/bookon/bookon/Sources/LegadoBookSource/RuleEngine/AnalyzeByJSonPath.swift /Users/runner/work/bookon/bookon/Sources/LegadoBookSource/RuleEngine/AnalyzeByJSoup+Elements.swift /Users/runner/work/bookon/bookon/Sources/LegadoBookSource/RuleEngine/AnalyzeByJSoup.swift /Users/runner/work/bookon/bookon/Sources/LegadoBookSource/RuleEngine/AnalyzeByJSoupRules.swift /Users/runner/work/bookon/bookon/Sources/LegadoBookSource/RuleEngine/AnalyzeByRegex.swift /Users/runner/work/bookon/bookon/Sources/LegadoBookSource/RuleEngine/AnalyzeByXPath.swift /Users/runner/work/bookon/bookon/Sources/LegadoBookSource/RuleEngine/AnalyzeRule+Dispatch.swift /Users/runner/work/bookon/bookon/Sources/LegadoBookSource/RuleEngine/AnalyzeRule+JS.swift /Users/runner/work/bookon/bookon/Sources/LegadoBookSource/RuleEngine/AnalyzeRule+Rules.swift /Users/runner/work/bookon/bookon/Sources/LegadoBookSource/RuleEngine/AnalyzeRule.swift /Users/runner/work/bookon/bookon/Sources/LegadoBookSource/RuleEngine/AnalyzeRuleDependencies.swift /Users/runner/work/bookon/bookon/Sources/LegadoBookSource/RuleEngine/DebugLogger.swift /Users/runner/work/bookon/bookon/Sources/LegadoBookSource/RuleEngine/DefaultJSONPathEvaluator.swift /Users/runner/work/bookon/bookon/Sources/LegadoBookSource/RuleEngine/HtmlEntities.swift /Users/runner/work/bookon/bookon/Sources/LegadoBookSource/RuleEngine/HtmlFormatter.swift /Users/runner/work/bookon/bookon/Sources/LegadoBookSource/RuleEngine/HtmlUnescape.swift /Users/runner/work/bookon/bookon/Sources/LegadoBookSource/RuleEngine/JSEngine.swift /Users/runner/work/bookon/bookon/Sources/LegadoBookSource/RuleEngine/JSJavaBridge.swift /Users/runner/work/bookon/bookon/Sources/LegadoBookSource/RuleEngine/JSONPathEvaluator.swift /Users/runner/work/bookon/bookon/Sources/LegadoBookSource/RuleEngine/JSONPathParser.swift /Users/runner/work/bookon/bookon/Sources/LegadoBookSource/RuleEngine/JavaDoubleFormat.swift /Users/runner/work/bookon/bookon/Sources/LegadoBookSource/RuleEngine/JavaURLResolver.swift /Users/runner/work/bookon/bookon/Sources/LegadoBookSource/RuleEngine/JsExtensionsCatalog.swift /Users/runner/work/bookon/bookon/Sources/LegadoBookSource/RuleEngine/JsExtensionsCore.swift /Users/runner/work/bookon/bookon/Sources/LegadoBookSource/RuleEngine/JsExtensionsRuntime.swift /Users/runner/work/bookon/bookon/Sources/LegadoBookSource/RuleEngine/JsNumberFormat.swift /Users/runner/work/bookon/bookon/Sources/LegadoBookSource/RuleEngine/JsoupCompatSerializer.swift /Users/runner/work/bookon/bookon/Sources/LegadoBookSource/RuleEngine/JsoupJSBridge.swift /Users/runner/work/bookon/bookon/Sources/LegadoBookSource/RuleEngine/LegadoStringExtensions.swift /Users/runner/work/bookon/bookon/Sources/LegadoBookSource/RuleEngine/NetworkUtils.swift /Users/runner/work/bookon/bookon/Sources/LegadoBookSource/RuleEngine/OrderedJSONParser.swift /Users/runner/work/bookon/bookon/Sources/LegadoBookSource/RuleEngine/RegexTemplate.swift /Users/runner/work/bookon/bookon/Sources/LegadoBookSource/RuleEngine/RuleAnalyzer.swift /Users/runner/work/bookon/bookon/Sources/LegadoBookSource/RuleEngine/RuleEngineDiagnostics.swift /Users/runner/work/bookon/bookon/Sources/LegadoBookSource/RuleEngine/RuleEngineError.swift /Users/runner/work/bookon/bookon/Sources/LegadoBookSource/RuleEngine/RuleValue.swift /Users/runner/work/bookon/bookon/Sources/LegadoBookSource/RuleEngine/SourceRule.swift /Users/runner/work/bookon/bookon/Sources/LegadoBookSource/RuleEngine/StringUtils.swift /Users/runner/work/bookon/bookon/Sources/LegadoBookSource/RuleEngine/SwiftSoupElementsCompat.swift /Users/runner/work/bookon/bookon/Sources/LegadoBookSource/RuleEngine/SwiftSoupTextNormalizeFix.swift /Users/runner/work/bookon/bookon/Sources/LegadoBookSource/RuleEngine/SwiftSoupXPathEvaluator.swift /Users/runner/work/bookon/bookon/Sources/LegadoBookSource/RuleEngine/SwiftSoupXPathFunctions.swift /Users/runner/work/bookon/bookon/Sources/LegadoBookSource/RuleEngine/SwiftSoupXPathParser.swift /Users/runner/work/bookon/bookon/Sources/LegadoBookSource/RuleEngine/SwiftSoupXPathPredicate.swift /Users/runner/work/bookon/bookon/Sources/LegadoBookSource/RuleEngine/SwiftSoupXPathStepParser.swift /Users/runner/work/bookon/bookon/Sources/LegadoBookSource/RuleEngine/XPathEvaluator.swift /Users/runner/work/bookon/bookon/Sources/LegadoBookSource/SearchBook.swift /Users/runner/work/bookon/bookon/Sources/LegadoBookSource/StringOrObject.swift /Users/runner/work/bookon/bookon/Sources/LegadoBookSource/WebBook/BookChapterList.swift /Users/runner/work/bookon/bookon/Sources/LegadoBookSource/WebBook/BookContent.swift /Users/runner/work/bookon/bookon/Sources/LegadoBookSource/WebBook/BookInfo.swift /Users/runner/work/bookon/bookon/Sources/LegadoBookSource/WebBook/BookList.swift /Users/runner/work/bookon/bookon/Sources/LegadoBookSource/WebBook/Debug.swift /Users/runner/work/bookon/bookon/Sources/LegadoBookSource/WebBook/WebBook.swift /Users/runner/work/bookon/bookon/Sources/LegadoBookSource/WebBook/WebBookNetwork.swift /Users/runner/work/bookon/bookon/Sources/LegadoBookSource/WebBook/WebBookOptions.swift /Users/runner/work/bookon/bookon/Sources/LegadoBookSource/WebBook/WebBookSupport.swift (in target 'LegadoBookSource' from project 'LegadoBookSource')
2026-10-06T13:41:50.8145090Z     cd /Users/runner/work/bookon/bookon
2026-10-06T13:41:50.8515110Z     builtin-swiftTaskExecution -- /Applications/Xcode_15.4.app/Contents/Developer/Toolchains/XcodeDefault.xctoolchain/usr/bin/swift-frontend -frontend -c /Users/runner/Library/Developer/Xcode/DerivedData/BookonDebug-ehazsigvxemoqzdtqumqzfgyfpkz/Build/Intermediates.noindex/ArchiveIntermediates/BookonDebug/IntermediateBuildFilesPath/LegadoBookSource.build/Release-iphoneos/LegadoBookSource.build/DerivedSources/resource_bundle_accessor.swift /Users/runner/work/bookon/bookon/Sources/LegadoBookSource/BaseBook.swift /Users/runner/work/bookon/bookon/Sources/LegadoBookSource/BaseSource.swift /Users/runner/work/bookon/bookon/Sources/LegadoBookSource/Book.swift /Users/runner/work/bookon/bookon/Sources/LegadoBookSource/BookChapter.swift /Users/runner/work/bookon/bookon/Sources/LegadoBookSource/BookSource.swift /Users/runner/work/bookon/bookon/Sources/LegadoBookSource/BookSourceImporter.swift /Users/runner/work/bookon/bookon/Sources/LegadoBookSource/Constant/BookSourceType.swift /Users/runner/work/bookon/bookon/Sources/LegadoBookSource/Constant/BookType.swift /Users/runner/work/bookon/bookon/Sources/LegadoBookSource/LegadoJSON.swift /Users/runner/work/bookon/bookon/Sources/LegadoBookSource/LenientDecoding.swift /Users/runner/work/bookon/bookon/Sources/LegadoBookSource/Network/AnalyzeUrl.swift /Users/runner/work/bookon/bookon/Sources/LegadoBookSource/Network/CacheManager.swift /Users/runner/work/bookon/bookon/Sources/LegadoBookSource/Network/CharsetDetector/CharsetDetector.swift /Users/runner/work/bookon/bookon/Sources/LegadoBookSource/Network/CharsetDetector/CharsetMatch.swift /Users/runner/work/bookon/bookon/Sources/LegadoBookSource/Network/CharsetDetector/CharsetRecog2022.swift /Users/runner/work/bookon/bookon/Sources/LegadoBookSource/Network/CharsetDetector/CharsetRecogMBCS.swift /Users/runner/work/bookon/bookon/Sources/LegadoBookSource/Network/CharsetDetector/CharsetRecogSBCS.swift /Users/runner/work/bookon/bookon/Sources/LegadoBookSource/Network/CharsetDetector/CharsetRecogUTF8.swift /Users/runner/work/bookon/bookon/Sources/LegadoBookSource/Network/CharsetDetector/CharsetRecogUnicode.swift /Users/runner/work/bookon/bookon/Sources/LegadoBookSource/Network/CharsetDetector/CharsetRecognizer.swift /Users/runner/work/bookon/bookon/Sources/LegadoBookSource/Network/CharsetDetector/CharsetTables.swift /Users/runner/work/bookon/bookon/Sources/LegadoBookSource/Network/CharsetDetector/EncodingDetect.swift /Users/runner/work/bookon/bookon/Sources/LegadoBookSource/Network/ConcurrentRateLimiter.swift /Users/runner/work/bookon/bookon/Sources/LegadoBookSource/Network/CookieManager.swift /Users/runner/work/bookon/bookon/Sources/LegadoBookSource/Network/CookieStore.swift /Users/runner/work/bookon/bookon/Sources/LegadoBookSource/Network/GsonJSON.swift /Users/runner/work/bookon/bookon/Sources/LegadoBookSource/Network/HTTPTypes.swift /Users/runner/work/bookon/bookon/Sources/LegadoBookSource/Network/HttpUrl.swift /Users/runner/work/bookon/bookon/Sources/LegadoBookSource/Network/NetworkUtilsEncoding.swift /Users/runner/work/bookon/bookon/Sources/LegadoBookSource/Network/RealAjaxProvider.swift /Users/runner/work/bookon/bookon/Sources/LegadoBookSource/Network/RealJsNetworkExtensionsProvider.swift /Users/runner/work/bookon/bookon/Sources/LegadoBookSource/Network/URLSessionHTTPClient.swift /Users/runner/work/bookon/bookon/Sources/LegadoBookSource/Network/UrlOption.swift /Users/runner/work/bookon/bookon/Sources/LegadoBookSource/Rule/BookInfoRule.swift /Users/runner/work/bookon/bookon/Sources/LegadoBookSource/Rule/BookListRule.swift /Users/runner/work/bookon/bookon/Sources/LegadoBookSource/Rule/ContentRule.swift /Users/runner/work/bookon/bookon/Sources/LegadoBookSource/Rule/ExploreKind.swift /Users/runner/work/bookon/bookon/Sources/LegadoBookSource/Rule/ExploreRule.swift /Users/runner/work/bookon/bookon/Sources/LegadoBookSource/Rule/FlexChildStyle.swift /Users/runner/work/bookon/bookon/Sources/LegadoBookSource/Rule/ReviewRule.swift /Users/runner/work/bookon/bookon/Sources/LegadoBookSource/Rule/RowUi.swift /Users/runner/work/bookon/bookon/Sources/LegadoBookSource/Rule/SearchRule.swift /Users/runner/work/bookon/bookon/Sources/LegadoBookSource/Rule/TocRule.swift /Users/runner/work/bookon/bookon/Sources/LegadoBookSource/RuleEngine/AnalyzeByJSonPath.swift /Users/runner/work/bookon/bookon/Sources/LegadoBookSource/RuleEngine/AnalyzeByJSoup+Elements.swift /Users/runner/work/bookon/bookon/Sources/LegadoBookSource/RuleEngine/AnalyzeByJSoup.swift /Users/runner/work/bookon/bookon/Sources/LegadoBookSource/RuleEngine/AnalyzeByJSoupRules.swift /Users/runner/work/bookon/bookon/Sources/LegadoBookSource/RuleEngine/AnalyzeByRegex.swift /Users/runner/work/bookon/bookon/Sources/LegadoBookSource/RuleEngine/AnalyzeByXPath.swift /Users/runner/work/bookon/bookon/Sources/LegadoBookSource/RuleEngine/AnalyzeRule+Dispatch.swift /Users/runner/work/bookon/bookon/Sources/LegadoBookSource/RuleEngine/AnalyzeRule+JS.swift /Users/runner/work/bookon/bookon/Sources/LegadoBookSource/RuleEngine/AnalyzeRule+Rules.swift /Users/runner/work/bookon/bookon/Sources/LegadoBookSource/RuleEngine/AnalyzeRule.swift /Users/runner/work/bookon/bookon/Sources/LegadoBookSource/RuleEngine/AnalyzeRuleDependencies.swift /Users/runner/work/bookon/bookon/Sources/LegadoBookSource/RuleEngine/DebugLogger.swift /Users/runner/work/bookon/bookon/Sources/LegadoBookSource/RuleEngine/DefaultJSONPathEvaluator.swift /Users/runner/work/bookon/bookon/Sources/LegadoBookSource/RuleEngine/HtmlEntities.swift /Users/runner/work/bookon/bookon/Sources/LegadoBookSource/RuleEngine/HtmlFormatter.swift /Users/runner/work/bookon/bookon/Sources/LegadoBookSource/RuleEngine/HtmlUnescape.swift /Users/runner/work/bookon/bookon/Sources/LegadoBookSource/RuleEngine/JSEngine.swift /Users/runner/work/bookon/bookon/Sources/LegadoBookSource/RuleEngine/JSJavaBridge.swift /Users/runner/work/bookon/bookon/Sources/LegadoBookSource/RuleEngine/JSONPathEvaluator.swift /Users/runner/work/bookon/bookon/Sources/LegadoBookSource/RuleEngine/JSONPathParser.swift /Users/runner/work/bookon/bookon/Sources/LegadoBookSource/RuleEngine/JavaDoubleFormat.swift /Users/runner/work/bookon/bookon/Sources/LegadoBookSource/RuleEngine/JavaURLResolver.swift /Users/runner/work/bookon/bookon/Sources/LegadoBookSource/RuleEngine/JsExtensionsCatalog.swift /Users/runner/work/bookon/bookon/Sources/LegadoBookSource/RuleEngine/JsExtensionsCore.swift /Users/runner/work/bookon/bookon/Sources/LegadoBookSource/RuleEngine/JsExtensionsRuntime.swift /Users/runner/work/bookon/bookon/Sources/LegadoBookSource/RuleEngine/JsNumberFormat.swift /Users/runner/work/bookon/bookon/Sources/LegadoBookSource/RuleEngine/JsoupCompatSerializer.swift /Users/runner/work/bookon/bookon/Sources/LegadoBookSource/RuleEngine/JsoupJSBridge.swift /Users/runner/work/bookon/bookon/Sources/LegadoBookSource/RuleEngine/LegadoStringExtensions.swift /Users/runner/work/bookon/bookon/Sources/LegadoBookSource/RuleEngine/NetworkUtils.swift /Users/runner/work/bookon/bookon/Sources/LegadoBookSource/RuleEngine/OrderedJSONParser.swift /Users/runner/work/bookon/bookon/Sources/LegadoBookSource/RuleEngine/RegexTemplate.swift /Users/runner/work/bookon/bookon/Sources/LegadoBookSource/RuleEngine/RuleAnalyzer.swift /Users/runner/work/bookon/bookon/Sources/LegadoBookSource/RuleEngine/RuleEngineDiagnostics.swift /Users/runner/work/bookon/bookon/Sources/LegadoBookSource/RuleEngine/RuleEngineError.swift /Users/runner/work/bookon/bookon/Sources/LegadoBookSource/RuleEngine/RuleValue.swift /Users/runner/work/bookon/bookon/Sources/LegadoBookSource/RuleEngine/SourceRule.swift /Users/runner/work/bookon/bookon/Sources/LegadoBookSource/RuleEngine/StringUtils.swift /Users/runner/work/bookon/bookon/Sources/LegadoBookSource/RuleEngine/SwiftSoupElementsCompat.swift /Users/runner/work/bookon/bookon/Sources/LegadoBookSource/RuleEngine/SwiftSoupTextNormalizeFix.swift /Users/runner/work/bookon/bookon/Sources/LegadoBookSource/RuleEngine/SwiftSoupXPathEvaluator.swift /Users/runner/work/bookon/bookon/Sources/LegadoBookSource/RuleEngine/SwiftSoupXPathFunctions.swift /Users/runner/work/bookon/bookon/Sources/LegadoBookSource/RuleEngine/SwiftSoupXPathParser.swift /Users/runner/work/bookon/bookon/Sources/LegadoBookSource/RuleEngine/SwiftSoupXPathPredicate.swift /Users/runner/work/bookon/bookon/Sources/LegadoBookSource/RuleEngine/SwiftSoupXPathStepParser.swift /Users/runner/work/bookon/bookon/Sources/LegadoBookSource/RuleEngine/XPathEvaluator.swift /Users/runner/work/bookon/bookon/Sources/LegadoBookSource/SearchBook.swift /Users/runner/work/bookon/bookon/Sources/LegadoBookSource/StringOrObject.swift /Users/runner/work/bookon/bookon/Sources/LegadoBookSource/WebBook/BookChapterList.swift /Users/runner/work/bookon/bookon/Sources/LegadoBookSource/WebBook/BookContent.swift /Users/runner/work/bookon/bookon/Sources/LegadoBookSource/WebBook/BookInfo.swift /Users/runner/work/bookon/bookon/Sources/LegadoBookSource/WebBook/BookList.swift /Users/runner/work/bookon/bookon/Sources/LegadoBookSource/WebBook/Debug.swift /Users/runner/work/bookon/bookon/Sources/LegadoBookSource/WebBook/WebBook.swift /Users/runner/work/bookon/bookon/Sources/LegadoBookSource/WebBook/WebBookNetwork.swift /Users/runner/work/bookon/bookon/Sources/LegadoBookSource/WebBook/WebBookOptions.swift /Users/runner/work/bookon/bookon/Sources/LegadoBookSource/WebBook/WebBookSupport.swift -supplementary-output-file-map /Users/runner/Library/Developer/Xcode/DerivedData/BookonDebug-ehazsigvxemoqzdtqumqzfgyfpkz/Build/Intermediates.noindex/ArchiveIntermediates/BookonDebug/IntermediateBuildFilesPath/LegadoBookSource.build/Release-iphoneos/LegadoBookSource.build/Objects-normal/arm64/supplementaryOutputs-2 -target arm64-apple-ios17.0 -Xllvm -aarch64-use-tbi -enable-objc-interop -stack-check -sdk /Applications/Xcode_15.4.app/Contents/Developer/Platforms/iPhoneOS.platform/Developer/SDKs/iPhoneOS17.5.sdk -I /Users/runner/Library/Developer/Xcode/DerivedData/BookonDebug-ehazsigvxemoqzdtqumqzfgyfpkz/Build/Intermediates.noindex/ArchiveIntermediates/BookonDebug/BuildProductsPath/Release-iphoneos -I /Applications/Xcode_15.4.app/Contents/Developer/Platforms/iPhoneOS.platform/Developer/usr/lib -F /Users/runner/Library/Developer/Xcode/DerivedData/BookonDebug-ehazsigvxemoqzdtqumqzfgyfpkz/Build/Intermediates.noindex/ArchiveIntermediates/BookonDebug/BuildProductsPath/Release-iphoneos/PackageFrameworks -F /Users/runner/Library/Developer/Xcode/DerivedData/BookonDebug-ehazsigvxemoqzdtqumqzfgyfpkz/Build/Intermediates.noindex/ArchiveIntermediates/BookonDebug/BuildProductsPath/Release-iphoneos -F /Applications/Xcode_15.4.app/Contents/Developer/Platforms/iPhoneOS.platform/Developer/Library/Frameworks -F /Applications/Xcode_15.4.app/Contents/Developer/Platforms/iPhoneOS.platform/Developer/SDKs/iPhoneOS17.5.sdk/Developer/Library/Frameworks -no-color-diagnostics -g -module-cache-path /Users/runner/Library/Developer/Xcode/DerivedData/ModuleCache.noindex -swift-version 5 -enforce-exclusivity\=checked -O -D SWIFT_PACKAGE -D Xcode -serialize-debugging-options -package-name bookon -const-gather-protocols-file /Users/runner/Library/Developer/Xcode/DerivedData/BookonDebug-ehazsigvxemoqzdtqumqzfgyfpkz/Build/Intermediates.noindex/ArchiveIntermediates/BookonDebug/IntermediateBuildFilesPath/LegadoBookSource.build/Release-iphoneos/LegadoBookSource.build/Objects-normal/arm64/LegadoBookSource_const_extract_protocols.json -empty-abi-descriptor -validate-clang-modules-once -clang-build-session-file /Users/runner/Library/Developer/Xcode/DerivedData/ModuleCache.noindex/Session.modulevalidation -Xcc -working-directory -Xcc /Users/runner/work/bookon/bookon -resource-dir /Applications/Xcode_15.4.app/Contents/Developer/Toolchains/XcodeDefault.xctoolchain/usr/lib/swift -Xcc -ivfsstatcache -Xcc /Users/runner/Library/Developer/Xcode/DerivedData/SDKStatCaches.noindex/iphoneos17.5-21F77-f0fa7969d082b13145125136a829df3a.sdkstatcache -Xcc -I/Users/runner/Library/Developer/Xcode/DerivedData/BookonDebug-ehazsigvxemoqzdtqumqzfgyfpkz/Build/Intermediates.noindex/ArchiveIntermediates/BookonDebug/IntermediateBuildFilesPath/LegadoBookSource.build/Release-iphoneos/LegadoBookSource.build/swift-overrides.hmap -Xcc -I/Users/runner/Library/Developer/Xcode/DerivedData/BookonDebug-ehazsigvxemoqzdtqumqzfgyfpkz/Build/Intermediates.noindex/ArchiveIntermediates/BookonDebug/BuildProductsPath/Release-iphoneos/include -Xcc -I/Users/runner/Library/Developer/Xcode/DerivedData/BookonDebug-ehazsigvxemoqzdtqumqzfgyfpkz/Build/Intermediates.noindex/ArchiveIntermediates/BookonDebug/IntermediateBuildFilesPath/LegadoBookSource.build/Release-iphoneos/LegadoBookSource.build/DerivedSources-normal/arm64 -Xcc -I/Users/runner/Library/Developer/Xcode/DerivedData/BookonDebug-ehazsigvxemoqzdtqumqzfgyfpkz/Build/Intermediates.noindex/ArchiveIntermediates/BookonDebug/IntermediateBuildFilesPath/LegadoBookSource.build/Release-iphoneos/LegadoBookSource.build/DerivedSources/arm64 -Xcc -I/Users/runner/Library/Developer/Xcode/DerivedData/BookonDebug-ehazsigvxemoqzdtqumqzfgyfpkz/Build/Intermediates.noindex/ArchiveIntermediates/BookonDebug/IntermediateBuildFilesPath/LegadoBookSource.build/Release-iphoneos/LegadoBookSource.build/DerivedSources -Xcc -DSWIFT_PACKAGE -module-name LegadoBookSource -frontend-parseable-output -disable-clang-spi -target-sdk-version 17.5 -target-sdk-name iphoneos17.5 -external-plugin-path /Applications/Xcode_15.4.app/Contents/Developer/Platforms/iPhoneOS.platform/Developer/SDKs/iPhoneOS17.5.sdk/usr/lib/swift/host/plugins\#/Applications/Xcode_15.4.app/Contents/Developer/Platforms/iPhoneOS.platform/Developer/SDKs/iPhoneOS17.5.sdk/usr/bin/swift-plugin-server -external-plugin-path /Applications/Xcode_15.4.app/Contents/Developer/Platforms/iPhoneOS.platform/Developer/SDKs/iPhoneOS17.5.sdk/usr/local/lib/swift/host/plugins\#/Applications/Xcode_15.4.app/Contents/Developer/Platforms/iPhoneOS.platform/Developer/SDKs/iPhoneOS17.5.sdk/usr/bin/swift-plugin-server -external-plugin-path /Applications/Xcode_15.4.app/Contents/Developer/Platforms/iPhoneOS.platform/Developer/usr/lib/swift/host/plugins\#/Applications/Xcode_15.4.app/Contents/Developer/Platforms/iPhoneOS.platform/Developer/usr/bin/swift-plugin-server -external-plugin-path /Applications/Xcode_15.4.app/Contents/Developer/Platforms/iPhoneOS.platform/Developer/usr/local/lib/swift/host/plugins\#/Applications/Xcode_15.4.app/Contents/Developer/Platforms/iPhoneOS.platform/Developer/usr/bin/swift-plugin-server -plugin-path /Applications/Xcode_15.4.app/Contents/Developer/Toolchains/XcodeDefault.xctoolchain/usr/lib/swift/host/plugins -plugin-path /Applications/Xcode_15.4.app/Contents/Developer/Toolchains/XcodeDefault.xctoolchain/usr/local/lib/swift/host/plugins -enable-default-cmo -num-threads 3 -o /Users/runner/Library/Developer/Xcode/DerivedData/BookonDebug-ehazsigvxemoqzdtqumqzfgyfpkz/Build/Intermediates.noindex/ArchiveIntermediates/BookonDebug/IntermediateBuildFilesPath/LegadoBookSource.build/Release-iphoneos/LegadoBookSource.build/Objects-normal/arm64/resource_bundle_accessor.o -o /Users/runner/Library/Developer/Xcode/DerivedData/BookonDebug-ehazsigvxemoqzdtqumqzfgyfpkz/Build/Intermediates.noindex/ArchiveIntermediates/BookonDebug/IntermediateBuildFilesPath/LegadoBookSource.build/Release-iphoneos/LegadoBookSource.build/Objects-normal/arm64/BaseBook.o -o /Users/runner/Library/Developer/Xcode/DerivedData/BookonDebug-ehazsigvxemoqzdtqumqzfgyfpkz/Build/Intermediates.noindex/ArchiveIntermediates/BookonDebug/IntermediateBuildFilesPath/LegadoBookSource.build/Release-iphoneos/LegadoBookSource.build/Objects-normal/arm64/BaseSource.o -o /Users/runner/Library/Developer/Xcode/DerivedData/BookonDebug-ehazsigvxemoqzdtqumqzfgyfpkz/Build/Intermediates.noindex/ArchiveIntermediates/BookonDebug/IntermediateBuildFilesPath/LegadoBookSource.build/Release-iphoneos/LegadoBookSource.build/Objects-normal/arm64/Book.o -o /Users/runner/Library/Developer/Xcode/DerivedData/BookonDebug-ehazsigvxemoqzdtqumqzfgyfpkz/Build/Intermediates.noindex/ArchiveIntermediates/BookonDebug/IntermediateBuildFilesPath/LegadoBookSource.build/Release-iphoneos/LegadoBookSource.build/Objects-normal/arm64/BookChapter.o -o /Users/runner/Library/Developer/Xcode/DerivedData/BookonDebug-ehazsigvxemoqzdtqumqzfgyfpkz/Build/Intermediates.noindex/ArchiveIntermediates/BookonDebug/IntermediateBuildFilesPath/LegadoBookSource.build/Release-iphoneos/LegadoBookSource.build/Objects-normal/arm64/BookSource.o -o /Users/runner/Library/Developer/Xcode/DerivedData/BookonDebug-ehazsigvxemoqzdtqumqzfgyfpkz/Build/Intermediates.noindex/ArchiveIntermediates/BookonDebug/IntermediateBuildFilesPath/LegadoBookSource.build/Release-iphoneos/LegadoBookSource.build/Objects-normal/arm64/BookSourceImporter.o -o /Users/runner/Library/Developer/Xcode/DerivedData/BookonDebug-ehazsigvxemoqzdtqumqzfgyfpkz/Build/Intermediates.noindex/ArchiveIntermediates/BookonDebug/IntermediateBuildFilesPath/LegadoBookSource.build/Release-iphoneos/LegadoBookSource.build/Objects-normal/arm64/BookSourceType.o -o /Users/runner/Library/Developer/Xcode/DerivedData/BookonDebug-ehazsigvxemoqzdtqumqzfgyfpkz/Build/Intermediates.noindex/ArchiveIntermediates/BookonDebug/IntermediateBuildFilesPath/LegadoBookSource.build/Release-iphoneos/LegadoBookSource.build/Objects-normal/arm64/BookType.o -o /Users/runner/Library/Developer/Xcode/DerivedData/BookonDebug-ehazsigvxemoqzdtqumqzfgyfpkz/Build/Intermediates.noindex/ArchiveIntermediates/BookonDebug/IntermediateBuildFilesPath/LegadoBookSource.build/Release-iphoneos/LegadoBookSource.build/Objects-normal/arm64/LegadoJSON.o -o /Users/runner/Library/Developer/Xcode/DerivedData/BookonDebug-ehazsigvxemoqzdtqumqzfgyfpkz/Build/Intermediates.noindex/ArchiveIntermediates/BookonDebug/IntermediateBuildFilesPath/LegadoBookSource.build/Release-iphoneos/LegadoBookSource.build/Objects-normal/arm64/LenientDecoding.o -o /Users/runner/Library/Developer/Xcode/DerivedData/BookonDebug-ehazsigvxemoqzdtqumqzfgyfpkz/Build/Intermediates.noindex/ArchiveIntermediates/BookonDebug/IntermediateBuildFilesPath/LegadoBookSource.build/Release-iphoneos/LegadoBookSource.build/Objects-normal/arm64/AnalyzeUrl.o -o /Users/runner/Library/Developer/Xcode/DerivedData/BookonDebug-ehazsigvxemoqzdtqumqzfgyfpkz/Build/Intermediates.noindex/ArchiveIntermediates/BookonDebug/IntermediateBuildFilesPath/LegadoBookSource.build/Release-iphoneos/LegadoBookSource.build/Objects-normal/arm64/CacheManager.o -o /Users/runner/Library/Developer/Xcode/DerivedData/BookonDebug-ehazsigvxemoqzdtqumqzfgyfpkz/Build/Intermediates.noindex/ArchiveIntermediates/BookonDebug/IntermediateBuildFilesPath/LegadoBookSource.build/Release-iphoneos/LegadoBookSource.build/Objects-normal/arm64/CharsetDetector.o -o /Users/runner/Library/Developer/Xcode/DerivedData/BookonDebug-ehazsigvxemoqzdtqumqzfgyfpkz/Build/Intermediates.noindex/ArchiveIntermediates/BookonDebug/IntermediateBuildFilesPath/LegadoBookSource.build/Release-iphoneos/LegadoBookSource.build/Objects-normal/arm64/CharsetMatch.o -o /Users/runner/Library/Developer/Xcode/DerivedData/BookonDebug-ehazsigvxemoqzdtqumqzfgyfpkz/Build/Intermediates.noindex/ArchiveIntermediates/BookonDebug/IntermediateBuildFilesPath/LegadoBookSource.build/Release-iphoneos/LegadoBookSource.build/Objects-normal/arm64/CharsetRecog2022.o -o /Users/runner/Library/Developer/Xcode/DerivedData/BookonDebug-ehazsigvxemoqzdtqumqzfgyfpkz/Build/Intermediates.noindex/ArchiveIntermediates/BookonDebug/IntermediateBuildFilesPath/LegadoBookSource.build/Release-iphoneos/LegadoBookSource.build/Objects-normal/arm64/CharsetRecogMBCS.o -o /Users/runner/Library/Developer/Xcode/DerivedData/BookonDebug-ehazsigvxemoqzdtqumqzfgyfpkz/Build/Intermediates.noindex/ArchiveIntermediates/BookonDebug/IntermediateBuildFilesPath/LegadoBookSource.build/Release-iphoneos/LegadoBookSource.build/Objects-normal/arm64/CharsetRecogSBCS.o -o /Users/runner/Library/Developer/Xcode/DerivedData/BookonDebug-ehazsigvxemoqzdtqumqzfgyfpkz/Build/Intermediates.noindex/ArchiveIntermediates/BookonDebug/IntermediateBuildFilesPath/LegadoBookSource.build/Release-iphoneos/LegadoBookSource.build/Objects-normal/arm64/CharsetRecogUTF8.o -o /Users/runner/Library/Developer/Xcode/DerivedData/BookonDebug-ehazsigvxemoqzdtqumqzfgyfpkz/Build/Intermediates.noindex/ArchiveIntermediates/BookonDebug/IntermediateBuildFilesPath/LegadoBookSource.build/Release-iphoneos/LegadoBookSource.build/Objects-normal/arm64/CharsetRecogUnicode.o -o /Users/runner/Library/Developer/Xcode/DerivedData/BookonDebug-ehazsigvxemoqzdtqumqzfgyfpkz/Build/Intermediates.noindex/ArchiveIntermediates/BookonDebug/IntermediateBuildFilesPath/LegadoBookSource.build/Release-iphoneos/LegadoBookSource.build/Objects-normal/arm64/CharsetRecognizer.o -o /Users/runner/Library/Developer/Xcode/DerivedData/BookonDebug-ehazsigvxemoqzdtqumqzfgyfpkz/Build/Intermediates.noindex/ArchiveIntermediates/BookonDebug/IntermediateBuildFilesPath/LegadoBookSource.build/Release-iphoneos/LegadoBookSource.build/Objects-normal/arm64/CharsetTables.o -o /Users/runner/Library/Developer/Xcode/DerivedData/BookonDebug-ehazsigvxemoqzdtqumqzfgyfpkz/Build/Intermediates.noindex/ArchiveIntermediates/BookonDebug/IntermediateBuildFilesPath/LegadoBookSource.build/Release-iphoneos/LegadoBookSource.build/Objects-normal/arm64/EncodingDetect.o -o /Users/runner/Library/Developer/Xcode/DerivedData/BookonDebug-ehazsigvxemoqzdtqumqzfgyfpkz/Build/Intermediates.noindex/ArchiveIntermediates/BookonDebug/IntermediateBuildFilesPath/LegadoBookSource.build/Release-iphoneos/LegadoBookSource.build/Objects-normal/arm64/ConcurrentRateLimiter.o -o /Users/runner/Library/Developer/Xcode/DerivedData/BookonDebug-ehazsigvxemoqzdtqumqzfgyfpkz/Build/Intermediates.noindex/ArchiveIntermediates/BookonDebug/IntermediateBuildFilesPath/LegadoBookSource.build/Release-iphoneos/LegadoBookSource.build/Objects-normal/arm64/CookieManager.o -o /Users/runner/Library/Developer/Xcode/DerivedData/BookonDebug-ehazsigvxemoqzdtqumqzfgyfpkz/Build/Intermediates.noindex/ArchiveIntermediates/BookonDebug/IntermediateBuildFilesPath/LegadoBookSource.build/Release-iphoneos/LegadoBookSource.build/Objects-normal/arm64/CookieStore.o -o /Users/runner/Library/Developer/Xcode/DerivedData/BookonDebug-ehazsigvxemoqzdtqumqzfgyfpkz/Build/Intermediates.noindex/ArchiveIntermediates/BookonDebug/IntermediateBuildFilesPath/LegadoBookSource.build/Release-iphoneos/LegadoBookSource.build/Objects-normal/arm64/GsonJSON.o -o /Users/runner/Library/Developer/Xcode/DerivedData/BookonDebug-ehazsigvxemoqzdtqumqzfgyfpkz/Build/Intermediates.noindex/ArchiveIntermediates/BookonDebug/IntermediateBuildFilesPath/LegadoBookSource.build/Release-iphoneos/LegadoBookSource.build/Objects-normal/arm64/HTTPTypes.o -o /Users/runner/Library/Developer/Xcode/DerivedData/BookonDebug-ehazsigvxemoqzdtqumqzfgyfpkz/Build/Intermediates.noindex/ArchiveIntermediates/BookonDebug/IntermediateBuildFilesPath/LegadoBookSource.build/Release-iphoneos/LegadoBookSource.build/Objects-normal/arm64/HttpUrl.o -o /Users/runner/Library/Developer/Xcode/DerivedData/BookonDebug-ehazsigvxemoqzdtqumqzfgyfpkz/Build/Intermediates.noindex/ArchiveIntermediates/BookonDebug/IntermediateBuildFilesPath/LegadoBookSource.build/Release-iphoneos/LegadoBookSource.build/Objects-normal/arm64/NetworkUtilsEncoding.o -o /Users/runner/Library/Developer/Xcode/DerivedData/BookonDebug-ehazsigvxemoqzdtqumqzfgyfpkz/Build/Intermediates.noindex/ArchiveIntermediates/BookonDebug/IntermediateBuildFilesPath/LegadoBookSource.build/Release-iphoneos/LegadoBookSource.build/Objects-normal/arm64/RealAjaxProvider.o -o /Users/runner/Library/Developer/Xcode/DerivedData/BookonDebug-ehazsigvxemoqzdtqumqzfgyfpkz/Build/Intermediates.noindex/ArchiveIntermediates/BookonDebug/IntermediateBuildFilesPath/LegadoBookSource.build/Release-iphoneos/LegadoBookSource.build/Objects-normal/arm64/RealJsNetworkExtensionsProvider.o -o /Users/runner/Library/Developer/Xcode/DerivedData/BookonDebug-ehazsigvxemoqzdtqumqzfgyfpkz/Build/Intermediates.noindex/ArchiveIntermediates/BookonDebug/IntermediateBuildFilesPath/LegadoBookSource.build/Release-iphoneos/LegadoBookSource.build/Objects-normal/arm64/URLSessionHTTPClient.o -o /Users/runner/Library/Developer/Xcode/DerivedData/BookonDebug-ehazsigvxemoqzdtqumqzfgyfpkz/Build/Intermediates.noindex/ArchiveIntermediates/BookonDebug/IntermediateBuildFilesPath/LegadoBookSource.build/Release-iphoneos/LegadoBookSource.build/Objects-normal/arm64/UrlOption.o -o /Users/runner/Library/Developer/Xcode/DerivedData/BookonDebug-ehazsigvxemoqzdtqumqzfgyfpkz/Build/Intermediates.noindex/ArchiveIntermediates/BookonDebug/IntermediateBuildFilesPath/LegadoBookSource.build/Release-iphoneos/LegadoBookSource.build/Objects-normal/arm64/BookInfoRule.o -o /Users/runner/Library/Developer/Xcode/DerivedData/BookonDebug-ehazsigvxemoqzdtqumqzfgyfpkz/Build/Intermediates.noindex/ArchiveIntermediates/BookonDebug/IntermediateBuildFilesPath/LegadoBookSource.build/Release-iphoneos/LegadoBookSource.build/Objects-normal/arm64/BookListRule.o -o /Users/runner/Library/Developer/Xcode/DerivedData/BookonDebug-ehazsigvxemoqzdtqumqzfgyfpkz/Build/Intermediates.noindex/ArchiveIntermediates/BookonDebug/IntermediateBuildFilesPath/LegadoBookSource.build/Release-iphoneos/LegadoBookSource.build/Objects-normal/arm64/ContentRule.o -o /Users/runner/Library/Developer/Xcode/DerivedData/BookonDebug-ehazsigvxemoqzdtqumqzfgyfpkz/Build/Intermediates.noindex/ArchiveIntermediates/BookonDebug/IntermediateBuildFilesPath/LegadoBookSource.build/Release-iphoneos/LegadoBookSource.build/Objects-normal/arm64/ExploreKind.o -o /Users/runner/Library/Developer/Xcode/DerivedData/BookonDebug-ehazsigvxemoqzdtqumqzfgyfpkz/Build/Intermediates.noindex/ArchiveIntermediates/BookonDebug/IntermediateBuildFilesPath/LegadoBookSource.build/Release-iphoneos/LegadoBookSource.build/Objects-normal/arm64/ExploreRule.o -o /Users/runner/Library/Developer/Xcode/DerivedData/BookonDebug-ehazsigvxemoqzdtqumqzfgyfpkz/Build/Intermediates.noindex/ArchiveIntermediates/BookonDebug/IntermediateBuildFilesPath/LegadoBookSource.build/Release-iphoneos/LegadoBookSource.build/Objects-normal/arm64/FlexChildStyle.o -o /Users/runner/Library/Developer/Xcode/DerivedData/BookonDebug-ehazsigvxemoqzdtqumqzfgyfpkz/Build/Intermediates.noindex/ArchiveIntermediates/BookonDebug/IntermediateBuildFilesPath/LegadoBookSource.build/Release-iphoneos/LegadoBookSource.build/Objects-normal/arm64/ReviewRule.o -o /Users/runner/Library/Developer/Xcode/DerivedData/BookonDebug-ehazsigvxemoqzdtqumqzfgyfpkz/Build/Intermediates.noindex/ArchiveIntermediates/BookonDebug/IntermediateBuildFilesPath/LegadoBookSource.build/Release-iphoneos/LegadoBookSource.build/Objects-normal/arm64/RowUi.o -o /Users/runner/Library/Developer/Xcode/DerivedData/BookonDebug-ehazsigvxemoqzdtqumqzfgyfpkz/Build/Intermediates.noindex/ArchiveIntermediates/BookonDebug/IntermediateBuildFilesPath/LegadoBookSource.build/Release-iphoneos/LegadoBookSource.build/Objects-normal/arm64/SearchRule.o -o /Users/runner/Library/Developer/Xcode/DerivedData/BookonDebug-ehazsigvxemoqzdtqumqzfgyfpkz/Build/Intermediates.noindex/ArchiveIntermediates/BookonDebug/IntermediateBuildFilesPath/LegadoBookSource.build/Release-iphoneos/LegadoBookSource.build/Objects-normal/arm64/TocRule.o -o /Users/runner/Library/Developer/Xcode/DerivedData/BookonDebug-ehazsigvxemoqzdtqumqzfgyfpkz/Build/Intermediates.noindex/ArchiveIntermediates/BookonDebug/IntermediateBuildFilesPath/LegadoBookSource.build/Release-iphoneos/LegadoBookSource.build/Objects-normal/arm64/AnalyzeByJSonPath.o -o /Users/runner/Library/Developer/Xcode/DerivedData/BookonDebug-ehazsigvxemoqzdtqumqzfgyfpkz/Build/Intermediates.noindex/ArchiveIntermediates/BookonDebug/IntermediateBuildFilesPath/LegadoBookSource.build/Release-iphoneos/LegadoBookSource.build/Objects-normal/arm64/AnalyzeByJSoup+Elements.o -o /Users/runner/Library/Developer/Xcode/DerivedData/BookonDebug-ehazsigvxemoqzdtqumqzfgyfpkz/Build/Intermediates.noindex/ArchiveIntermediates/BookonDebug/IntermediateBuildFilesPath/LegadoBookSource.build/Release-iphoneos/LegadoBookSource.build/Objects-normal/arm64/AnalyzeByJSoup.o -o /Users/runner/Library/Developer/Xcode/DerivedData/BookonDebug-ehazsigvxemoqzdtqumqzfgyfpkz/Build/Intermediates.noindex/ArchiveIntermediates/BookonDebug/IntermediateBuildFilesPath/LegadoBookSource.build/Release-iphoneos/LegadoBookSource.build/Objects-normal/arm64/AnalyzeByJSoupRules.o -o /Users/runner/Library/Developer/Xcode/DerivedData/BookonDebug-ehazsigvxemoqzdtqumqzfgyfpkz/Build/Intermediates.noindex/ArchiveIntermediates/BookonDebug/IntermediateBuildFilesPath/LegadoBookSource.build/Release-iphoneos/LegadoBookSource.build/Objects-normal/arm64/AnalyzeByRegex.o -o /Users/runner/Library/Developer/Xcode/DerivedData/BookonDebug-ehazsigvxemoqzdtqumqzfgyfpkz/Build/Intermediates.noindex/ArchiveIntermediates/BookonDebug/IntermediateBuildFilesPath/LegadoBookSource.build/Release-iphoneos/LegadoBookSource.build/Objects-normal/arm64/AnalyzeByXPath.o -o /Users/runner/Library/Developer/Xcode/DerivedData/BookonDebug-ehazsigvxemoqzdtqumqzfgyfpkz/Build/Intermediates.noindex/ArchiveIntermediates/BookonDebug/IntermediateBuildFilesPath/LegadoBookSource.build/Release-iphoneos/LegadoBookSource.build/Objects-normal/arm64/AnalyzeRule+Dispatch.o -o /Users/runner/Library/Developer/Xcode/DerivedData/BookonDebug-ehazsigvxemoqzdtqumqzfgyfpkz/Build/Intermediates.noindex/ArchiveIntermediates/BookonDebug/IntermediateBuildFilesPath/LegadoBookSource.build/Release-iphoneos/LegadoBookSource.build/Objects-normal/arm64/AnalyzeRule+JS.o -o /Users/runner/Library/Developer/Xcode/DerivedData/BookonDebug-ehazsigvxemoqzdtqumqzfgyfpkz/Build/Intermediates.noindex/ArchiveIntermediates/BookonDebug/IntermediateBuildFilesPath/LegadoBookSource.build/Release-iphoneos/LegadoBookSource.build/Objects-normal/arm64/AnalyzeRule+Rules.o -o /Users/runner/Library/Developer/Xcode/DerivedData/BookonDebug-ehazsigvxemoqzdtqumqzfgyfpkz/Build/Intermediates.noindex/ArchiveIntermediates/BookonDebug/IntermediateBuildFilesPath/LegadoBookSource.build/Release-iphoneos/LegadoBookSource.build/Objects-normal/arm64/AnalyzeRule.o -o /Users/runner/Library/Developer/Xcode/DerivedData/BookonDebug-ehazsigvxemoqzdtqumqzfgyfpkz/Build/Intermediates.noindex/ArchiveIntermediates/BookonDebug/IntermediateBuildFilesPath/LegadoBookSource.build/Release-iphoneos/LegadoBookSource.build/Objects-normal/arm64/AnalyzeRuleDependencies.o -o /Users/runner/Library/Developer/Xcode/DerivedData/BookonDebug-ehazsigvxemoqzdtqumqzfgyfpkz/Build/Intermediates.noindex/ArchiveIntermediates/BookonDebug/IntermediateBuildFilesPath/LegadoBookSource.build/Release-iphoneos/LegadoBookSource.build/Objects-normal/arm64/DebugLogger.o -o /Users/runner/Library/Developer/Xcode/DerivedData/BookonDebug-ehazsigvxemoqzdtqumqzfgyfpkz/Build/Intermediates.noindex/ArchiveIntermediates/BookonDebug/IntermediateBuildFilesPath/LegadoBookSource.build/Release-iphoneos/LegadoBookSource.build/Objects-normal/arm64/DefaultJSONPathEvaluator.o -o /Users/runner/Library/Developer/Xcode/DerivedData/BookonDebug-ehazsigvxemoqzdtqumqzfgyfpkz/Build/Intermediates.noindex/ArchiveIntermediates/BookonDebug/IntermediateBuildFilesPath/LegadoBookSource.build/Release-iphoneos/LegadoBookSource.build/Objects-normal/arm64/HtmlEntities.o -o /Users/runner/Library/Developer/Xcode/DerivedData/BookonDebug-ehazsigvxemoqzdtqumqzfgyfpkz/Build/Intermediates.noindex/ArchiveIntermediates/BookonDebug/IntermediateBuildFilesPath/LegadoBookSource.build/Release-iphoneos/LegadoBookSource.build/Objects-normal/arm64/HtmlFormatter.o -o /Users/runner/Library/Developer/Xcode/DerivedData/BookonDebug-ehazsigvxemoqzdtqumqzfgyfpkz/Build/Intermediates.noindex/ArchiveIntermediates/BookonDebug/IntermediateBuildFilesPath/LegadoBookSource.build/Release-iphoneos/LegadoBookSource.build/Objects-normal/arm64/HtmlUnescape.o -o /Users/runner/Library/Developer/Xcode/DerivedData/BookonDebug-ehazsigvxemoqzdtqumqzfgyfpkz/Build/Intermediates.noindex/ArchiveIntermediates/BookonDebug/IntermediateBuildFilesPath/LegadoBookSource.build/Release-iphoneos/LegadoBookSource.build/Objects-normal/arm64/JSEngine.o -o /Users/runner/Library/Developer/Xcode/DerivedData/BookonDebug-ehazsigvxemoqzdtqumqzfgyfpkz/Build/Intermediates.noindex/ArchiveIntermediates/BookonDebug/IntermediateBuildFilesPath/LegadoBookSource.build/Release-iphoneos/LegadoBookSource.build/Objects-normal/arm64/JSJavaBridge.o -o /Users/runner/Library/Developer/Xcode/DerivedData/BookonDebug-ehazsigvxemoqzdtqumqzfgyfpkz/Build/Intermediates.noindex/ArchiveIntermediates/BookonDebug/IntermediateBuildFilesPath/LegadoBookSource.build/Release-iphoneos/LegadoBookSource.build/Objects-normal/arm64/JSONPathEvaluator.o -o /Users/runner/Library/Developer/Xcode/DerivedData/BookonDebug-ehazsigvxemoqzdtqumqzfgyfpkz/Build/Intermediates.noindex/ArchiveIntermediates/BookonDebug/IntermediateBuildFilesPath/LegadoBookSource.build/Release-iphoneos/LegadoBookSource.build/Objects-normal/arm64/JSONPathParser.o -o /Users/runner/Library/Developer/Xcode/DerivedData/BookonDebug-ehazsigvxemoqzdtqumqzfgyfpkz/Build/Intermediates.noindex/ArchiveIntermediates/BookonDebug/IntermediateBuildFilesPath/LegadoBookSource.build/Release-iphoneos/LegadoBookSource.build/Objects-normal/arm64/JavaDoubleFormat.o -o /Users/runner/Library/Developer/Xcode/DerivedData/BookonDebug-ehazsigvxemoqzdtqumqzfgyfpkz/Build/Intermediates.noindex/ArchiveIntermediates/BookonDebug/IntermediateBuildFilesPath/LegadoBookSource.build/Release-iphoneos/LegadoBookSource.build/Objects-normal/arm64/JavaURLResolver.o -o /Users/runner/Library/Developer/Xcode/DerivedData/BookonDebug-ehazsigvxemoqzdtqumqzfgyfpkz/Build/Intermediates.noindex/ArchiveIntermediates/BookonDebug/IntermediateBuildFilesPath/LegadoBookSource.build/Release-iphoneos/LegadoBookSource.build/Objects-normal/arm64/JsExtensionsCatalog.o -o /Users/runner/Library/Developer/Xcode/DerivedData/BookonDebug-ehazsigvxemoqzdtqumqzfgyfpkz/Build/Intermediates.noindex/ArchiveIntermediates/BookonDebug/IntermediateBuildFilesPath/LegadoBookSource.build/Release-iphoneos/LegadoBookSource.build/Objects-normal/arm64/JsExtensionsCore.o -o /Users/runner/Library/Developer/Xcode/DerivedData/BookonDebug-ehazsigvxemoqzdtqumqzfgyfpkz/Build/Intermediates.noindex/ArchiveIntermediates/BookonDebug/IntermediateBuildFilesPath/LegadoBookSource.build/Release-iphoneos/LegadoBookSource.build/Objects-normal/arm64/JsExtensionsRuntime.o -o /Users/runner/Library/Developer/Xcode/DerivedData/BookonDebug-ehazsigvxemoqzdtqumqzfgyfpkz/Build/Intermediates.noindex/ArchiveIntermediates/BookonDebug/IntermediateBuildFilesPath/LegadoBookSource.build/Release-iphoneos/LegadoBookSource.build/Objects-normal/arm64/JsNumberFormat.o -o /Users/runner/Library/Developer/Xcode/DerivedData/BookonDebug-ehazsigvxemoqzdtqumqzfgyfpkz/Build/Intermediates.noindex/ArchiveIntermediates/BookonDebug/IntermediateBuildFilesPath/LegadoBookSource.build/Release-iphoneos/LegadoBookSource.build/Objects-normal/arm64/JsoupCompatSerializer.o -o /Users/runner/Library/Developer/Xcode/DerivedData/BookonDebug-ehazsigvxemoqzdtqumqzfgyfpkz/Build/Intermediates.noindex/ArchiveIntermediates/BookonDebug/IntermediateBuildFilesPath/LegadoBookSource.build/Release-iphoneos/LegadoBookSource.build/Objects-normal/arm64/JsoupJSBridge.o -o /Users/runner/Library/Developer/Xcode/DerivedData/BookonDebug-ehazsigvxemoqzdtqumqzfgyfpkz/Build/Intermediates.noindex/ArchiveIntermediates/BookonDebug/IntermediateBuildFilesPath/LegadoBookSource.build/Release-iphoneos/LegadoBookSource.build/Objects-normal/arm64/LegadoStringExtensions.o -o /Users/runner/Library/Developer/Xcode/DerivedData/BookonDebug-ehazsigvxemoqzdtqumqzfgyfpkz/Build/Intermediates.noindex/ArchiveIntermediates/BookonDebug/IntermediateBuildFilesPath/LegadoBookSource.build/Release-iphoneos/LegadoBookSource.build/Objects-normal/arm64/NetworkUtils.o -o /Users/runner/Library/Developer/Xcode/DerivedData/BookonDebug-ehazsigvxemoqzdtqumqzfgyfpkz/Build/Intermediates.noindex/ArchiveIntermediates/BookonDebug/IntermediateBuildFilesPath/LegadoBookSource.build/Release-iphoneos/LegadoBookSource.build/Objects-normal/arm64/OrderedJSONParser.o -o /Users/runner/Library/Developer/Xcode/DerivedData/BookonDebug-ehazsigvxemoqzdtqumqzfgyfpkz/Build/Intermediates.noindex/ArchiveIntermediates/BookonDebug/IntermediateBuildFilesPath/LegadoBookSource.build/Release-iphoneos/LegadoBookSource.build/Objects-normal/arm64/RegexTemplate.o -o /Users/runner/Library/Developer/Xcode/DerivedData/BookonDebug-ehazsigvxemoqzdtqumqzfgyfpkz/Build/Intermediates.noindex/ArchiveIntermediates/BookonDebug/IntermediateBuildFilesPath/LegadoBookSource.build/Release-iphoneos/LegadoBookSource.build/Objects-normal/arm64/RuleAnalyzer.o -o /Users/runner/Library/Developer/Xcode/DerivedData/BookonDebug-ehazsigvxemoqzdtqumqzfgyfpkz/Build/Intermediates.noindex/ArchiveIntermediates/BookonDebug/IntermediateBuildFilesPath/LegadoBookSource.build/Release-iphoneos/LegadoBookSource.build/Objects-normal/arm64/RuleEngineDiagnostics.o -o /Users/runner/Library/Developer/Xcode/DerivedData/BookonDebug-ehazsigvxemoqzdtqumqzfgyfpkz/Build/Intermediates.noindex/ArchiveIntermediates/BookonDebug/IntermediateBuildFilesPath/LegadoBookSource.build/Release-iphoneos/LegadoBookSource.build/Objects-normal/arm64/RuleEngineError.o -o /Users/runner/Library/Developer/Xcode/DerivedData/BookonDebug-ehazsigvxemoqzdtqumqzfgyfpkz/Build/Intermediates.noindex/ArchiveIntermediates/BookonDebug/IntermediateBuildFilesPath/LegadoBookSource.build/Release-iphoneos/LegadoBookSource.build/Objects-normal/arm64/RuleValue.o -o /Users/runner/Library/Developer/Xcode/DerivedData/BookonDebug-ehazsigvxemoqzdtqumqzfgyfpkz/Build/Intermediates.noindex/ArchiveIntermediates/BookonDebug/IntermediateBuildFilesPath/LegadoBookSource.build/Release-iphoneos/LegadoBookSource.build/Objects-normal/arm64/SourceRule.o -o /Users/runner/Library/Developer/Xcode/DerivedData/BookonDebug-ehazsigvxemoqzdtqumqzfgyfpkz/Build/Intermediates.noindex/ArchiveIntermediates/BookonDebug/IntermediateBuildFilesPath/LegadoBookSource.build/Release-iphoneos/LegadoBookSource.build/Objects-normal/arm64/StringUtils.o -o /Users/runner/Library/Developer/Xcode/DerivedData/BookonDebug-ehazsigvxemoqzdtqumqzfgyfpkz/Build/Intermediates.noindex/ArchiveIntermediates/BookonDebug/IntermediateBuildFilesPath/LegadoBookSource.build/Release-iphoneos/LegadoBookSource.build/Objects-normal/arm64/SwiftSoupElementsCompat.o -o /Users/runner/Library/Developer/Xcode/DerivedData/BookonDebug-ehazsigvxemoqzdtqumqzfgyfpkz/Build/Intermediates.noindex/ArchiveIntermediates/BookonDebug/IntermediateBuildFilesPath/LegadoBookSource.build/Release-iphoneos/LegadoBookSource.build/Objects-normal/arm64/SwiftSoupTextNormalizeFix.o -o /Users/runner/Library/Developer/Xcode/DerivedData/BookonDebug-ehazsigvxemoqzdtqumqzfgyfpkz/Build/Intermediates.noindex/ArchiveIntermediates/BookonDebug/IntermediateBuildFilesPath/LegadoBookSource.build/Release-iphoneos/LegadoBookSource.build/Objects-normal/arm64/SwiftSoupXPathEvaluator.o -o /Users/runner/Library/Developer/Xcode/DerivedData/BookonDebug-ehazsigvxemoqzdtqumqzfgyfpkz/Build/Intermediates.noindex/ArchiveIntermediates/BookonDebug/IntermediateBuildFilesPath/LegadoBookSource.build/Release-iphoneos/LegadoBookSource.build/Objects-normal/arm64/SwiftSoupXPathFunctions.o -o /Users/runner/Library/Developer/Xcode/DerivedData/BookonDebug-ehazsigvxemoqzdtqumqzfgyfpkz/Build/Intermediates.noindex/ArchiveIntermediates/BookonDebug/IntermediateBuildFilesPath/LegadoBookSource.build/Release-iphoneos/LegadoBookSource.build/Objects-normal/arm64/SwiftSoupXPathParser.o -o /Users/runner/Library/Developer/Xcode/DerivedData/BookonDebug-ehazsigvxemoqzdtqumqzfgyfpkz/Build/Intermediates.noindex/ArchiveIntermediates/BookonDebug/IntermediateBuildFilesPath/LegadoBookSource.build/Release-iphoneos/LegadoBookSource.build/Objects-normal/arm64/SwiftSoupXPathPredicate.o -o /Users/runner/Library/Developer/Xcode/DerivedData/BookonDebug-ehazsigvxemoqzdtqumqzfgyfpkz/Build/Intermediates.noindex/ArchiveIntermediates/BookonDebug/IntermediateBuildFilesPath/LegadoBookSource.build/Release-iphoneos/LegadoBookSource.build/Objects-normal/arm64/SwiftSoupXPathStepParser.o -o /Users/runner/Library/Developer/Xcode/DerivedData/BookonDebug-ehazsigvxemoqzdtqumqzfgyfpkz/Build/Intermediates.noindex/ArchiveIntermediates/BookonDebug/IntermediateBuildFilesPath/LegadoBookSource.build/Release-iphoneos/LegadoBookSource.build/Objects-normal/arm64/XPathEvaluator.o -o /Users/runner/Library/Developer/Xcode/DerivedData/BookonDebug-ehazsigvxemoqzdtqumqzfgyfpkz/Build/Intermediates.noindex/ArchiveIntermediates/BookonDebug/IntermediateBuildFilesPath/LegadoBookSource.build/Release-iphoneos/LegadoBookSource.build/Objects-normal/arm64/SearchBook.o -o /Users/runner/Library/Developer/Xcode/DerivedData/BookonDebug-ehazsigvxemoqzdtqumqzfgyfpkz/Build/Intermediates.noindex/ArchiveIntermediates/BookonDebug/IntermediateBuildFilesPath/LegadoBookSource.build/Release-iphoneos/LegadoBookSource.build/Objects-normal/arm64/StringOrObject.o -o /Users/runner/Library/Developer/Xcode/DerivedData/BookonDebug-ehazsigvxemoqzdtqumqzfgyfpkz/Build/Intermediates.noindex/ArchiveIntermediates/BookonDebug/IntermediateBuildFilesPath/LegadoBookSource.build/Release-iphoneos/LegadoBookSource.build/Objects-normal/arm64/BookChapterList.o -o /Users/runner/Library/Developer/Xcode/DerivedData/BookonDebug-ehazsigvxemoqzdtqumqzfgyfpkz/Build/Intermediates.noindex/ArchiveIntermediates/BookonDebug/IntermediateBuildFilesPath/LegadoBookSource.build/Release-iphoneos/LegadoBookSource.build/Objects-normal/arm64/BookContent.o -o /Users/runner/Library/Developer/Xcode/DerivedData/BookonDebug-ehazsigvxemoqzdtqumqzfgyfpkz/Build/Intermediates.noindex/ArchiveIntermediates/BookonDebug/IntermediateBuildFilesPath/LegadoBookSource.build/Release-iphoneos/LegadoBookSource.build/Objects-normal/arm64/BookInfo.o -o /Users/runner/Library/Developer/Xcode/DerivedData/BookonDebug-ehazsigvxemoqzdtqumqzfgyfpkz/Build/Intermediates.noindex/ArchiveIntermediates/BookonDebug/IntermediateBuildFilesPath/LegadoBookSource.build/Release-iphoneos/LegadoBookSource.build/Objects-normal/arm64/BookList.o -o /Users/runner/Library/Developer/Xcode/DerivedData/BookonDebug-ehazsigvxemoqzdtqumqzfgyfpkz/Build/Intermediates.noindex/ArchiveIntermediates/BookonDebug/IntermediateBuildFilesPath/LegadoBookSource.build/Release-iphoneos/LegadoBookSource.build/Objects-normal/arm64/Debug.o -o /Users/runner/Library/Developer/Xcode/DerivedData/BookonDebug-ehazsigvxemoqzdtqumqzfgyfpkz/Build/Intermediates.noindex/ArchiveIntermediates/BookonDebug/IntermediateBuildFilesPath/LegadoBookSource.build/Release-iphoneos/LegadoBookSource.build/Objects-normal/arm64/WebBook.o -o /Users/runner/Library/Developer/Xcode/DerivedData/BookonDebug-ehazsigvxemoqzdtqumqzfgyfpkz/Build/Intermediates.noindex/ArchiveIntermediates/BookonDebug/IntermediateBuildFilesPath/LegadoBookSource.build/Release-iphoneos/LegadoBookSource.build/Objects-normal/arm64/WebBookNetwork.o -o /Users/runner/Library/Developer/Xcode/DerivedData/BookonDebug-ehazsigvxemoqzdtqumqzfgyfpkz/Build/Intermediates.noindex/ArchiveIntermediates/BookonDebug/IntermediateBuildFilesPath/LegadoBookSource.build/Release-iphoneos/LegadoBookSource.build/Objects-normal/arm64/WebBookOptions.o -o /Users/runner/Library/Developer/Xcode/DerivedData/BookonDebug-ehazsigvxemoqzdtqumqzfgyfpkz/Build/Intermediates.noindex/ArchiveIntermediates/BookonDebug/IntermediateBuildFilesPath/LegadoBookSource.build/Release-iphoneos/LegadoBookSource.build/Objects-normal/arm64/WebBookSupport.o -index-unit-output-path /LegadoBookSource.build/Release-iphoneos/LegadoBookSource.build/Objects-normal/arm64/resource_bundle_accessor.o -index-unit-output-path /LegadoBookSource.build/Release-iphoneos/LegadoBookSource.build/Objects-normal/arm64/BaseBook.o -index-unit-output-path /LegadoBookSource.build/Release-iphoneos/LegadoBookSource.build/Objects-normal/arm64/BaseSource.o -index-unit-output-path /LegadoBookSource.build/Release-iphoneos/LegadoBookSource.build/Objects-normal/arm64/Book.o -index-unit-output-path /LegadoBookSource.build/Release-iphoneos/LegadoBookSource.build/Objects-normal/arm64/BookChapter.o -index-unit-output-path /LegadoBookSource.build/Release-iphoneos/LegadoBookSource.build/Objects-normal/arm64/BookSource.o -index-unit-output-path /LegadoBookSource.build/Release-iphoneos/LegadoBookSource.build/Objects-normal/arm64/BookSourceImporter.o -index-unit-output-path /LegadoBookSource.build/Release-iphoneos/LegadoBookSource.build/Objects-normal/arm64/BookSourceType.o -index-unit-output-path /LegadoBookSource.build/Release-iphoneos/LegadoBookSource.build/Objects-normal/arm64/BookType.o -index-unit-output-path /LegadoBookSource.build/Release-iphoneos/LegadoBookSource.build/Objects-normal/arm64/LegadoJSON.o -index-unit-output-path /LegadoBookSource.build/Release-iphoneos/LegadoBookSource.build/Objects-normal/arm64/LenientDecoding.o -index-unit-output-path /LegadoBookSource.build/Release-iphoneos/LegadoBookSource.build/Objects-normal/arm64/AnalyzeUrl.o -index-unit-output-path /LegadoBookSource.build/Release-iphoneos/LegadoBookSource.build/Objects-normal/arm64/CacheManager.o -index-unit-output-path /LegadoBookSource.build/Release-iphoneos/LegadoBookSource.build/Objects-normal/arm64/CharsetDetector.o -index-unit-output-path /LegadoBookSource.build/Release-iphoneos/LegadoBookSource.build/Objects-normal/arm64/CharsetMatch.o -index-unit-output-path /LegadoBookSource.build/Release-iphoneos/LegadoBookSource.build/Objects-normal/arm64/CharsetRecog2022.o -index-unit-output-path /LegadoBookSource.build/Release-iphoneos/LegadoBookSource.build/Objects-normal/arm64/CharsetRecogMBCS.o -index-unit-output-path /LegadoBookSource.build/Release-iphoneos/LegadoBookSource.build/Objects-normal/arm64/CharsetRecogSBCS.o -index-unit-output-path /LegadoBookSource.build/Release-iphoneos/LegadoBookSource.build/Objects-normal/arm64/CharsetRecogUTF8.o -index-unit-output-path /LegadoBookSource.build/Release-iphoneos/LegadoBookSource.build/Objects-normal/arm64/CharsetRecogUnicode.o -index-unit-output-path /LegadoBookSource.build/Release-iphoneos/LegadoBookSource.build/Objects-normal/arm64/CharsetRecognizer.o -index-unit-output-path /LegadoBookSource.build/Release-iphoneos/LegadoBookSource.build/Objects-normal/arm64/CharsetTables.o -index-unit-output-path /LegadoBookSource.build/Release-iphoneos/LegadoBookSource.build/Objects-normal/arm64/EncodingDetect.o -index-unit-output-path /LegadoBookSource.build/Release-iphoneos/LegadoBookSource.build/Objects-normal/arm64/ConcurrentRateLimiter.o -index-unit-output-path /LegadoBookSource.build/Release-iphoneos/LegadoBookSource.build/Objects-normal/arm64/CookieManager.o -index-unit-output-path /LegadoBookSource.build/Release-iphoneos/LegadoBookSource.build/Objects-normal/arm64/CookieStore.o -index-unit-output-path /LegadoBookSource.build/Release-iphoneos/LegadoBookSource.build/Objects-normal/arm64/GsonJSON.o -index-unit-output-path /LegadoBookSource.build/Release-iphoneos/LegadoBookSource.build/Objects-normal/arm64/HTTPTypes.o -index-unit-output-path /LegadoBookSource.build/Release-iphoneos/LegadoBookSource.build/Objects-normal/arm64/HttpUrl.o -index-unit-output-path /LegadoBookSource.build/Release-iphoneos/LegadoBookSource.build/Objects-normal/arm64/NetworkUtilsEncoding.o -index-unit-output-path /LegadoBookSource.build/Release-iphoneos/LegadoBookSource.build/Objects-normal/arm64/RealAjaxProvider.o -index-unit-output-path /LegadoBookSource.build/Release-iphoneos/LegadoBookSource.build/Objects-normal/arm64/RealJsNetworkExtensionsProvider.o -index-unit-output-path /LegadoBookSource.build/Release-iphoneos/LegadoBookSource.build/Objects-normal/arm64/URLSessionHTTPClient.o -index-unit-output-path /LegadoBookSource.build/Release-iphoneos/LegadoBookSource.build/Objects-normal/arm64/UrlOption.o -index-unit-output-path /LegadoBookSource.build/Release-iphoneos/LegadoBookSource.build/Objects-normal/arm64/BookInfoRule.o -index-unit-output-path /LegadoBookSource.build/Release-iphoneos/LegadoBookSource.build/Objects-normal/arm64/BookListRule.o -index-unit-output-path /LegadoBookSource.build/Release-iphoneos/LegadoBookSource.build/Objects-normal/arm64/ContentRule.o -index-unit-output-path /LegadoBookSource.build/Release-iphoneos/LegadoBookSource.build/Objects-normal/arm64/ExploreKind.o -index-unit-output-path /LegadoBookSource.build/Release-iphoneos/LegadoBookSource.build/Objects-normal/arm64/ExploreRule.o -index-unit-output-path /LegadoBookSource.build/Release-iphoneos/LegadoBookSource.build/Objects-normal/arm64/FlexChildStyle.o -index-unit-output-path /LegadoBookSource.build/Release-iphoneos/LegadoBookSource.build/Objects-normal/arm64/ReviewRule.o -index-unit-output-path /LegadoBookSource.build/Release-iphoneos/LegadoBookSource.build/Objects-normal/arm64/RowUi.o -index-unit-output-path /LegadoBookSource.build/Release-iphoneos/LegadoBookSource.build/Objects-normal/arm64/SearchRule.o -index-unit-output-path /LegadoBookSource.build/Release-iphoneos/LegadoBookSource.build/Objects-normal/arm64/TocRule.o -index-unit-output-path /LegadoBookSource.build/Release-iphoneos/LegadoBookSource.build/Objects-normal/arm64/AnalyzeByJSonPath.o -index-unit-output-path /LegadoBookSource.build/Release-iphoneos/LegadoBookSource.build/Objects-normal/arm64/AnalyzeByJSoup+Elements.o -index-unit-output-path /LegadoBookSource.build/Release-iphoneos/LegadoBookSource.build/Objects-normal/arm64/AnalyzeByJSoup.o -index-unit-output-path /LegadoBookSource.build/Release-iphoneos/LegadoBookSource.build/Objects-normal/arm64/AnalyzeByJSoupRules.o -index-unit-output-path /LegadoBookSource.build/Release-iphoneos/LegadoBookSource.build/Objects-normal/arm64/AnalyzeByRegex.o -index-unit-output-path /LegadoBookSource.build/Release-iphoneos/LegadoBookSource.build/Objects-normal/arm64/AnalyzeByXPath.o -index-unit-output-path /LegadoBookSource.build/Release-iphoneos/LegadoBookSource.build/Objects-normal/arm64/AnalyzeRule+Dispatch.o -index-unit-output-path /LegadoBookSource.build/Release-iphoneos/LegadoBookSource.build/Objects-normal/arm64/AnalyzeRule+JS.o -index-unit-output-path /LegadoBookSource.build/Release-iphoneos/LegadoBookSource.build/Objects-normal/arm64/AnalyzeRule+Rules.o -index-unit-output-path /LegadoBookSource.build/Release-iphoneos/LegadoBookSource.build/Objects-normal/arm64/AnalyzeRule.o -index-unit-output-path /LegadoBookSource.build/Release-iphoneos/LegadoBookSource.build/Objects-normal/arm64/AnalyzeRuleDependencies.o -index-unit-output-path /LegadoBookSource.build/Release-iphoneos/LegadoBookSource.build/Objects-normal/arm64/DebugLogger.o -index-unit-output-path /LegadoBookSource.build/Release-iphoneos/LegadoBookSource.build/Objects-normal/arm64/DefaultJSONPathEvaluator.o -index-unit-output-path /LegadoBookSource.build/Release-iphoneos/LegadoBookSource.build/Objects-normal/arm64/HtmlEntities.o -index-unit-output-path /LegadoBookSource.build/Release-iphoneos/LegadoBookSource.build/Objects-normal/arm64/HtmlFormatter.o -index-unit-output-path /LegadoBookSource.build/Release-iphoneos/LegadoBookSource.build/Objects-normal/arm64/HtmlUnescape.o -index-unit-output-path /LegadoBookSource.build/Release-iphoneos/LegadoBookSource.build/Objects-normal/arm64/JSEngine.o -index-unit-output-path /LegadoBookSource.build/Release-iphoneos/LegadoBookSource.build/Objects-normal/arm64/JSJavaBridge.o -index-unit-output-path /LegadoBookSource.build/Release-iphoneos/LegadoBookSource.build/Objects-normal/arm64/JSONPathEvaluator.o -index-unit-output-path /LegadoBookSource.build/Release-iphoneos/LegadoBookSource.build/Objects-normal/arm64/JSONPathParser.o -index-unit-output-path /LegadoBookSource.build/Release-iphoneos/LegadoBookSource.build/Objects-normal/arm64/JavaDoubleFormat.o -index-unit-output-path /LegadoBookSource.build/Release-iphoneos/LegadoBookSource.build/Objects-normal/arm64/JavaURLResolver.o -index-unit-output-path /LegadoBookSource.build/Release-iphoneos/LegadoBookSource.build/Objects-normal/arm64/JsExtensionsCatalog.o -index-unit-output-path /LegadoBookSource.build/Release-iphoneos/LegadoBookSource.build/Objects-normal/arm64/JsExtensionsCore.o -index-unit-output-path /LegadoBookSource.build/Release-iphoneos/LegadoBookSource.build/Objects-normal/arm64/JsExtensionsRuntime.o -index-unit-output-path /LegadoBookSource.build/Release-iphoneos/LegadoBookSource.build/Objects-normal/arm64/JsNumberFormat.o -index-unit-output-path /LegadoBookSource.build/Release-iphoneos/LegadoBookSource.build/Objects-normal/arm64/JsoupCompatSerializer.o -index-unit-output-path /LegadoBookSource.build/Release-iphoneos/LegadoBookSource.build/Objects-normal/arm64/JsoupJSBridge.o -index-unit-output-path /LegadoBookSource.build/Release-iphoneos/LegadoBookSource.build/Objects-normal/arm64/LegadoStringExtensions.o -index-unit-output-path /LegadoBookSource.build/Release-iphoneos/LegadoBookSource.build/Objects-normal/arm64/NetworkUtils.o -index-unit-output-path /LegadoBookSource.build/Release-iphoneos/LegadoBookSource.build/Objects-normal/arm64/OrderedJSONParser.o -index-unit-output-path /LegadoBookSource.build/Release-iphoneos/LegadoBookSource.build/Objects-normal/arm64/RegexTemplate.o -index-unit-output-path /LegadoBookSource.build/Release-iphoneos/LegadoBookSource.build/Objects-normal/arm64/RuleAnalyzer.o -index-unit-output-path /LegadoBookSource.build/Release-iphoneos/LegadoBookSource.build/Objects-normal/arm64/RuleEngineDiagnostics.o -index-unit-output-path /LegadoBookSource.build/Release-iphoneos/LegadoBookSource.build/Objects-normal/arm64/RuleEngineError.o -index-unit-output-path /LegadoBookSource.build/Release-iphoneos/LegadoBookSource.build/Objects-normal/arm64/RuleValue.o -index-unit-output-path /LegadoBookSource.build/Release-iphoneos/LegadoBookSource.build/Objects-normal/arm64/SourceRule.o -index-unit-output-path /LegadoBookSource.build/Release-iphoneos/LegadoBookSource.build/Objects-normal/arm64/StringUtils.o -index-unit-output-path /LegadoBookSource.build/Release-iphoneos/LegadoBookSource.build/Objects-normal/arm64/SwiftSoupElementsCompat.o -index-unit-output-path /LegadoBookSource.build/Release-iphoneos/LegadoBookSource.build/Objects-normal/arm64/SwiftSoupTextNormalizeFix.o -index-unit-output-path /LegadoBookSource.build/Release-iphoneos/LegadoBookSource.build/Objects-normal/arm64/SwiftSoupXPathEvaluator.o -index-unit-output-path /LegadoBookSource.build/Release-iphoneos/LegadoBookSource.build/Objects-normal/arm64/SwiftSoupXPathFunctions.o -index-unit-output-path /LegadoBookSource.build/Release-iphoneos/LegadoBookSource.build/Objects-normal/arm64/SwiftSoupXPathParser.o -index-unit-output-path /LegadoBookSource.build/Release-iphoneos/LegadoBookSource.build/Objects-normal/arm64/SwiftSoupXPathPredicate.o -index-unit-output-path /LegadoBookSource.build/Release-iphoneos/LegadoBookSource.build/Objects-normal/arm64/SwiftSoupXPathStepParser.o -index-unit-output-path /LegadoBookSource.build/Release-iphoneos/LegadoBookSource.build/Objects-normal/arm64/XPathEvaluator.o -index-unit-output-path /LegadoBookSource.build/Release-iphoneos/LegadoBookSource.build/Objects-normal/arm64/SearchBook.o -index-unit-output-path /LegadoBookSource.build/Release-iphoneos/LegadoBookSource.build/Objects-normal/arm64/StringOrObject.o -index-unit-output-path /LegadoBookSource.build/Release-iphoneos/LegadoBookSource.build/Objects-normal/arm64/BookChapterList.o -index-unit-output-path /LegadoBookSource.build/Release-iphoneos/LegadoBookSource.build/Objects-normal/arm64/BookContent.o -index-unit-output-path /LegadoBookSource.build/Release-iphoneos/LegadoBookSource.build/Objects-normal/arm64/BookInfo.o -index-unit-output-path /LegadoBookSource.build/Release-iphoneos/LegadoBookSource.build/Objects-normal/arm64/BookList.o -index-unit-output-path /LegadoBookSource.build/Release-iphoneos/LegadoBookSource.build/Objects-normal/arm64/Debug.o -index-unit-output-path /LegadoBookSource.build/Release-iphoneos/LegadoBookSource.build/Objects-normal/arm64/WebBook.o -index-unit-output-path /LegadoBookSource.build/Release-iphoneos/LegadoBookSource.build/Objects-normal/arm64/WebBookNetwork.o -index-unit-output-path /LegadoBookSource.build/Release-iphoneos/LegadoBookSource.build/Objects-normal/arm64/WebBookOptions.o -index-unit-output-path /LegadoBookSource.build/Release-iphoneos/LegadoBookSource.build/Objects-normal/arm64/WebBookSupport.o
2026-10-06T13:41:50.8884750Z 
2026-10-06T13:41:50.8885120Z CompileSwift normal arm64 (in target 'LegadoBookSource' from project 'LegadoBookSource')
2026-10-06T13:41:50.8885660Z     cd /Users/runner/work/bookon/bookon
2026-10-06T13:41:50.9185380Z     /Applications/Xcode_15.4.app/Contents/Developer/Toolchains/XcodeDefault.xctoolchain/usr/bin/swift-frontend -c /Users/runner/Library/Developer/Xcode/DerivedData/BookonDebug-ehazsigvxemoqzdtqumqzfgyfpkz/Build/Intermediates.noindex/ArchiveIntermediates/BookonDebug/IntermediateBuildFilesPath/LegadoBookSource.build/Release-iphoneos/LegadoBookSource.build/DerivedSources/resource_bundle_accessor.swift /Users/runner/work/bookon/bookon/Sources/LegadoBookSource/BaseBook.swift /Users/runner/work/bookon/bookon/Sources/LegadoBookSource/BaseSource.swift /Users/runner/work/bookon/bookon/Sources/LegadoBookSource/Book.swift /Users/runner/work/bookon/bookon/Sources/LegadoBookSource/BookChapter.swift /Users/runner/work/bookon/bookon/Sources/LegadoBookSource/BookSource.swift /Users/runner/work/bookon/bookon/Sources/LegadoBookSource/BookSourceImporter.swift /Users/runner/work/bookon/bookon/Sources/LegadoBookSource/Constant/BookSourceType.swift /Users/runner/work/bookon/bookon/Sources/LegadoBookSource/Constant/BookType.swift /Users/runner/work/bookon/bookon/Sources/LegadoBookSource/LegadoJSON.swift /Users/runner/work/bookon/bookon/Sources/LegadoBookSource/LenientDecoding.swift /Users/runner/work/bookon/bookon/Sources/LegadoBookSource/Network/AnalyzeUrl.swift /Users/runner/work/bookon/bookon/Sources/LegadoBookSource/Network/CacheManager.swift /Users/runner/work/bookon/bookon/Sources/LegadoBookSource/Network/CharsetDetector/CharsetDetector.swift /Users/runner/work/bookon/bookon/Sources/LegadoBookSource/Network/CharsetDetector/CharsetMatch.swift /Users/runner/work/bookon/bookon/Sources/LegadoBookSource/Network/CharsetDetector/CharsetRecog2022.swift /Users/runner/work/bookon/bookon/Sources/LegadoBookSource/Network/CharsetDetector/CharsetRecogMBCS.swift /Users/runner/work/bookon/bookon/Sources/LegadoBookSource/Network/CharsetDetector/CharsetRecogSBCS.swift /Users/runner/work/bookon/bookon/Sources/LegadoBookSource/Network/CharsetDetector/CharsetRecogUTF8.swift /Users/runner/work/bookon/bookon/Sources/LegadoBookSource/Network/CharsetDetector/CharsetRecogUnicode.swift /Users/runner/work/bookon/bookon/Sources/LegadoBookSource/Network/CharsetDetector/CharsetRecognizer.swift /Users/runner/work/bookon/bookon/Sources/LegadoBookSource/Network/CharsetDetector/CharsetTables.swift /Users/runner/work/bookon/bookon/Sources/LegadoBookSource/Network/CharsetDetector/EncodingDetect.swift /Users/runner/work/bookon/bookon/Sources/LegadoBookSource/Network/ConcurrentRateLimiter.swift /Users/runner/work/bookon/bookon/Sources/LegadoBookSource/Network/CookieManager.swift /Users/runner/work/bookon/bookon/Sources/LegadoBookSource/Network/CookieStore.swift /Users/runner/work/bookon/bookon/Sources/LegadoBookSource/Network/GsonJSON.swift /Users/runner/work/bookon/bookon/Sources/LegadoBookSource/Network/HTTPTypes.swift /Users/runner/work/bookon/bookon/Sources/LegadoBookSource/Network/HttpUrl.swift /Users/runner/work/bookon/bookon/Sources/LegadoBookSource/Network/NetworkUtilsEncoding.swift /Users/runner/work/bookon/bookon/Sources/LegadoBookSource/Network/RealAjaxProvider.swift /Users/runner/work/bookon/bookon/Sources/LegadoBookSource/Network/RealJsNetworkExtensionsProvider.swift /Users/runner/work/bookon/bookon/Sources/LegadoBookSource/Network/URLSessionHTTPClient.swift /Users/runner/work/bookon/bookon/Sources/LegadoBookSource/Network/UrlOption.swift /Users/runner/work/bookon/bookon/Sources/LegadoBookSource/Rule/BookInfoRule.swift /Users/runner/work/bookon/bookon/Sources/LegadoBookSource/Rule/BookListRule.swift /Users/runner/work/bookon/bookon/Sources/LegadoBookSource/Rule/ContentRule.swift /Users/runner/work/bookon/bookon/Sources/LegadoBookSource/Rule/ExploreKind.swift /Users/runner/work/bookon/bookon/Sources/LegadoBookSource/Rule/ExploreRule.swift /Users/runner/work/bookon/bookon/Sources/LegadoBookSource/Rule/FlexChildStyle.swift /Users/runner/work/bookon/bookon/Sources/LegadoBookSource/Rule/ReviewRule.swift /Users/runner/work/bookon/bookon/Sources/LegadoBookSource/Rule/RowUi.swift /Users/runner/work/bookon/bookon/Sources/LegadoBookSource/Rule/SearchRule.swift /Users/runner/work/bookon/bookon/Sources/LegadoBookSource/Rule/TocRule.swift /Users/runner/work/bookon/bookon/Sources/LegadoBookSource/RuleEngine/AnalyzeByJSonPath.swift /Users/runner/work/bookon/bookon/Sources/LegadoBookSource/RuleEngine/AnalyzeByJSoup+Elements.swift /Users/runner/work/bookon/bookon/Sources/LegadoBookSource/RuleEngine/AnalyzeByJSoup.swift /Users/runner/work/bookon/bookon/Sources/LegadoBookSource/RuleEngine/AnalyzeByJSoupRules.swift /Users/runner/work/bookon/bookon/Sources/LegadoBookSource/RuleEngine/AnalyzeByRegex.swift /Users/runner/work/bookon/bookon/Sources/LegadoBookSource/RuleEngine/AnalyzeByXPath.swift /Users/runner/work/bookon/bookon/Sources/LegadoBookSource/RuleEngine/AnalyzeRule+Dispatch.swift /Users/runner/work/bookon/bookon/Sources/LegadoBookSource/RuleEngine/AnalyzeRule+JS.swift /Users/runner/work/bookon/bookon/Sources/LegadoBookSource/RuleEngine/AnalyzeRule+Rules.swift /Users/runner/work/bookon/bookon/Sources/LegadoBookSource/RuleEngine/AnalyzeRule.swift /Users/runner/work/bookon/bookon/Sources/LegadoBookSource/RuleEngine/AnalyzeRuleDependencies.swift /Users/runner/work/bookon/bookon/Sources/LegadoBookSource/RuleEngine/DebugLogger.swift /Users/runner/work/bookon/bookon/Sources/LegadoBookSource/RuleEngine/DefaultJSONPathEvaluator.swift /Users/runner/work/bookon/bookon/Sources/LegadoBookSource/RuleEngine/HtmlEntities.swift /Users/runner/work/bookon/bookon/Sources/LegadoBookSource/RuleEngine/HtmlFormatter.swift /Users/runner/work/bookon/bookon/Sources/LegadoBookSource/RuleEngine/HtmlUnescape.swift /Users/runner/work/bookon/bookon/Sources/LegadoBookSource/RuleEngine/JSEngine.swift /Users/runner/work/bookon/bookon/Sources/LegadoBookSource/RuleEngine/JSJavaBridge.swift /Users/runner/work/bookon/bookon/Sources/LegadoBookSource/RuleEngine/JSONPathEvaluator.swift /Users/runner/work/bookon/bookon/Sources/LegadoBookSource/RuleEngine/JSONPathParser.swift /Users/runner/work/bookon/bookon/Sources/LegadoBookSource/RuleEngine/JavaDoubleFormat.swift /Users/runner/work/bookon/bookon/Sources/LegadoBookSource/RuleEngine/JavaURLResolver.swift /Users/runner/work/bookon/bookon/Sources/LegadoBookSource/RuleEngine/JsExtensionsCatalog.swift /Users/runner/work/bookon/bookon/Sources/LegadoBookSource/RuleEngine/JsExtensionsCore.swift /Users/runner/work/bookon/bookon/Sources/LegadoBookSource/RuleEngine/JsExtensionsRuntime.swift /Users/runner/work/bookon/bookon/Sources/LegadoBookSource/RuleEngine/JsNumberFormat.swift /Users/runner/work/bookon/bookon/Sources/LegadoBookSource/RuleEngine/JsoupCompatSerializer.swift /Users/runner/work/bookon/bookon/Sources/LegadoBookSource/RuleEngine/JsoupJSBridge.swift /Users/runner/work/bookon/bookon/Sources/LegadoBookSource/RuleEngine/LegadoStringExtensions.swift /Users/runner/work/bookon/bookon/Sources/LegadoBookSource/RuleEngine/NetworkUtils.swift /Users/runner/work/bookon/bookon/Sources/LegadoBookSource/RuleEngine/OrderedJSONParser.swift /Users/runner/work/bookon/bookon/Sources/LegadoBookSource/RuleEngine/RegexTemplate.swift /Users/runner/work/bookon/bookon/Sources/LegadoBookSource/RuleEngine/RuleAnalyzer.swift /Users/runner/work/bookon/bookon/Sources/LegadoBookSource/RuleEngine/RuleEngineDiagnostics.swift /Users/runner/work/bookon/bookon/Sources/LegadoBookSource/RuleEngine/RuleEngineError.swift /Users/runner/work/bookon/bookon/Sources/LegadoBookSource/RuleEngine/RuleValue.swift /Users/runner/work/bookon/bookon/Sources/LegadoBookSource/RuleEngine/SourceRule.swift /Users/runner/work/bookon/bookon/Sources/LegadoBookSource/RuleEngine/StringUtils.swift /Users/runner/work/bookon/bookon/Sources/LegadoBookSource/RuleEngine/SwiftSoupElementsCompat.swift /Users/runner/work/bookon/bookon/Sources/LegadoBookSource/RuleEngine/SwiftSoupTextNormalizeFix.swift /Users/runner/work/bookon/bookon/Sources/LegadoBookSource/RuleEngine/SwiftSoupXPathEvaluator.swift /Users/runner/work/bookon/bookon/Sources/LegadoBookSource/RuleEngine/SwiftSoupXPathFunctions.swift /Users/runner/work/bookon/bookon/Sources/LegadoBookSource/RuleEngine/SwiftSoupXPathParser.swift /Users/runner/work/bookon/bookon/Sources/LegadoBookSource/RuleEngine/SwiftSoupXPathPredicate.swift /Users/runner/work/bookon/bookon/Sources/LegadoBookSource/RuleEngine/SwiftSoupXPathStepParser.swift /Users/runner/work/bookon/bookon/Sources/LegadoBookSource/RuleEngine/XPathEvaluator.swift /Users/runner/work/bookon/bookon/Sources/LegadoBookSource/SearchBook.swift /Users/runner/work/bookon/bookon/Sources/LegadoBookSource/StringOrObject.swift /Users/runner/work/bookon/bookon/Sources/LegadoBookSource/WebBook/BookChapterList.swift /Users/runner/work/bookon/bookon/Sources/LegadoBookSource/WebBook/BookContent.swift /Users/runner/work/bookon/bookon/Sources/LegadoBookSource/WebBook/BookInfo.swift /Users/runner/work/bookon/bookon/Sources/LegadoBookSource/WebBook/BookList.swift /Users/runner/work/bookon/bookon/Sources/LegadoBookSource/WebBook/Debug.swift /Users/runner/work/bookon/bookon/Sources/LegadoBookSource/WebBook/WebBook.swift /Users/runner/work/bookon/bookon/Sources/LegadoBookSource/WebBook/WebBookNetwork.swift /Users/runner/work/bookon/bookon/Sources/LegadoBookSource/WebBook/WebBookOptions.swift /Users/runner/work/bookon/bookon/Sources/LegadoBookSource/WebBook/WebBookSupport.swift -supplementary-output-file-map /Users/runner/Library/Developer/Xcode/DerivedData/BookonDebug-ehazsigvxemoqzdtqumqzfgyfpkz/Build/Intermediates.noindex/ArchiveIntermediates/BookonDebug/IntermediateBuildFilesPath/LegadoBookSource.build/Release-iphoneos/LegadoBookSource.build/Objects-normal/arm64/supplementaryOutputs-2 -target arm64-apple-ios17.0 -Xllvm -aarch64-use-tbi -enable-objc-interop -stack-check -sdk /Applications/Xcode_15.4.app/Contents/Developer/Platforms/iPhoneOS.platform/Developer/SDKs/iPhoneOS17.5.sdk -I /Users/runner/Library/Developer/Xcode/DerivedData/BookonDebug-ehazsigvxemoqzdtqumqzfgyfpkz/Build/Intermediates.noindex/ArchiveIntermediates/BookonDebug/BuildProductsPath/Release-iphoneos -I /Applications/Xcode_15.4.app/Contents/Developer/Platforms/iPhoneOS.platform/Developer/usr/lib -F /Users/runner/Library/Developer/Xcode/DerivedData/BookonDebug-ehazsigvxemoqzdtqumqzfgyfpkz/Build/Intermediates.noindex/ArchiveIntermediates/BookonDebug/BuildProductsPath/Release-iphoneos/PackageFrameworks -F /Users/runner/Library/Developer/Xcode/DerivedData/BookonDebug-ehazsigvxemoqzdtqumqzfgyfpkz/Build/Intermediates.noindex/ArchiveIntermediates/BookonDebug/BuildProductsPath/Release-iphoneos -F /Applications/Xcode_15.4.app/Contents/Developer/Platforms/iPhoneOS.platform/Developer/Library/Frameworks -F /Applications/Xcode_15.4.app/Contents/Developer/Platforms/iPhoneOS.platform/Developer/SDKs/iPhoneOS17.5.sdk/Developer/Library/Frameworks -no-color-diagnostics -g -module-cache-path /Users/runner/Library/Developer/Xcode/DerivedData/ModuleCache.noindex -swift-version 5 -enforce-exclusivity\=checked -O -D SWIFT_PACKAGE -D Xcode -serialize-debugging-options -package-name bookon -const-gather-protocols-file /Users/runner/Library/Developer/Xcode/DerivedData/BookonDebug-ehazsigvxemoqzdtqumqzfgyfpkz/Build/Intermediates.noindex/ArchiveIntermediates/BookonDebug/IntermediateBuildFilesPath/LegadoBookSource.build/Release-iphoneos/LegadoBookSource.build/Objects-normal/arm64/LegadoBookSource_const_extract_protocols.json -empty-abi-descriptor -validate-clang-modules-once -clang-build-session-file /Users/runner/Library/Developer/Xcode/DerivedData/ModuleCache.noindex/Session.modulevalidation -Xcc -working-directory -Xcc /Users/runner/work/bookon/bookon -resource-dir /Applications/Xcode_15.4.app/Contents/Developer/Toolchains/XcodeDefault.xctoolchain/usr/lib/swift -Xcc -ivfsstatcache -Xcc /Users/runner/Library/Developer/Xcode/DerivedData/SDKStatCaches.noindex/iphoneos17.5-21F77-f0fa7969d082b13145125136a829df3a.sdkstatcache -Xcc -I/Users/runner/Library/Developer/Xcode/DerivedData/BookonDebug-ehazsigvxemoqzdtqumqzfgyfpkz/Build/Intermediates.noindex/ArchiveIntermediates/BookonDebug/IntermediateBuildFilesPath/LegadoBookSource.build/Release-iphoneos/LegadoBookSource.build/swift-overrides.hmap -Xcc -I/Users/runner/Library/Developer/Xcode/DerivedData/BookonDebug-ehazsigvxemoqzdtqumqzfgyfpkz/Build/Intermediates.noindex/ArchiveIntermediates/BookonDebug/BuildProductsPath/Release-iphoneos/include -Xcc -I/Users/runner/Library/Developer/Xcode/DerivedData/BookonDebug-ehazsigvxemoqzdtqumqzfgyfpkz/Build/Intermediates.noindex/ArchiveIntermediates/BookonDebug/IntermediateBuildFilesPath/LegadoBookSource.build/Release-iphoneos/LegadoBookSource.build/DerivedSources-normal/arm64 -Xcc -I/Users/runner/Library/Developer/Xcode/DerivedData/BookonDebug-ehazsigvxemoqzdtqumqzfgyfpkz/Build/Intermediates.noindex/ArchiveIntermediates/BookonDebug/IntermediateBuildFilesPath/LegadoBookSource.build/Release-iphoneos/LegadoBookSource.build/DerivedSources/arm64 -Xcc -I/Users/runner/Library/Developer/Xcode/DerivedData/BookonDebug-ehazsigvxemoqzdtqumqzfgyfpkz/Build/Intermediates.noindex/ArchiveIntermediates/BookonDebug/IntermediateBuildFilesPath/LegadoBookSource.build/Release-iphoneos/LegadoBookSource.build/DerivedSources -Xcc -DSWIFT_PACKAGE -module-name LegadoBookSource -frontend-parseable-output -disable-clang-spi -target-sdk-version 17.5 -target-sdk-name iphoneos17.5 -external-plugin-path /Applications/Xcode_15.4.app/Contents/Developer/Platforms/iPhoneOS.platform/Developer/SDKs/iPhoneOS17.5.sdk/usr/lib/swift/host/plugins\#/Applications/Xcode_15.4.app/Contents/Developer/Platforms/iPhoneOS.platform/Developer/SDKs/iPhoneOS17.5.sdk/usr/bin/swift-plugin-server -external-plugin-path /Applications/Xcode_15.4.app/Contents/Developer/Platforms/iPhoneOS.platform/Developer/SDKs/iPhoneOS17.5.sdk/usr/local/lib/swift/host/plugins\#/Applications/Xcode_15.4.app/Contents/Developer/Platforms/iPhoneOS.platform/Developer/SDKs/iPhoneOS17.5.sdk/usr/bin/swift-plugin-server -external-plugin-path /Applications/Xcode_15.4.app/Contents/Developer/Platforms/iPhoneOS.platform/Developer/usr/lib/swift/host/plugins\#/Applications/Xcode_15.4.app/Contents/Developer/Platforms/iPhoneOS.platform/Developer/usr/bin/swift-plugin-server -external-plugin-path /Applications/Xcode_15.4.app/Contents/Developer/Platforms/iPhoneOS.platform/Developer/usr/local/lib/swift/host/plugins\#/Applications/Xcode_15.4.app/Contents/Developer/Platforms/iPhoneOS.platform/Developer/usr/bin/swift-plugin-server -plugin-path /Applications/Xcode_15.4.app/Contents/Developer/Toolchains/XcodeDefault.xctoolchain/usr/lib/swift/host/plugins -plugin-path /Applications/Xcode_15.4.app/Contents/Developer/Toolchains/XcodeDefault.xctoolchain/usr/local/lib/swift/host/plugins -enable-default-cmo -num-threads 3 -o /Users/runner/Library/Developer/Xcode/DerivedData/BookonDebug-ehazsigvxemoqzdtqumqzfgyfpkz/Build/Intermediates.noindex/ArchiveIntermediates/BookonDebug/IntermediateBuildFilesPath/LegadoBookSource.build/Release-iphoneos/LegadoBookSource.build/Objects-normal/arm64/resource_bundle_accessor.o -o /Users/runner/Library/Developer/Xcode/DerivedData/BookonDebug-ehazsigvxemoqzdtqumqzfgyfpkz/Build/Intermediates.noindex/ArchiveIntermediates/BookonDebug/IntermediateBuildFilesPath/LegadoBookSource.build/Release-iphoneos/LegadoBookSource.build/Objects-normal/arm64/BaseBook.o -o /Users/runner/Library/Developer/Xcode/DerivedData/BookonDebug-ehazsigvxemoqzdtqumqzfgyfpkz/Build/Intermediates.noindex/ArchiveIntermediates/BookonDebug/IntermediateBuildFilesPath/LegadoBookSource.build/Release-iphoneos/LegadoBookSource.build/Objects-normal/arm64/BaseSource.o -o /Users/runner/Library/Developer/Xcode/DerivedData/BookonDebug-ehazsigvxemoqzdtqumqzfgyfpkz/Build/Intermediates.noindex/ArchiveIntermediates/BookonDebug/IntermediateBuildFilesPath/LegadoBookSource.build/Release-iphoneos/LegadoBookSource.build/Objects-normal/arm64/Book.o -o /Users/runner/Library/Developer/Xcode/DerivedData/BookonDebug-ehazsigvxemoqzdtqumqzfgyfpkz/Build/Intermediates.noindex/ArchiveIntermediates/BookonDebug/IntermediateBuildFilesPath/LegadoBookSource.build/Release-iphoneos/LegadoBookSource.build/Objects-normal/arm64/BookChapter.o -o /Users/runner/Library/Developer/Xcode/DerivedData/BookonDebug-ehazsigvxemoqzdtqumqzfgyfpkz/Build/Intermediates.noindex/ArchiveIntermediates/BookonDebug/IntermediateBuildFilesPath/LegadoBookSource.build/Release-iphoneos/LegadoBookSource.build/Objects-normal/arm64/BookSource.o -o /Users/runner/Library/Developer/Xcode/DerivedData/BookonDebug-ehazsigvxemoqzdtqumqzfgyfpkz/Build/Intermediates.noindex/ArchiveIntermediates/BookonDebug/IntermediateBuildFilesPath/LegadoBookSource.build/Release-iphoneos/LegadoBookSource.build/Objects-normal/arm64/BookSourceImporter.o -o /Users/runner/Library/Developer/Xcode/DerivedData/BookonDebug-ehazsigvxemoqzdtqumqzfgyfpkz/Build/Intermediates.noindex/ArchiveIntermediates/BookonDebug/IntermediateBuildFilesPath/LegadoBookSource.build/Release-iphoneos/LegadoBookSource.build/Objects-normal/arm64/BookSourceType.o -o /Users/runner/Library/Developer/Xcode/DerivedData/BookonDebug-ehazsigvxemoqzdtqumqzfgyfpkz/Build/Intermediates.noindex/ArchiveIntermediates/BookonDebug/IntermediateBuildFilesPath/LegadoBookSource.build/Release-iphoneos/LegadoBookSource.build/Objects-normal/arm64/BookType.o -o /Users/runner/Library/Developer/Xcode/DerivedData/BookonDebug-ehazsigvxemoqzdtqumqzfgyfpkz/Build/Intermediates.noindex/ArchiveIntermediates/BookonDebug/IntermediateBuildFilesPath/LegadoBookSource.build/Release-iphoneos/LegadoBookSource.build/Objects-normal/arm64/LegadoJSON.o -o /Users/runner/Library/Developer/Xcode/DerivedData/BookonDebug-ehazsigvxemoqzdtqumqzfgyfpkz/Build/Intermediates.noindex/ArchiveIntermediates/BookonDebug/IntermediateBuildFilesPath/LegadoBookSource.build/Release-iphoneos/LegadoBookSource.build/Objects-normal/arm64/LenientDecoding.o -o /Users/runner/Library/Developer/Xcode/DerivedData/BookonDebug-ehazsigvxemoqzdtqumqzfgyfpkz/Build/Intermediates.noindex/ArchiveIntermediates/BookonDebug/IntermediateBuildFilesPath/LegadoBookSource.build/Release-iphoneos/LegadoBookSource.build/Objects-normal/arm64/AnalyzeUrl.o -o /Users/runner/Library/Developer/Xcode/DerivedData/BookonDebug-ehazsigvxemoqzdtqumqzfgyfpkz/Build/Intermediates.noindex/ArchiveIntermediates/BookonDebug/IntermediateBuildFilesPath/LegadoBookSource.build/Release-iphoneos/LegadoBookSource.build/Objects-normal/arm64/CacheManager.o -o /Users/runner/Library/Developer/Xcode/DerivedData/BookonDebug-ehazsigvxemoqzdtqumqzfgyfpkz/Build/Intermediates.noindex/ArchiveIntermediates/BookonDebug/IntermediateBuildFilesPath/LegadoBookSource.build/Release-iphoneos/LegadoBookSource.build/Objects-normal/arm64/CharsetDetector.o -o /Users/runner/Library/Developer/Xcode/DerivedData/BookonDebug-ehazsigvxemoqzdtqumqzfgyfpkz/Build/Intermediates.noindex/ArchiveIntermediates/BookonDebug/IntermediateBuildFilesPath/LegadoBookSource.build/Release-iphoneos/LegadoBookSource.build/Objects-normal/arm64/CharsetMatch.o -o /Users/runner/Library/Developer/Xcode/DerivedData/BookonDebug-ehazsigvxemoqzdtqumqzfgyfpkz/Build/Intermediates.noindex/ArchiveIntermediates/BookonDebug/IntermediateBuildFilesPath/LegadoBookSource.build/Release-iphoneos/LegadoBookSource.build/Objects-normal/arm64/CharsetRecog2022.o -o /Users/runner/Library/Developer/Xcode/DerivedData/BookonDebug-ehazsigvxemoqzdtqumqzfgyfpkz/Build/Intermediates.noindex/ArchiveIntermediates/BookonDebug/IntermediateBuildFilesPath/LegadoBookSource.build/Release-iphoneos/LegadoBookSource.build/Objects-normal/arm64/CharsetRecogMBCS.o -o /Users/runner/Library/Developer/Xcode/DerivedData/BookonDebug-ehazsigvxemoqzdtqumqzfgyfpkz/Build/Intermediates.noindex/ArchiveIntermediates/BookonDebug/IntermediateBuildFilesPath/LegadoBookSource.build/Release-iphoneos/LegadoBookSource.build/Objects-normal/arm64/CharsetRecogSBCS.o -o /Users/runner/Library/Developer/Xcode/DerivedData/BookonDebug-ehazsigvxemoqzdtqumqzfgyfpkz/Build/Intermediates.noindex/ArchiveIntermediates/BookonDebug/IntermediateBuildFilesPath/LegadoBookSource.build/Release-iphoneos/LegadoBookSource.build/Objects-normal/arm64/CharsetRecogUTF8.o -o /Users/runner/Library/Developer/Xcode/DerivedData/BookonDebug-ehazsigvxemoqzdtqumqzfgyfpkz/Build/Intermediates.noindex/ArchiveIntermediates/BookonDebug/IntermediateBuildFilesPath/LegadoBookSource.build/Release-iphoneos/LegadoBookSource.build/Objects-normal/arm64/CharsetRecogUnicode.o -o /Users/runner/Library/Developer/Xcode/DerivedData/BookonDebug-ehazsigvxemoqzdtqumqzfgyfpkz/Build/Intermediates.noindex/ArchiveIntermediates/BookonDebug/IntermediateBuildFilesPath/LegadoBookSource.build/Release-iphoneos/LegadoBookSource.build/Objects-normal/arm64/CharsetRecognizer.o -o /Users/runner/Library/Developer/Xcode/DerivedData/BookonDebug-ehazsigvxemoqzdtqumqzfgyfpkz/Build/Intermediates.noindex/ArchiveIntermediates/BookonDebug/IntermediateBuildFilesPath/LegadoBookSource.build/Release-iphoneos/LegadoBookSource.build/Objects-normal/arm64/CharsetTables.o -o /Users/runner/Library/Developer/Xcode/DerivedData/BookonDebug-ehazsigvxemoqzdtqumqzfgyfpkz/Build/Intermediates.noindex/ArchiveIntermediates/BookonDebug/IntermediateBuildFilesPath/LegadoBookSource.build/Release-iphoneos/LegadoBookSource.build/Objects-normal/arm64/EncodingDetect.o -o /Users/runner/Library/Developer/Xcode/DerivedData/BookonDebug-ehazsigvxemoqzdtqumqzfgyfpkz/Build/Intermediates.noindex/ArchiveIntermediates/BookonDebug/IntermediateBuildFilesPath/LegadoBookSource.build/Release-iphoneos/LegadoBookSource.build/Objects-normal/arm64/ConcurrentRateLimiter.o -o /Users/runner/Library/Developer/Xcode/DerivedData/BookonDebug-ehazsigvxemoqzdtqumqzfgyfpkz/Build/Intermediates.noindex/ArchiveIntermediates/BookonDebug/IntermediateBuildFilesPath/LegadoBookSource.build/Release-iphoneos/LegadoBookSource.build/Objects-normal/arm64/CookieManager.o -o /Users/runner/Library/Developer/Xcode/DerivedData/BookonDebug-ehazsigvxemoqzdtqumqzfgyfpkz/Build/Intermediates.noindex/ArchiveIntermediates/BookonDebug/IntermediateBuildFilesPath/LegadoBookSource.build/Release-iphoneos/LegadoBookSource.build/Objects-normal/arm64/CookieStore.o -o /Users/runner/Library/Developer/Xcode/DerivedData/BookonDebug-ehazsigvxemoqzdtqumqzfgyfpkz/Build/Intermediates.noindex/ArchiveIntermediates/BookonDebug/IntermediateBuildFilesPath/LegadoBookSource.build/Release-iphoneos/LegadoBookSource.build/Objects-normal/arm64/GsonJSON.o -o /Users/runner/Library/Developer/Xcode/DerivedData/BookonDebug-ehazsigvxemoqzdtqumqzfgyfpkz/Build/Intermediates.noindex/ArchiveIntermediates/BookonDebug/IntermediateBuildFilesPath/LegadoBookSource.build/Release-iphoneos/LegadoBookSource.build/Objects-normal/arm64/HTTPTypes.o -o /Users/runner/Library/Developer/Xcode/DerivedData/BookonDebug-ehazsigvxemoqzdtqumqzfgyfpkz/Build/Intermediates.noindex/ArchiveIntermediates/BookonDebug/IntermediateBuildFilesPath/LegadoBookSource.build/Release-iphoneos/LegadoBookSource.build/Objects-normal/arm64/HttpUrl.o -o /Users/runner/Library/Developer/Xcode/DerivedData/BookonDebug-ehazsigvxemoqzdtqumqzfgyfpkz/Build/Intermediates.noindex/ArchiveIntermediates/BookonDebug/IntermediateBuildFilesPath/LegadoBookSource.build/Release-iphoneos/LegadoBookSource.build/Objects-normal/arm64/NetworkUtilsEncoding.o -o /Users/runner/Library/Developer/Xcode/DerivedData/BookonDebug-ehazsigvxemoqzdtqumqzfgyfpkz/Build/Intermediates.noindex/ArchiveIntermediates/BookonDebug/IntermediateBuildFilesPath/LegadoBookSource.build/Release-iphoneos/LegadoBookSource.build/Objects-normal/arm64/RealAjaxProvider.o -o /Users/runner/Library/Developer/Xcode/DerivedData/BookonDebug-ehazsigvxemoqzdtqumqzfgyfpkz/Build/Intermediates.noindex/ArchiveIntermediates/BookonDebug/IntermediateBuildFilesPath/LegadoBookSource.build/Release-iphoneos/LegadoBookSource.build/Objects-normal/arm64/RealJsNetworkExtensionsProvider.o -o /Users/runner/Library/Developer/Xcode/DerivedData/BookonDebug-ehazsigvxemoqzdtqumqzfgyfpkz/Build/Intermediates.noindex/ArchiveIntermediates/BookonDebug/IntermediateBuildFilesPath/LegadoBookSource.build/Release-iphoneos/LegadoBookSource.build/Objects-normal/arm64/URLSessionHTTPClient.o -o /Users/runner/Library/Developer/Xcode/DerivedData/BookonDebug-ehazsigvxemoqzdtqumqzfgyfpkz/Build/Intermediates.noindex/ArchiveIntermediates/BookonDebug/IntermediateBuildFilesPath/LegadoBookSource.build/Release-iphoneos/LegadoBookSource.build/Objects-normal/arm64/UrlOption.o -o /Users/runner/Library/Developer/Xcode/DerivedData/BookonDebug-ehazsigvxemoqzdtqumqzfgyfpkz/Build/Intermediates.noindex/ArchiveIntermediates/BookonDebug/IntermediateBuildFilesPath/LegadoBookSource.build/Release-iphoneos/LegadoBookSource.build/Objects-normal/arm64/BookInfoRule.o -o /Users/runner/Library/Developer/Xcode/DerivedData/BookonDebug-ehazsigvxemoqzdtqumqzfgyfpkz/Build/Intermediates.noindex/ArchiveIntermediates/BookonDebug/IntermediateBuildFilesPath/LegadoBookSource.build/Release-iphoneos/LegadoBookSource.build/Objects-normal/arm64/BookListRule.o -o /Users/runner/Library/Developer/Xcode/DerivedData/BookonDebug-ehazsigvxemoqzdtqumqzfgyfpkz/Build/Intermediates.noindex/ArchiveIntermediates/BookonDebug/IntermediateBuildFilesPath/LegadoBookSource.build/Release-iphoneos/LegadoBookSource.build/Objects-normal/arm64/ContentRule.o -o /Users/runner/Library/Developer/Xcode/DerivedData/BookonDebug-ehazsigvxemoqzdtqumqzfgyfpkz/Build/Intermediates.noindex/ArchiveIntermediates/BookonDebug/IntermediateBuildFilesPath/LegadoBookSource.build/Release-iphoneos/LegadoBookSource.build/Objects-normal/arm64/ExploreKind.o -o /Users/runner/Library/Developer/Xcode/DerivedData/BookonDebug-ehazsigvxemoqzdtqumqzfgyfpkz/Build/Intermediates.noindex/ArchiveIntermediates/BookonDebug/IntermediateBuildFilesPath/LegadoBookSource.build/Release-iphoneos/LegadoBookSource.build/Objects-normal/arm64/ExploreRule.o -o /Users/runner/Library/Developer/Xcode/DerivedData/BookonDebug-ehazsigvxemoqzdtqumqzfgyfpkz/Build/Intermediates.noindex/ArchiveIntermediates/BookonDebug/IntermediateBuildFilesPath/LegadoBookSource.build/Release-iphoneos/LegadoBookSource.build/Objects-normal/arm64/FlexChildStyle.o -o /Users/runner/Library/Developer/Xcode/DerivedData/BookonDebug-ehazsigvxemoqzdtqumqzfgyfpkz/Build/Intermediates.noindex/ArchiveIntermediates/BookonDebug/IntermediateBuildFilesPath/LegadoBookSource.build/Release-iphoneos/LegadoBookSource.build/Objects-normal/arm64/ReviewRule.o -o /Users/runner/Library/Developer/Xcode/DerivedData/BookonDebug-ehazsigvxemoqzdtqumqzfgyfpkz/Build/Intermediates.noindex/ArchiveIntermediates/BookonDebug/IntermediateBuildFilesPath/LegadoBookSource.build/Release-iphoneos/LegadoBookSource.build/Objects-normal/arm64/RowUi.o -o /Users/runner/Library/Developer/Xcode/DerivedData/BookonDebug-ehazsigvxemoqzdtqumqzfgyfpkz/Build/Intermediates.noindex/ArchiveIntermediates/BookonDebug/IntermediateBuildFilesPath/LegadoBookSource.build/Release-iphoneos/LegadoBookSource.build/Objects-normal/arm64/SearchRule.o -o /Users/runner/Library/Developer/Xcode/DerivedData/BookonDebug-ehazsigvxemoqzdtqumqzfgyfpkz/Build/Intermediates.noindex/ArchiveIntermediates/BookonDebug/IntermediateBuildFilesPath/LegadoBookSource.build/Release-iphoneos/LegadoBookSource.build/Objects-normal/arm64/TocRule.o -o /Users/runner/Library/Developer/Xcode/DerivedData/BookonDebug-ehazsigvxemoqzdtqumqzfgyfpkz/Build/Intermediates.noindex/ArchiveIntermediates/BookonDebug/IntermediateBuildFilesPath/LegadoBookSource.build/Release-iphoneos/LegadoBookSource.build/Objects-normal/arm64/AnalyzeByJSonPath.o -o /Users/runner/Library/Developer/Xcode/DerivedData/BookonDebug-ehazsigvxemoqzdtqumqzfgyfpkz/Build/Intermediates.noindex/ArchiveIntermediates/BookonDebug/IntermediateBuildFilesPath/LegadoBookSource.build/Release-iphoneos/LegadoBookSource.build/Objects-normal/arm64/AnalyzeByJSoup+Elements.o -o /Users/runner/Library/Developer/Xcode/DerivedData/BookonDebug-ehazsigvxemoqzdtqumqzfgyfpkz/Build/Intermediates.noindex/ArchiveIntermediates/BookonDebug/IntermediateBuildFilesPath/LegadoBookSource.build/Release-iphoneos/LegadoBookSource.build/Objects-normal/arm64/AnalyzeByJSoup.o -o /Users/runner/Library/Developer/Xcode/DerivedData/BookonDebug-ehazsigvxemoqzdtqumqzfgyfpkz/Build/Intermediates.noindex/ArchiveIntermediates/BookonDebug/IntermediateBuildFilesPath/LegadoBookSource.build/Release-iphoneos/LegadoBookSource.build/Objects-normal/arm64/AnalyzeByJSoupRules.o -o /Users/runner/Library/Developer/Xcode/DerivedData/BookonDebug-ehazsigvxemoqzdtqumqzfgyfpkz/Build/Intermediates.noindex/ArchiveIntermediates/BookonDebug/IntermediateBuildFilesPath/LegadoBookSource.build/Release-iphoneos/LegadoBookSource.build/Objects-normal/arm64/AnalyzeByRegex.o -o /Users/runner/Library/Developer/Xcode/DerivedData/BookonDebug-ehazsigvxemoqzdtqumqzfgyfpkz/Build/Intermediates.noindex/ArchiveIntermediates/BookonDebug/IntermediateBuildFilesPath/LegadoBookSource.build/Release-iphoneos/LegadoBookSource.build/Objects-normal/arm64/AnalyzeByXPath.o -o /Users/runner/Library/Developer/Xcode/DerivedData/BookonDebug-ehazsigvxemoqzdtqumqzfgyfpkz/Build/Intermediates.noindex/ArchiveIntermediates/BookonDebug/IntermediateBuildFilesPath/LegadoBookSource.build/Release-iphoneos/LegadoBookSource.build/Objects-normal/arm64/AnalyzeRule+Dispatch.o -o /Users/runner/Library/Developer/Xcode/DerivedData/BookonDebug-ehazsigvxemoqzdtqumqzfgyfpkz/Build/Intermediates.noindex/ArchiveIntermediates/BookonDebug/IntermediateBuildFilesPath/LegadoBookSource.build/Release-iphoneos/LegadoBookSource.build/Objects-normal/arm64/AnalyzeRule+JS.o -o /Users/runner/Library/Developer/Xcode/DerivedData/BookonDebug-ehazsigvxemoqzdtqumqzfgyfpkz/Build/Intermediates.noindex/ArchiveIntermediates/BookonDebug/IntermediateBuildFilesPath/LegadoBookSource.build/Release-iphoneos/LegadoBookSource.build/Objects-normal/arm64/AnalyzeRule+Rules.o -o /Users/runner/Library/Developer/Xcode/DerivedData/BookonDebug-ehazsigvxemoqzdtqumqzfgyfpkz/Build/Intermediates.noindex/ArchiveIntermediates/BookonDebug/IntermediateBuildFilesPath/LegadoBookSource.build/Release-iphoneos/LegadoBookSource.build/Objects-normal/arm64/AnalyzeRule.o -o /Users/runner/Library/Developer/Xcode/DerivedData/BookonDebug-ehazsigvxemoqzdtqumqzfgyfpkz/Build/Intermediates.noindex/ArchiveIntermediates/BookonDebug/IntermediateBuildFilesPath/LegadoBookSource.build/Release-iphoneos/LegadoBookSource.build/Objects-normal/arm64/AnalyzeRuleDependencies.o -o /Users/runner/Library/Developer/Xcode/DerivedData/BookonDebug-ehazsigvxemoqzdtqumqzfgyfpkz/Build/Intermediates.noindex/ArchiveIntermediates/BookonDebug/IntermediateBuildFilesPath/LegadoBookSource.build/Release-iphoneos/LegadoBookSource.build/Objects-normal/arm64/DebugLogger.o -o /Users/runner/Library/Developer/Xcode/DerivedData/BookonDebug-ehazsigvxemoqzdtqumqzfgyfpkz/Build/Intermediates.noindex/ArchiveIntermediates/BookonDebug/IntermediateBuildFilesPath/LegadoBookSource.build/Release-iphoneos/LegadoBookSource.build/Objects-normal/arm64/DefaultJSONPathEvaluator.o -o /Users/runner/Library/Developer/Xcode/DerivedData/BookonDebug-ehazsigvxemoqzdtqumqzfgyfpkz/Build/Intermediates.noindex/ArchiveIntermediates/BookonDebug/IntermediateBuildFilesPath/LegadoBookSource.build/Release-iphoneos/LegadoBookSource.build/Objects-normal/arm64/HtmlEntities.o -o /Users/runner/Library/Developer/Xcode/DerivedData/BookonDebug-ehazsigvxemoqzdtqumqzfgyfpkz/Build/Intermediates.noindex/ArchiveIntermediates/BookonDebug/IntermediateBuildFilesPath/LegadoBookSource.build/Release-iphoneos/LegadoBookSource.build/Objects-normal/arm64/HtmlFormatter.o -o /Users/runner/Library/Developer/Xcode/DerivedData/BookonDebug-ehazsigvxemoqzdtqumqzfgyfpkz/Build/Intermediates.noindex/ArchiveIntermediates/BookonDebug/IntermediateBuildFilesPath/LegadoBookSource.build/Release-iphoneos/LegadoBookSource.build/Objects-normal/arm64/HtmlUnescape.o -o /Users/runner/Library/Developer/Xcode/DerivedData/BookonDebug-ehazsigvxemoqzdtqumqzfgyfpkz/Build/Intermediates.noindex/ArchiveIntermediates/BookonDebug/IntermediateBuildFilesPath/LegadoBookSource.build/Release-iphoneos/LegadoBookSource.build/Objects-normal/arm64/JSEngine.o -o /Users/runner/Library/Developer/Xcode/DerivedData/BookonDebug-ehazsigvxemoqzdtqumqzfgyfpkz/Build/Intermediates.noindex/ArchiveIntermediates/BookonDebug/IntermediateBuildFilesPath/LegadoBookSource.build/Release-iphoneos/LegadoBookSource.build/Objects-normal/arm64/JSJavaBridge.o -o /Users/runner/Library/Developer/Xcode/DerivedData/BookonDebug-ehazsigvxemoqzdtqumqzfgyfpkz/Build/Intermediates.noindex/ArchiveIntermediates/BookonDebug/IntermediateBuildFilesPath/LegadoBookSource.build/Release-iphoneos/LegadoBookSource.build/Objects-normal/arm64/JSONPathEvaluator.o -o /Users/runner/Library/Developer/Xcode/DerivedData/BookonDebug-ehazsigvxemoqzdtqumqzfgyfpkz/Build/Intermediates.noindex/ArchiveIntermediates/BookonDebug/IntermediateBuildFilesPath/LegadoBookSource.build/Release-iphoneos/LegadoBookSource.build/Objects-normal/arm64/JSONPathParser.o -o /Users/runner/Library/Developer/Xcode/DerivedData/BookonDebug-ehazsigvxemoqzdtqumqzfgyfpkz/Build/Intermediates.noindex/ArchiveIntermediates/BookonDebug/IntermediateBuildFilesPath/LegadoBookSource.build/Release-iphoneos/LegadoBookSource.build/Objects-normal/arm64/JavaDoubleFormat.o -o /Users/runner/Library/Developer/Xcode/DerivedData/BookonDebug-ehazsigvxemoqzdtqumqzfgyfpkz/Build/Intermediates.noindex/ArchiveIntermediates/BookonDebug/IntermediateBuildFilesPath/LegadoBookSource.build/Release-iphoneos/LegadoBookSource.build/Objects-normal/arm64/JavaURLResolver.o -o /Users/runner/Library/Developer/Xcode/DerivedData/BookonDebug-ehazsigvxemoqzdtqumqzfgyfpkz/Build/Intermediates.noindex/ArchiveIntermediates/BookonDebug/IntermediateBuildFilesPath/LegadoBookSource.build/Release-iphoneos/LegadoBookSource.build/Objects-normal/arm64/JsExtensionsCatalog.o -o /Users/runner/Library/Developer/Xcode/DerivedData/BookonDebug-ehazsigvxemoqzdtqumqzfgyfpkz/Build/Intermediates.noindex/ArchiveIntermediates/BookonDebug/IntermediateBuildFilesPath/LegadoBookSource.build/Release-iphoneos/LegadoBookSource.build/Objects-normal/arm64/JsExtensionsCore.o -o /Users/runner/Library/Developer/Xcode/DerivedData/BookonDebug-ehazsigvxemoqzdtqumqzfgyfpkz/Build/Intermediates.noindex/ArchiveIntermediates/BookonDebug/IntermediateBuildFilesPath/LegadoBookSource.build/Release-iphoneos/LegadoBookSource.build/Objects-normal/arm64/JsExtensionsRuntime.o -o /Users/runner/Library/Developer/Xcode/DerivedData/BookonDebug-ehazsigvxemoqzdtqumqzfgyfpkz/Build/Intermediates.noindex/ArchiveIntermediates/BookonDebug/IntermediateBuildFilesPath/LegadoBookSource.build/Release-iphoneos/LegadoBookSource.build/Objects-normal/arm64/JsNumberFormat.o -o /Users/runner/Library/Developer/Xcode/DerivedData/BookonDebug-ehazsigvxemoqzdtqumqzfgyfpkz/Build/Intermediates.noindex/ArchiveIntermediates/BookonDebug/IntermediateBuildFilesPath/LegadoBookSource.build/Release-iphoneos/LegadoBookSource.build/Objects-normal/arm64/JsoupCompatSerializer.o -o /Users/runner/Library/Developer/Xcode/DerivedData/BookonDebug-ehazsigvxemoqzdtqumqzfgyfpkz/Build/Intermediates.noindex/ArchiveIntermediates/BookonDebug/IntermediateBuildFilesPath/LegadoBookSource.build/Release-iphoneos/LegadoBookSource.build/Objects-normal/arm64/JsoupJSBridge.o -o /Users/runner/Library/Developer/Xcode/DerivedData/BookonDebug-ehazsigvxemoqzdtqumqzfgyfpkz/Build/Intermediates.noindex/ArchiveIntermediates/BookonDebug/IntermediateBuildFilesPath/LegadoBookSource.build/Release-iphoneos/LegadoBookSource.build/Objects-normal/arm64/LegadoStringExtensions.o -o /Users/runner/Library/Developer/Xcode/DerivedData/BookonDebug-ehazsigvxemoqzdtqumqzfgyfpkz/Build/Intermediates.noindex/ArchiveIntermediates/BookonDebug/IntermediateBuildFilesPath/LegadoBookSource.build/Release-iphoneos/LegadoBookSource.build/Objects-normal/arm64/NetworkUtils.o -o /Users/runner/Library/Developer/Xcode/DerivedData/BookonDebug-ehazsigvxemoqzdtqumqzfgyfpkz/Build/Intermediates.noindex/ArchiveIntermediates/BookonDebug/IntermediateBuildFilesPath/LegadoBookSource.build/Release-iphoneos/LegadoBookSource.build/Objects-normal/arm64/OrderedJSONParser.o -o /Users/runner/Library/Developer/Xcode/DerivedData/BookonDebug-ehazsigvxemoqzdtqumqzfgyfpkz/Build/Intermediates.noindex/ArchiveIntermediates/BookonDebug/IntermediateBuildFilesPath/LegadoBookSource.build/Release-iphoneos/LegadoBookSource.build/Objects-normal/arm64/RegexTemplate.o -o /Users/runner/Library/Developer/Xcode/DerivedData/BookonDebug-ehazsigvxemoqzdtqumqzfgyfpkz/Build/Intermediates.noindex/ArchiveIntermediates/BookonDebug/IntermediateBuildFilesPath/LegadoBookSource.build/Release-iphoneos/LegadoBookSource.build/Objects-normal/arm64/RuleAnalyzer.o -o /Users/runner/Library/Developer/Xcode/DerivedData/BookonDebug-ehazsigvxemoqzdtqumqzfgyfpkz/Build/Intermediates.noindex/ArchiveIntermediates/BookonDebug/IntermediateBuildFilesPath/LegadoBookSource.build/Release-iphoneos/LegadoBookSource.build/Objects-normal/arm64/RuleEngineDiagnostics.o -o /Users/runner/Library/Developer/Xcode/DerivedData/BookonDebug-ehazsigvxemoqzdtqumqzfgyfpkz/Build/Intermediates.noindex/ArchiveIntermediates/BookonDebug/IntermediateBuildFilesPath/LegadoBookSource.build/Release-iphoneos/LegadoBookSource.build/Objects-normal/arm64/RuleEngineError.o -o /Users/runner/Library/Developer/Xcode/DerivedData/BookonDebug-ehazsigvxemoqzdtqumqzfgyfpkz/Build/Intermediates.noindex/ArchiveIntermediates/BookonDebug/IntermediateBuildFilesPath/LegadoBookSource.build/Release-iphoneos/LegadoBookSource.build/Objects-normal/arm64/RuleValue.o -o /Users/runner/Library/Developer/Xcode/DerivedData/BookonDebug-ehazsigvxemoqzdtqumqzfgyfpkz/Build/Intermediates.noindex/ArchiveIntermediates/BookonDebug/IntermediateBuildFilesPath/LegadoBookSource.build/Release-iphoneos/LegadoBookSource.build/Objects-normal/arm64/SourceRule.o -o /Users/runner/Library/Developer/Xcode/DerivedData/BookonDebug-ehazsigvxemoqzdtqumqzfgyfpkz/Build/Intermediates.noindex/ArchiveIntermediates/BookonDebug/IntermediateBuildFilesPath/LegadoBookSource.build/Release-iphoneos/LegadoBookSource.build/Objects-normal/arm64/StringUtils.o -o /Users/runner/Library/Developer/Xcode/DerivedData/BookonDebug-ehazsigvxemoqzdtqumqzfgyfpkz/Build/Intermediates.noindex/ArchiveIntermediates/BookonDebug/IntermediateBuildFilesPath/LegadoBookSource.build/Release-iphoneos/LegadoBookSource.build/Objects-normal/arm64/SwiftSoupElementsCompat.o -o /Users/runner/Library/Developer/Xcode/DerivedData/BookonDebug-ehazsigvxemoqzdtqumqzfgyfpkz/Build/Intermediates.noindex/ArchiveIntermediates/BookonDebug/IntermediateBuildFilesPath/LegadoBookSource.build/Release-iphoneos/LegadoBookSource.build/Objects-normal/arm64/SwiftSoupTextNormalizeFix.o -o /Users/runner/Library/Developer/Xcode/DerivedData/BookonDebug-ehazsigvxemoqzdtqumqzfgyfpkz/Build/Intermediates.noindex/ArchiveIntermediates/BookonDebug/IntermediateBuildFilesPath/LegadoBookSource.build/Release-iphoneos/LegadoBookSource.build/Objects-normal/arm64/SwiftSoupXPathEvaluator.o -o /Users/runner/Library/Developer/Xcode/DerivedData/BookonDebug-ehazsigvxemoqzdtqumqzfgyfpkz/Build/Intermediates.noindex/ArchiveIntermediates/BookonDebug/IntermediateBuildFilesPath/LegadoBookSource.build/Release-iphoneos/LegadoBookSource.build/Objects-normal/arm64/SwiftSoupXPathFunctions.o -o /Users/runner/Library/Developer/Xcode/DerivedData/BookonDebug-ehazsigvxemoqzdtqumqzfgyfpkz/Build/Intermediates.noindex/ArchiveIntermediates/BookonDebug/IntermediateBuildFilesPath/LegadoBookSource.build/Release-iphoneos/LegadoBookSource.build/Objects-normal/arm64/SwiftSoupXPathParser.o -o /Users/runner/Library/Developer/Xcode/DerivedData/BookonDebug-ehazsigvxemoqzdtqumqzfgyfpkz/Build/Intermediates.noindex/ArchiveIntermediates/BookonDebug/IntermediateBuildFilesPath/LegadoBookSource.build/Release-iphoneos/LegadoBookSource.build/Objects-normal/arm64/SwiftSoupXPathPredicate.o -o /Users/runner/Library/Developer/Xcode/DerivedData/BookonDebug-ehazsigvxemoqzdtqumqzfgyfpkz/Build/Intermediates.noindex/ArchiveIntermediates/BookonDebug/IntermediateBuildFilesPath/LegadoBookSource.build/Release-iphoneos/LegadoBookSource.build/Objects-normal/arm64/SwiftSoupXPathStepParser.o -o /Users/runner/Library/Developer/Xcode/DerivedData/BookonDebug-ehazsigvxemoqzdtqumqzfgyfpkz/Build/Intermediates.noindex/ArchiveIntermediates/BookonDebug/IntermediateBuildFilesPath/LegadoBookSource.build/Release-iphoneos/LegadoBookSource.build/Objects-normal/arm64/XPathEvaluator.o -o /Users/runner/Library/Developer/Xcode/DerivedData/BookonDebug-ehazsigvxemoqzdtqumqzfgyfpkz/Build/Intermediates.noindex/ArchiveIntermediates/BookonDebug/IntermediateBuildFilesPath/LegadoBookSource.build/Release-iphoneos/LegadoBookSource.build/Objects-normal/arm64/SearchBook.o -o /Users/runner/Library/Developer/Xcode/DerivedData/BookonDebug-ehazsigvxemoqzdtqumqzfgyfpkz/Build/Intermediates.noindex/ArchiveIntermediates/BookonDebug/IntermediateBuildFilesPath/LegadoBookSource.build/Release-iphoneos/LegadoBookSource.build/Objects-normal/arm64/StringOrObject.o -o /Users/runner/Library/Developer/Xcode/DerivedData/BookonDebug-ehazsigvxemoqzdtqumqzfgyfpkz/Build/Intermediates.noindex/ArchiveIntermediates/BookonDebug/IntermediateBuildFilesPath/LegadoBookSource.build/Release-iphoneos/LegadoBookSource.build/Objects-normal/arm64/BookChapterList.o -o /Users/runner/Library/Developer/Xcode/DerivedData/BookonDebug-ehazsigvxemoqzdtqumqzfgyfpkz/Build/Intermediates.noindex/ArchiveIntermediates/BookonDebug/IntermediateBuildFilesPath/LegadoBookSource.build/Release-iphoneos/LegadoBookSource.build/Objects-normal/arm64/BookContent.o -o /Users/runner/Library/Developer/Xcode/DerivedData/BookonDebug-ehazsigvxemoqzdtqumqzfgyfpkz/Build/Intermediates.noindex/ArchiveIntermediates/BookonDebug/IntermediateBuildFilesPath/LegadoBookSource.build/Release-iphoneos/LegadoBookSource.build/Objects-normal/arm64/BookInfo.o -o /Users/runner/Library/Developer/Xcode/DerivedData/BookonDebug-ehazsigvxemoqzdtqumqzfgyfpkz/Build/Intermediates.noindex/ArchiveIntermediates/BookonDebug/IntermediateBuildFilesPath/LegadoBookSource.build/Release-iphoneos/LegadoBookSource.build/Objects-normal/arm64/BookList.o -o /Users/runner/Library/Developer/Xcode/DerivedData/BookonDebug-ehazsigvxemoqzdtqumqzfgyfpkz/Build/Intermediates.noindex/ArchiveIntermediates/BookonDebug/IntermediateBuildFilesPath/LegadoBookSource.build/Release-iphoneos/LegadoBookSource.build/Objects-normal/arm64/Debug.o -o /Users/runner/Library/Developer/Xcode/DerivedData/BookonDebug-ehazsigvxemoqzdtqumqzfgyfpkz/Build/Intermediates.noindex/ArchiveIntermediates/BookonDebug/IntermediateBuildFilesPath/LegadoBookSource.build/Release-iphoneos/LegadoBookSource.build/Objects-normal/arm64/WebBook.o -o /Users/runner/Library/Developer/Xcode/DerivedData/BookonDebug-ehazsigvxemoqzdtqumqzfgyfpkz/Build/Intermediates.noindex/ArchiveIntermediates/BookonDebug/IntermediateBuildFilesPath/LegadoBookSource.build/Release-iphoneos/LegadoBookSource.build/Objects-normal/arm64/WebBookNetwork.o -o /Users/runner/Library/Developer/Xcode/DerivedData/BookonDebug-ehazsigvxemoqzdtqumqzfgyfpkz/Build/Intermediates.noindex/ArchiveIntermediates/BookonDebug/IntermediateBuildFilesPath/LegadoBookSource.build/Release-iphoneos/LegadoBookSource.build/Objects-normal/arm64/WebBookOptions.o -o /Users/runner/Library/Developer/Xcode/DerivedData/BookonDebug-ehazsigvxemoqzdtqumqzfgyfpkz/Build/Intermediates.noindex/ArchiveIntermediates/BookonDebug/IntermediateBuildFilesPath/LegadoBookSource.build/Release-iphoneos/LegadoBookSource.build/Objects-normal/arm64/WebBookSupport.o -index-unit-output-path /LegadoBookSource.build/Release-iphoneos/LegadoBookSource.build/Objects-normal/arm64/resource_bundle_accessor.o -index-unit-output-path /LegadoBookSource.build/Release-iphoneos/LegadoBookSource.build/Objects-normal/arm64/BaseBook.o -index-unit-output-path /LegadoBookSource.build/Release-iphoneos/LegadoBookSource.build/Objects-normal/arm64/BaseSource.o -index-unit-output-path /LegadoBookSource.build/Release-iphoneos/LegadoBookSource.build/Objects-normal/arm64/Book.o -index-unit-output-path /LegadoBookSource.build/Release-iphoneos/LegadoBookSource.build/Objects-normal/arm64/BookChapter.o -index-unit-output-path /LegadoBookSource.build/Release-iphoneos/LegadoBookSource.build/Objects-normal/arm64/BookSource.o -index-unit-output-path /LegadoBookSource.build/Release-iphoneos/LegadoBookSource.build/Objects-normal/arm64/BookSourceImporter.o -index-unit-output-path /LegadoBookSource.build/Release-iphoneos/LegadoBookSource.build/Objects-normal/arm64/BookSourceType.o -index-unit-output-path /LegadoBookSource.build/Release-iphoneos/LegadoBookSource.build/Objects-normal/arm64/BookType.o -index-unit-output-path /LegadoBookSource.build/Release-iphoneos/LegadoBookSource.build/Objects-normal/arm64/LegadoJSON.o -index-unit-output-path /LegadoBookSource.build/Release-iphoneos/LegadoBookSource.build/Objects-normal/arm64/LenientDecoding.o -index-unit-output-path /LegadoBookSource.build/Release-iphoneos/LegadoBookSource.build/Objects-normal/arm64/AnalyzeUrl.o -index-unit-output-path /LegadoBookSource.build/Release-iphoneos/LegadoBookSource.build/Objects-normal/arm64/CacheManager.o -index-unit-output-path /LegadoBookSource.build/Release-iphoneos/LegadoBookSource.build/Objects-normal/arm64/CharsetDetector.o -index-unit-output-path /LegadoBookSource.build/Release-iphoneos/LegadoBookSource.build/Objects-normal/arm64/CharsetMatch.o -index-unit-output-path /LegadoBookSource.build/Release-iphoneos/LegadoBookSource.build/Objects-normal/arm64/CharsetRecog2022.o -index-unit-output-path /LegadoBookSource.build/Release-iphoneos/LegadoBookSource.build/Objects-normal/arm64/CharsetRecogMBCS.o -index-unit-output-path /LegadoBookSource.build/Release-iphoneos/LegadoBookSource.build/Objects-normal/arm64/CharsetRecogSBCS.o -index-unit-output-path /LegadoBookSource.build/Release-iphoneos/LegadoBookSource.build/Objects-normal/arm64/CharsetRecogUTF8.o -index-unit-output-path /LegadoBookSource.build/Release-iphoneos/LegadoBookSource.build/Objects-normal/arm64/CharsetRecogUnicode.o -index-unit-output-path /LegadoBookSource.build/Release-iphoneos/LegadoBookSource.build/Objects-normal/arm64/CharsetRecognizer.o -index-unit-output-path /LegadoBookSource.build/Release-iphoneos/LegadoBookSource.build/Objects-normal/arm64/CharsetTables.o -index-unit-output-path /LegadoBookSource.build/Release-iphoneos/LegadoBookSource.build/Objects-normal/arm64/EncodingDetect.o -index-unit-output-path /LegadoBookSource.build/Release-iphoneos/LegadoBookSource.build/Objects-normal/arm64/ConcurrentRateLimiter.o -index-unit-output-path /LegadoBookSource.build/Release-iphoneos/LegadoBookSource.build/Objects-normal/arm64/CookieManager.o -index-unit-output-path /LegadoBookSource.build/Release-iphoneos/LegadoBookSource.build/Objects-normal/arm64/CookieStore.o -index-unit-output-path /LegadoBookSource.build/Release-iphoneos/LegadoBookSource.build/Objects-normal/arm64/GsonJSON.o -index-unit-output-path /LegadoBookSource.build/Release-iphoneos/LegadoBookSource.build/Objects-normal/arm64/HTTPTypes.o -index-unit-output-path /LegadoBookSource.build/Release-iphoneos/LegadoBookSource.build/Objects-normal/arm64/HttpUrl.o -index-unit-output-path /LegadoBookSource.build/Release-iphoneos/LegadoBookSource.build/Objects-normal/arm64/NetworkUtilsEncoding.o -index-unit-output-path /LegadoBookSource.build/Release-iphoneos/LegadoBookSource.build/Objects-normal/arm64/RealAjaxProvider.o -index-unit-output-path /LegadoBookSource.build/Release-iphoneos/LegadoBookSource.build/Objects-normal/arm64/RealJsNetworkExtensionsProvider.o -index-unit-output-path /LegadoBookSource.build/Release-iphoneos/LegadoBookSource.build/Objects-normal/arm64/URLSessionHTTPClient.o -index-unit-output-path /LegadoBookSource.build/Release-iphoneos/LegadoBookSource.build/Objects-normal/arm64/UrlOption.o -index-unit-output-path /LegadoBookSource.build/Release-iphoneos/LegadoBookSource.build/Objects-normal/arm64/BookInfoRule.o -index-unit-output-path /LegadoBookSource.build/Release-iphoneos/LegadoBookSource.build/Objects-normal/arm64/BookListRule.o -index-unit-output-path /LegadoBookSource.build/Release-iphoneos/LegadoBookSource.build/Objects-normal/arm64/ContentRule.o -index-unit-output-path /LegadoBookSource.build/Release-iphoneos/LegadoBookSource.build/Objects-normal/arm64/ExploreKind.o -index-unit-output-path /LegadoBookSource.build/Release-iphoneos/LegadoBookSource.build/Objects-normal/arm64/ExploreRule.o -index-unit-output-path /LegadoBookSource.build/Release-iphoneos/LegadoBookSource.build/Objects-normal/arm64/FlexChildStyle.o -index-unit-output-path /LegadoBookSource.build/Release-iphoneos/LegadoBookSource.build/Objects-normal/arm64/ReviewRule.o -index-unit-output-path /LegadoBookSource.build/Release-iphoneos/LegadoBookSource.build/Objects-normal/arm64/RowUi.o -index-unit-output-path /LegadoBookSource.build/Release-iphoneos/LegadoBookSource.build/Objects-normal/arm64/SearchRule.o -index-unit-output-path /LegadoBookSource.build/Release-iphoneos/LegadoBookSource.build/Objects-normal/arm64/TocRule.o -index-unit-output-path /LegadoBookSource.build/Release-iphoneos/LegadoBookSource.build/Objects-normal/arm64/AnalyzeByJSonPath.o -index-unit-output-path /LegadoBookSource.build/Release-iphoneos/LegadoBookSource.build/Objects-normal/arm64/AnalyzeByJSoup+Elements.o -index-unit-output-path /LegadoBookSource.build/Release-iphoneos/LegadoBookSource.build/Objects-normal/arm64/AnalyzeByJSoup.o -index-unit-output-path /LegadoBookSource.build/Release-iphoneos/LegadoBookSource.build/Objects-normal/arm64/AnalyzeByJSoupRules.o -index-unit-output-path /LegadoBookSource.build/Release-iphoneos/LegadoBookSource.build/Objects-normal/arm64/AnalyzeByRegex.o -index-unit-output-path /LegadoBookSource.build/Release-iphoneos/LegadoBookSource.build/Objects-normal/arm64/AnalyzeByXPath.o -index-unit-output-path /LegadoBookSource.build/Release-iphoneos/LegadoBookSource.build/Objects-normal/arm64/AnalyzeRule+Dispatch.o -index-unit-output-path /LegadoBookSource.build/Release-iphoneos/LegadoBookSource.build/Objects-normal/arm64/AnalyzeRule+JS.o -index-unit-output-path /LegadoBookSource.build/Release-iphoneos/LegadoBookSource.build/Objects-normal/arm64/AnalyzeRule+Rules.o -index-unit-output-path /LegadoBookSource.build/Release-iphoneos/LegadoBookSource.build/Objects-normal/arm64/AnalyzeRule.o -index-unit-output-path /LegadoBookSource.build/Release-iphoneos/LegadoBookSource.build/Objects-normal/arm64/AnalyzeRuleDependencies.o -index-unit-output-path /LegadoBookSource.build/Release-iphoneos/LegadoBookSource.build/Objects-normal/arm64/DebugLogger.o -index-unit-output-path /LegadoBookSource.build/Release-iphoneos/LegadoBookSource.build/Objects-normal/arm64/DefaultJSONPathEvaluator.o -index-unit-output-path /LegadoBookSource.build/Release-iphoneos/LegadoBookSource.build/Objects-normal/arm64/HtmlEntities.o -index-unit-output-path /LegadoBookSource.build/Release-iphoneos/LegadoBookSource.build/Objects-normal/arm64/HtmlFormatter.o -index-unit-output-path /LegadoBookSource.build/Release-iphoneos/LegadoBookSource.build/Objects-normal/arm64/HtmlUnescape.o -index-unit-output-path /LegadoBookSource.build/Release-iphoneos/LegadoBookSource.build/Objects-normal/arm64/JSEngine.o -index-unit-output-path /LegadoBookSource.build/Release-iphoneos/LegadoBookSource.build/Objects-normal/arm64/JSJavaBridge.o -index-unit-output-path /LegadoBookSource.build/Release-iphoneos/LegadoBookSource.build/Objects-normal/arm64/JSONPathEvaluator.o -index-unit-output-path /LegadoBookSource.build/Release-iphoneos/LegadoBookSource.build/Objects-normal/arm64/JSONPathParser.o -index-unit-output-path /LegadoBookSource.build/Release-iphoneos/LegadoBookSource.build/Objects-normal/arm64/JavaDoubleFormat.o -index-unit-output-path /LegadoBookSource.build/Release-iphoneos/LegadoBookSource.build/Objects-normal/arm64/JavaURLResolver.o -index-unit-output-path /LegadoBookSource.build/Release-iphoneos/LegadoBookSource.build/Objects-normal/arm64/JsExtensionsCatalog.o -index-unit-output-path /LegadoBookSource.build/Release-iphoneos/LegadoBookSource.build/Objects-normal/arm64/JsExtensionsCore.o -index-unit-output-path /LegadoBookSource.build/Release-iphoneos/LegadoBookSource.build/Objects-normal/arm64/JsExtensionsRuntime.o -index-unit-output-path /LegadoBookSource.build/Release-iphoneos/LegadoBookSource.build/Objects-normal/arm64/JsNumberFormat.o -index-unit-output-path /LegadoBookSource.build/Release-iphoneos/LegadoBookSource.build/Objects-normal/arm64/JsoupCompatSerializer.o -index-unit-output-path /LegadoBookSource.build/Release-iphoneos/LegadoBookSource.build/Objects-normal/arm64/JsoupJSBridge.o -index-unit-output-path /LegadoBookSource.build/Release-iphoneos/LegadoBookSource.build/Objects-normal/arm64/LegadoStringExtensions.o -index-unit-output-path /LegadoBookSource.build/Release-iphoneos/LegadoBookSource.build/Objects-normal/arm64/NetworkUtils.o -index-unit-output-path /LegadoBookSource.build/Release-iphoneos/LegadoBookSource.build/Objects-normal/arm64/OrderedJSONParser.o -index-unit-output-path /LegadoBookSource.build/Release-iphoneos/LegadoBookSource.build/Objects-normal/arm64/RegexTemplate.o -index-unit-output-path /LegadoBookSource.build/Release-iphoneos/LegadoBookSource.build/Objects-normal/arm64/RuleAnalyzer.o -index-unit-output-path /LegadoBookSource.build/Release-iphoneos/LegadoBookSource.build/Objects-normal/arm64/RuleEngineDiagnostics.o -index-unit-output-path /LegadoBookSource.build/Release-iphoneos/LegadoBookSource.build/Objects-normal/arm64/RuleEngineError.o -index-unit-output-path /LegadoBookSource.build/Release-iphoneos/LegadoBookSource.build/Objects-normal/arm64/RuleValue.o -index-unit-output-path /LegadoBookSource.build/Release-iphoneos/LegadoBookSource.build/Objects-normal/arm64/SourceRule.o -index-unit-output-path /LegadoBookSource.build/Release-iphoneos/LegadoBookSource.build/Objects-normal/arm64/StringUtils.o -index-unit-output-path /LegadoBookSource.build/Release-iphoneos/LegadoBookSource.build/Objects-normal/arm64/SwiftSoupElementsCompat.o -index-unit-output-path /LegadoBookSource.build/Release-iphoneos/LegadoBookSource.build/Objects-normal/arm64/SwiftSoupTextNormalizeFix.o -index-unit-output-path /LegadoBookSource.build/Release-iphoneos/LegadoBookSource.build/Objects-normal/arm64/SwiftSoupXPathEvaluator.o -index-unit-output-path /LegadoBookSource.build/Release-iphoneos/LegadoBookSource.build/Objects-normal/arm64/SwiftSoupXPathFunctions.o -index-unit-output-path /LegadoBookSource.build/Release-iphoneos/LegadoBookSource.build/Objects-normal/arm64/SwiftSoupXPathParser.o -index-unit-output-path /LegadoBookSource.build/Release-iphoneos/LegadoBookSource.build/Objects-normal/arm64/SwiftSoupXPathPredicate.o -index-unit-output-path /LegadoBookSource.build/Release-iphoneos/LegadoBookSource.build/Objects-normal/arm64/SwiftSoupXPathStepParser.o -index-unit-output-path /LegadoBookSource.build/Release-iphoneos/LegadoBookSource.build/Objects-normal/arm64/XPathEvaluator.o -index-unit-output-path /LegadoBookSource.build/Release-iphoneos/LegadoBookSource.build/Objects-normal/arm64/SearchBook.o -index-unit-output-path /LegadoBookSource.build/Release-iphoneos/LegadoBookSource.build/Objects-normal/arm64/StringOrObject.o -index-unit-output-path /LegadoBookSource.build/Release-iphoneos/LegadoBookSource.build/Objects-normal/arm64/BookChapterList.o -index-unit-output-path /LegadoBookSource.build/Release-iphoneos/LegadoBookSource.build/Objects-normal/arm64/BookContent.o -index-unit-output-path /LegadoBookSource.build/Release-iphoneos/LegadoBookSource.build/Objects-normal/arm64/BookInfo.o -index-unit-output-path /LegadoBookSource.build/Release-iphoneos/LegadoBookSource.build/Objects-normal/arm64/BookList.o -index-unit-output-path /LegadoBookSource.build/Release-iphoneos/LegadoBookSource.build/Objects-normal/arm64/Debug.o -index-unit-output-path /LegadoBookSource.build/Release-iphoneos/LegadoBookSource.build/Objects-normal/arm64/WebBook.o -index-unit-output-path /LegadoBookSource.build/Release-iphoneos/LegadoBookSource.build/Objects-normal/arm64/WebBookNetwork.o -index-unit-output-path /LegadoBookSource.build/Release-iphoneos/LegadoBookSource.build/Objects-normal/arm64/WebBookOptions.o -index-unit-output-path /LegadoBookSource.build/Release-iphoneos/LegadoBookSource.build/Objects-normal/arm64/WebBookSupport.o
2026-10-06T13:42:28.8755050Z /Users/runner/work/bookon/bookon/Sources/LegadoBookSource/Network/AnalyzeUrl.swift:577:13: warning: variable 'headers' was never mutated; consider changing to 'let' constant
2026-10-06T13:42:28.8775000Z         var headers = headerMap
2026-10-06T13:42:28.8778270Z         ~~~ ^
2026-10-06T13:42:28.8778860Z         let
2026-10-06T13:42:28.8781020Z /Users/runner/work/bookon/bookon/Sources/LegadoBookSource/Network/HTTPTypes.swift:230:14: warning: instance method 'lock' is unavailable from asynchronous contexts; Use async-safe scoped locking instead; this is an error in Swift 6
2026-10-06T13:42:28.8806400Z         lock.lock()
2026-10-06T13:42:28.8807110Z              ^
2026-10-06T13:42:28.8808050Z Foundation.NSLock:11:15: note: 'lock()' declared here
2026-10-06T13:42:28.8809460Z     open func lock()
2026-10-06T13:42:28.8810080Z               ^
2026-10-06T13:42:28.8813310Z /Users/runner/work/bookon/bookon/Sources/LegadoBookSource/Network/HTTPTypes.swift:233:14: warning: instance method 'unlock' is unavailable from asynchronous contexts; Use async-safe scoped locking instead; this is an error in Swift 6
2026-10-06T13:42:28.8817100Z         lock.unlock()
2026-10-06T13:42:28.8818370Z              ^
2026-10-06T13:42:28.8820320Z Foundation.NSLock:12:15: note: 'unlock()' declared here
2026-10-06T13:42:28.8821300Z     open func unlock()
2026-10-06T13:42:28.8822360Z               ^
2026-10-06T13:42:28.8823850Z /Users/runner/work/bookon/bookon/Sources/LegadoBookSource/Network/URLSessionHTTPClient.swift:113:34: warning: no 'async' operations occur within 'await' expression
2026-10-06T13:42:28.8847410Z                 let result = try await webJSProvider.eval(js: request.webJs ?? "",
2026-10-06T13:42:28.8848630Z                                  ^
2026-10-06T13:42:28.8850560Z /Users/runner/work/bookon/bookon/Sources/LegadoBookSource/RuleEngine/JsExtensionsRuntime.swift:58:27: warning: no calls to throwing functions occur within 'try' expression
2026-10-06T13:42:28.8853640Z                 return ok(try putFn(stringArg(arguments, 0), stringArg(arguments, 1)))
2026-10-06T13:42:28.8858130Z                           ^
2026-10-06T13:42:28.8862070Z /Users/runner/work/bookon/bookon/Sources/LegadoBookSource/RuleEngine/JsoupCompatSerializer.swift:429:42: warning: conditional downcast from 'Element?' to 'Element' does nothing
2026-10-06T13:42:28.8864350Z         if let parent = element.parent() as? Element {
2026-10-06T13:42:28.8865070Z                         ~~~~~~~~~~~~~~~~~^~~~~~~~~~~
2026-10-06T13:42:28.8865830Z                                         
2026-10-06T13:42:28.8867540Z /Users/runner/work/bookon/bookon/Sources/LegadoBookSource/RuleEngine/JsoupCompatSerializer.swift:444:34: warning: conditional downcast from 'Element?' to 'Element' does nothing
2026-10-06T13:42:28.8871820Z         if let parentEl = parent as? Element {
2026-10-06T13:42:28.8872490Z                           ~~~~~~~^~~~~~~~~~~
2026-10-06T13:42:28.8873300Z                                 
2026-10-06T13:42:28.8875150Z /Users/runner/work/bookon/bookon/Sources/LegadoBookSource/RuleEngine/JsoupJSBridge.swift:89:21: warning: variable 'all' was never mutated; consider changing to 'let' constant
2026-10-06T13:42:28.8877220Z                 var all = Elements()
2026-10-06T13:42:28.8877890Z                 ~~~ ^
2026-10-06T13:42:28.8878580Z                 let
2026-10-06T13:42:28.8880580Z /Users/runner/work/bookon/bookon/Sources/LegadoBookSource/RuleEngine/RegexTemplate.swift:54:25: warning: variable 'j' was never mutated; consider changing to 'let' constant
2026-10-06T13:42:28.8881480Z                     var j = i + 2
2026-10-06T13:42:28.8881860Z                     ~~~ ^
2026-10-06T13:42:28.8882080Z                     let
2026-10-06T13:42:28.8882980Z /Users/runner/work/bookon/bookon/Sources/LegadoBookSource/RuleEngine/SourceRule.swift:17:5: warning: 'internal(set)' modifier is redundant for an internal property
2026-10-06T13:42:28.8883710Z     internal(set) var replaceRegex = ""
2026-10-06T13:42:28.8884030Z     ^~~~~~~~~~~~~~
2026-10-06T13:42:28.8884230Z     
2026-10-06T13:42:28.8885050Z /Users/runner/work/bookon/bookon/Sources/LegadoBookSource/RuleEngine/SourceRule.swift:18:5: warning: 'internal(set)' modifier is redundant for an internal property
2026-10-06T13:42:28.8885740Z     internal(set) var replacement = ""
2026-10-06T13:42:28.8886030Z     ^~~~~~~~~~~~~~
2026-10-06T13:42:28.8886300Z     
2026-10-06T13:42:28.8886880Z /Users/runner/work/bookon/bookon/Sources/LegadoBookSource/RuleEngine/SourceRule.swift:19:5: warning: 'internal(set)' modifier is redundant for an internal property
2026-10-06T13:42:28.8887620Z     internal(set) var replaceFirst = false
2026-10-06T13:42:28.8887940Z     ^~~~~~~~~~~~~~
2026-10-06T13:42:28.8888240Z     
2026-10-06T13:42:28.8889060Z /Users/runner/work/bookon/bookon/Sources/LegadoBookSource/WebBook/WebBookNetwork.swift:112:14: warning: instance method 'lock' is unavailable from asynchronous contexts; Use async-safe scoped locking instead; this is an error in Swift 6
2026-10-06T13:42:28.8890150Z         lock.lock()
2026-10-06T13:42:28.8890380Z              ^
2026-10-06T13:42:28.8890610Z Foundation.NSLock:11:15: note: 'lock()' declared here
2026-10-06T13:42:28.8890940Z     open func lock()
2026-10-06T13:42:28.8891170Z               ^
2026-10-06T13:42:28.8892210Z /Users/runner/work/bookon/bookon/Sources/LegadoBookSource/WebBook/WebBookNetwork.swift:122:14: warning: instance method 'unlock' is unavailable from asynchronous contexts; Use async-safe scoped locking instead; this is an error in Swift 6
2026-10-06T13:42:28.8893720Z         lock.unlock()
2026-10-06T13:42:28.8893980Z              ^
2026-10-06T13:42:28.8894250Z Foundation.NSLock:12:15: note: 'unlock()' declared here
2026-10-06T13:42:28.8894650Z     open func unlock()
2026-10-06T13:42:28.8894920Z               ^
2026-10-06T13:42:28.8895070Z 
2026-10-06T13:42:28.9171290Z SetOwnerAndGroup runner:staff /Users/runner/Library/Developer/Xcode/DerivedData/BookonDebug-ehazsigvxemoqzdtqumqzfgyfpkz/Build/Intermediates.noindex/ArchiveIntermediates/BookonDebug/IntermediateBuildFilesPath/UninstalledProducts/iphoneos/SwiftSoup.o (in target 'SwiftSoup' from project 'SwiftSoup')
2026-10-06T13:42:28.9173980Z     cd /Users/runner/Library/Developer/Xcode/DerivedData/BookonDebug-ehazsigvxemoqzdtqumqzfgyfpkz/SourcePackages/checkouts/SwiftSoup
2026-10-06T13:42:28.9175800Z     /usr/sbin/chown -RH runner:staff /Users/runner/Library/Developer/Xcode/DerivedData/BookonDebug-ehazsigvxemoqzdtqumqzfgyfpkz/Build/Intermediates.noindex/ArchiveIntermediates/BookonDebug/IntermediateBuildFilesPath/UninstalledProducts/iphoneos/SwiftSoup.o
2026-10-06T13:42:28.9177070Z 
2026-10-06T13:42:28.9178150Z SetMode u+w,go-w,a+rX /Users/runner/Library/Developer/Xcode/DerivedData/BookonDebug-ehazsigvxemoqzdtqumqzfgyfpkz/Build/Intermediates.noindex/ArchiveIntermediates/BookonDebug/IntermediateBuildFilesPath/UninstalledProducts/iphoneos/SwiftSoup.o (in target 'SwiftSoup' from project 'SwiftSoup')
2026-10-06T13:42:28.9180640Z     cd /Users/runner/Library/Developer/Xcode/DerivedData/BookonDebug-ehazsigvxemoqzdtqumqzfgyfpkz/SourcePackages/checkouts/SwiftSoup
2026-10-06T13:42:28.9182300Z     /bin/chmod -RH u+w,go-w,a+rX /Users/runner/Library/Developer/Xcode/DerivedData/BookonDebug-ehazsigvxemoqzdtqumqzfgyfpkz/Build/Intermediates.noindex/ArchiveIntermediates/BookonDebug/IntermediateBuildFilesPath/UninstalledProducts/iphoneos/SwiftSoup.o
2026-10-06T13:42:28.9183210Z 
2026-10-06T13:42:28.9184290Z RegisterExecutionPolicyException /Users/runner/Library/Developer/Xcode/DerivedData/BookonDebug-ehazsigvxemoqzdtqumqzfgyfpkz/Build/Intermediates.noindex/ArchiveIntermediates/BookonDebug/IntermediateBuildFilesPath/UninstalledProducts/iphoneos/SwiftSoup.o (in target 'SwiftSoup' from project 'SwiftSoup')
2026-10-06T13:42:28.9186630Z     cd /Users/runner/Library/Developer/Xcode/DerivedData/BookonDebug-ehazsigvxemoqzdtqumqzfgyfpkz/SourcePackages/checkouts/SwiftSoup
2026-10-06T13:42:28.9188240Z     builtin-RegisterExecutionPolicyException /Users/runner/Library/Developer/Xcode/DerivedData/BookonDebug-ehazsigvxemoqzdtqumqzfgyfpkz/Build/Intermediates.noindex/ArchiveIntermediates/BookonDebug/IntermediateBuildFilesPath/UninstalledProducts/iphoneos/SwiftSoup.o
2026-10-06T13:42:28.9189310Z 
2026-10-06T13:42:28.9190950Z WriteAuxiliaryFile /Users/runner/Library/Developer/Xcode/DerivedData/BookonDebug-ehazsigvxemoqzdtqumqzfgyfpkz/Build/Intermediates.noindex/ArchiveIntermediates/BookonDebug/IntermediateBuildFilesPath/LegadoBookSource.build/Release-iphoneos/LegadoBookSource.build/Objects-normal/arm64/LegadoBookSource.LinkFileList (in target 'LegadoBookSource' from project 'LegadoBookSource')
2026-10-06T13:42:28.9192850Z     cd /Users/runner/work/bookon/bookon
2026-10-06T13:42:28.9194660Z     write-file /Users/runner/Library/Developer/Xcode/DerivedData/BookonDebug-ehazsigvxemoqzdtqumqzfgyfpkz/Build/Intermediates.noindex/ArchiveIntermediates/BookonDebug/IntermediateBuildFilesPath/LegadoBookSource.build/Release-iphoneos/LegadoBookSource.build/Objects-normal/arm64/LegadoBookSource.LinkFileList
2026-10-06T13:42:28.9195820Z 
2026-10-06T13:42:28.9210310Z SwiftDriverJobDiscovery normal arm64 Compiling resource_bundle_accessor.swift, BaseBook.swift, BaseSource.swift, Book.swift, BookChapter.swift, BookSource.swift, BookSourceImporter.swift, BookSourceType.swift, BookType.swift, LegadoJSON.swift, LenientDecoding.swift, AnalyzeUrl.swift, CacheManager.swift, CharsetDetector.swift, CharsetMatch.swift, CharsetRecog2022.swift, CharsetRecogMBCS.swift, CharsetRecogSBCS.swift, CharsetRecogUTF8.swift, CharsetRecogUnicode.swift, CharsetRecognizer.swift, CharsetTables.swift, EncodingDetect.swift, ConcurrentRateLimiter.swift, CookieManager.swift, CookieStore.swift, GsonJSON.swift, HTTPTypes.swift, HttpUrl.swift, NetworkUtilsEncoding.swift, RealAjaxProvider.swift, RealJsNetworkExtensionsProvider.swift, URLSessionHTTPClient.swift, UrlOption.swift, BookInfoRule.swift, BookListRule.swift, ContentRule.swift, ExploreKind.swift, ExploreRule.swift, FlexChildStyle.swift, ReviewRule.swift, RowUi.swift, SearchRule.swift, TocRule.swift, AnalyzeByJSonPath.swift, AnalyzeByJSoup+Elements.swift, AnalyzeByJSoup.swift, AnalyzeByJSoupRules.swift, AnalyzeByRegex.swift, AnalyzeByXPath.swift, AnalyzeRule+Dispatch.swift, AnalyzeRule+JS.swift, AnalyzeRule+Rules.swift, AnalyzeRule.swift, AnalyzeRuleDependencies.swift, DebugLogger.swift, DefaultJSONPathEvaluator.swift, HtmlEntities.swift, HtmlFormatter.swift, HtmlUnescape.swift, JSEngine.swift, JSJavaBridge.swift, JSONPathEvaluator.swift, JSONPathParser.swift, JavaDoubleFormat.swift, JavaURLResolver.swift, JsExtensionsCatalog.swift, JsExtensionsCore.swift, JsExtensionsRuntime.swift, JsNumberFormat.swift, JsoupCompatSerializer.swift, JsoupJSBridge.swift, LegadoStringExtensions.swift, NetworkUtils.swift, OrderedJSONParser.swift, RegexTemplate.swift, RuleAnalyzer.swift, RuleEngineDiagnostics.swift, RuleEngineError.swift, RuleValue.swift, SourceRule.swift, StringUtils.swift, SwiftSoupElementsCompat.swift, SwiftSoupTextNormalizeFix.swift, SwiftSoupXPathEvaluator.swift, SwiftSoupXPathFunctions.swift, SwiftSoupXPathParser.swift, SwiftSoupXPathPredicate.swift, SwiftSoupXPathStepParser.swift, XPathEvaluator.swift, SearchBook.swift, StringOrObject.swift, BookChapterList.swift, BookContent.swift, BookInfo.swift, BookList.swift, Debug.swift, WebBook.swift, WebBookNetwork.swift, WebBookOptions.swift, WebBookSupport.swift (in target 'LegadoBookSource' from project 'LegadoBookSource')
2026-10-06T13:42:28.9230960Z 
2026-10-06T13:42:28.9231700Z SwiftDriver\ Compilation\ Requirements LegadoBookSource normal arm64 com.apple.xcode.tools.swift.compiler (in target 'LegadoBookSource' from project 'LegadoBookSource')
2026-10-06T13:42:28.9233010Z     cd /Users/runner/work/bookon/bookon
2026-10-06T13:42:28.9258030Z     builtin-Swift-Compilation-Requirements -- /Applications/Xcode_15.4.app/Contents/Developer/Toolchains/XcodeDefault.xctoolchain/usr/bin/swiftc -module-name LegadoBookSource -O -whole-module-optimization -enforce-exclusivity\=checked @/Users/runner/Library/Developer/Xcode/DerivedData/BookonDebug-ehazsigvxemoqzdtqumqzfgyfpkz/Build/Intermediates.noindex/ArchiveIntermediates/BookonDebug/IntermediateBuildFilesPath/LegadoBookSource.build/Release-iphoneos/LegadoBookSource.build/Objects-normal/arm64/LegadoBookSource.SwiftFileList -DSWIFT_PACKAGE -DXcode -sdk /Applications/Xcode_15.4.app/Contents/Developer/Platforms/iPhoneOS.platform/Developer/SDKs/iPhoneOS17.5.sdk -target arm64-apple-ios17.0 -g -module-cache-path /Users/runner/Library/Developer/Xcode/DerivedData/ModuleCache.noindex -Xfrontend -serialize-debugging-options -swift-version 5 -I /Users/runner/Library/Developer/Xcode/DerivedData/BookonDebug-ehazsigvxemoqzdtqumqzfgyfpkz/Build/Intermediates.noindex/ArchiveIntermediates/BookonDebug/BuildProductsPath/Release-iphoneos -I /Applications/Xcode_15.4.app/Contents/Developer/Platforms/iPhoneOS.platform/Developer/usr/lib -F /Users/runner/Library/Developer/Xcode/DerivedData/BookonDebug-ehazsigvxemoqzdtqumqzfgyfpkz/Build/Intermediates.noindex/ArchiveIntermediates/BookonDebug/BuildProductsPath/Release-iphoneos/PackageFrameworks -F /Users/runner/Library/Developer/Xcode/DerivedData/BookonDebug-ehazsigvxemoqzdtqumqzfgyfpkz/Build/Intermediates.noindex/ArchiveIntermediates/BookonDebug/BuildProductsPath/Release-iphoneos -F /Applications/Xcode_15.4.app/Contents/Developer/Platforms/iPhoneOS.platform/Developer/Library/Frameworks -F /Applications/Xcode_15.4.app/Contents/Developer/Platforms/iPhoneOS.platform/Developer/SDKs/iPhoneOS17.5.sdk/Developer/Library/Frameworks -c -num-threads 3 -Xcc -ivfsstatcache -Xcc /Users/runner/Library/Developer/Xcode/DerivedData/SDKStatCaches.noindex/iphoneos17.5-21F77-f0fa7969d082b13145125136a829df3a.sdkstatcache -output-file-map /Users/runner/Library/Developer/Xcode/DerivedData/BookonDebug-ehazsigvxemoqzdtqumqzfgyfpkz/Build/Intermediates.noindex/ArchiveIntermediates/BookonDebug/IntermediateBuildFilesPath/LegadoBookSource.build/Release-iphoneos/LegadoBookSource.build/Objects-normal/arm64/LegadoBookSource-OutputFileMap.json -use-frontend-parseable-output -save-temps -no-color-diagnostics -serialize-diagnostics -emit-dependencies -emit-module -emit-module-path /Users/runner/Library/Developer/Xcode/DerivedData/BookonDebug-ehazsigvxemoqzdtqumqzfgyfpkz/Build/Intermediates.noindex/ArchiveIntermediates/BookonDebug/IntermediateBuildFilesPath/LegadoBookSource.build/Release-iphoneos/LegadoBookSource.build/Objects-normal/arm64/LegadoBookSource.swiftmodule -validate-clang-modules-once -clang-build-session-file /Users/runner/Library/Developer/Xcode/DerivedData/ModuleCache.noindex/Session.modulevalidation -Xfrontend -package-name -Xfrontend bookon -Xcc -I/Users/runner/Library/Developer/Xcode/DerivedData/BookonDebug-ehazsigvxemoqzdtqumqzfgyfpkz/Build/Intermediates.noindex/ArchiveIntermediates/BookonDebug/IntermediateBuildFilesPath/LegadoBookSource.build/Release-iphoneos/LegadoBookSource.build/swift-overrides.hmap -emit-const-values -Xfrontend -const-gather-protocols-file -Xfrontend /Users/runner/Library/Developer/Xcode/DerivedData/BookonDebug-ehazsigvxemoqzdtqumqzfgyfpkz/Build/Intermediates.noindex/ArchiveIntermediates/BookonDebug/IntermediateBuildFilesPath/LegadoBookSource.build/Release-iphoneos/LegadoBookSource.build/Objects-normal/arm64/LegadoBookSource_const_extract_protocols.json -Xcc -I/Users/runner/Library/Developer/Xcode/DerivedData/BookonDebug-ehazsigvxemoqzdtqumqzfgyfpkz/Build/Intermediates.noindex/ArchiveIntermediates/BookonDebug/BuildProductsPath/Release-iphoneos/include -Xcc -I/Users/runner/Library/Developer/Xcode/DerivedData/BookonDebug-ehazsigvxemoqzdtqumqzfgyfpkz/Build/Intermediates.noindex/ArchiveIntermediates/BookonDebug/IntermediateBuildFilesPath/LegadoBookSource.build/Release-iphoneos/LegadoBookSource.build/DerivedSources-normal/arm64 -Xcc -I/Users/runner/Library/Developer/Xcode/DerivedData/BookonDebug-ehazsigvxemoqzdtqumqzfgyfpkz/Build/Intermediates.noindex/ArchiveIntermediates/BookonDebug/IntermediateBuildFilesPath/LegadoBookSource.build/Release-iphoneos/LegadoBookSource.build/DerivedSources/arm64 -Xcc -I/Users/runner/Library/Developer/Xcode/DerivedData/BookonDebug-ehazsigvxemoqzdtqumqzfgyfpkz/Build/Intermediates.noindex/ArchiveIntermediates/BookonDebug/IntermediateBuildFilesPath/LegadoBookSource.build/Release-iphoneos/LegadoBookSource.build/DerivedSources -Xcc -DSWIFT_PACKAGE -emit-objc-header -emit-objc-header-path /Users/runner/Library/Developer/Xcode/DerivedData/BookonDebug-ehazsigvxemoqzdtqumqzfgyfpkz/Build/Intermediates.noindex/ArchiveIntermediates/BookonDebug/IntermediateBuildFilesPath/LegadoBookSource.build/Release-iphoneos/LegadoBookSource.build/Objects-normal/arm64/LegadoBookSource-Swift.h -working-directory /Users/runner/work/bookon/bookon -no-emit-module-separately-wmo
2026-10-06T13:42:28.9517870Z 
2026-10-06T13:42:28.9680120Z SwiftMergeGeneratedHeaders /Users/runner/Library/Developer/Xcode/DerivedData/BookonDebug-ehazsigvxemoqzdtqumqzfgyfpkz/Build/Intermediates.noindex/ArchiveIntermediates/BookonDebug/IntermediateBuildFilesPath/GeneratedModuleMaps-iphoneos/LegadoBookSource-Swift.h /Users/runner/Library/Developer/Xcode/DerivedData/BookonDebug-ehazsigvxemoqzdtqumqzfgyfpkz/Build/Intermediates.noindex/ArchiveIntermediates/BookonDebug/IntermediateBuildFilesPath/LegadoBookSource.build/Release-iphoneos/LegadoBookSource.build/Objects-normal/arm64/LegadoBookSource-Swift.h (in target 'LegadoBookSource' from project 'LegadoBookSource')
2026-10-06T13:42:28.9682450Z     cd /Users/runner/work/bookon/bookon
2026-10-06T13:42:28.9684610Z     builtin-swiftHeaderTool -arch arm64 /Users/runner/Library/Developer/Xcode/DerivedData/BookonDebug-ehazsigvxemoqzdtqumqzfgyfpkz/Build/Intermediates.noindex/ArchiveIntermediates/BookonDebug/IntermediateBuildFilesPath/LegadoBookSource.build/Release-iphoneos/LegadoBookSource.build/Objects-normal/arm64/LegadoBookSource-Swift.h -o /Users/runner/Library/Developer/Xcode/DerivedData/BookonDebug-ehazsigvxemoqzdtqumqzfgyfpkz/Build/Intermediates.noindex/ArchiveIntermediates/BookonDebug/IntermediateBuildFilesPath/GeneratedModuleMaps-iphoneos/LegadoBookSource-Swift.h
2026-10-06T13:42:28.9714050Z 
2026-10-06T13:42:28.9717980Z Copy /Users/runner/Library/Developer/Xcode/DerivedData/BookonDebug-ehazsigvxemoqzdtqumqzfgyfpkz/Build/Intermediates.noindex/ArchiveIntermediates/BookonDebug/BuildProductsPath/Release-iphoneos/LegadoBookSource.swiftmodule/arm64-apple-ios.swiftmodule /Users/runner/Library/Developer/Xcode/DerivedData/BookonDebug-ehazsigvxemoqzdtqumqzfgyfpkz/Build/Intermediates.noindex/ArchiveIntermediates/BookonDebug/IntermediateBuildFilesPath/LegadoBookSource.build/Release-iphoneos/LegadoBookSource.build/Objects-normal/arm64/LegadoBookSource.swiftmodule (in target 'LegadoBookSource' from project 'LegadoBookSource')
2026-10-06T13:42:28.9720400Z     cd /Users/runner/work/bookon/bookon
2026-10-06T13:42:28.9724200Z     builtin-copy -exclude .DS_Store -exclude CVS -exclude .svn -exclude .git -exclude .hg -strip-unsigned-binaries -strip-deterministic -strip-tool /Applications/Xcode_15.4.app/Contents/Developer/Toolchains/XcodeDefault.xctoolchain/usr/bin/strip -resolve-src-symlinks -rename /Users/runner/Library/Developer/Xcode/DerivedData/BookonDebug-ehazsigvxemoqzdtqumqzfgyfpkz/Build/Intermediates.noindex/ArchiveIntermediates/BookonDebug/IntermediateBuildFilesPath/LegadoBookSource.build/Release-iphoneos/LegadoBookSource.build/Objects-normal/arm64/LegadoBookSource.swiftmodule /Users/runner/Library/Developer/Xcode/DerivedData/BookonDebug-ehazsigvxemoqzdtqumqzfgyfpkz/Build/Intermediates.noindex/ArchiveIntermediates/BookonDebug/BuildProductsPath/Release-iphoneos/LegadoBookSource.swiftmodule/arm64-apple-ios.swiftmodule
2026-10-06T13:42:28.9800500Z 
2026-10-06T13:42:28.9805190Z Copy /Users/runner/Library/Developer/Xcode/DerivedData/BookonDebug-ehazsigvxemoqzdtqumqzfgyfpkz/Build/Intermediates.noindex/ArchiveIntermediates/BookonDebug/BuildProductsPath/Release-iphoneos/LegadoBookSource.swiftmodule/arm64-apple-ios.swiftdoc /Users/runner/Library/Developer/Xcode/DerivedData/BookonDebug-ehazsigvxemoqzdtqumqzfgyfpkz/Build/Intermediates.noindex/ArchiveIntermediates/BookonDebug/IntermediateBuildFilesPath/LegadoBookSource.build/Release-iphoneos/LegadoBookSource.build/Objects-normal/arm64/LegadoBookSource.swiftdoc (in target 'LegadoBookSource' from project 'LegadoBookSource')
2026-10-06T13:42:28.9809970Z     cd /Users/runner/work/bookon/bookon
2026-10-06T13:42:28.9812780Z     builtin-copy -exclude .DS_Store -exclude CVS -exclude .svn -exclude .git -exclude .hg -strip-unsigned-binaries -strip-deterministic -strip-tool /Applications/Xcode_15.4.app/Contents/Developer/Toolchains/XcodeDefault.xctoolchain/usr/bin/strip -resolve-src-symlinks -rename /Users/runner/Library/Developer/Xcode/DerivedData/BookonDebug-ehazsigvxemoqzdtqumqzfgyfpkz/Build/Intermediates.noindex/ArchiveIntermediates/BookonDebug/IntermediateBuildFilesPath/LegadoBookSource.build/Release-iphoneos/LegadoBookSource.build/Objects-normal/arm64/LegadoBookSource.swiftdoc /Users/runner/Library/Developer/Xcode/DerivedData/BookonDebug-ehazsigvxemoqzdtqumqzfgyfpkz/Build/Intermediates.noindex/ArchiveIntermediates/BookonDebug/BuildProductsPath/Release-iphoneos/LegadoBookSource.swiftmodule/arm64-apple-ios.swiftdoc
2026-10-06T13:42:28.9817320Z 
2026-10-06T13:42:28.9819220Z Copy /Users/runner/Library/Developer/Xcode/DerivedData/BookonDebug-ehazsigvxemoqzdtqumqzfgyfpkz/Build/Intermediates.noindex/ArchiveIntermediates/BookonDebug/BuildProductsPath/Release-iphoneos/LegadoBookSource.swiftmodule/arm64-apple-ios.abi.json /Users/runner/Library/Developer/Xcode/DerivedData/BookonDebug-ehazsigvxemoqzdtqumqzfgyfpkz/Build/Intermediates.noindex/ArchiveIntermediates/BookonDebug/IntermediateBuildFilesPath/LegadoBookSource.build/Release-iphoneos/LegadoBookSource.build/Objects-normal/arm64/LegadoBookSource.abi.json (in target 'LegadoBookSource' from project 'LegadoBookSource')
2026-10-06T13:42:28.9821810Z     cd /Users/runner/work/bookon/bookon
2026-10-06T13:42:28.9824650Z     builtin-copy -exclude .DS_Store -exclude CVS -exclude .svn -exclude .git -exclude .hg -strip-unsigned-binaries -strip-deterministic -strip-tool /Applications/Xcode_15.4.app/Contents/Developer/Toolchains/XcodeDefault.xctoolchain/usr/bin/strip -resolve-src-symlinks -rename /Users/runner/Library/Developer/Xcode/DerivedData/BookonDebug-ehazsigvxemoqzdtqumqzfgyfpkz/Build/Intermediates.noindex/ArchiveIntermediates/BookonDebug/IntermediateBuildFilesPath/LegadoBookSource.build/Release-iphoneos/LegadoBookSource.build/Objects-normal/arm64/LegadoBookSource.abi.json /Users/runner/Library/Developer/Xcode/DerivedData/BookonDebug-ehazsigvxemoqzdtqumqzfgyfpkz/Build/Intermediates.noindex/ArchiveIntermediates/BookonDebug/BuildProductsPath/Release-iphoneos/LegadoBookSource.swiftmodule/arm64-apple-ios.abi.json
2026-10-06T13:42:28.9827990Z 
2026-10-06T13:42:28.9828940Z Ld /Users/runner/Library/Developer/Xcode/DerivedData/BookonDebug-ehazsigvxemoqzdtqumqzfgyfpkz/Build/Intermediates.noindex/ArchiveIntermediates/BookonDebug/IntermediateBuildFilesPath/UninstalledProducts/iphoneos/LegadoBookSource.o normal (in target 'LegadoBookSource' from project 'LegadoBookSource')
2026-10-06T13:42:28.9830140Z     cd /Users/runner/work/bookon/bookon
2026-10-06T13:42:28.9846770Z     /Applications/Xcode_15.4.app/Contents/Developer/Toolchains/XcodeDefault.xctoolchain/usr/bin/clang -Xlinker -reproducible -target arm64-apple-ios17.0 -r -isysroot /Applications/Xcode_15.4.app/Contents/Developer/Platforms/iPhoneOS.platform/Developer/SDKs/iPhoneOS17.5.sdk -Os -L/Users/runner/Library/Developer/Xcode/DerivedData/BookonDebug-ehazsigvxemoqzdtqumqzfgyfpkz/Build/Intermediates.noindex/ArchiveIntermediates/BookonDebug/IntermediateBuildFilesPath/EagerLinkingTBDs/Release-iphoneos -L/Users/runner/Library/Developer/Xcode/DerivedData/BookonDebug-ehazsigvxemoqzdtqumqzfgyfpkz/Build/Intermediates.noindex/ArchiveIntermediates/BookonDebug/BuildProductsPath/Release-iphoneos -L/Applications/Xcode_15.4.app/Contents/Developer/Platforms/iPhoneOS.platform/Developer/usr/lib -F/Users/runner/Library/Developer/Xcode/DerivedData/BookonDebug-ehazsigvxemoqzdtqumqzfgyfpkz/Build/Intermediates.noindex/ArchiveIntermediates/BookonDebug/IntermediateBuildFilesPath/EagerLinkingTBDs/Release-iphoneos -F/Users/runner/Library/Developer/Xcode/DerivedData/BookonDebug-ehazsigvxemoqzdtqumqzfgyfpkz/Build/Intermediates.noindex/ArchiveIntermediates/BookonDebug/BuildProductsPath/Release-iphoneos/PackageFrameworks -F/Users/runner/Library/Developer/Xcode/DerivedData/BookonDebug-ehazsigvxemoqzdtqumqzfgyfpkz/Build/Intermediates.noindex/ArchiveIntermediates/BookonDebug/BuildProductsPath/Release-iphoneos -iframework /Applications/Xcode_15.4.app/Contents/Developer/Platforms/iPhoneOS.platform/Developer/Library/Frameworks -iframework /Applications/Xcode_15.4.app/Contents/Developer/Platforms/iPhoneOS.platform/Developer/SDKs/iPhoneOS17.5.sdk/Developer/Library/Frameworks -filelist /Users/runner/Library/Developer/Xcode/DerivedData/BookonDebug-ehazsigvxemoqzdtqumqzfgyfpkz/Build/Intermediates.noindex/ArchiveIntermediates/BookonDebug/IntermediateBuildFilesPath/LegadoBookSource.build/Release-iphoneos/LegadoBookSource.build/Objects-normal/arm64/LegadoBookSource.LinkFileList -nostdlib -Xlinker -object_path_lto -Xlinker /Users/runner/Library/Developer/Xcode/DerivedData/BookonDebug-ehazsigvxemoqzdtqumqzfgyfpkz/Build/Intermediates.noindex/ArchiveIntermediates/BookonDebug/IntermediateBuildFilesPath/LegadoBookSource.build/Release-iphoneos/LegadoBookSource.build/Objects-normal/arm64/LegadoBookSource_lto.o -fobjc-link-runtime -L/Applications/Xcode_15.4.app/Contents/Developer/Toolchains/XcodeDefault.xctoolchain/usr/lib/swift/iphoneos -L/usr/lib/swift -Xlinker -add_ast_path -Xlinker /Users/runner/Library/Developer/Xcode/DerivedData/BookonDebug-ehazsigvxemoqzdtqumqzfgyfpkz/Build/Intermediates.noindex/ArchiveIntermediates/BookonDebug/IntermediateBuildFilesPath/LegadoBookSource.build/Release-iphoneos/LegadoBookSource.build/Objects-normal/arm64/LegadoBookSource.swiftmodule -Xlinker -dependency_info -Xlinker /Users/runner/Library/Developer/Xcode/DerivedData/BookonDebug-ehazsigvxemoqzdtqumqzfgyfpkz/Build/Intermediates.noindex/ArchiveIntermediates/BookonDebug/IntermediateBuildFilesPath/LegadoBookSource.build/Release-iphoneos/LegadoBookSource.build/Objects-normal/arm64/LegadoBookSource_dependency_info.dat -o /Users/runner/Library/Developer/Xcode/DerivedData/BookonDebug-ehazsigvxemoqzdtqumqzfgyfpkz/Build/Intermediates.noindex/ArchiveIntermediates/BookonDebug/IntermediateBuildFilesPath/UninstalledProducts/iphoneos/LegadoBookSource.o
2026-10-06T13:42:29.1298980Z 
2026-10-06T13:42:29.1315860Z WriteAuxiliaryFile /Users/runner/Library/Developer/Xcode/DerivedData/BookonDebug-ehazsigvxemoqzdtqumqzfgyfpkz/Build/Intermediates.noindex/ArchiveIntermediates/BookonDebug/IntermediateBuildFilesPath/LegadoBookSource.build/Release-iphoneos/BookonDebugKit.build/BookonDebugKit.modulemap (in target 'BookonDebugKit' from project 'LegadoBookSource')
2026-10-06T13:42:29.1318570Z     cd /Users/runner/work/bookon/bookon
2026-10-06T13:42:29.1327950Z     write-file /Users/runner/Library/Developer/Xcode/DerivedData/BookonDebug-ehazsigvxemoqzdtqumqzfgyfpkz/Build/Intermediates.noindex/ArchiveIntermediates/BookonDebug/IntermediateBuildFilesPath/LegadoBookSource.build/Release-iphoneos/BookonDebugKit.build/BookonDebugKit.modulemap
2026-10-06T13:42:29.1329220Z 
2026-10-06T13:42:29.1334150Z Copy /Users/runner/Library/Developer/Xcode/DerivedData/BookonDebug-ehazsigvxemoqzdtqumqzfgyfpkz/Build/Intermediates.noindex/ArchiveIntermediates/BookonDebug/IntermediateBuildFilesPath/GeneratedModuleMaps-iphoneos/BookonDebugKit.modulemap /Users/runner/Library/Developer/Xcode/DerivedData/BookonDebug-ehazsigvxemoqzdtqumqzfgyfpkz/Build/Intermediates.noindex/ArchiveIntermediates/BookonDebug/IntermediateBuildFilesPath/LegadoBookSource.build/Release-iphoneos/BookonDebugKit.build/BookonDebugKit.modulemap (in target 'BookonDebugKit' from project 'LegadoBookSource')
2026-10-06T13:42:29.1350120Z     cd /Users/runner/work/bookon/bookon
2026-10-06T13:42:29.1357740Z     builtin-copy -exclude .DS_Store -exclude CVS -exclude .svn -exclude .git -exclude .hg -strip-unsigned-binaries -strip-deterministic -strip-tool /Applications/Xcode_15.4.app/Contents/Developer/Toolchains/XcodeDefault.xctoolchain/usr/bin/strip -resolve-src-symlinks /Users/runner/Library/Developer/Xcode/DerivedData/BookonDebug-ehazsigvxemoqzdtqumqzfgyfpkz/Build/Intermediates.noindex/ArchiveIntermediates/BookonDebug/IntermediateBuildFilesPath/LegadoBookSource.build/Release-iphoneos/BookonDebugKit.build/BookonDebugKit.modulemap /Users/runner/Library/Developer/Xcode/DerivedData/BookonDebug-ehazsigvxemoqzdtqumqzfgyfpkz/Build/Intermediates.noindex/ArchiveIntermediates/BookonDebug/IntermediateBuildFilesPath/GeneratedModuleMaps-iphoneos
2026-10-06T13:42:29.1363200Z 
2026-10-06T13:42:29.1366890Z WriteAuxiliaryFile /Users/runner/Library/Developer/Xcode/DerivedData/BookonDebug-ehazsigvxemoqzdtqumqzfgyfpkz/Build/Intermediates.noindex/ArchiveIntermediates/BookonDebug/IntermediateBuildFilesPath/LegadoBookSource.build/Release-iphoneos/BookonDebugKit.build/Objects-normal/arm64/BookonDebugKit_const_extract_protocols.json (in target 'BookonDebugKit' from project 'LegadoBookSource')
2026-10-06T13:42:29.1369230Z     cd /Users/runner/work/bookon/bookon
2026-10-06T13:42:29.1371370Z     write-file /Users/runner/Library/Developer/Xcode/DerivedData/BookonDebug-ehazsigvxemoqzdtqumqzfgyfpkz/Build/Intermediates.noindex/ArchiveIntermediates/BookonDebug/IntermediateBuildFilesPath/LegadoBookSource.build/Release-iphoneos/BookonDebugKit.build/Objects-normal/arm64/BookonDebugKit_const_extract_protocols.json
2026-10-06T13:42:29.1372820Z 
2026-10-06T13:42:29.1374410Z WriteAuxiliaryFile /Users/runner/Library/Developer/Xcode/DerivedData/BookonDebug-ehazsigvxemoqzdtqumqzfgyfpkz/Build/Intermediates.noindex/ArchiveIntermediates/BookonDebug/IntermediateBuildFilesPath/LegadoBookSource.build/Release-iphoneos/BookonDebugKit.build/Objects-normal/arm64/BookonDebugKit.SwiftFileList (in target 'BookonDebugKit' from project 'LegadoBookSource')
2026-10-06T13:42:29.1377560Z     cd /Users/runner/work/bookon/bookon
2026-10-06T13:42:29.1381190Z     write-file /Users/runner/Library/Developer/Xcode/DerivedData/BookonDebug-ehazsigvxemoqzdtqumqzfgyfpkz/Build/Intermediates.noindex/ArchiveIntermediates/BookonDebug/IntermediateBuildFilesPath/LegadoBookSource.build/Release-iphoneos/BookonDebugKit.build/Objects-normal/arm64/BookonDebugKit.SwiftFileList
2026-10-06T13:42:29.1386880Z 
2026-10-06T13:42:29.1388450Z WriteAuxiliaryFile /Users/runner/Library/Developer/Xcode/DerivedData/BookonDebug-ehazsigvxemoqzdtqumqzfgyfpkz/Build/Intermediates.noindex/ArchiveIntermediates/BookonDebug/IntermediateBuildFilesPath/LegadoBookSource.build/Release-iphoneos/BookonDebugKit.build/Objects-normal/arm64/BookonDebugKit-OutputFileMap.json (in target 'BookonDebugKit' from project 'LegadoBookSource')
2026-10-06T13:42:29.1389940Z     cd /Users/runner/work/bookon/bookon
2026-10-06T13:42:29.1391110Z     write-file /Users/runner/Library/Developer/Xcode/DerivedData/BookonDebug-ehazsigvxemoqzdtqumqzfgyfpkz/Build/Intermediates.noindex/ArchiveIntermediates/BookonDebug/IntermediateBuildFilesPath/LegadoBookSource.build/Release-iphoneos/BookonDebugKit.build/Objects-normal/arm64/BookonDebugKit-OutputFileMap.json
2026-10-06T13:42:29.1392290Z 
2026-10-06T13:42:29.1392700Z SwiftDriver BookonDebugKit normal arm64 com.apple.xcode.tools.swift.compiler (in target 'BookonDebugKit' from project 'LegadoBookSource')
2026-10-06T13:42:29.1393280Z     cd /Users/runner/work/bookon/bookon
2026-10-06T13:42:29.1412760Z     builtin-SwiftDriver -- /Applications/Xcode_15.4.app/Contents/Developer/Toolchains/XcodeDefault.xctoolchain/usr/bin/swiftc -module-name BookonDebugKit -O -whole-module-optimization -enforce-exclusivity\=checked @/Users/runner/Library/Developer/Xcode/DerivedData/BookonDebug-ehazsigvxemoqzdtqumqzfgyfpkz/Build/Intermediates.noindex/ArchiveIntermediates/BookonDebug/IntermediateBuildFilesPath/LegadoBookSource.build/Release-iphoneos/BookonDebugKit.build/Objects-normal/arm64/BookonDebugKit.SwiftFileList -DSWIFT_PACKAGE -DXcode -sdk /Applications/Xcode_15.4.app/Contents/Developer/Platforms/iPhoneOS.platform/Developer/SDKs/iPhoneOS17.5.sdk -target arm64-apple-ios17.0 -g -module-cache-path /Users/runner/Library/Developer/Xcode/DerivedData/ModuleCache.noindex -Xfrontend -serialize-debugging-options -swift-version 5 -I /Users/runner/Library/Developer/Xcode/DerivedData/BookonDebug-ehazsigvxemoqzdtqumqzfgyfpkz/Build/Intermediates.noindex/ArchiveIntermediates/BookonDebug/BuildProductsPath/Release-iphoneos -I /Applications/Xcode_15.4.app/Contents/Developer/Platforms/iPhoneOS.platform/Developer/usr/lib -F /Users/runner/Library/Developer/Xcode/DerivedData/BookonDebug-ehazsigvxemoqzdtqumqzfgyfpkz/Build/Intermediates.noindex/ArchiveIntermediates/BookonDebug/BuildProductsPath/Release-iphoneos/PackageFrameworks -F /Users/runner/Library/Developer/Xcode/DerivedData/BookonDebug-ehazsigvxemoqzdtqumqzfgyfpkz/Build/Intermediates.noindex/ArchiveIntermediates/BookonDebug/BuildProductsPath/Release-iphoneos/PackageFrameworks -F /Users/runner/Library/Developer/Xcode/DerivedData/BookonDebug-ehazsigvxemoqzdtqumqzfgyfpkz/Build/Intermediates.noindex/ArchiveIntermediates/BookonDebug/BuildProductsPath/Release-iphoneos -F /Applications/Xcode_15.4.app/Contents/Developer/Platforms/iPhoneOS.platform/Developer/Library/Frameworks -F /Applications/Xcode_15.4.app/Contents/Developer/Platforms/iPhoneOS.platform/Developer/SDKs/iPhoneOS17.5.sdk/Developer/Library/Frameworks -c -num-threads 3 -Xcc -ivfsstatcache -Xcc /Users/runner/Library/Developer/Xcode/DerivedData/SDKStatCaches.noindex/iphoneos17.5-21F77-f0fa7969d082b13145125136a829df3a.sdkstatcache -output-file-map /Users/runner/Library/Developer/Xcode/DerivedData/BookonDebug-ehazsigvxemoqzdtqumqzfgyfpkz/Build/Intermediates.noindex/ArchiveIntermediates/BookonDebug/IntermediateBuildFilesPath/LegadoBookSource.build/Release-iphoneos/BookonDebugKit.build/Objects-normal/arm64/BookonDebugKit-OutputFileMap.json -use-frontend-parseable-output -save-temps -no-color-diagnostics -serialize-diagnostics -emit-dependencies -emit-module -emit-module-path /Users/runner/Library/Developer/Xcode/DerivedData/BookonDebug-ehazsigvxemoqzdtqumqzfgyfpkz/Build/Intermediates.noindex/ArchiveIntermediates/BookonDebug/IntermediateBuildFilesPath/LegadoBookSource.build/Release-iphoneos/BookonDebugKit.build/Objects-normal/arm64/BookonDebugKit.swiftmodule -validate-clang-modules-once -clang-build-session-file /Users/runner/Library/Developer/Xcode/DerivedData/ModuleCache.noindex/Session.modulevalidation -Xfrontend -package-name -Xfrontend bookon -Xcc -I/Users/runner/Library/Developer/Xcode/DerivedData/BookonDebug-ehazsigvxemoqzdtqumqzfgyfpkz/Build/Intermediates.noindex/ArchiveIntermediates/BookonDebug/IntermediateBuildFilesPath/LegadoBookSource.build/Release-iphoneos/BookonDebugKit.build/swift-overrides.hmap -emit-const-values -Xfrontend -const-gather-protocols-file -Xfrontend /Users/runner/Library/Developer/Xcode/DerivedData/BookonDebug-ehazsigvxemoqzdtqumqzfgyfpkz/Build/Intermediates.noindex/ArchiveIntermediates/BookonDebug/IntermediateBuildFilesPath/LegadoBookSource.build/Release-iphoneos/BookonDebugKit.build/Objects-normal/arm64/BookonDebugKit_const_extract_protocols.json -Xcc -I/Users/runner/Library/Developer/Xcode/DerivedData/BookonDebug-ehazsigvxemoqzdtqumqzfgyfpkz/Build/Intermediates.noindex/ArchiveIntermediates/BookonDebug/BuildProductsPath/Release-iphoneos/include -Xcc -I/Users/runner/Library/Developer/Xcode/DerivedData/BookonDebug-ehazsigvxemoqzdtqumqzfgyfpkz/Build/Intermediates.noindex/ArchiveIntermediates/BookonDebug/IntermediateBuildFilesPath/LegadoBookSource.build/Release-iphoneos/BookonDebugKit.build/DerivedSources-normal/arm64 -Xcc -I/Users/runner/Library/Developer/Xcode/DerivedData/BookonDebug-ehazsigvxemoqzdtqumqzfgyfpkz/Build/Intermediates.noindex/ArchiveIntermediates/BookonDebug/IntermediateBuildFilesPath/LegadoBookSource.build/Release-iphoneos/BookonDebugKit.build/DerivedSources/arm64 -Xcc -I/Users/runner/Library/Developer/Xcode/DerivedData/BookonDebug-ehazsigvxemoqzdtqumqzfgyfpkz/Build/Intermediates.noindex/ArchiveIntermediates/BookonDebug/IntermediateBuildFilesPath/LegadoBookSource.build/Release-iphoneos/BookonDebugKit.build/DerivedSources -Xcc -DSWIFT_PACKAGE -emit-objc-header -emit-objc-header-path /Users/runner/Library/Developer/Xcode/DerivedData/BookonDebug-ehazsigvxemoqzdtqumqzfgyfpkz/Build/Intermediates.noindex/ArchiveIntermediates/BookonDebug/IntermediateBuildFilesPath/LegadoBookSource.build/Release-iphoneos/BookonDebugKit.build/Objects-normal/arm64/BookonDebugKit-Swift.h -working-directory /Users/runner/work/bookon/bookon -no-emit-module-separately-wmo
2026-10-06T13:42:29.1432800Z 
2026-10-06T13:42:29.1443260Z SwiftCompile normal arm64 Compiling\ AppBuildInfo.swift,\ BookSourceRepository.swift,\ DebugEnvironment.swift,\ DebugLogStore.swift,\ DebugSession.swift,\ DebugSettings.swift,\ DebugTab.swift,\ DebugTextLimit.swift,\ ImportOutcome.swift,\ Reexports.swift,\ SharedEnvironment.swift /Users/runner/work/bookon/bookon/Sources/BookonDebugKit/AppBuildInfo.swift /Users/runner/work/bookon/bookon/Sources/BookonDebugKit/BookSourceRepository.swift /Users/runner/work/bookon/bookon/Sources/BookonDebugKit/DebugEnvironment.swift /Users/runner/work/bookon/bookon/Sources/BookonDebugKit/DebugLogStore.swift /Users/runner/work/bookon/bookon/Sources/BookonDebugKit/DebugSession.swift /Users/runner/work/bookon/bookon/Sources/BookonDebugKit/DebugSettings.swift /Users/runner/work/bookon/bookon/Sources/BookonDebugKit/DebugTab.swift /Users/runner/work/bookon/bookon/Sources/BookonDebugKit/DebugTextLimit.swift /Users/runner/work/bookon/bookon/Sources/BookonDebugKit/ImportOutcome.swift /Users/runner/work/bookon/bookon/Sources/BookonDebugKit/Reexports.swift /Users/runner/work/bookon/bookon/Sources/BookonDebugKit/SharedEnvironment.swift (in target 'BookonDebugKit' from project 'LegadoBookSource')
2026-10-06T13:42:29.1454880Z     cd /Users/runner/work/bookon/bookon
2026-10-06T13:42:29.1503780Z     builtin-swiftTaskExecution -- /Applications/Xcode_15.4.app/Contents/Developer/Toolchains/XcodeDefault.xctoolchain/usr/bin/swift-frontend -frontend -c /Users/runner/work/bookon/bookon/Sources/BookonDebugKit/AppBuildInfo.swift /Users/runner/work/bookon/bookon/Sources/BookonDebugKit/BookSourceRepository.swift /Users/runner/work/bookon/bookon/Sources/BookonDebugKit/DebugEnvironment.swift /Users/runner/work/bookon/bookon/Sources/BookonDebugKit/DebugLogStore.swift /Users/runner/work/bookon/bookon/Sources/BookonDebugKit/DebugSession.swift /Users/runner/work/bookon/bookon/Sources/BookonDebugKit/DebugSettings.swift /Users/runner/work/bookon/bookon/Sources/BookonDebugKit/DebugTab.swift /Users/runner/work/bookon/bookon/Sources/BookonDebugKit/DebugTextLimit.swift /Users/runner/work/bookon/bookon/Sources/BookonDebugKit/ImportOutcome.swift /Users/runner/work/bookon/bookon/Sources/BookonDebugKit/Reexports.swift /Users/runner/work/bookon/bookon/Sources/BookonDebugKit/SharedEnvironment.swift -supplementary-output-file-map /Users/runner/Library/Developer/Xcode/DerivedData/BookonDebug-ehazsigvxemoqzdtqumqzfgyfpkz/Build/Intermediates.noindex/ArchiveIntermediates/BookonDebug/IntermediateBuildFilesPath/LegadoBookSource.build/Release-iphoneos/BookonDebugKit.build/Objects-normal/arm64/supplementaryOutputs-3 -target arm64-apple-ios17.0 -Xllvm -aarch64-use-tbi -enable-objc-interop -stack-check -sdk /Applications/Xcode_15.4.app/Contents/Developer/Platforms/iPhoneOS.platform/Developer/SDKs/iPhoneOS17.5.sdk -I /Users/runner/Library/Developer/Xcode/DerivedData/BookonDebug-ehazsigvxemoqzdtqumqzfgyfpkz/Build/Intermediates.noindex/ArchiveIntermediates/BookonDebug/BuildProductsPath/Release-iphoneos -I /Applications/Xcode_15.4.app/Contents/Developer/Platforms/iPhoneOS.platform/Developer/usr/lib -F /Users/runner/Library/Developer/Xcode/DerivedData/BookonDebug-ehazsigvxemoqzdtqumqzfgyfpkz/Build/Intermediates.noindex/ArchiveIntermediates/BookonDebug/BuildProductsPath/Release-iphoneos/PackageFrameworks -F /Users/runner/Library/Developer/Xcode/DerivedData/BookonDebug-ehazsigvxemoqzdtqumqzfgyfpkz/Build/Intermediates.noindex/ArchiveIntermediates/BookonDebug/BuildProductsPath/Release-iphoneos/PackageFrameworks -F /Users/runner/Library/Developer/Xcode/DerivedData/BookonDebug-ehazsigvxemoqzdtqumqzfgyfpkz/Build/Intermediates.noindex/ArchiveIntermediates/BookonDebug/BuildProductsPath/Release-iphoneos -F /Applications/Xcode_15.4.app/Contents/Developer/Platforms/iPhoneOS.platform/Developer/Library/Frameworks -F /Applications/Xcode_15.4.app/Contents/Developer/Platforms/iPhoneOS.platform/Developer/SDKs/iPhoneOS17.5.sdk/Developer/Library/Frameworks -no-color-diagnostics -g -module-cache-path /Users/runner/Library/Developer/Xcode/DerivedData/ModuleCache.noindex -swift-version 5 -enforce-exclusivity\=checked -O -D SWIFT_PACKAGE -D Xcode -serialize-debugging-options -package-name bookon -const-gather-protocols-file /Users/runner/Library/Developer/Xcode/DerivedData/BookonDebug-ehazsigvxemoqzdtqumqzfgyfpkz/Build/Intermediates.noindex/ArchiveIntermediates/BookonDebug/IntermediateBuildFilesPath/LegadoBookSource.build/Release-iphoneos/BookonDebugKit.build/Objects-normal/arm64/BookonDebugKit_const_extract_protocols.json -empty-abi-descriptor -validate-clang-modules-once -clang-build-session-file /Users/runner/Library/Developer/Xcode/DerivedData/ModuleCache.noindex/Session.modulevalidation -Xcc -working-directory -Xcc /Users/runner/work/bookon/bookon -resource-dir /Applications/Xcode_15.4.app/Contents/Developer/Toolchains/XcodeDefault.xctoolchain/usr/lib/swift -Xcc -ivfsstatcache -Xcc /Users/runner/Library/Developer/Xcode/DerivedData/SDKStatCaches.noindex/iphoneos17.5-21F77-f0fa7969d082b13145125136a829df3a.sdkstatcache -Xcc -I/Users/runner/Library/Developer/Xcode/DerivedData/BookonDebug-ehazsigvxemoqzdtqumqzfgyfpkz/Build/Intermediates.noindex/ArchiveIntermediates/BookonDebug/IntermediateBuildFilesPath/LegadoBookSource.build/Release-iphoneos/BookonDebugKit.build/swift-overrides.hmap -Xcc -I/Users/runner/Library/Developer/Xcode/DerivedData/BookonDebug-ehazsigvxemoqzdtqumqzfgyfpkz/Build/Intermediates.noindex/ArchiveIntermediates/BookonDebug/BuildProductsPath/Release-iphoneos/include -Xcc -I/Users/runner/Library/Developer/Xcode/DerivedData/BookonDebug-ehazsigvxemoqzdtqumqzfgyfpkz/Build/Intermediates.noindex/ArchiveIntermediates/BookonDebug/IntermediateBuildFilesPath/LegadoBookSource.build/Release-iphoneos/BookonDebugKit.build/DerivedSources-normal/arm64 -Xcc -I/Users/runner/Library/Developer/Xcode/DerivedData/BookonDebug-ehazsigvxemoqzdtqumqzfgyfpkz/Build/Intermediates.noindex/ArchiveIntermediates/BookonDebug/IntermediateBuildFilesPath/LegadoBookSource.build/Release-iphoneos/BookonDebugKit.build/DerivedSources/arm64 -Xcc -I/Users/runner/Library/Developer/Xcode/DerivedData/BookonDebug-ehazsigvxemoqzdtqumqzfgyfpkz/Build/Intermediates.noindex/ArchiveIntermediates/BookonDebug/IntermediateBuildFilesPath/LegadoBookSource.build/Release-iphoneos/BookonDebugKit.build/DerivedSources -Xcc -DSWIFT_PACKAGE -module-name BookonDebugKit -frontend-parseable-output -disable-clang-spi -target-sdk-version 17.5 -target-sdk-name iphoneos17.5 -external-plugin-path /Applications/Xcode_15.4.app/Contents/Developer/Platforms/iPhoneOS.platform/Developer/SDKs/iPhoneOS17.5.sdk/usr/lib/swift/host/plugins\#/Applications/Xcode_15.4.app/Contents/Developer/Platforms/iPhoneOS.platform/Developer/SDKs/iPhoneOS17.5.sdk/usr/bin/swift-plugin-server -external-plugin-path /Applications/Xcode_15.4.app/Contents/Developer/Platforms/iPhoneOS.platform/Developer/SDKs/iPhoneOS17.5.sdk/usr/local/lib/swift/host/plugins\#/Applications/Xcode_15.4.app/Contents/Developer/Platforms/iPhoneOS.platform/Developer/SDKs/iPhoneOS17.5.sdk/usr/bin/swift-plugin-server -external-plugin-path /Applications/Xcode_15.4.app/Contents/Developer/Platforms/iPhoneOS.platform/Developer/usr/lib/swift/host/plugins\#/Applications/Xcode_15.4.app/Contents/Developer/Platforms/iPhoneOS.platform/Developer/usr/bin/swift-plugin-server -external-plugin-path /Applications/Xcode_15.4.app/Contents/Developer/Platforms/iPhoneOS.platform/Developer/usr/local/lib/swift/host/plugins\#/Applications/Xcode_15.4.app/Contents/Developer/Platforms/iPhoneOS.platform/Developer/usr/bin/swift-plugin-server -plugin-path /Applications/Xcode_15.4.app/Contents/Developer/Toolchains/XcodeDefault.xctoolchain/usr/lib/swift/host/plugins -plugin-path /Applications/Xcode_15.4.app/Contents/Developer/Toolchains/XcodeDefault.xctoolchain/usr/local/lib/swift/host/plugins -enable-default-cmo -num-threads 3 -o /Users/runner/Library/Developer/Xcode/DerivedData/BookonDebug-ehazsigvxemoqzdtqumqzfgyfpkz/Build/Intermediates.noindex/ArchiveIntermediates/BookonDebug/IntermediateBuildFilesPath/LegadoBookSource.build/Release-iphoneos/BookonDebugKit.build/Objects-normal/arm64/AppBuildInfo.o -o /Users/runner/Library/Developer/Xcode/DerivedData/BookonDebug-ehazsigvxemoqzdtqumqzfgyfpkz/Build/Intermediates.noindex/ArchiveIntermediates/BookonDebug/IntermediateBuildFilesPath/LegadoBookSource.build/Release-iphoneos/BookonDebugKit.build/Objects-normal/arm64/BookSourceRepository.o -o /Users/runner/Library/Developer/Xcode/DerivedData/BookonDebug-ehazsigvxemoqzdtqumqzfgyfpkz/Build/Intermediates.noindex/ArchiveIntermediates/BookonDebug/IntermediateBuildFilesPath/LegadoBookSource.build/Release-iphoneos/BookonDebugKit.build/Objects-normal/arm64/DebugEnvironment.o -o /Users/runner/Library/Developer/Xcode/DerivedData/BookonDebug-ehazsigvxemoqzdtqumqzfgyfpkz/Build/Intermediates.noindex/ArchiveIntermediates/BookonDebug/IntermediateBuildFilesPath/LegadoBookSource.build/Release-iphoneos/BookonDebugKit.build/Objects-normal/arm64/DebugLogStore.o -o /Users/runner/Library/Developer/Xcode/DerivedData/BookonDebug-ehazsigvxemoqzdtqumqzfgyfpkz/Build/Intermediates.noindex/ArchiveIntermediates/BookonDebug/IntermediateBuildFilesPath/LegadoBookSource.build/Release-iphoneos/BookonDebugKit.build/Objects-normal/arm64/DebugSession.o -o /Users/runner/Library/Developer/Xcode/DerivedData/BookonDebug-ehazsigvxemoqzdtqumqzfgyfpkz/Build/Intermediates.noindex/ArchiveIntermediates/BookonDebug/IntermediateBuildFilesPath/LegadoBookSource.build/Release-iphoneos/BookonDebugKit.build/Objects-normal/arm64/DebugSettings.o -o /Users/runner/Library/Developer/Xcode/DerivedData/BookonDebug-ehazsigvxemoqzdtqumqzfgyfpkz/Build/Intermediates.noindex/ArchiveIntermediates/BookonDebug/IntermediateBuildFilesPath/LegadoBookSource.build/Release-iphoneos/BookonDebugKit.build/Objects-normal/arm64/DebugTab.o -o /Users/runner/Library/Developer/Xcode/DerivedData/BookonDebug-ehazsigvxemoqzdtqumqzfgyfpkz/Build/Intermediates.noindex/ArchiveIntermediates/BookonDebug/IntermediateBuildFilesPath/LegadoBookSource.build/Release-iphoneos/BookonDebugKit.build/Objects-normal/arm64/DebugTextLimit.o -o /Users/runner/Library/Developer/Xcode/DerivedData/BookonDebug-ehazsigvxemoqzdtqumqzfgyfpkz/Build/Intermediates.noindex/ArchiveIntermediates/BookonDebug/IntermediateBuildFilesPath/LegadoBookSource.build/Release-iphoneos/BookonDebugKit.build/Objects-normal/arm64/ImportOutcome.o -o /Users/runner/Library/Developer/Xcode/DerivedData/BookonDebug-ehazsigvxemoqzdtqumqzfgyfpkz/Build/Intermediates.noindex/ArchiveIntermediates/BookonDebug/IntermediateBuildFilesPath/LegadoBookSource.build/Release-iphoneos/BookonDebugKit.build/Objects-normal/arm64/Reexports.o -o /Users/runner/Library/Developer/Xcode/DerivedData/BookonDebug-ehazsigvxemoqzdtqumqzfgyfpkz/Build/Intermediates.noindex/ArchiveIntermediates/BookonDebug/IntermediateBuildFilesPath/LegadoBookSource.build/Release-iphoneos/BookonDebugKit.build/Objects-normal/arm64/SharedEnvironment.o -index-unit-output-path /LegadoBookSource.build/Release-iphoneos/BookonDebugKit.build/Objects-normal/arm64/AppBuildInfo.o -index-unit-output-path /LegadoBookSource.build/Release-iphoneos/BookonDebugKit.build/Objects-normal/arm64/BookSourceRepository.o -index-unit-output-path /LegadoBookSource.build/Release-iphoneos/BookonDebugKit.build/Objects-normal/arm64/DebugEnvironment.o -index-unit-output-path /LegadoBookSource.build/Release-iphoneos/BookonDebugKit.build/Objects-normal/arm64/DebugLogStore.o -index-unit-output-path /LegadoBookSource.build/Release-iphoneos/BookonDebugKit.build/Objects-normal/arm64/DebugSession.o -index-unit-output-path /LegadoBookSource.build/Release-iphoneos/BookonDebugKit.build/Objects-normal/arm64/DebugSettings.o -index-unit-output-path /LegadoBookSource.build/Release-iphoneos/BookonDebugKit.build/Objects-normal/arm64/DebugTab.o -index-unit-output-path /LegadoBookSource.build/Release-iphoneos/BookonDebugKit.build/Objects-normal/arm64/DebugTextLimit.o -index-unit-output-path /LegadoBookSource.build/Release-iphoneos/BookonDebugKit.build/Objects-normal/arm64/ImportOutcome.o -index-unit-output-path /LegadoBookSource.build/Release-iphoneos/BookonDebugKit.build/Objects-normal/arm64/Reexports.o -index-unit-output-path /LegadoBookSource.build/Release-iphoneos/BookonDebugKit.build/Objects-normal/arm64/SharedEnvironment.o
2026-10-06T13:42:29.1546960Z CompileSwift normal arm64 (in target 'BookonDebugKit' from project 'LegadoBookSource')
2026-10-06T13:42:29.1547430Z     cd /Users/runner/work/bookon/bookon
2026-10-06T13:42:29.1608470Z     /Applications/Xcode_15.4.app/Contents/Developer/Toolchains/XcodeDefault.xctoolchain/usr/bin/swift-frontend -c /Users/runner/work/bookon/bookon/Sources/BookonDebugKit/AppBuildInfo.swift /Users/runner/work/bookon/bookon/Sources/BookonDebugKit/BookSourceRepository.swift /Users/runner/work/bookon/bookon/Sources/BookonDebugKit/DebugEnvironment.swift /Users/runner/work/bookon/bookon/Sources/BookonDebugKit/DebugLogStore.swift /Users/runner/work/bookon/bookon/Sources/BookonDebugKit/DebugSession.swift /Users/runner/work/bookon/bookon/Sources/BookonDebugKit/DebugSettings.swift /Users/runner/work/bookon/bookon/Sources/BookonDebugKit/DebugTab.swift /Users/runner/work/bookon/bookon/Sources/BookonDebugKit/DebugTextLimit.swift /Users/runner/work/bookon/bookon/Sources/BookonDebugKit/ImportOutcome.swift /Users/runner/work/bookon/bookon/Sources/BookonDebugKit/Reexports.swift /Users/runner/work/bookon/bookon/Sources/BookonDebugKit/SharedEnvironment.swift -supplementary-output-file-map /Users/runner/Library/Developer/Xcode/DerivedData/BookonDebug-ehazsigvxemoqzdtqumqzfgyfpkz/Build/Intermediates.noindex/ArchiveIntermediates/BookonDebug/IntermediateBuildFilesPath/LegadoBookSource.build/Release-iphoneos/BookonDebugKit.build/Objects-normal/arm64/supplementaryOutputs-3 -target arm64-apple-ios17.0 -Xllvm -aarch64-use-tbi -enable-objc-interop -stack-check -sdk /Applications/Xcode_15.4.app/Contents/Developer/Platforms/iPhoneOS.platform/Developer/SDKs/iPhoneOS17.5.sdk -I /Users/runner/Library/Developer/Xcode/DerivedData/BookonDebug-ehazsigvxemoqzdtqumqzfgyfpkz/Build/Intermediates.noindex/ArchiveIntermediates/BookonDebug/BuildProductsPath/Release-iphoneos -I /Applications/Xcode_15.4.app/Contents/Developer/Platforms/iPhoneOS.platform/Developer/usr/lib -F /Users/runner/Library/Developer/Xcode/DerivedData/BookonDebug-ehazsigvxemoqzdtqumqzfgyfpkz/Build/Intermediates.noindex/ArchiveIntermediates/BookonDebug/BuildProductsPath/Release-iphoneos/PackageFrameworks -F /Users/runner/Library/Developer/Xcode/DerivedData/BookonDebug-ehazsigvxemoqzdtqumqzfgyfpkz/Build/Intermediates.noindex/ArchiveIntermediates/BookonDebug/BuildProductsPath/Release-iphoneos/PackageFrameworks -F /Users/runner/Library/Developer/Xcode/DerivedData/BookonDebug-ehazsigvxemoqzdtqumqzfgyfpkz/Build/Intermediates.noindex/ArchiveIntermediates/BookonDebug/BuildProductsPath/Release-iphoneos -F /Applications/Xcode_15.4.app/Contents/Developer/Platforms/iPhoneOS.platform/Developer/Library/Frameworks -F /Applications/Xcode_15.4.app/Contents/Developer/Platforms/iPhoneOS.platform/Developer/SDKs/iPhoneOS17.5.sdk/Developer/Library/Frameworks -no-color-diagnostics -g -module-cache-path /Users/runner/Library/Developer/Xcode/DerivedData/ModuleCache.noindex -swift-version 5 -enforce-exclusivity\=checked -O -D SWIFT_PACKAGE -D Xcode -serialize-debugging-options -package-name bookon -const-gather-protocols-file /Users/runner/Library/Developer/Xcode/DerivedData/BookonDebug-ehazsigvxemoqzdtqumqzfgyfpkz/Build/Intermediates.noindex/ArchiveIntermediates/BookonDebug/IntermediateBuildFilesPath/LegadoBookSource.build/Release-iphoneos/BookonDebugKit.build/Objects-normal/arm64/BookonDebugKit_const_extract_protocols.json -empty-abi-descriptor -validate-clang-modules-once -clang-build-session-file /Users/runner/Library/Developer/Xcode/DerivedData/ModuleCache.noindex/Session.modulevalidation -Xcc -working-directory -Xcc /Users/runner/work/bookon/bookon -resource-dir /Applications/Xcode_15.4.app/Contents/Developer/Toolchains/XcodeDefault.xctoolchain/usr/lib/swift -Xcc -ivfsstatcache -Xcc /Users/runner/Library/Developer/Xcode/DerivedData/SDKStatCaches.noindex/iphoneos17.5-21F77-f0fa7969d082b13145125136a829df3a.sdkstatcache -Xcc -I/Users/runner/Library/Developer/Xcode/DerivedData/BookonDebug-ehazsigvxemoqzdtqumqzfgyfpkz/Build/Intermediates.noindex/ArchiveIntermediates/BookonDebug/IntermediateBuildFilesPath/LegadoBookSource.build/Release-iphoneos/BookonDebugKit.build/swift-overrides.hmap -Xcc -I/Users/runner/Library/Developer/Xcode/DerivedData/BookonDebug-ehazsigvxemoqzdtqumqzfgyfpkz/Build/Intermediates.noindex/ArchiveIntermediates/BookonDebug/BuildProductsPath/Release-iphoneos/include -Xcc -I/Users/runner/Library/Developer/Xcode/DerivedData/BookonDebug-ehazsigvxemoqzdtqumqzfgyfpkz/Build/Intermediates.noindex/ArchiveIntermediates/BookonDebug/IntermediateBuildFilesPath/LegadoBookSource.build/Release-iphoneos/BookonDebugKit.build/DerivedSources-normal/arm64 -Xcc -I/Users/runner/Library/Developer/Xcode/DerivedData/BookonDebug-ehazsigvxemoqzdtqumqzfgyfpkz/Build/Intermediates.noindex/ArchiveIntermediates/BookonDebug/IntermediateBuildFilesPath/LegadoBookSource.build/Release-iphoneos/BookonDebugKit.build/DerivedSources/arm64 -Xcc -I/Users/runner/Library/Developer/Xcode/DerivedData/BookonDebug-ehazsigvxemoqzdtqumqzfgyfpkz/Build/Intermediates.noindex/ArchiveIntermediates/BookonDebug/IntermediateBuildFilesPath/LegadoBookSource.build/Release-iphoneos/BookonDebugKit.build/DerivedSources -Xcc -DSWIFT_PACKAGE -module-name BookonDebugKit -frontend-parseable-output -disable-clang-spi -target-sdk-version 17.5 -target-sdk-name iphoneos17.5 -external-plugin-path /Applications/Xcode_15.4.app/Contents/Developer/Platforms/iPhoneOS.platform/Developer/SDKs/iPhoneOS17.5.sdk/usr/lib/swift/host/plugins\#/Applications/Xcode_15.4.app/Contents/Developer/Platforms/iPhoneOS.platform/Developer/SDKs/iPhoneOS17.5.sdk/usr/bin/swift-plugin-server -external-plugin-path /Applications/Xcode_15.4.app/Contents/Developer/Platforms/iPhoneOS.platform/Developer/SDKs/iPhoneOS17.5.sdk/usr/local/lib/swift/host/plugins\#/Applications/Xcode_15.4.app/Contents/Developer/Platforms/iPhoneOS.platform/Developer/SDKs/iPhoneOS17.5.sdk/usr/bin/swift-plugin-server -external-plugin-path /Applications/Xcode_15.4.app/Contents/Developer/Platforms/iPhoneOS.platform/Developer/usr/lib/swift/host/plugins\#/Applications/Xcode_15.4.app/Contents/Developer/Platforms/iPhoneOS.platform/Developer/usr/bin/swift-plugin-server -external-plugin-path /Applications/Xcode_15.4.app/Contents/Developer/Platforms/iPhoneOS.platform/Developer/usr/local/lib/swift/host/plugins\#/Applications/Xcode_15.4.app/Contents/Developer/Platforms/iPhoneOS.platform/Developer/usr/bin/swift-plugin-server -plugin-path /Applications/Xcode_15.4.app/Contents/Developer/Toolchains/XcodeDefault.xctoolchain/usr/lib/swift/host/plugins -plugin-path /Applications/Xcode_15.4.app/Contents/Developer/Toolchains/XcodeDefault.xctoolchain/usr/local/lib/swift/host/plugins -enable-default-cmo -num-threads 3 -o /Users/runner/Library/Developer/Xcode/DerivedData/BookonDebug-ehazsigvxemoqzdtqumqzfgyfpkz/Build/Intermediates.noindex/ArchiveIntermediates/BookonDebug/IntermediateBuildFilesPath/LegadoBookSource.build/Release-iphoneos/BookonDebugKit.build/Objects-normal/arm64/AppBuildInfo.o -o /Users/runner/Library/Developer/Xcode/DerivedData/BookonDebug-ehazsigvxemoqzdtqumqzfgyfpkz/Build/Intermediates.noindex/ArchiveIntermediates/BookonDebug/IntermediateBuildFilesPath/LegadoBookSource.build/Release-iphoneos/BookonDebugKit.build/Objects-normal/arm64/BookSourceRepository.o -o /Users/runner/Library/Developer/Xcode/DerivedData/BookonDebug-ehazsigvxemoqzdtqumqzfgyfpkz/Build/Intermediates.noindex/ArchiveIntermediates/BookonDebug/IntermediateBuildFilesPath/LegadoBookSource.build/Release-iphoneos/BookonDebugKit.build/Objects-normal/arm64/DebugEnvironment.o -o /Users/runner/Library/Developer/Xcode/DerivedData/BookonDebug-ehazsigvxemoqzdtqumqzfgyfpkz/Build/Intermediates.noindex/ArchiveIntermediates/BookonDebug/IntermediateBuildFilesPath/LegadoBookSource.build/Release-iphoneos/BookonDebugKit.build/Objects-normal/arm64/DebugLogStore.o -o /Users/runner/Library/Developer/Xcode/DerivedData/BookonDebug-ehazsigvxemoqzdtqumqzfgyfpkz/Build/Intermediates.noindex/ArchiveIntermediates/BookonDebug/IntermediateBuildFilesPath/LegadoBookSource.build/Release-iphoneos/BookonDebugKit.build/Objects-normal/arm64/DebugSession.o -o /Users/runner/Library/Developer/Xcode/DerivedData/BookonDebug-ehazsigvxemoqzdtqumqzfgyfpkz/Build/Intermediates.noindex/ArchiveIntermediates/BookonDebug/IntermediateBuildFilesPath/LegadoBookSource.build/Release-iphoneos/BookonDebugKit.build/Objects-normal/arm64/DebugSettings.o -o /Users/runner/Library/Developer/Xcode/DerivedData/BookonDebug-ehazsigvxemoqzdtqumqzfgyfpkz/Build/Intermediates.noindex/ArchiveIntermediates/BookonDebug/IntermediateBuildFilesPath/LegadoBookSource.build/Release-iphoneos/BookonDebugKit.build/Objects-normal/arm64/DebugTab.o -o /Users/runner/Library/Developer/Xcode/DerivedData/BookonDebug-ehazsigvxemoqzdtqumqzfgyfpkz/Build/Intermediates.noindex/ArchiveIntermediates/BookonDebug/IntermediateBuildFilesPath/LegadoBookSource.build/Release-iphoneos/BookonDebugKit.build/Objects-normal/arm64/DebugTextLimit.o -o /Users/runner/Library/Developer/Xcode/DerivedData/BookonDebug-ehazsigvxemoqzdtqumqzfgyfpkz/Build/Intermediates.noindex/ArchiveIntermediates/BookonDebug/IntermediateBuildFilesPath/LegadoBookSource.build/Release-iphoneos/BookonDebugKit.build/Objects-normal/arm64/ImportOutcome.o -o /Users/runner/Library/Developer/Xcode/DerivedData/BookonDebug-ehazsigvxemoqzdtqumqzfgyfpkz/Build/Intermediates.noindex/ArchiveIntermediates/BookonDebug/IntermediateBuildFilesPath/LegadoBookSource.build/Release-iphoneos/BookonDebugKit.build/Objects-normal/arm64/Reexports.o -o /Users/runner/Library/Developer/Xcode/DerivedData/BookonDebug-ehazsigvxemoqzdtqumqzfgyfpkz/Build/Intermediates.noindex/ArchiveIntermediates/BookonDebug/IntermediateBuildFilesPath/LegadoBookSource.build/Release-iphoneos/BookonDebugKit.build/Objects-normal/arm64/SharedEnvironment.o -index-unit-output-path /LegadoBookSource.build/Release-iphoneos/BookonDebugKit.build/Objects-normal/arm64/AppBuildInfo.o -index-unit-output-path /LegadoBookSource.build/Release-iphoneos/BookonDebugKit.build/Objects-normal/arm64/BookSourceRepository.o -index-unit-output-path /LegadoBookSource.build/Release-iphoneos/BookonDebugKit.build/Objects-normal/arm64/DebugEnvironment.o -index-unit-output-path /LegadoBookSource.build/Release-iphoneos/BookonDebugKit.build/Objects-normal/arm64/DebugLogStore.o -index-unit-output-path /LegadoBookSource.build/Release-iphoneos/BookonDebugKit.build/Objects-normal/arm64/DebugSession.o -index-unit-output-path /LegadoBookSource.build/Release-iphoneos/BookonDebugKit.build/Objects-normal/arm64/DebugSettings.o -index-unit-output-path /LegadoBookSource.build/Release-iphoneos/BookonDebugKit.build/Objects-normal/arm64/DebugTab.o -index-unit-output-path /LegadoBookSource.build/Release-iphoneos/BookonDebugKit.build/Objects-normal/arm64/DebugTextLimit.o -index-unit-output-path /LegadoBookSource.build/Release-iphoneos/BookonDebugKit.build/Objects-normal/arm64/ImportOutcome.o -index-unit-output-path /LegadoBookSource.build/Release-iphoneos/BookonDebugKit.build/Objects-normal/arm64/Reexports.o -index-unit-output-path /LegadoBookSource.build/Release-iphoneos/BookonDebugKit.build/Objects-normal/arm64/SharedEnvironment.o
2026-10-06T13:42:34.3717100Z 
2026-10-06T13:42:34.3917100Z SwiftDriver\ Compilation BookonDebugKit normal arm64 com.apple.xcode.tools.swift.compiler (in target 'BookonDebugKit' from project 'LegadoBookSource')
2026-10-06T13:42:34.3922260Z     cd /Users/runner/work/bookon/bookon
2026-10-06T13:42:34.3963090Z     builtin-Swift-Compilation -- /Applications/Xcode_15.4.app/Contents/Developer/Toolchains/XcodeDefault.xctoolchain/usr/bin/swiftc -module-name BookonDebugKit -O -whole-module-optimization -enforce-exclusivity\=checked @/Users/runner/Library/Developer/Xcode/DerivedData/BookonDebug-ehazsigvxemoqzdtqumqzfgyfpkz/Build/Intermediates.noindex/ArchiveIntermediates/BookonDebug/IntermediateBuildFilesPath/LegadoBookSource.build/Release-iphoneos/BookonDebugKit.build/Objects-normal/arm64/BookonDebugKit.SwiftFileList -DSWIFT_PACKAGE -DXcode -sdk /Applications/Xcode_15.4.app/Contents/Developer/Platforms/iPhoneOS.platform/Developer/SDKs/iPhoneOS17.5.sdk -target arm64-apple-ios17.0 -g -module-cache-path /Users/runner/Library/Developer/Xcode/DerivedData/ModuleCache.noindex -Xfrontend -serialize-debugging-options -swift-version 5 -I /Users/runner/Library/Developer/Xcode/DerivedData/BookonDebug-ehazsigvxemoqzdtqumqzfgyfpkz/Build/Intermediates.noindex/ArchiveIntermediates/BookonDebug/BuildProductsPath/Release-iphoneos -I /Applications/Xcode_15.4.app/Contents/Developer/Platforms/iPhoneOS.platform/Developer/usr/lib -F /Users/runner/Library/Developer/Xcode/DerivedData/BookonDebug-ehazsigvxemoqzdtqumqzfgyfpkz/Build/Intermediates.noindex/ArchiveIntermediates/BookonDebug/BuildProductsPath/Release-iphoneos/PackageFrameworks -F /Users/runner/Library/Developer/Xcode/DerivedData/BookonDebug-ehazsigvxemoqzdtqumqzfgyfpkz/Build/Intermediates.noindex/ArchiveIntermediates/BookonDebug/BuildProductsPath/Release-iphoneos/PackageFrameworks -F /Users/runner/Library/Developer/Xcode/DerivedData/BookonDebug-ehazsigvxemoqzdtqumqzfgyfpkz/Build/Intermediates.noindex/ArchiveIntermediates/BookonDebug/BuildProductsPath/Release-iphoneos -F /Applications/Xcode_15.4.app/Contents/Developer/Platforms/iPhoneOS.platform/Developer/Library/Frameworks -F /Applications/Xcode_15.4.app/Contents/Developer/Platforms/iPhoneOS.platform/Developer/SDKs/iPhoneOS17.5.sdk/Developer/Library/Frameworks -c -num-threads 3 -Xcc -ivfsstatcache -Xcc /Users/runner/Library/Developer/Xcode/DerivedData/SDKStatCaches.noindex/iphoneos17.5-21F77-f0fa7969d082b13145125136a829df3a.sdkstatcache -output-file-map /Users/runner/Library/Developer/Xcode/DerivedData/BookonDebug-ehazsigvxemoqzdtqumqzfgyfpkz/Build/Intermediates.noindex/ArchiveIntermediates/BookonDebug/IntermediateBuildFilesPath/LegadoBookSource.build/Release-iphoneos/BookonDebugKit.build/Objects-normal/arm64/BookonDebugKit-OutputFileMap.json -use-frontend-parseable-output -save-temps -no-color-diagnostics -serialize-diagnostics -emit-dependencies -emit-module -emit-module-path /Users/runner/Library/Developer/Xcode/DerivedData/BookonDebug-ehazsigvxemoqzdtqumqzfgyfpkz/Build/Intermediates.noindex/ArchiveIntermediates/BookonDebug/IntermediateBuildFilesPath/LegadoBookSource.build/Release-iphoneos/BookonDebugKit.build/Objects-normal/arm64/BookonDebugKit.swiftmodule -validate-clang-modules-once -clang-build-session-file /Users/runner/Library/Developer/Xcode/DerivedData/ModuleCache.noindex/Session.modulevalidation -Xfrontend -package-name -Xfrontend bookon -Xcc -I/Users/runner/Library/Developer/Xcode/DerivedData/BookonDebug-ehazsigvxemoqzdtqumqzfgyfpkz/Build/Intermediates.noindex/ArchiveIntermediates/BookonDebug/IntermediateBuildFilesPath/LegadoBookSource.build/Release-iphoneos/BookonDebugKit.build/swift-overrides.hmap -emit-const-values -Xfrontend -const-gather-protocols-file -Xfrontend /Users/runner/Library/Developer/Xcode/DerivedData/BookonDebug-ehazsigvxemoqzdtqumqzfgyfpkz/Build/Intermediates.noindex/ArchiveIntermediates/BookonDebug/IntermediateBuildFilesPath/LegadoBookSource.build/Release-iphoneos/BookonDebugKit.build/Objects-normal/arm64/BookonDebugKit_const_extract_protocols.json -Xcc -I/Users/runner/Library/Developer/Xcode/DerivedData/BookonDebug-ehazsigvxemoqzdtqumqzfgyfpkz/Build/Intermediates.noindex/ArchiveIntermediates/BookonDebug/BuildProductsPath/Release-iphoneos/include -Xcc -I/Users/runner/Library/Developer/Xcode/DerivedData/BookonDebug-ehazsigvxemoqzdtqumqzfgyfpkz/Build/Intermediates.noindex/ArchiveIntermediates/BookonDebug/IntermediateBuildFilesPath/LegadoBookSource.build/Release-iphoneos/BookonDebugKit.build/DerivedSources-normal/arm64 -Xcc -I/Users/runner/Library/Developer/Xcode/DerivedData/BookonDebug-ehazsigvxemoqzdtqumqzfgyfpkz/Build/Intermediates.noindex/ArchiveIntermediates/BookonDebug/IntermediateBuildFilesPath/LegadoBookSource.build/Release-iphoneos/BookonDebugKit.build/DerivedSources/arm64 -Xcc -I/Users/runner/Library/Developer/Xcode/DerivedData/BookonDebug-ehazsigvxemoqzdtqumqzfgyfpkz/Build/Intermediates.noindex/ArchiveIntermediates/BookonDebug/IntermediateBuildFilesPath/LegadoBookSource.build/Release-iphoneos/BookonDebugKit.build/DerivedSources -Xcc -DSWIFT_PACKAGE -emit-objc-header -emit-objc-header-path /Users/runner/Library/Developer/Xcode/DerivedData/BookonDebug-ehazsigvxemoqzdtqumqzfgyfpkz/Build/Intermediates.noindex/ArchiveIntermediates/BookonDebug/IntermediateBuildFilesPath/LegadoBookSource.build/Release-iphoneos/BookonDebugKit.build/Objects-normal/arm64/BookonDebugKit-Swift.h -working-directory /Users/runner/work/bookon/bookon -no-emit-module-separately-wmo
2026-10-06T13:42:34.4037720Z 
2026-10-06T13:42:34.4038740Z SetOwnerAndGroup runner:staff /Users/runner/Library/Developer/Xcode/DerivedData/BookonDebug-ehazsigvxemoqzdtqumqzfgyfpkz/Build/Intermediates.noindex/ArchiveIntermediates/BookonDebug/IntermediateBuildFilesPath/UninstalledProducts/iphoneos/LegadoBookSource.o (in target 'LegadoBookSource' from project 'LegadoBookSource')
2026-10-06T13:42:34.4039950Z     cd /Users/runner/work/bookon/bookon
2026-10-06T13:42:34.4040930Z     /usr/sbin/chown -RH runner:staff /Users/runner/Library/Developer/Xcode/DerivedData/BookonDebug-ehazsigvxemoqzdtqumqzfgyfpkz/Build/Intermediates.noindex/ArchiveIntermediates/BookonDebug/IntermediateBuildFilesPath/UninstalledProducts/iphoneos/LegadoBookSource.o
2026-10-06T13:42:34.4041840Z 
2026-10-06T13:42:34.4043100Z SetMode u+w,go-w,a+rX /Users/runner/Library/Developer/Xcode/DerivedData/BookonDebug-ehazsigvxemoqzdtqumqzfgyfpkz/Build/Intermediates.noindex/ArchiveIntermediates/BookonDebug/IntermediateBuildFilesPath/UninstalledProducts/iphoneos/LegadoBookSource.o (in target 'LegadoBookSource' from project 'LegadoBookSource')
2026-10-06T13:42:34.4044120Z     cd /Users/runner/work/bookon/bookon
2026-10-06T13:42:34.4045320Z     /bin/chmod -RH u+w,go-w,a+rX /Users/runner/Library/Developer/Xcode/DerivedData/BookonDebug-ehazsigvxemoqzdtqumqzfgyfpkz/Build/Intermediates.noindex/ArchiveIntermediates/BookonDebug/IntermediateBuildFilesPath/UninstalledProducts/iphoneos/LegadoBookSource.o
2026-10-06T13:42:34.4046250Z 
2026-10-06T13:42:34.4047500Z RegisterExecutionPolicyException /Users/runner/Library/Developer/Xcode/DerivedData/BookonDebug-ehazsigvxemoqzdtqumqzfgyfpkz/Build/Intermediates.noindex/ArchiveIntermediates/BookonDebug/IntermediateBuildFilesPath/UninstalledProducts/iphoneos/LegadoBookSource.o (in target 'LegadoBookSource' from project 'LegadoBookSource')
2026-10-06T13:42:34.4048700Z     cd /Users/runner/work/bookon/bookon
2026-10-06T13:42:34.4049660Z     builtin-RegisterExecutionPolicyException /Users/runner/Library/Developer/Xcode/DerivedData/BookonDebug-ehazsigvxemoqzdtqumqzfgyfpkz/Build/Intermediates.noindex/ArchiveIntermediates/BookonDebug/IntermediateBuildFilesPath/UninstalledProducts/iphoneos/LegadoBookSource.o
2026-10-06T13:42:34.4050600Z 
2026-10-06T13:42:34.4051780Z WriteAuxiliaryFile /Users/runner/Library/Developer/Xcode/DerivedData/BookonDebug-ehazsigvxemoqzdtqumqzfgyfpkz/Build/Intermediates.noindex/ArchiveIntermediates/BookonDebug/IntermediateBuildFilesPath/LegadoBookSource.build/Release-iphoneos/BookonDebugKit.build/Objects-normal/arm64/BookonDebugKit.LinkFileList (in target 'BookonDebugKit' from project 'LegadoBookSource')
2026-10-06T13:42:34.4053170Z     cd /Users/runner/work/bookon/bookon
2026-10-06T13:42:34.4054190Z     write-file /Users/runner/Library/Developer/Xcode/DerivedData/BookonDebug-ehazsigvxemoqzdtqumqzfgyfpkz/Build/Intermediates.noindex/ArchiveIntermediates/BookonDebug/IntermediateBuildFilesPath/LegadoBookSource.build/Release-iphoneos/BookonDebugKit.build/Objects-normal/arm64/BookonDebugKit.LinkFileList
2026-10-06T13:42:34.4055150Z 
2026-10-06T13:42:34.4056180Z SwiftDriverJobDiscovery normal arm64 Compiling AppBuildInfo.swift, BookSourceRepository.swift, DebugEnvironment.swift, DebugLogStore.swift, DebugSession.swift, DebugSettings.swift, DebugTab.swift, DebugTextLimit.swift, ImportOutcome.swift, Reexports.swift, SharedEnvironment.swift (in target 'BookonDebugKit' from project 'LegadoBookSource')
2026-10-06T13:42:34.4057560Z 
2026-10-06T13:42:34.4058050Z SwiftDriver\ Compilation\ Requirements BookonDebugKit normal arm64 com.apple.xcode.tools.swift.compiler (in target 'BookonDebugKit' from project 'LegadoBookSource')
2026-10-06T13:42:34.4058650Z     cd /Users/runner/work/bookon/bookon
2026-10-06T13:42:34.4075990Z     builtin-Swift-Compilation-Requirements -- /Applications/Xcode_15.4.app/Contents/Developer/Toolchains/XcodeDefault.xctoolchain/usr/bin/swiftc -module-name BookonDebugKit -O -whole-module-optimization -enforce-exclusivity\=checked @/Users/runner/Library/Developer/Xcode/DerivedData/BookonDebug-ehazsigvxemoqzdtqumqzfgyfpkz/Build/Intermediates.noindex/ArchiveIntermediates/BookonDebug/IntermediateBuildFilesPath/LegadoBookSource.build/Release-iphoneos/BookonDebugKit.build/Objects-normal/arm64/BookonDebugKit.SwiftFileList -DSWIFT_PACKAGE -DXcode -sdk /Applications/Xcode_15.4.app/Contents/Developer/Platforms/iPhoneOS.platform/Developer/SDKs/iPhoneOS17.5.sdk -target arm64-apple-ios17.0 -g -module-cache-path /Users/runner/Library/Developer/Xcode/DerivedData/ModuleCache.noindex -Xfrontend -serialize-debugging-options -swift-version 5 -I /Users/runner/Library/Developer/Xcode/DerivedData/BookonDebug-ehazsigvxemoqzdtqumqzfgyfpkz/Build/Intermediates.noindex/ArchiveIntermediates/BookonDebug/BuildProductsPath/Release-iphoneos -I /Applications/Xcode_15.4.app/Contents/Developer/Platforms/iPhoneOS.platform/Developer/usr/lib -F /Users/runner/Library/Developer/Xcode/DerivedData/BookonDebug-ehazsigvxemoqzdtqumqzfgyfpkz/Build/Intermediates.noindex/ArchiveIntermediates/BookonDebug/BuildProductsPath/Release-iphoneos/PackageFrameworks -F /Users/runner/Library/Developer/Xcode/DerivedData/BookonDebug-ehazsigvxemoqzdtqumqzfgyfpkz/Build/Intermediates.noindex/ArchiveIntermediates/BookonDebug/BuildProductsPath/Release-iphoneos/PackageFrameworks -F /Users/runner/Library/Developer/Xcode/DerivedData/BookonDebug-ehazsigvxemoqzdtqumqzfgyfpkz/Build/Intermediates.noindex/ArchiveIntermediates/BookonDebug/BuildProductsPath/Release-iphoneos -F /Applications/Xcode_15.4.app/Contents/Developer/Platforms/iPhoneOS.platform/Developer/Library/Frameworks -F /Applications/Xcode_15.4.app/Contents/Developer/Platforms/iPhoneOS.platform/Developer/SDKs/iPhoneOS17.5.sdk/Developer/Library/Frameworks -c -num-threads 3 -Xcc -ivfsstatcache -Xcc /Users/runner/Library/Developer/Xcode/DerivedData/SDKStatCaches.noindex/iphoneos17.5-21F77-f0fa7969d082b13145125136a829df3a.sdkstatcache -output-file-map /Users/runner/Library/Developer/Xcode/DerivedData/BookonDebug-ehazsigvxemoqzdtqumqzfgyfpkz/Build/Intermediates.noindex/ArchiveIntermediates/BookonDebug/IntermediateBuildFilesPath/LegadoBookSource.build/Release-iphoneos/BookonDebugKit.build/Objects-normal/arm64/BookonDebugKit-OutputFileMap.json -use-frontend-parseable-output -save-temps -no-color-diagnostics -serialize-diagnostics -emit-dependencies -emit-module -emit-module-path /Users/runner/Library/Developer/Xcode/DerivedData/BookonDebug-ehazsigvxemoqzdtqumqzfgyfpkz/Build/Intermediates.noindex/ArchiveIntermediates/BookonDebug/IntermediateBuildFilesPath/LegadoBookSource.build/Release-iphoneos/BookonDebugKit.build/Objects-normal/arm64/BookonDebugKit.swiftmodule -validate-clang-modules-once -clang-build-session-file /Users/runner/Library/Developer/Xcode/DerivedData/ModuleCache.noindex/Session.modulevalidation -Xfrontend -package-name -Xfrontend bookon -Xcc -I/Users/runner/Library/Developer/Xcode/DerivedData/BookonDebug-ehazsigvxemoqzdtqumqzfgyfpkz/Build/Intermediates.noindex/ArchiveIntermediates/BookonDebug/IntermediateBuildFilesPath/LegadoBookSource.build/Release-iphoneos/BookonDebugKit.build/swift-overrides.hmap -emit-const-values -Xfrontend -const-gather-protocols-file -Xfrontend /Users/runner/Library/Developer/Xcode/DerivedData/BookonDebug-ehazsigvxemoqzdtqumqzfgyfpkz/Build/Intermediates.noindex/ArchiveIntermediates/BookonDebug/IntermediateBuildFilesPath/LegadoBookSource.build/Release-iphoneos/BookonDebugKit.build/Objects-normal/arm64/BookonDebugKit_const_extract_protocols.json -Xcc -I/Users/runner/Library/Developer/Xcode/DerivedData/BookonDebug-ehazsigvxemoqzdtqumqzfgyfpkz/Build/Intermediates.noindex/ArchiveIntermediates/BookonDebug/BuildProductsPath/Release-iphoneos/include -Xcc -I/Users/runner/Library/Developer/Xcode/DerivedData/BookonDebug-ehazsigvxemoqzdtqumqzfgyfpkz/Build/Intermediates.noindex/ArchiveIntermediates/BookonDebug/IntermediateBuildFilesPath/LegadoBookSource.build/Release-iphoneos/BookonDebugKit.build/DerivedSources-normal/arm64 -Xcc -I/Users/runner/Library/Developer/Xcode/DerivedData/BookonDebug-ehazsigvxemoqzdtqumqzfgyfpkz/Build/Intermediates.noindex/ArchiveIntermediates/BookonDebug/IntermediateBuildFilesPath/LegadoBookSource.build/Release-iphoneos/BookonDebugKit.build/DerivedSources/arm64 -Xcc -I/Users/runner/Library/Developer/Xcode/DerivedData/BookonDebug-ehazsigvxemoqzdtqumqzfgyfpkz/Build/Intermediates.noindex/ArchiveIntermediates/BookonDebug/IntermediateBuildFilesPath/LegadoBookSource.build/Release-iphoneos/BookonDebugKit.build/DerivedSources -Xcc -DSWIFT_PACKAGE -emit-objc-header -emit-objc-header-path /Users/runner/Library/Developer/Xcode/DerivedData/BookonDebug-ehazsigvxemoqzdtqumqzfgyfpkz/Build/Intermediates.noindex/ArchiveIntermediates/BookonDebug/IntermediateBuildFilesPath/LegadoBookSource.build/Release-iphoneos/BookonDebugKit.build/Objects-normal/arm64/BookonDebugKit-Swift.h -working-directory /Users/runner/work/bookon/bookon -no-emit-module-separately-wmo
2026-10-06T13:42:34.4104320Z 
2026-10-06T13:42:34.4109520Z SwiftMergeGeneratedHeaders /Users/runner/Library/Developer/Xcode/DerivedData/BookonDebug-ehazsigvxemoqzdtqumqzfgyfpkz/Build/Intermediates.noindex/ArchiveIntermediates/BookonDebug/IntermediateBuildFilesPath/GeneratedModuleMaps-iphoneos/BookonDebugKit-Swift.h /Users/runner/Library/Developer/Xcode/DerivedData/BookonDebug-ehazsigvxemoqzdtqumqzfgyfpkz/Build/Intermediates.noindex/ArchiveIntermediates/BookonDebug/IntermediateBuildFilesPath/LegadoBookSource.build/Release-iphoneos/BookonDebugKit.build/Objects-normal/arm64/BookonDebugKit-Swift.h (in target 'BookonDebugKit' from project 'LegadoBookSource')
2026-10-06T13:42:34.4115770Z     cd /Users/runner/work/bookon/bookon
2026-10-06T13:42:34.4120330Z     builtin-swiftHeaderTool -arch arm64 /Users/runner/Library/Developer/Xcode/DerivedData/BookonDebug-ehazsigvxemoqzdtqumqzfgyfpkz/Build/Intermediates.noindex/ArchiveIntermediates/BookonDebug/IntermediateBuildFilesPath/LegadoBookSource.build/Release-iphoneos/BookonDebugKit.build/Objects-normal/arm64/BookonDebugKit-Swift.h -o /Users/runner/Library/Developer/Xcode/DerivedData/BookonDebug-ehazsigvxemoqzdtqumqzfgyfpkz/Build/Intermediates.noindex/ArchiveIntermediates/BookonDebug/IntermediateBuildFilesPath/GeneratedModuleMaps-iphoneos/BookonDebugKit-Swift.h
2026-10-06T13:42:34.4122250Z 
2026-10-06T13:42:34.4124250Z Copy /Users/runner/Library/Developer/Xcode/DerivedData/BookonDebug-ehazsigvxemoqzdtqumqzfgyfpkz/Build/Intermediates.noindex/ArchiveIntermediates/BookonDebug/BuildProductsPath/Release-iphoneos/BookonDebugKit.swiftmodule/arm64-apple-ios.swiftmodule /Users/runner/Library/Developer/Xcode/DerivedData/BookonDebug-ehazsigvxemoqzdtqumqzfgyfpkz/Build/Intermediates.noindex/ArchiveIntermediates/BookonDebug/IntermediateBuildFilesPath/LegadoBookSource.build/Release-iphoneos/BookonDebugKit.build/Objects-normal/arm64/BookonDebugKit.swiftmodule (in target 'BookonDebugKit' from project 'LegadoBookSource')
2026-10-06T13:42:34.4133120Z     cd /Users/runner/work/bookon/bookon
2026-10-06T13:42:34.4141160Z     builtin-copy -exclude .DS_Store -exclude CVS -exclude .svn -exclude .git -exclude .hg -strip-unsigned-binaries -strip-deterministic -strip-tool /Applications/Xcode_15.4.app/Contents/Developer/Toolchains/XcodeDefault.xctoolchain/usr/bin/strip -resolve-src-symlinks -rename /Users/runner/Library/Developer/Xcode/DerivedData/BookonDebug-ehazsigvxemoqzdtqumqzfgyfpkz/Build/Intermediates.noindex/ArchiveIntermediates/BookonDebug/IntermediateBuildFilesPath/LegadoBookSource.build/Release-iphoneos/BookonDebugKit.build/Objects-normal/arm64/BookonDebugKit.swiftmodule /Users/runner/Library/Developer/Xcode/DerivedData/BookonDebug-ehazsigvxemoqzdtqumqzfgyfpkz/Build/Intermediates.noindex/ArchiveIntermediates/BookonDebug/BuildProductsPath/Release-iphoneos/BookonDebugKit.swiftmodule/arm64-apple-ios.swiftmodule
2026-10-06T13:42:34.4148910Z 
2026-10-06T13:42:34.4154370Z Copy /Users/runner/Library/Developer/Xcode/DerivedData/BookonDebug-ehazsigvxemoqzdtqumqzfgyfpkz/Build/Intermediates.noindex/ArchiveIntermediates/BookonDebug/BuildProductsPath/Release-iphoneos/BookonDebugKit.swiftmodule/arm64-apple-ios.swiftdoc /Users/runner/Library/Developer/Xcode/DerivedData/BookonDebug-ehazsigvxemoqzdtqumqzfgyfpkz/Build/Intermediates.noindex/ArchiveIntermediates/BookonDebug/IntermediateBuildFilesPath/LegadoBookSource.build/Release-iphoneos/BookonDebugKit.build/Objects-normal/arm64/BookonDebugKit.swiftdoc (in target 'BookonDebugKit' from project 'LegadoBookSource')
2026-10-06T13:42:34.4160250Z     cd /Users/runner/work/bookon/bookon
2026-10-06T13:42:34.4163140Z     builtin-copy -exclude .DS_Store -exclude CVS -exclude .svn -exclude .git -exclude .hg -strip-unsigned-binaries -strip-deterministic -strip-tool /Applications/Xcode_15.4.app/Contents/Developer/Toolchains/XcodeDefault.xctoolchain/usr/bin/strip -resolve-src-symlinks -rename /Users/runner/Library/Developer/Xcode/DerivedData/BookonDebug-ehazsigvxemoqzdtqumqzfgyfpkz/Build/Intermediates.noindex/ArchiveIntermediates/BookonDebug/IntermediateBuildFilesPath/LegadoBookSource.build/Release-iphoneos/BookonDebugKit.build/Objects-normal/arm64/BookonDebugKit.swiftdoc /Users/runner/Library/Developer/Xcode/DerivedData/BookonDebug-ehazsigvxemoqzdtqumqzfgyfpkz/Build/Intermediates.noindex/ArchiveIntermediates/BookonDebug/BuildProductsPath/Release-iphoneos/BookonDebugKit.swiftmodule/arm64-apple-ios.swiftdoc
2026-10-06T13:42:34.4166110Z 
2026-10-06T13:42:34.4170060Z Copy /Users/runner/Library/Developer/Xcode/DerivedData/BookonDebug-ehazsigvxemoqzdtqumqzfgyfpkz/Build/Intermediates.noindex/ArchiveIntermediates/BookonDebug/BuildProductsPath/Release-iphoneos/BookonDebugKit.swiftmodule/arm64-apple-ios.abi.json /Users/runner/Library/Developer/Xcode/DerivedData/BookonDebug-ehazsigvxemoqzdtqumqzfgyfpkz/Build/Intermediates.noindex/ArchiveIntermediates/BookonDebug/IntermediateBuildFilesPath/LegadoBookSource.build/Release-iphoneos/BookonDebugKit.build/Objects-normal/arm64/BookonDebugKit.abi.json (in target 'BookonDebugKit' from project 'LegadoBookSource')
2026-10-06T13:42:34.4172740Z     cd /Users/runner/work/bookon/bookon
2026-10-06T13:42:34.4176140Z     builtin-copy -exclude .DS_Store -exclude CVS -exclude .svn -exclude .git -exclude .hg -strip-unsigned-binaries -strip-deterministic -strip-tool /Applications/Xcode_15.4.app/Contents/Developer/Toolchains/XcodeDefault.xctoolchain/usr/bin/strip -resolve-src-symlinks -rename /Users/runner/Library/Developer/Xcode/DerivedData/BookonDebug-ehazsigvxemoqzdtqumqzfgyfpkz/Build/Intermediates.noindex/ArchiveIntermediates/BookonDebug/IntermediateBuildFilesPath/LegadoBookSource.build/Release-iphoneos/BookonDebugKit.build/Objects-normal/arm64/BookonDebugKit.abi.json /Users/runner/Library/Developer/Xcode/DerivedData/BookonDebug-ehazsigvxemoqzdtqumqzfgyfpkz/Build/Intermediates.noindex/ArchiveIntermediates/BookonDebug/BuildProductsPath/Release-iphoneos/BookonDebugKit.swiftmodule/arm64-apple-ios.abi.json
2026-10-06T13:42:34.4178890Z 
2026-10-06T13:42:34.4179900Z Ld /Users/runner/Library/Developer/Xcode/DerivedData/BookonDebug-ehazsigvxemoqzdtqumqzfgyfpkz/Build/Intermediates.noindex/ArchiveIntermediates/BookonDebug/IntermediateBuildFilesPath/UninstalledProducts/iphoneos/BookonDebugKit.o normal (in target 'BookonDebugKit' from project 'LegadoBookSource')
2026-10-06T13:42:34.4181110Z     cd /Users/runner/work/bookon/bookon
2026-10-06T13:42:34.4193380Z     /Applications/Xcode_15.4.app/Contents/Developer/Toolchains/XcodeDefault.xctoolchain/usr/bin/clang -Xlinker -reproducible -target arm64-apple-ios17.0 -r -isysroot /Applications/Xcode_15.4.app/Contents/Developer/Platforms/iPhoneOS.platform/Developer/SDKs/iPhoneOS17.5.sdk -Os -L/Users/runner/Library/Developer/Xcode/DerivedData/BookonDebug-ehazsigvxemoqzdtqumqzfgyfpkz/Build/Intermediates.noindex/ArchiveIntermediates/BookonDebug/IntermediateBuildFilesPath/EagerLinkingTBDs/Release-iphoneos -L/Users/runner/Library/Developer/Xcode/DerivedData/BookonDebug-ehazsigvxemoqzdtqumqzfgyfpkz/Build/Intermediates.noindex/ArchiveIntermediates/BookonDebug/BuildProductsPath/Release-iphoneos -L/Applications/Xcode_15.4.app/Contents/Developer/Platforms/iPhoneOS.platform/Developer/usr/lib -F/Users/runner/Library/Developer/Xcode/DerivedData/BookonDebug-ehazsigvxemoqzdtqumqzfgyfpkz/Build/Intermediates.noindex/ArchiveIntermediates/BookonDebug/IntermediateBuildFilesPath/EagerLinkingTBDs/Release-iphoneos -F/Users/runner/Library/Developer/Xcode/DerivedData/BookonDebug-ehazsigvxemoqzdtqumqzfgyfpkz/Build/Intermediates.noindex/ArchiveIntermediates/BookonDebug/BuildProductsPath/Release-iphoneos/PackageFrameworks -F/Users/runner/Library/Developer/Xcode/DerivedData/BookonDebug-ehazsigvxemoqzdtqumqzfgyfpkz/Build/Intermediates.noindex/ArchiveIntermediates/BookonDebug/BuildProductsPath/Release-iphoneos/PackageFrameworks -F/Users/runner/Library/Developer/Xcode/DerivedData/BookonDebug-ehazsigvxemoqzdtqumqzfgyfpkz/Build/Intermediates.noindex/ArchiveIntermediates/BookonDebug/BuildProductsPath/Release-iphoneos -iframework /Applications/Xcode_15.4.app/Contents/Developer/Platforms/iPhoneOS.platform/Developer/Library/Frameworks -iframework /Applications/Xcode_15.4.app/Contents/Developer/Platforms/iPhoneOS.platform/Developer/SDKs/iPhoneOS17.5.sdk/Developer/Library/Frameworks -filelist /Users/runner/Library/Developer/Xcode/DerivedData/BookonDebug-ehazsigvxemoqzdtqumqzfgyfpkz/Build/Intermediates.noindex/ArchiveIntermediates/BookonDebug/IntermediateBuildFilesPath/LegadoBookSource.build/Release-iphoneos/BookonDebugKit.build/Objects-normal/arm64/BookonDebugKit.LinkFileList -nostdlib -Xlinker -object_path_lto -Xlinker /Users/runner/Library/Developer/Xcode/DerivedData/BookonDebug-ehazsigvxemoqzdtqumqzfgyfpkz/Build/Intermediates.noindex/ArchiveIntermediates/BookonDebug/IntermediateBuildFilesPath/LegadoBookSource.build/Release-iphoneos/BookonDebugKit.build/Objects-normal/arm64/BookonDebugKit_lto.o -fobjc-link-runtime -L/Applications/Xcode_15.4.app/Contents/Developer/Toolchains/XcodeDefault.xctoolchain/usr/lib/swift/iphoneos -L/usr/lib/swift -Xlinker -add_ast_path -Xlinker /Users/runner/Library/Developer/Xcode/DerivedData/BookonDebug-ehazsigvxemoqzdtqumqzfgyfpkz/Build/Intermediates.noindex/ArchiveIntermediates/BookonDebug/IntermediateBuildFilesPath/LegadoBookSource.build/Release-iphoneos/BookonDebugKit.build/Objects-normal/arm64/BookonDebugKit.swiftmodule -Xlinker -dependency_info -Xlinker /Users/runner/Library/Developer/Xcode/DerivedData/BookonDebug-ehazsigvxemoqzdtqumqzfgyfpkz/Build/Intermediates.noindex/ArchiveIntermediates/BookonDebug/IntermediateBuildFilesPath/LegadoBookSource.build/Release-iphoneos/BookonDebugKit.build/Objects-normal/arm64/BookonDebugKit_dependency_info.dat -o /Users/runner/Library/Developer/Xcode/DerivedData/BookonDebug-ehazsigvxemoqzdtqumqzfgyfpkz/Build/Intermediates.noindex/ArchiveIntermediates/BookonDebug/IntermediateBuildFilesPath/UninstalledProducts/iphoneos/BookonDebugKit.o
2026-10-06T13:42:34.4598580Z 
2026-10-06T13:42:34.4601920Z WriteAuxiliaryFile /Users/runner/Library/Developer/Xcode/DerivedData/BookonDebug-ehazsigvxemoqzdtqumqzfgyfpkz/Build/Intermediates.noindex/ArchiveIntermediates/BookonDebug/IntermediateBuildFilesPath/BookonDebug.build/Release-iphoneos/BookonDebug.build/all-product-headers.yaml (in target 'BookonDebug' from project 'BookonDebug')
2026-10-06T13:42:34.4603570Z     cd /Users/runner/work/bookon/bookon
2026-10-06T13:42:34.4604740Z     write-file /Users/runner/Library/Developer/Xcode/DerivedData/BookonDebug-ehazsigvxemoqzdtqumqzfgyfpkz/Build/Intermediates.noindex/ArchiveIntermediates/BookonDebug/IntermediateBuildFilesPath/BookonDebug.build/Release-iphoneos/BookonDebug.build/all-product-headers.yaml
2026-10-06T13:42:34.4605800Z 
2026-10-06T13:42:34.4606990Z WriteAuxiliaryFile /Users/runner/Library/Developer/Xcode/DerivedData/BookonDebug-ehazsigvxemoqzdtqumqzfgyfpkz/Build/Intermediates.noindex/ArchiveIntermediates/BookonDebug/IntermediateBuildFilesPath/BookonDebug.build/Release-iphoneos/BookonDebug.build/BookonDebug.hmap (in target 'BookonDebug' from project 'BookonDebug')
2026-10-06T13:42:34.4608380Z     cd /Users/runner/work/bookon/bookon
2026-10-06T13:42:34.4609530Z     write-file /Users/runner/Library/Developer/Xcode/DerivedData/BookonDebug-ehazsigvxemoqzdtqumqzfgyfpkz/Build/Intermediates.noindex/ArchiveIntermediates/BookonDebug/IntermediateBuildFilesPath/BookonDebug.build/Release-iphoneos/BookonDebug.build/BookonDebug.hmap
2026-10-06T13:42:34.4611940Z 
2026-10-06T13:42:34.4615690Z WriteAuxiliaryFile /Users/runner/Library/Developer/Xcode/DerivedData/BookonDebug-ehazsigvxemoqzdtqumqzfgyfpkz/Build/Intermediates.noindex/ArchiveIntermediates/BookonDebug/IntermediateBuildFilesPath/BookonDebug.build/Release-iphoneos/BookonDebug.build/BookonDebug-project-headers.hmap (in target 'BookonDebug' from project 'BookonDebug')
2026-10-06T13:42:34.4620120Z     cd /Users/runner/work/bookon/bookon
2026-10-06T13:42:34.4622150Z     write-file /Users/runner/Library/Developer/Xcode/DerivedData/BookonDebug-ehazsigvxemoqzdtqumqzfgyfpkz/Build/Intermediates.noindex/ArchiveIntermediates/BookonDebug/IntermediateBuildFilesPath/BookonDebug.build/Release-iphoneos/BookonDebug.build/BookonDebug-project-headers.hmap
2026-10-06T13:42:34.4624160Z 
2026-10-06T13:42:34.4625490Z WriteAuxiliaryFile /Users/runner/Library/Developer/Xcode/DerivedData/BookonDebug-ehazsigvxemoqzdtqumqzfgyfpkz/Build/Intermediates.noindex/ArchiveIntermediates/BookonDebug/IntermediateBuildFilesPath/BookonDebug.build/Release-iphoneos/BookonDebug.build/BookonDebug-own-target-headers.hmap (in target 'BookonDebug' from project 'BookonDebug')
2026-10-06T13:42:34.4626860Z     cd /Users/runner/work/bookon/bookon
2026-10-06T13:42:34.4628600Z     write-file /Users/runner/Library/Developer/Xcode/DerivedData/BookonDebug-ehazsigvxemoqzdtqumqzfgyfpkz/Build/Intermediates.noindex/ArchiveIntermediates/BookonDebug/IntermediateBuildFilesPath/BookonDebug.build/Release-iphoneos/BookonDebug.build/BookonDebug-own-target-headers.hmap
2026-10-06T13:42:34.4629990Z 
2026-10-06T13:42:34.4631500Z WriteAuxiliaryFile /Users/runner/Library/Developer/Xcode/DerivedData/BookonDebug-ehazsigvxemoqzdtqumqzfgyfpkz/Build/Intermediates.noindex/ArchiveIntermediates/BookonDebug/IntermediateBuildFilesPath/BookonDebug.build/Release-iphoneos/BookonDebug.build/BookonDebug-generated-files.hmap (in target 'BookonDebug' from project 'BookonDebug')
2026-10-06T13:42:34.4632980Z     cd /Users/runner/work/bookon/bookon
2026-10-06T13:42:34.4634360Z     write-file /Users/runner/Library/Developer/Xcode/DerivedData/BookonDebug-ehazsigvxemoqzdtqumqzfgyfpkz/Build/Intermediates.noindex/ArchiveIntermediates/BookonDebug/IntermediateBuildFilesPath/BookonDebug.build/Release-iphoneos/BookonDebug.build/BookonDebug-generated-files.hmap
2026-10-06T13:42:34.4635940Z 
2026-10-06T13:42:34.4638120Z WriteAuxiliaryFile /Users/runner/Library/Developer/Xcode/DerivedData/BookonDebug-ehazsigvxemoqzdtqumqzfgyfpkz/Build/Intermediates.noindex/ArchiveIntermediates/BookonDebug/IntermediateBuildFilesPath/BookonDebug.build/Release-iphoneos/BookonDebug.build/BookonDebug-all-target-headers.hmap (in target 'BookonDebug' from project 'BookonDebug')
2026-10-06T13:42:34.4647620Z     cd /Users/runner/work/bookon/bookon
2026-10-06T13:42:34.4652660Z     write-file /Users/runner/Library/Developer/Xcode/DerivedData/BookonDebug-ehazsigvxemoqzdtqumqzfgyfpkz/Build/Intermediates.noindex/ArchiveIntermediates/BookonDebug/IntermediateBuildFilesPath/BookonDebug.build/Release-iphoneos/BookonDebug.build/BookonDebug-all-target-headers.hmap
2026-10-06T13:42:34.4653860Z 
2026-10-06T13:42:34.4655150Z WriteAuxiliaryFile /Users/runner/Library/Developer/Xcode/DerivedData/BookonDebug-ehazsigvxemoqzdtqumqzfgyfpkz/Build/Intermediates.noindex/ArchiveIntermediates/BookonDebug/IntermediateBuildFilesPath/BookonDebug.build/Release-iphoneos/BookonDebug.build/BookonDebug-all-non-framework-target-headers.hmap (in target 'BookonDebug' from project 'BookonDebug')
2026-10-06T13:42:34.4656730Z     cd /Users/runner/work/bookon/bookon
2026-10-06T13:42:34.4658050Z     write-file /Users/runner/Library/Developer/Xcode/DerivedData/BookonDebug-ehazsigvxemoqzdtqumqzfgyfpkz/Build/Intermediates.noindex/ArchiveIntermediates/BookonDebug/IntermediateBuildFilesPath/BookonDebug.build/Release-iphoneos/BookonDebug.build/BookonDebug-all-non-framework-target-headers.hmap
2026-10-06T13:42:34.4659320Z 
2026-10-06T13:42:34.4663590Z WriteAuxiliaryFile /Users/runner/Library/Developer/Xcode/DerivedData/BookonDebug-ehazsigvxemoqzdtqumqzfgyfpkz/Build/Intermediates.noindex/ArchiveIntermediates/BookonDebug/IntermediateBuildFilesPath/BookonDebug.build/Release-iphoneos/BookonDebug.build/Objects-normal/arm64/BookonDebug.SwiftFileList (in target 'BookonDebug' from project 'BookonDebug')
2026-10-06T13:42:34.4712540Z     cd /Users/runner/work/bookon/bookon
2026-10-06T13:42:34.4715510Z     write-file /Users/runner/Library/Developer/Xcode/DerivedData/BookonDebug-ehazsigvxemoqzdtqumqzfgyfpkz/Build/Intermediates.noindex/ArchiveIntermediates/BookonDebug/IntermediateBuildFilesPath/BookonDebug.build/Release-iphoneos/BookonDebug.build/Objects-normal/arm64/BookonDebug.SwiftFileList
2026-10-06T13:42:34.4716740Z 
2026-10-06T13:42:34.4718520Z WriteAuxiliaryFile /Users/runner/Library/Developer/Xcode/DerivedData/BookonDebug-ehazsigvxemoqzdtqumqzfgyfpkz/Build/Intermediates.noindex/ArchiveIntermediates/BookonDebug/IntermediateBuildFilesPath/BookonDebug.build/Release-iphoneos/BookonDebug.build/Objects-normal/arm64/BookonDebug_const_extract_protocols.json (in target 'BookonDebug' from project 'BookonDebug')
2026-10-06T13:42:34.4722470Z     cd /Users/runner/work/bookon/bookon
2026-10-06T13:42:34.4724410Z     write-file /Users/runner/Library/Developer/Xcode/DerivedData/BookonDebug-ehazsigvxemoqzdtqumqzfgyfpkz/Build/Intermediates.noindex/ArchiveIntermediates/BookonDebug/IntermediateBuildFilesPath/BookonDebug.build/Release-iphoneos/BookonDebug.build/Objects-normal/arm64/BookonDebug_const_extract_protocols.json
2026-10-06T13:42:34.4728180Z 
2026-10-06T13:42:34.4730510Z WriteAuxiliaryFile /Users/runner/Library/Developer/Xcode/DerivedData/BookonDebug-ehazsigvxemoqzdtqumqzfgyfpkz/Build/Intermediates.noindex/ArchiveIntermediates/BookonDebug/IntermediateBuildFilesPath/BookonDebug.build/Release-iphoneos/BookonDebug.build/Objects-normal/arm64/BookonDebug-OutputFileMap.json (in target 'BookonDebug' from project 'BookonDebug')
2026-10-06T13:42:34.4732460Z     cd /Users/runner/work/bookon/bookon
2026-10-06T13:42:34.4734710Z     write-file /Users/runner/Library/Developer/Xcode/DerivedData/BookonDebug-ehazsigvxemoqzdtqumqzfgyfpkz/Build/Intermediates.noindex/ArchiveIntermediates/BookonDebug/IntermediateBuildFilesPath/BookonDebug.build/Release-iphoneos/BookonDebug.build/Objects-normal/arm64/BookonDebug-OutputFileMap.json
2026-10-06T13:42:34.4735860Z 
2026-10-06T13:42:34.4736820Z SwiftDriver BookonDebug normal arm64 com.apple.xcode.tools.swift.compiler (in target 'BookonDebug' from project 'BookonDebug')
2026-10-06T13:42:34.4738120Z     cd /Users/runner/work/bookon/bookon
2026-10-06T13:42:34.4770930Z     builtin-SwiftDriver -- /Applications/Xcode_15.4.app/Contents/Developer/Toolchains/XcodeDefault.xctoolchain/usr/bin/swiftc -module-name BookonDebug -O -whole-module-optimization -enforce-exclusivity\=checked @/Users/runner/Library/Developer/Xcode/DerivedData/BookonDebug-ehazsigvxemoqzdtqumqzfgyfpkz/Build/Intermediates.noindex/ArchiveIntermediates/BookonDebug/IntermediateBuildFilesPath/BookonDebug.build/Release-iphoneos/BookonDebug.build/Objects-normal/arm64/BookonDebug.SwiftFileList -sdk /Applications/Xcode_15.4.app/Contents/Developer/Platforms/iPhoneOS.platform/Developer/SDKs/iPhoneOS17.5.sdk -target arm64-apple-ios17.0 -enable-bare-slash-regex -g -module-cache-path /Users/runner/Library/Developer/Xcode/DerivedData/ModuleCache.noindex -Xfrontend -serialize-debugging-options -swift-version 5 -I /Users/runner/Library/Developer/Xcode/DerivedData/BookonDebug-ehazsigvxemoqzdtqumqzfgyfpkz/Build/Intermediates.noindex/ArchiveIntermediates/BookonDebug/BuildProductsPath/Release-iphoneos -F /Users/runner/Library/Developer/Xcode/DerivedData/BookonDebug-ehazsigvxemoqzdtqumqzfgyfpkz/Build/Intermediates.noindex/ArchiveIntermediates/BookonDebug/BuildProductsPath/Release-iphoneos/PackageFrameworks -F /Users/runner/Library/Developer/Xcode/DerivedData/BookonDebug-ehazsigvxemoqzdtqumqzfgyfpkz/Build/Intermediates.noindex/ArchiveIntermediates/BookonDebug/BuildProductsPath/Release-iphoneos/PackageFrameworks -F /Users/runner/Library/Developer/Xcode/DerivedData/BookonDebug-ehazsigvxemoqzdtqumqzfgyfpkz/Build/Intermediates.noindex/ArchiveIntermediates/BookonDebug/BuildProductsPath/Release-iphoneos/PackageFrameworks -F /Users/runner/Library/Developer/Xcode/DerivedData/BookonDebug-ehazsigvxemoqzdtqumqzfgyfpkz/Build/Intermediates.noindex/ArchiveIntermediates/BookonDebug/BuildProductsPath/Release-iphoneos -c -num-threads 3 -Xcc -ivfsstatcache -Xcc /Users/runner/Library/Developer/Xcode/DerivedData/SDKStatCaches.noindex/iphoneos17.5-21F77-f0fa7969d082b13145125136a829df3a.sdkstatcache -output-file-map /Users/runner/Library/Developer/Xcode/DerivedData/BookonDebug-ehazsigvxemoqzdtqumqzfgyfpkz/Build/Intermediates.noindex/ArchiveIntermediates/BookonDebug/IntermediateBuildFilesPath/BookonDebug.build/Release-iphoneos/BookonDebug.build/Objects-normal/arm64/BookonDebug-OutputFileMap.json -use-frontend-parseable-output -save-temps -no-color-diagnostics -serialize-diagnostics -emit-dependencies -emit-module -emit-module-path /Users/runner/Library/Developer/Xcode/DerivedData/BookonDebug-ehazsigvxemoqzdtqumqzfgyfpkz/Build/Intermediates.noindex/ArchiveIntermediates/BookonDebug/IntermediateBuildFilesPath/BookonDebug.build/Release-iphoneos/BookonDebug.build/Objects-normal/arm64/BookonDebug.swiftmodule -validate-clang-modules-once -clang-build-session-file /Users/runner/Library/Developer/Xcode/DerivedData/ModuleCache.noindex/Session.modulevalidation -Xcc -I/Users/runner/Library/Developer/Xcode/DerivedData/BookonDebug-ehazsigvxemoqzdtqumqzfgyfpkz/Build/Intermediates.noindex/ArchiveIntermediates/BookonDebug/IntermediateBuildFilesPath/BookonDebug.build/Release-iphoneos/BookonDebug.build/swift-overrides.hmap -emit-const-values -Xfrontend -const-gather-protocols-file -Xfrontend /Users/runner/Library/Developer/Xcode/DerivedData/BookonDebug-ehazsigvxemoqzdtqumqzfgyfpkz/Build/Intermediates.noindex/ArchiveIntermediates/BookonDebug/IntermediateBuildFilesPath/BookonDebug.build/Release-iphoneos/BookonDebug.build/Objects-normal/arm64/BookonDebug_const_extract_protocols.json -Xcc -iquote -Xcc /Users/runner/Library/Developer/Xcode/DerivedData/BookonDebug-ehazsigvxemoqzdtqumqzfgyfpkz/Build/Intermediates.noindex/ArchiveIntermediates/BookonDebug/IntermediateBuildFilesPath/BookonDebug.build/Release-iphoneos/BookonDebug.build/BookonDebug-generated-files.hmap -Xcc -I/Users/runner/Library/Developer/Xcode/DerivedData/BookonDebug-ehazsigvxemoqzdtqumqzfgyfpkz/Build/Intermediates.noindex/ArchiveIntermediates/BookonDebug/IntermediateBuildFilesPath/BookonDebug.build/Release-iphoneos/BookonDebug.build/BookonDebug-own-target-headers.hmap -Xcc -I/Users/runner/Library/Developer/Xcode/DerivedData/BookonDebug-ehazsigvxemoqzdtqumqzfgyfpkz/Build/Intermediates.noindex/ArchiveIntermediates/BookonDebug/IntermediateBuildFilesPath/BookonDebug.build/Release-iphoneos/BookonDebug.build/BookonDebug-all-non-framework-target-headers.hmap -Xcc -ivfsoverlay -Xcc /Users/runner/Library/Developer/Xcode/DerivedData/BookonDebug-ehazsigvxemoqzdtqumqzfgyfpkz/Build/Intermediates.noindex/ArchiveIntermediates/BookonDebug/IntermediateBuildFilesPath/BookonDebug.build/Release-iphoneos/BookonDebug.build/all-product-headers.yaml -Xcc -iquote -Xcc /Users/runner/Library/Developer/Xcode/DerivedData/BookonDebug-ehazsigvxemoqzdtqumqzfgyfpkz/Build/Intermediates.noindex/ArchiveIntermediates/BookonDebug/IntermediateBuildFilesPath/BookonDebug.build/Release-iphoneos/BookonDebug.build/BookonDebug-project-headers.hmap -Xcc -I/Users/runner/Library/Developer/Xcode/DerivedData/BookonDebug-ehazsigvxemoqzdtqumqzfgyfpkz/Build/Intermediates.noindex/ArchiveIntermediates/BookonDebug/BuildProductsPath/Release-iphoneos/include -Xcc -I/Users/runner/Library/Developer/Xcode/DerivedData/BookonDebug-ehazsigvxemoqzdtqumqzfgyfpkz/Build/Intermediates.noindex/ArchiveIntermediates/BookonDebug/IntermediateBuildFilesPath/BookonDebug.build/Release-iphoneos/BookonDebug.build/DerivedSources-normal/arm64 -Xcc -I/Users/runner/Library/Developer/Xcode/DerivedData/BookonDebug-ehazsigvxemoqzdtqumqzfgyfpkz/Build/Intermediates.noindex/ArchiveIntermediates/BookonDebug/IntermediateBuildFilesPath/BookonDebug.build/Release-iphoneos/BookonDebug.build/DerivedSources/arm64 -Xcc -I/Users/runner/Library/Developer/Xcode/DerivedData/BookonDebug-ehazsigvxemoqzdtqumqzfgyfpkz/Build/Intermediates.noindex/ArchiveIntermediates/BookonDebug/IntermediateBuildFilesPath/BookonDebug.build/Release-iphoneos/BookonDebug.build/DerivedSources -emit-objc-header -emit-objc-header-path /Users/runner/Library/Developer/Xcode/DerivedData/BookonDebug-ehazsigvxemoqzdtqumqzfgyfpkz/Build/Intermediates.noindex/ArchiveIntermediates/BookonDebug/IntermediateBuildFilesPath/BookonDebug.build/Release-iphoneos/BookonDebug.build/Objects-normal/arm64/BookonDebug-Swift.h -working-directory /Users/runner/work/bookon/bookon -no-emit-module-separately-wmo
2026-10-06T13:42:34.4812170Z 
2026-10-06T13:42:34.4818170Z SwiftCompile normal arm64 Compiling\ BookonDebugApp.swift,\ ContentView.swift,\ DebugView.swift,\ LogHistoryView.swift,\ SettingsView.swift,\ SourceListView.swift /Users/runner/work/bookon/bookon/App/BookonDebugApp.swift /Users/runner/work/bookon/bookon/App/ContentView.swift /Users/runner/work/bookon/bookon/App/DebugView.swift /Users/runner/work/bookon/bookon/App/LogHistoryView.swift /Users/runner/work/bookon/bookon/App/SettingsView.swift /Users/runner/work/bookon/bookon/App/SourceListView.swift (in target 'BookonDebug' from project 'BookonDebug')
2026-10-06T13:42:34.4823930Z     cd /Users/runner/work/bookon/bookon
2026-10-06T13:42:34.4878210Z     builtin-swiftTaskExecution -- /Applications/Xcode_15.4.app/Contents/Developer/Toolchains/XcodeDefault.xctoolchain/usr/bin/swift-frontend -frontend -c /Users/runner/work/bookon/bookon/App/BookonDebugApp.swift /Users/runner/work/bookon/bookon/App/ContentView.swift /Users/runner/work/bookon/bookon/App/DebugView.swift /Users/runner/work/bookon/bookon/App/LogHistoryView.swift /Users/runner/work/bookon/bookon/App/SettingsView.swift /Users/runner/work/bookon/bookon/App/SourceListView.swift -supplementary-output-file-map /Users/runner/Library/Developer/Xcode/DerivedData/BookonDebug-ehazsigvxemoqzdtqumqzfgyfpkz/Build/Intermediates.noindex/ArchiveIntermediates/BookonDebug/IntermediateBuildFilesPath/BookonDebug.build/Release-iphoneos/BookonDebug.build/Objects-normal/arm64/supplementaryOutputs-4 -target arm64-apple-ios17.0 -Xllvm -aarch64-use-tbi -enable-objc-interop -stack-check -sdk /Applications/Xcode_15.4.app/Contents/Developer/Platforms/iPhoneOS.platform/Developer/SDKs/iPhoneOS17.5.sdk -I /Users/runner/Library/Developer/Xcode/DerivedData/BookonDebug-ehazsigvxemoqzdtqumqzfgyfpkz/Build/Intermediates.noindex/ArchiveIntermediates/BookonDebug/BuildProductsPath/Release-iphoneos -F /Users/runner/Library/Developer/Xcode/DerivedData/BookonDebug-ehazsigvxemoqzdtqumqzfgyfpkz/Build/Intermediates.noindex/ArchiveIntermediates/BookonDebug/BuildProductsPath/Release-iphoneos/PackageFrameworks -F /Users/runner/Library/Developer/Xcode/DerivedData/BookonDebug-ehazsigvxemoqzdtqumqzfgyfpkz/Build/Intermediates.noindex/ArchiveIntermediates/BookonDebug/BuildProductsPath/Release-iphoneos/PackageFrameworks -F /Users/runner/Library/Developer/Xcode/DerivedData/BookonDebug-ehazsigvxemoqzdtqumqzfgyfpkz/Build/Intermediates.noindex/ArchiveIntermediates/BookonDebug/BuildProductsPath/Release-iphoneos/PackageFrameworks -F /Users/runner/Library/Developer/Xcode/DerivedData/BookonDebug-ehazsigvxemoqzdtqumqzfgyfpkz/Build/Intermediates.noindex/ArchiveIntermediates/BookonDebug/BuildProductsPath/Release-iphoneos -no-color-diagnostics -g -module-cache-path /Users/runner/Library/Developer/Xcode/DerivedData/ModuleCache.noindex -swift-version 5 -enforce-exclusivity\=checked -O -serialize-debugging-options -const-gather-protocols-file /Users/runner/Library/Developer/Xcode/DerivedData/BookonDebug-ehazsigvxemoqzdtqumqzfgyfpkz/Build/Intermediates.noindex/ArchiveIntermediates/BookonDebug/IntermediateBuildFilesPath/BookonDebug.build/Release-iphoneos/BookonDebug.build/Objects-normal/arm64/BookonDebug_const_extract_protocols.json -enable-bare-slash-regex -empty-abi-descriptor -validate-clang-modules-once -clang-build-session-file /Users/runner/Library/Developer/Xcode/DerivedData/ModuleCache.noindex/Session.modulevalidation -Xcc -working-directory -Xcc /Users/runner/work/bookon/bookon -resource-dir /Applications/Xcode_15.4.app/Contents/Developer/Toolchains/XcodeDefault.xctoolchain/usr/lib/swift -Xcc -ivfsstatcache -Xcc /Users/runner/Library/Developer/Xcode/DerivedData/SDKStatCaches.noindex/iphoneos17.5-21F77-f0fa7969d082b13145125136a829df3a.sdkstatcache -Xcc -I/Users/runner/Library/Developer/Xcode/DerivedData/BookonDebug-ehazsigvxemoqzdtqumqzfgyfpkz/Build/Intermediates.noindex/ArchiveIntermediates/BookonDebug/IntermediateBuildFilesPath/BookonDebug.build/Release-iphoneos/BookonDebug.build/swift-overrides.hmap -Xcc -iquote -Xcc /Users/runner/Library/Developer/Xcode/DerivedData/BookonDebug-ehazsigvxemoqzdtqumqzfgyfpkz/Build/Intermediates.noindex/ArchiveIntermediates/BookonDebug/IntermediateBuildFilesPath/BookonDebug.build/Release-iphoneos/BookonDebug.build/BookonDebug-generated-files.hmap -Xcc -I/Users/runner/Library/Developer/Xcode/DerivedData/BookonDebug-ehazsigvxemoqzdtqumqzfgyfpkz/Build/Intermediates.noindex/ArchiveIntermediates/BookonDebug/IntermediateBuildFilesPath/BookonDebug.build/Release-iphoneos/BookonDebug.build/BookonDebug-own-target-headers.hmap -Xcc -I/Users/runner/Library/Developer/Xcode/DerivedData/BookonDebug-ehazsigvxemoqzdtqumqzfgyfpkz/Build/Intermediates.noindex/ArchiveIntermediates/BookonDebug/IntermediateBuildFilesPath/BookonDebug.build/Release-iphoneos/BookonDebug.build/BookonDebug-all-non-framework-target-headers.hmap -Xcc -ivfsoverlay -Xcc /Users/runner/Library/Developer/Xcode/DerivedData/BookonDebug-ehazsigvxemoqzdtqumqzfgyfpkz/Build/Intermediates.noindex/ArchiveIntermediates/BookonDebug/IntermediateBuildFilesPath/BookonDebug.build/Release-iphoneos/BookonDebug.build/all-product-headers.yaml -Xcc -iquote -Xcc /Users/runner/Library/Developer/Xcode/DerivedData/BookonDebug-ehazsigvxemoqzdtqumqzfgyfpkz/Build/Intermediates.noindex/ArchiveIntermediates/BookonDebug/IntermediateBuildFilesPath/BookonDebug.build/Release-iphoneos/BookonDebug.build/BookonDebug-project-headers.hmap -Xcc -I/Users/runner/Library/Developer/Xcode/DerivedData/BookonDebug-ehazsigvxemoqzdtqumqzfgyfpkz/Build/Intermediates.noindex/ArchiveIntermediates/BookonDebug/BuildProductsPath/Release-iphoneos/include -Xcc -I/Users/runner/Library/Developer/Xcode/DerivedData/BookonDebug-ehazsigvxemoqzdtqumqzfgyfpkz/Build/Intermediates.noindex/ArchiveIntermediates/BookonDebug/IntermediateBuildFilesPath/BookonDebug.build/Release-iphoneos/BookonDebug.build/DerivedSources-normal/arm64 -Xcc -I/Users/runner/Library/Developer/Xcode/DerivedData/BookonDebug-ehazsigvxemoqzdtqumqzfgyfpkz/Build/Intermediates.noindex/ArchiveIntermediates/BookonDebug/IntermediateBuildFilesPath/BookonDebug.build/Release-iphoneos/BookonDebug.build/DerivedSources/arm64 -Xcc -I/Users/runner/Library/Developer/Xcode/DerivedData/BookonDebug-ehazsigvxemoqzdtqumqzfgyfpkz/Build/Intermediates.noindex/ArchiveIntermediates/BookonDebug/IntermediateBuildFilesPath/BookonDebug.build/Release-iphoneos/BookonDebug.build/DerivedSources -module-name BookonDebug -frontend-parseable-output -disable-clang-spi -target-sdk-version 17.5 -target-sdk-name iphoneos17.5 -external-plugin-path /Applications/Xcode_15.4.app/Contents/Developer/Platforms/iPhoneOS.platform/Developer/SDKs/iPhoneOS17.5.sdk/usr/lib/swift/host/plugins\#/Applications/Xcode_15.4.app/Contents/Developer/Platforms/iPhoneOS.platform/Developer/SDKs/iPhoneOS17.5.sdk/usr/bin/swift-plugin-server -external-plugin-path /Applications/Xcode_15.4.app/Contents/Developer/Platforms/iPhoneOS.platform/Developer/SDKs/iPhoneOS17.5.sdk/usr/local/lib/swift/host/plugins\#/Applications/Xcode_15.4.app/Contents/Developer/Platforms/iPhoneOS.platform/Developer/SDKs/iPhoneOS17.5.sdk/usr/bin/swift-plugin-server -external-plugin-path /Applications/Xcode_15.4.app/Contents/Developer/Platforms/iPhoneOS.platform/Developer/usr/lib/swift/host/plugins\#/Applications/Xcode_15.4.app/Contents/Developer/Platforms/iPhoneOS.platform/Developer/usr/bin/swift-plugin-server -external-plugin-path /Applications/Xcode_15.4.app/Contents/Developer/Platforms/iPhoneOS.platform/Developer/usr/local/lib/swift/host/plugins\#/Applications/Xcode_15.4.app/Contents/Developer/Platforms/iPhoneOS.platform/Developer/usr/bin/swift-plugin-server -plugin-path /Applications/Xcode_15.4.app/Contents/Developer/Toolchains/XcodeDefault.xctoolchain/usr/lib/swift/host/plugins -plugin-path /Applications/Xcode_15.4.app/Contents/Developer/Toolchains/XcodeDefault.xctoolchain/usr/local/lib/swift/host/plugins -enable-default-cmo -num-threads 3 -o /Users/runner/Library/Developer/Xcode/DerivedData/BookonDebug-ehazsigvxemoqzdtqumqzfgyfpkz/Build/Intermediates.noindex/ArchiveIntermediates/BookonDebug/IntermediateBuildFilesPath/BookonDebug.build/Release-iphoneos/BookonDebug.build/Objects-normal/arm64/BookonDebugApp.o -o /Users/runner/Library/Developer/Xcode/DerivedData/BookonDebug-ehazsigvxemoqzdtqumqzfgyfpkz/Build/Intermediates.noindex/ArchiveIntermediates/BookonDebug/IntermediateBuildFilesPath/BookonDebug.build/Release-iphoneos/BookonDebug.build/Objects-normal/arm64/ContentView.o -o /Users/runner/Library/Developer/Xcode/DerivedData/BookonDebug-ehazsigvxemoqzdtqumqzfgyfpkz/Build/Intermediates.noindex/ArchiveIntermediates/BookonDebug/IntermediateBuildFilesPath/BookonDebug.build/Release-iphoneos/BookonDebug.build/Objects-normal/arm64/DebugView.o -o /Users/runner/Library/Developer/Xcode/DerivedData/BookonDebug-ehazsigvxemoqzdtqumqzfgyfpkz/Build/Intermediates.noindex/ArchiveIntermediates/BookonDebug/IntermediateBuildFilesPath/BookonDebug.build/Release-iphoneos/BookonDebug.build/Objects-normal/arm64/LogHistoryView.o -o /Users/runner/Library/Developer/Xcode/DerivedData/BookonDebug-ehazsigvxemoqzdtqumqzfgyfpkz/Build/Intermediates.noindex/ArchiveIntermediates/BookonDebug/IntermediateBuildFilesPath/BookonDebug.build/Release-iphoneos/BookonDebug.build/Objects-normal/arm64/SettingsView.o -o /Users/runner/Library/Developer/Xcode/DerivedData/BookonDebug-ehazsigvxemoqzdtqumqzfgyfpkz/Build/Intermediates.noindex/ArchiveIntermediates/BookonDebug/IntermediateBuildFilesPath/BookonDebug.build/Release-iphoneos/BookonDebug.build/Objects-normal/arm64/SourceListView.o -index-unit-output-path /BookonDebug.build/Release-iphoneos/BookonDebug.build/Objects-normal/arm64/BookonDebugApp.o -index-unit-output-path /BookonDebug.build/Release-iphoneos/BookonDebug.build/Objects-normal/arm64/ContentView.o -index-unit-output-path /BookonDebug.build/Release-iphoneos/BookonDebug.build/Objects-normal/arm64/DebugView.o -index-unit-output-path /BookonDebug.build/Release-iphoneos/BookonDebug.build/Objects-normal/arm64/LogHistoryView.o -index-unit-output-path /BookonDebug.build/Release-iphoneos/BookonDebug.build/Objects-normal/arm64/SettingsView.o -index-unit-output-path /BookonDebug.build/Release-iphoneos/BookonDebug.build/Objects-normal/arm64/SourceListView.o
2026-10-06T13:42:34.5130470Z 
2026-10-06T13:42:34.5131560Z CompileSwift normal arm64 (in target 'BookonDebug' from project 'BookonDebug')
2026-10-06T13:42:34.5132010Z     cd /Users/runner/work/bookon/bookon
2026-10-06T13:42:34.5192890Z     /Applications/Xcode_15.4.app/Contents/Developer/Toolchains/XcodeDefault.xctoolchain/usr/bin/swift-frontend -c /Users/runner/work/bookon/bookon/App/BookonDebugApp.swift /Users/runner/work/bookon/bookon/App/ContentView.swift /Users/runner/work/bookon/bookon/App/DebugView.swift /Users/runner/work/bookon/bookon/App/LogHistoryView.swift /Users/runner/work/bookon/bookon/App/SettingsView.swift /Users/runner/work/bookon/bookon/App/SourceListView.swift -supplementary-output-file-map /Users/runner/Library/Developer/Xcode/DerivedData/BookonDebug-ehazsigvxemoqzdtqumqzfgyfpkz/Build/Intermediates.noindex/ArchiveIntermediates/BookonDebug/IntermediateBuildFilesPath/BookonDebug.build/Release-iphoneos/BookonDebug.build/Objects-normal/arm64/supplementaryOutputs-4 -target arm64-apple-ios17.0 -Xllvm -aarch64-use-tbi -enable-objc-interop -stack-check -sdk /Applications/Xcode_15.4.app/Contents/Developer/Platforms/iPhoneOS.platform/Developer/SDKs/iPhoneOS17.5.sdk -I /Users/runner/Library/Developer/Xcode/DerivedData/BookonDebug-ehazsigvxemoqzdtqumqzfgyfpkz/Build/Intermediates.noindex/ArchiveIntermediates/BookonDebug/BuildProductsPath/Release-iphoneos -F /Users/runner/Library/Developer/Xcode/DerivedData/BookonDebug-ehazsigvxemoqzdtqumqzfgyfpkz/Build/Intermediates.noindex/ArchiveIntermediates/BookonDebug/BuildProductsPath/Release-iphoneos/PackageFrameworks -F /Users/runner/Library/Developer/Xcode/DerivedData/BookonDebug-ehazsigvxemoqzdtqumqzfgyfpkz/Build/Intermediates.noindex/ArchiveIntermediates/BookonDebug/BuildProductsPath/Release-iphoneos/PackageFrameworks -F /Users/runner/Library/Developer/Xcode/DerivedData/BookonDebug-ehazsigvxemoqzdtqumqzfgyfpkz/Build/Intermediates.noindex/ArchiveIntermediates/BookonDebug/BuildProductsPath/Release-iphoneos/PackageFrameworks -F /Users/runner/Library/Developer/Xcode/DerivedData/BookonDebug-ehazsigvxemoqzdtqumqzfgyfpkz/Build/Intermediates.noindex/ArchiveIntermediates/BookonDebug/BuildProductsPath/Release-iphoneos -no-color-diagnostics -g -module-cache-path /Users/runner/Library/Developer/Xcode/DerivedData/ModuleCache.noindex -swift-version 5 -enforce-exclusivity\=checked -O -serialize-debugging-options -const-gather-protocols-file /Users/runner/Library/Developer/Xcode/DerivedData/BookonDebug-ehazsigvxemoqzdtqumqzfgyfpkz/Build/Intermediates.noindex/ArchiveIntermediates/BookonDebug/IntermediateBuildFilesPath/BookonDebug.build/Release-iphoneos/BookonDebug.build/Objects-normal/arm64/BookonDebug_const_extract_protocols.json -enable-bare-slash-regex -empty-abi-descriptor -validate-clang-modules-once -clang-build-session-file /Users/runner/Library/Developer/Xcode/DerivedData/ModuleCache.noindex/Session.modulevalidation -Xcc -working-directory -Xcc /Users/runner/work/bookon/bookon -resource-dir /Applications/Xcode_15.4.app/Contents/Developer/Toolchains/XcodeDefault.xctoolchain/usr/lib/swift -Xcc -ivfsstatcache -Xcc /Users/runner/Library/Developer/Xcode/DerivedData/SDKStatCaches.noindex/iphoneos17.5-21F77-f0fa7969d082b13145125136a829df3a.sdkstatcache -Xcc -I/Users/runner/Library/Developer/Xcode/DerivedData/BookonDebug-ehazsigvxemoqzdtqumqzfgyfpkz/Build/Intermediates.noindex/ArchiveIntermediates/BookonDebug/IntermediateBuildFilesPath/BookonDebug.build/Release-iphoneos/BookonDebug.build/swift-overrides.hmap -Xcc -iquote -Xcc /Users/runner/Library/Developer/Xcode/DerivedData/BookonDebug-ehazsigvxemoqzdtqumqzfgyfpkz/Build/Intermediates.noindex/ArchiveIntermediates/BookonDebug/IntermediateBuildFilesPath/BookonDebug.build/Release-iphoneos/BookonDebug.build/BookonDebug-generated-files.hmap -Xcc -I/Users/runner/Library/Developer/Xcode/DerivedData/BookonDebug-ehazsigvxemoqzdtqumqzfgyfpkz/Build/Intermediates.noindex/ArchiveIntermediates/BookonDebug/IntermediateBuildFilesPath/BookonDebug.build/Release-iphoneos/BookonDebug.build/BookonDebug-own-target-headers.hmap -Xcc -I/Users/runner/Library/Developer/Xcode/DerivedData/BookonDebug-ehazsigvxemoqzdtqumqzfgyfpkz/Build/Intermediates.noindex/ArchiveIntermediates/BookonDebug/IntermediateBuildFilesPath/BookonDebug.build/Release-iphoneos/BookonDebug.build/BookonDebug-all-non-framework-target-headers.hmap -Xcc -ivfsoverlay -Xcc /Users/runner/Library/Developer/Xcode/DerivedData/BookonDebug-ehazsigvxemoqzdtqumqzfgyfpkz/Build/Intermediates.noindex/ArchiveIntermediates/BookonDebug/IntermediateBuildFilesPath/BookonDebug.build/Release-iphoneos/BookonDebug.build/all-product-headers.yaml -Xcc -iquote -Xcc /Users/runner/Library/Developer/Xcode/DerivedData/BookonDebug-ehazsigvxemoqzdtqumqzfgyfpkz/Build/Intermediates.noindex/ArchiveIntermediates/BookonDebug/IntermediateBuildFilesPath/BookonDebug.build/Release-iphoneos/BookonDebug.build/BookonDebug-project-headers.hmap -Xcc -I/Users/runner/Library/Developer/Xcode/DerivedData/BookonDebug-ehazsigvxemoqzdtqumqzfgyfpkz/Build/Intermediates.noindex/ArchiveIntermediates/BookonDebug/BuildProductsPath/Release-iphoneos/include -Xcc -I/Users/runner/Library/Developer/Xcode/DerivedData/BookonDebug-ehazsigvxemoqzdtqumqzfgyfpkz/Build/Intermediates.noindex/ArchiveIntermediates/BookonDebug/IntermediateBuildFilesPath/BookonDebug.build/Release-iphoneos/BookonDebug.build/DerivedSources-normal/arm64 -Xcc -I/Users/runner/Library/Developer/Xcode/DerivedData/BookonDebug-ehazsigvxemoqzdtqumqzfgyfpkz/Build/Intermediates.noindex/ArchiveIntermediates/BookonDebug/IntermediateBuildFilesPath/BookonDebug.build/Release-iphoneos/BookonDebug.build/DerivedSources/arm64 -Xcc -I/Users/runner/Library/Developer/Xcode/DerivedData/BookonDebug-ehazsigvxemoqzdtqumqzfgyfpkz/Build/Intermediates.noindex/ArchiveIntermediates/BookonDebug/IntermediateBuildFilesPath/BookonDebug.build/Release-iphoneos/BookonDebug.build/DerivedSources -module-name BookonDebug -frontend-parseable-output -disable-clang-spi -target-sdk-version 17.5 -target-sdk-name iphoneos17.5 -external-plugin-path /Applications/Xcode_15.4.app/Contents/Developer/Platforms/iPhoneOS.platform/Developer/SDKs/iPhoneOS17.5.sdk/usr/lib/swift/host/plugins\#/Applications/Xcode_15.4.app/Contents/Developer/Platforms/iPhoneOS.platform/Developer/SDKs/iPhoneOS17.5.sdk/usr/bin/swift-plugin-server -external-plugin-path /Applications/Xcode_15.4.app/Contents/Developer/Platforms/iPhoneOS.platform/Developer/SDKs/iPhoneOS17.5.sdk/usr/local/lib/swift/host/plugins\#/Applications/Xcode_15.4.app/Contents/Developer/Platforms/iPhoneOS.platform/Developer/SDKs/iPhoneOS17.5.sdk/usr/bin/swift-plugin-server -external-plugin-path /Applications/Xcode_15.4.app/Contents/Developer/Platforms/iPhoneOS.platform/Developer/usr/lib/swift/host/plugins\#/Applications/Xcode_15.4.app/Contents/Developer/Platforms/iPhoneOS.platform/Developer/usr/bin/swift-plugin-server -external-plugin-path /Applications/Xcode_15.4.app/Contents/Developer/Platforms/iPhoneOS.platform/Developer/usr/local/lib/swift/host/plugins\#/Applications/Xcode_15.4.app/Contents/Developer/Platforms/iPhoneOS.platform/Developer/usr/bin/swift-plugin-server -plugin-path /Applications/Xcode_15.4.app/Contents/Developer/Toolchains/XcodeDefault.xctoolchain/usr/lib/swift/host/plugins -plugin-path /Applications/Xcode_15.4.app/Contents/Developer/Toolchains/XcodeDefault.xctoolchain/usr/local/lib/swift/host/plugins -enable-default-cmo -num-threads 3 -o /Users/runner/Library/Developer/Xcode/DerivedData/BookonDebug-ehazsigvxemoqzdtqumqzfgyfpkz/Build/Intermediates.noindex/ArchiveIntermediates/BookonDebug/IntermediateBuildFilesPath/BookonDebug.build/Release-iphoneos/BookonDebug.build/Objects-normal/arm64/BookonDebugApp.o -o /Users/runner/Library/Developer/Xcode/DerivedData/BookonDebug-ehazsigvxemoqzdtqumqzfgyfpkz/Build/Intermediates.noindex/ArchiveIntermediates/BookonDebug/IntermediateBuildFilesPath/BookonDebug.build/Release-iphoneos/BookonDebug.build/Objects-normal/arm64/ContentView.o -o /Users/runner/Library/Developer/Xcode/DerivedData/BookonDebug-ehazsigvxemoqzdtqumqzfgyfpkz/Build/Intermediates.noindex/ArchiveIntermediates/BookonDebug/IntermediateBuildFilesPath/BookonDebug.build/Release-iphoneos/BookonDebug.build/Objects-normal/arm64/DebugView.o -o /Users/runner/Library/Developer/Xcode/DerivedData/BookonDebug-ehazsigvxemoqzdtqumqzfgyfpkz/Build/Intermediates.noindex/ArchiveIntermediates/BookonDebug/IntermediateBuildFilesPath/BookonDebug.build/Release-iphoneos/BookonDebug.build/Objects-normal/arm64/LogHistoryView.o -o /Users/runner/Library/Developer/Xcode/DerivedData/BookonDebug-ehazsigvxemoqzdtqumqzfgyfpkz/Build/Intermediates.noindex/ArchiveIntermediates/BookonDebug/IntermediateBuildFilesPath/BookonDebug.build/Release-iphoneos/BookonDebug.build/Objects-normal/arm64/SettingsView.o -o /Users/runner/Library/Developer/Xcode/DerivedData/BookonDebug-ehazsigvxemoqzdtqumqzfgyfpkz/Build/Intermediates.noindex/ArchiveIntermediates/BookonDebug/IntermediateBuildFilesPath/BookonDebug.build/Release-iphoneos/BookonDebug.build/Objects-normal/arm64/SourceListView.o -index-unit-output-path /BookonDebug.build/Release-iphoneos/BookonDebug.build/Objects-normal/arm64/BookonDebugApp.o -index-unit-output-path /BookonDebug.build/Release-iphoneos/BookonDebug.build/Objects-normal/arm64/ContentView.o -index-unit-output-path /BookonDebug.build/Release-iphoneos/BookonDebug.build/Objects-normal/arm64/DebugView.o -index-unit-output-path /BookonDebug.build/Release-iphoneos/BookonDebug.build/Objects-normal/arm64/LogHistoryView.o -index-unit-output-path /BookonDebug.build/Release-iphoneos/BookonDebug.build/Objects-normal/arm64/SettingsView.o -index-unit-output-path /BookonDebug.build/Release-iphoneos/BookonDebug.build/Objects-normal/arm64/SourceListView.o
2026-10-06T13:42:44.0136790Z 
2026-10-06T13:42:44.0504130Z SwiftDriver\ Compilation BookonDebug normal arm64 com.apple.xcode.tools.swift.compiler (in target 'BookonDebug' from project 'BookonDebug')
2026-10-06T13:42:44.0606440Z     cd /Users/runner/work/bookon/bookon
2026-10-06T13:42:44.0771110Z     builtin-Swift-Compilation -- /Applications/Xcode_15.4.app/Contents/Developer/Toolchains/XcodeDefault.xctoolchain/usr/bin/swiftc -module-name BookonDebug -O -whole-module-optimization -enforce-exclusivity\=checked @/Users/runner/Library/Developer/Xcode/DerivedData/BookonDebug-ehazsigvxemoqzdtqumqzfgyfpkz/Build/Intermediates.noindex/ArchiveIntermediates/BookonDebug/IntermediateBuildFilesPath/BookonDebug.build/Release-iphoneos/BookonDebug.build/Objects-normal/arm64/BookonDebug.SwiftFileList -sdk /Applications/Xcode_15.4.app/Contents/Developer/Platforms/iPhoneOS.platform/Developer/SDKs/iPhoneOS17.5.sdk -target arm64-apple-ios17.0 -enable-bare-slash-regex -g -module-cache-path /Users/runner/Library/Developer/Xcode/DerivedData/ModuleCache.noindex -Xfrontend -serialize-debugging-options -swift-version 5 -I /Users/runner/Library/Developer/Xcode/DerivedData/BookonDebug-ehazsigvxemoqzdtqumqzfgyfpkz/Build/Intermediates.noindex/ArchiveIntermediates/BookonDebug/BuildProductsPath/Release-iphoneos -F /Users/runner/Library/Developer/Xcode/DerivedData/BookonDebug-ehazsigvxemoqzdtqumqzfgyfpkz/Build/Intermediates.noindex/ArchiveIntermediates/BookonDebug/BuildProductsPath/Release-iphoneos/PackageFrameworks -F /Users/runner/Library/Developer/Xcode/DerivedData/BookonDebug-ehazsigvxemoqzdtqumqzfgyfpkz/Build/Intermediates.noindex/ArchiveIntermediates/BookonDebug/BuildProductsPath/Release-iphoneos/PackageFrameworks -F /Users/runner/Library/Developer/Xcode/DerivedData/BookonDebug-ehazsigvxemoqzdtqumqzfgyfpkz/Build/Intermediates.noindex/ArchiveIntermediates/BookonDebug/BuildProductsPath/Release-iphoneos/PackageFrameworks -F /Users/runner/Library/Developer/Xcode/DerivedData/BookonDebug-ehazsigvxemoqzdtqumqzfgyfpkz/Build/Intermediates.noindex/ArchiveIntermediates/BookonDebug/BuildProductsPath/Release-iphoneos -c -num-threads 3 -Xcc -ivfsstatcache -Xcc /Users/runner/Library/Developer/Xcode/DerivedData/SDKStatCaches.noindex/iphoneos17.5-21F77-f0fa7969d082b13145125136a829df3a.sdkstatcache -output-file-map /Users/runner/Library/Developer/Xcode/DerivedData/BookonDebug-ehazsigvxemoqzdtqumqzfgyfpkz/Build/Intermediates.noindex/ArchiveIntermediates/BookonDebug/IntermediateBuildFilesPath/BookonDebug.build/Release-iphoneos/BookonDebug.build/Objects-normal/arm64/BookonDebug-OutputFileMap.json -use-frontend-parseable-output -save-temps -no-color-diagnostics -serialize-diagnostics -emit-dependencies -emit-module -emit-module-path /Users/runner/Library/Developer/Xcode/DerivedData/BookonDebug-ehazsigvxemoqzdtqumqzfgyfpkz/Build/Intermediates.noindex/ArchiveIntermediates/BookonDebug/IntermediateBuildFilesPath/BookonDebug.build/Release-iphoneos/BookonDebug.build/Objects-normal/arm64/BookonDebug.swiftmodule -validate-clang-modules-once -clang-build-session-file /Users/runner/Library/Developer/Xcode/DerivedData/ModuleCache.noindex/Session.modulevalidation -Xcc -I/Users/runner/Library/Developer/Xcode/DerivedData/BookonDebug-ehazsigvxemoqzdtqumqzfgyfpkz/Build/Intermediates.noindex/ArchiveIntermediates/BookonDebug/IntermediateBuildFilesPath/BookonDebug.build/Release-iphoneos/BookonDebug.build/swift-overrides.hmap -emit-const-values -Xfrontend -const-gather-protocols-file -Xfrontend /Users/runner/Library/Developer/Xcode/DerivedData/BookonDebug-ehazsigvxemoqzdtqumqzfgyfpkz/Build/Intermediates.noindex/ArchiveIntermediates/BookonDebug/IntermediateBuildFilesPath/BookonDebug.build/Release-iphoneos/BookonDebug.build/Objects-normal/arm64/BookonDebug_const_extract_protocols.json -Xcc -iquote -Xcc /Users/runner/Library/Developer/Xcode/DerivedData/BookonDebug-ehazsigvxemoqzdtqumqzfgyfpkz/Build/Intermediates.noindex/ArchiveIntermediates/BookonDebug/IntermediateBuildFilesPath/BookonDebug.build/Release-iphoneos/BookonDebug.build/BookonDebug-generated-files.hmap -Xcc -I/Users/runner/Library/Developer/Xcode/DerivedData/BookonDebug-ehazsigvxemoqzdtqumqzfgyfpkz/Build/Intermediates.noindex/ArchiveIntermediates/BookonDebug/IntermediateBuildFilesPath/BookonDebug.build/Release-iphoneos/BookonDebug.build/BookonDebug-own-target-headers.hmap -Xcc -I/Users/runner/Library/Developer/Xcode/DerivedData/BookonDebug-ehazsigvxemoqzdtqumqzfgyfpkz/Build/Intermediates.noindex/ArchiveIntermediates/BookonDebug/IntermediateBuildFilesPath/BookonDebug.build/Release-iphoneos/BookonDebug.build/BookonDebug-all-non-framework-target-headers.hmap -Xcc -ivfsoverlay -Xcc /Users/runner/Library/Developer/Xcode/DerivedData/BookonDebug-ehazsigvxemoqzdtqumqzfgyfpkz/Build/Intermediates.noindex/ArchiveIntermediates/BookonDebug/IntermediateBuildFilesPath/BookonDebug.build/Release-iphoneos/BookonDebug.build/all-product-headers.yaml -Xcc -iquote -Xcc /Users/runner/Library/Developer/Xcode/DerivedData/BookonDebug-ehazsigvxemoqzdtqumqzfgyfpkz/Build/Intermediates.noindex/ArchiveIntermediates/BookonDebug/IntermediateBuildFilesPath/BookonDebug.build/Release-iphoneos/BookonDebug.build/BookonDebug-project-headers.hmap -Xcc -I/Users/runner/Library/Developer/Xcode/DerivedData/BookonDebug-ehazsigvxemoqzdtqumqzfgyfpkz/Build/Intermediates.noindex/ArchiveIntermediates/BookonDebug/BuildProductsPath/Release-iphoneos/include -Xcc -I/Users/runner/Library/Developer/Xcode/DerivedData/BookonDebug-ehazsigvxemoqzdtqumqzfgyfpkz/Build/Intermediates.noindex/ArchiveIntermediates/BookonDebug/IntermediateBuildFilesPath/BookonDebug.build/Release-iphoneos/BookonDebug.build/DerivedSources-normal/arm64 -Xcc -I/Users/runner/Library/Developer/Xcode/DerivedData/BookonDebug-ehazsigvxemoqzdtqumqzfgyfpkz/Build/Intermediates.noindex/ArchiveIntermediates/BookonDebug/IntermediateBuildFilesPath/BookonDebug.build/Release-iphoneos/BookonDebug.build/DerivedSources/arm64 -Xcc -I/Users/runner/Library/Developer/Xcode/DerivedData/BookonDebug-ehazsigvxemoqzdtqumqzfgyfpkz/Build/Intermediates.noindex/ArchiveIntermediates/BookonDebug/IntermediateBuildFilesPath/BookonDebug.build/Release-iphoneos/BookonDebug.build/DerivedSources -emit-objc-header -emit-objc-header-path /Users/runner/Library/Developer/Xcode/DerivedData/BookonDebug-ehazsigvxemoqzdtqumqzfgyfpkz/Build/Intermediates.noindex/ArchiveIntermediates/BookonDebug/IntermediateBuildFilesPath/BookonDebug.build/Release-iphoneos/BookonDebug.build/Objects-normal/arm64/BookonDebug-Swift.h -working-directory /Users/runner/work/bookon/bookon -no-emit-module-separately-wmo
2026-10-06T13:42:44.0806110Z 
2026-10-06T13:42:44.0891450Z SetOwnerAndGroup runner:staff /Users/runner/Library/Developer/Xcode/DerivedData/BookonDebug-ehazsigvxemoqzdtqumqzfgyfpkz/Build/Intermediates.noindex/ArchiveIntermediates/BookonDebug/IntermediateBuildFilesPath/UninstalledProducts/iphoneos/BookonDebugKit.o (in target 'BookonDebugKit' from project 'LegadoBookSource')
2026-10-06T13:42:44.0901560Z     cd /Users/runner/work/bookon/bookon
2026-10-06T13:42:44.0910440Z     /usr/sbin/chown -RH runner:staff /Users/runner/Library/Developer/Xcode/DerivedData/BookonDebug-ehazsigvxemoqzdtqumqzfgyfpkz/Build/Intermediates.noindex/ArchiveIntermediates/BookonDebug/IntermediateBuildFilesPath/UninstalledProducts/iphoneos/BookonDebugKit.o
2026-10-06T13:42:44.0913150Z 
2026-10-06T13:42:44.0915900Z SetMode u+w,go-w,a+rX /Users/runner/Library/Developer/Xcode/DerivedData/BookonDebug-ehazsigvxemoqzdtqumqzfgyfpkz/Build/Intermediates.noindex/ArchiveIntermediates/BookonDebug/IntermediateBuildFilesPath/UninstalledProducts/iphoneos/BookonDebugKit.o (in target 'BookonDebugKit' from project 'LegadoBookSource')
2026-10-06T13:42:44.0918940Z     cd /Users/runner/work/bookon/bookon
2026-10-06T13:42:44.0921580Z     /bin/chmod -RH u+w,go-w,a+rX /Users/runner/Library/Developer/Xcode/DerivedData/BookonDebug-ehazsigvxemoqzdtqumqzfgyfpkz/Build/Intermediates.noindex/ArchiveIntermediates/BookonDebug/IntermediateBuildFilesPath/UninstalledProducts/iphoneos/BookonDebugKit.o
2026-10-06T13:42:44.0923920Z 
2026-10-06T13:42:44.0926530Z RegisterExecutionPolicyException /Users/runner/Library/Developer/Xcode/DerivedData/BookonDebug-ehazsigvxemoqzdtqumqzfgyfpkz/Build/Intermediates.noindex/ArchiveIntermediates/BookonDebug/IntermediateBuildFilesPath/UninstalledProducts/iphoneos/BookonDebugKit.o (in target 'BookonDebugKit' from project 'LegadoBookSource')
2026-10-06T13:42:44.0929780Z     cd /Users/runner/work/bookon/bookon
2026-10-06T13:42:44.0932510Z     builtin-RegisterExecutionPolicyException /Users/runner/Library/Developer/Xcode/DerivedData/BookonDebug-ehazsigvxemoqzdtqumqzfgyfpkz/Build/Intermediates.noindex/ArchiveIntermediates/BookonDebug/IntermediateBuildFilesPath/UninstalledProducts/iphoneos/BookonDebugKit.o
2026-10-06T13:42:44.0934970Z 
2026-10-06T13:42:44.0939560Z Copy /Users/runner/Library/Developer/Xcode/DerivedData/BookonDebug-ehazsigvxemoqzdtqumqzfgyfpkz/Build/Intermediates.noindex/ArchiveIntermediates/BookonDebug/InstallationBuildProductsLocation/Applications/BookonDebug.app/LegadoBookSource_LegadoBookSource.bundle /Users/runner/Library/Developer/Xcode/DerivedData/BookonDebug-ehazsigvxemoqzdtqumqzfgyfpkz/Build/Intermediates.noindex/ArchiveIntermediates/BookonDebug/BuildProductsPath/Release-iphoneos/LegadoBookSource_LegadoBookSource.bundle (in target 'BookonDebug' from project 'BookonDebug')
2026-10-06T13:42:44.0945530Z     cd /Users/runner/work/bookon/bookon
2026-10-06T13:42:44.0951260Z     builtin-copy -exclude .DS_Store -exclude CVS -exclude .svn -exclude .git -exclude .hg -resolve-src-symlinks /Users/runner/Library/Developer/Xcode/DerivedData/BookonDebug-ehazsigvxemoqzdtqumqzfgyfpkz/Build/Intermediates.noindex/ArchiveIntermediates/BookonDebug/BuildProductsPath/Release-iphoneos/LegadoBookSource_LegadoBookSource.bundle /Users/runner/Library/Developer/Xcode/DerivedData/BookonDebug-ehazsigvxemoqzdtqumqzfgyfpkz/Build/Intermediates.noindex/ArchiveIntermediates/BookonDebug/InstallationBuildProductsLocation/Applications/BookonDebug.app
2026-10-06T13:42:44.0956120Z 
2026-10-06T13:42:44.0959070Z WriteAuxiliaryFile /Users/runner/Library/Developer/Xcode/DerivedData/BookonDebug-ehazsigvxemoqzdtqumqzfgyfpkz/Build/Intermediates.noindex/ArchiveIntermediates/BookonDebug/IntermediateBuildFilesPath/BookonDebug.build/Release-iphoneos/BookonDebug.build/Objects-normal/arm64/BookonDebug.LinkFileList (in target 'BookonDebug' from project 'BookonDebug')
2026-10-06T13:42:44.0963510Z     cd /Users/runner/work/bookon/bookon
2026-10-06T13:42:44.0966990Z     write-file /Users/runner/Library/Developer/Xcode/DerivedData/BookonDebug-ehazsigvxemoqzdtqumqzfgyfpkz/Build/Intermediates.noindex/ArchiveIntermediates/BookonDebug/IntermediateBuildFilesPath/BookonDebug.build/Release-iphoneos/BookonDebug.build/Objects-normal/arm64/BookonDebug.LinkFileList
2026-10-06T13:42:44.0972150Z 
2026-10-06T13:42:44.0975280Z ProcessInfoPlistFile /Users/runner/Library/Developer/Xcode/DerivedData/BookonDebug-ehazsigvxemoqzdtqumqzfgyfpkz/Build/Intermediates.noindex/ArchiveIntermediates/BookonDebug/InstallationBuildProductsLocation/Applications/BookonDebug.app/Info.plist /Users/runner/work/bookon/bookon/App/Info.plist (in target 'BookonDebug' from project 'BookonDebug')
2026-10-06T13:42:44.0979770Z     cd /Users/runner/work/bookon/bookon
2026-10-06T13:42:44.0989970Z     builtin-infoPlistUtility /Users/runner/work/bookon/bookon/App/Info.plist -producttype com.apple.product-type.application -genpkginfo /Users/runner/Library/Developer/Xcode/DerivedData/BookonDebug-ehazsigvxemoqzdtqumqzfgyfpkz/Build/Intermediates.noindex/ArchiveIntermediates/BookonDebug/InstallationBuildProductsLocation/Applications/BookonDebug.app/PkgInfo -expandbuildsettings -format binary -platform iphoneos -scanforprivacyfile /Users/runner/Library/Developer/Xcode/DerivedData/BookonDebug-ehazsigvxemoqzdtqumqzfgyfpkz/Build/Intermediates.noindex/ArchiveIntermediates/BookonDebug/InstallationBuildProductsLocation/Applications/BookonDebug.app/LegadoBookSource_LegadoBookSource.bundle -requiredArchitecture arm64 -o /Users/runner/Library/Developer/Xcode/DerivedData/BookonDebug-ehazsigvxemoqzdtqumqzfgyfpkz/Build/Intermediates.noindex/ArchiveIntermediates/BookonDebug/InstallationBuildProductsLocation/Applications/BookonDebug.app/Info.plist
2026-10-06T13:42:44.0997900Z 
2026-10-06T13:42:44.0999480Z SwiftDriverJobDiscovery normal arm64 Compiling BookonDebugApp.swift, ContentView.swift, DebugView.swift, LogHistoryView.swift, SettingsView.swift, SourceListView.swift (in target 'BookonDebug' from project 'BookonDebug')
2026-10-06T13:42:44.1001920Z 
2026-10-06T13:42:44.1002820Z SwiftDriver\ Compilation\ Requirements BookonDebug normal arm64 com.apple.xcode.tools.swift.compiler (in target 'BookonDebug' from project 'BookonDebug')
2026-10-06T13:42:44.1004600Z     cd /Users/runner/work/bookon/bookon
2026-10-06T13:42:44.1047910Z     builtin-Swift-Compilation-Requirements -- /Applications/Xcode_15.4.app/Contents/Developer/Toolchains/XcodeDefault.xctoolchain/usr/bin/swiftc -module-name BookonDebug -O -whole-module-optimization -enforce-exclusivity\=checked @/Users/runner/Library/Developer/Xcode/DerivedData/BookonDebug-ehazsigvxemoqzdtqumqzfgyfpkz/Build/Intermediates.noindex/ArchiveIntermediates/BookonDebug/IntermediateBuildFilesPath/BookonDebug.build/Release-iphoneos/BookonDebug.build/Objects-normal/arm64/BookonDebug.SwiftFileList -sdk /Applications/Xcode_15.4.app/Contents/Developer/Platforms/iPhoneOS.platform/Developer/SDKs/iPhoneOS17.5.sdk -target arm64-apple-ios17.0 -enable-bare-slash-regex -g -module-cache-path /Users/runner/Library/Developer/Xcode/DerivedData/ModuleCache.noindex -Xfrontend -serialize-debugging-options -swift-version 5 -I /Users/runner/Library/Developer/Xcode/DerivedData/BookonDebug-ehazsigvxemoqzdtqumqzfgyfpkz/Build/Intermediates.noindex/ArchiveIntermediates/BookonDebug/BuildProductsPath/Release-iphoneos -F /Users/runner/Library/Developer/Xcode/DerivedData/BookonDebug-ehazsigvxemoqzdtqumqzfgyfpkz/Build/Intermediates.noindex/ArchiveIntermediates/BookonDebug/BuildProductsPath/Release-iphoneos/PackageFrameworks -F /Users/runner/Library/Developer/Xcode/DerivedData/BookonDebug-ehazsigvxemoqzdtqumqzfgyfpkz/Build/Intermediates.noindex/ArchiveIntermediates/BookonDebug/BuildProductsPath/Release-iphoneos/PackageFrameworks -F /Users/runner/Library/Developer/Xcode/DerivedData/BookonDebug-ehazsigvxemoqzdtqumqzfgyfpkz/Build/Intermediates.noindex/ArchiveIntermediates/BookonDebug/BuildProductsPath/Release-iphoneos/PackageFrameworks -F /Users/runner/Library/Developer/Xcode/DerivedData/BookonDebug-ehazsigvxemoqzdtqumqzfgyfpkz/Build/Intermediates.noindex/ArchiveIntermediates/BookonDebug/BuildProductsPath/Release-iphoneos -c -num-threads 3 -Xcc -ivfsstatcache -Xcc /Users/runner/Library/Developer/Xcode/DerivedData/SDKStatCaches.noindex/iphoneos17.5-21F77-f0fa7969d082b13145125136a829df3a.sdkstatcache -output-file-map /Users/runner/Library/Developer/Xcode/DerivedData/BookonDebug-ehazsigvxemoqzdtqumqzfgyfpkz/Build/Intermediates.noindex/ArchiveIntermediates/BookonDebug/IntermediateBuildFilesPath/BookonDebug.build/Release-iphoneos/BookonDebug.build/Objects-normal/arm64/BookonDebug-OutputFileMap.json -use-frontend-parseable-output -save-temps -no-color-diagnostics -serialize-diagnostics -emit-dependencies -emit-module -emit-module-path /Users/runner/Library/Developer/Xcode/DerivedData/BookonDebug-ehazsigvxemoqzdtqumqzfgyfpkz/Build/Intermediates.noindex/ArchiveIntermediates/BookonDebug/IntermediateBuildFilesPath/BookonDebug.build/Release-iphoneos/BookonDebug.build/Objects-normal/arm64/BookonDebug.swiftmodule -validate-clang-modules-once -clang-build-session-file /Users/runner/Library/Developer/Xcode/DerivedData/ModuleCache.noindex/Session.modulevalidation -Xcc -I/Users/runner/Library/Developer/Xcode/DerivedData/BookonDebug-ehazsigvxemoqzdtqumqzfgyfpkz/Build/Intermediates.noindex/ArchiveIntermediates/BookonDebug/IntermediateBuildFilesPath/BookonDebug.build/Release-iphoneos/BookonDebug.build/swift-overrides.hmap -emit-const-values -Xfrontend -const-gather-protocols-file -Xfrontend /Users/runner/Library/Developer/Xcode/DerivedData/BookonDebug-ehazsigvxemoqzdtqumqzfgyfpkz/Build/Intermediates.noindex/ArchiveIntermediates/BookonDebug/IntermediateBuildFilesPath/BookonDebug.build/Release-iphoneos/BookonDebug.build/Objects-normal/arm64/BookonDebug_const_extract_protocols.json -Xcc -iquote -Xcc /Users/runner/Library/Developer/Xcode/DerivedData/BookonDebug-ehazsigvxemoqzdtqumqzfgyfpkz/Build/Intermediates.noindex/ArchiveIntermediates/BookonDebug/IntermediateBuildFilesPath/BookonDebug.build/Release-iphoneos/BookonDebug.build/BookonDebug-generated-files.hmap -Xcc -I/Users/runner/Library/Developer/Xcode/DerivedData/BookonDebug-ehazsigvxemoqzdtqumqzfgyfpkz/Build/Intermediates.noindex/ArchiveIntermediates/BookonDebug/IntermediateBuildFilesPath/BookonDebug.build/Release-iphoneos/BookonDebug.build/BookonDebug-own-target-headers.hmap -Xcc -I/Users/runner/Library/Developer/Xcode/DerivedData/BookonDebug-ehazsigvxemoqzdtqumqzfgyfpkz/Build/Intermediates.noindex/ArchiveIntermediates/BookonDebug/IntermediateBuildFilesPath/BookonDebug.build/Release-iphoneos/BookonDebug.build/BookonDebug-all-non-framework-target-headers.hmap -Xcc -ivfsoverlay -Xcc /Users/runner/Library/Developer/Xcode/DerivedData/BookonDebug-ehazsigvxemoqzdtqumqzfgyfpkz/Build/Intermediates.noindex/ArchiveIntermediates/BookonDebug/IntermediateBuildFilesPath/BookonDebug.build/Release-iphoneos/BookonDebug.build/all-product-headers.yaml -Xcc -iquote -Xcc /Users/runner/Library/Developer/Xcode/DerivedData/BookonDebug-ehazsigvxemoqzdtqumqzfgyfpkz/Build/Intermediates.noindex/ArchiveIntermediates/BookonDebug/IntermediateBuildFilesPath/BookonDebug.build/Release-iphoneos/BookonDebug.build/BookonDebug-project-headers.hmap -Xcc -I/Users/runner/Library/Developer/Xcode/DerivedData/BookonDebug-ehazsigvxemoqzdtqumqzfgyfpkz/Build/Intermediates.noindex/ArchiveIntermediates/BookonDebug/BuildProductsPath/Release-iphoneos/include -Xcc -I/Users/runner/Library/Developer/Xcode/DerivedData/BookonDebug-ehazsigvxemoqzdtqumqzfgyfpkz/Build/Intermediates.noindex/ArchiveIntermediates/BookonDebug/IntermediateBuildFilesPath/BookonDebug.build/Release-iphoneos/BookonDebug.build/DerivedSources-normal/arm64 -Xcc -I/Users/runner/Library/Developer/Xcode/DerivedData/BookonDebug-ehazsigvxemoqzdtqumqzfgyfpkz/Build/Intermediates.noindex/ArchiveIntermediates/BookonDebug/IntermediateBuildFilesPath/BookonDebug.build/Release-iphoneos/BookonDebug.build/DerivedSources/arm64 -Xcc -I/Users/runner/Library/Developer/Xcode/DerivedData/BookonDebug-ehazsigvxemoqzdtqumqzfgyfpkz/Build/Intermediates.noindex/ArchiveIntermediates/BookonDebug/IntermediateBuildFilesPath/BookonDebug.build/Release-iphoneos/BookonDebug.build/DerivedSources -emit-objc-header -emit-objc-header-path /Users/runner/Library/Developer/Xcode/DerivedData/BookonDebug-ehazsigvxemoqzdtqumqzfgyfpkz/Build/Intermediates.noindex/ArchiveIntermediates/BookonDebug/IntermediateBuildFilesPath/BookonDebug.build/Release-iphoneos/BookonDebug.build/Objects-normal/arm64/BookonDebug-Swift.h -working-directory /Users/runner/work/bookon/bookon -no-emit-module-separately-wmo
2026-10-06T13:42:44.1079310Z 
2026-10-06T13:42:44.1081200Z SwiftMergeGeneratedHeaders /Users/runner/Library/Developer/Xcode/DerivedData/BookonDebug-ehazsigvxemoqzdtqumqzfgyfpkz/Build/Intermediates.noindex/ArchiveIntermediates/BookonDebug/IntermediateBuildFilesPath/BookonDebug.build/Release-iphoneos/BookonDebug.build/DerivedSources/BookonDebug-Swift.h /Users/runner/Library/Developer/Xcode/DerivedData/BookonDebug-ehazsigvxemoqzdtqumqzfgyfpkz/Build/Intermediates.noindex/ArchiveIntermediates/BookonDebug/IntermediateBuildFilesPath/BookonDebug.build/Release-iphoneos/BookonDebug.build/Objects-normal/arm64/BookonDebug-Swift.h (in target 'BookonDebug' from project 'BookonDebug')
2026-10-06T13:42:44.1083360Z     cd /Users/runner/work/bookon/bookon
2026-10-06T13:42:44.1085410Z     builtin-swiftHeaderTool -arch arm64 /Users/runner/Library/Developer/Xcode/DerivedData/BookonDebug-ehazsigvxemoqzdtqumqzfgyfpkz/Build/Intermediates.noindex/ArchiveIntermediates/BookonDebug/IntermediateBuildFilesPath/BookonDebug.build/Release-iphoneos/BookonDebug.build/Objects-normal/arm64/BookonDebug-Swift.h -o /Users/runner/Library/Developer/Xcode/DerivedData/BookonDebug-ehazsigvxemoqzdtqumqzfgyfpkz/Build/Intermediates.noindex/ArchiveIntermediates/BookonDebug/IntermediateBuildFilesPath/BookonDebug.build/Release-iphoneos/BookonDebug.build/DerivedSources/BookonDebug-Swift.h
2026-10-06T13:42:44.1087380Z 
2026-10-06T13:42:44.1089140Z Copy /Users/runner/Library/Developer/Xcode/DerivedData/BookonDebug-ehazsigvxemoqzdtqumqzfgyfpkz/Build/Intermediates.noindex/ArchiveIntermediates/BookonDebug/BuildProductsPath/Release-iphoneos/BookonDebug.swiftmodule/arm64-apple-ios.swiftdoc /Users/runner/Library/Developer/Xcode/DerivedData/BookonDebug-ehazsigvxemoqzdtqumqzfgyfpkz/Build/Intermediates.noindex/ArchiveIntermediates/BookonDebug/IntermediateBuildFilesPath/BookonDebug.build/Release-iphoneos/BookonDebug.build/Objects-normal/arm64/BookonDebug.swiftdoc (in target 'BookonDebug' from project 'BookonDebug')
2026-10-06T13:42:44.1091050Z     cd /Users/runner/work/bookon/bookon
2026-10-06T13:42:44.1093180Z     builtin-copy -exclude .DS_Store -exclude CVS -exclude .svn -exclude .git -exclude .hg -resolve-src-symlinks -rename /Users/runner/Library/Developer/Xcode/DerivedData/BookonDebug-ehazsigvxemoqzdtqumqzfgyfpkz/Build/Intermediates.noindex/ArchiveIntermediates/BookonDebug/IntermediateBuildFilesPath/BookonDebug.build/Release-iphoneos/BookonDebug.build/Objects-normal/arm64/BookonDebug.swiftdoc /Users/runner/Library/Developer/Xcode/DerivedData/BookonDebug-ehazsigvxemoqzdtqumqzfgyfpkz/Build/Intermediates.noindex/ArchiveIntermediates/BookonDebug/BuildProductsPath/Release-iphoneos/BookonDebug.swiftmodule/arm64-apple-ios.swiftdoc
2026-10-06T13:42:44.1095710Z 
2026-10-06T13:42:44.1097620Z Copy /Users/runner/Library/Developer/Xcode/DerivedData/BookonDebug-ehazsigvxemoqzdtqumqzfgyfpkz/Build/Intermediates.noindex/ArchiveIntermediates/BookonDebug/BuildProductsPath/Release-iphoneos/BookonDebug.swiftmodule/arm64-apple-ios.swiftmodule /Users/runner/Library/Developer/Xcode/DerivedData/BookonDebug-ehazsigvxemoqzdtqumqzfgyfpkz/Build/Intermediates.noindex/ArchiveIntermediates/BookonDebug/IntermediateBuildFilesPath/BookonDebug.build/Release-iphoneos/BookonDebug.build/Objects-normal/arm64/BookonDebug.swiftmodule (in target 'BookonDebug' from project 'BookonDebug')
2026-10-06T13:42:44.1099520Z     cd /Users/runner/work/bookon/bookon
2026-10-06T13:42:44.1101870Z     builtin-copy -exclude .DS_Store -exclude CVS -exclude .svn -exclude .git -exclude .hg -resolve-src-symlinks -rename /Users/runner/Library/Developer/Xcode/DerivedData/BookonDebug-ehazsigvxemoqzdtqumqzfgyfpkz/Build/Intermediates.noindex/ArchiveIntermediates/BookonDebug/IntermediateBuildFilesPath/BookonDebug.build/Release-iphoneos/BookonDebug.build/Objects-normal/arm64/BookonDebug.swiftmodule /Users/runner/Library/Developer/Xcode/DerivedData/BookonDebug-ehazsigvxemoqzdtqumqzfgyfpkz/Build/Intermediates.noindex/ArchiveIntermediates/BookonDebug/BuildProductsPath/Release-iphoneos/BookonDebug.swiftmodule/arm64-apple-ios.swiftmodule
2026-10-06T13:42:44.1103890Z 
2026-10-06T13:42:44.1105810Z Copy /Users/runner/Library/Developer/Xcode/DerivedData/BookonDebug-ehazsigvxemoqzdtqumqzfgyfpkz/Build/Intermediates.noindex/ArchiveIntermediates/BookonDebug/BuildProductsPath/Release-iphoneos/BookonDebug.swiftmodule/arm64-apple-ios.abi.json /Users/runner/Library/Developer/Xcode/DerivedData/BookonDebug-ehazsigvxemoqzdtqumqzfgyfpkz/Build/Intermediates.noindex/ArchiveIntermediates/BookonDebug/IntermediateBuildFilesPath/BookonDebug.build/Release-iphoneos/BookonDebug.build/Objects-normal/arm64/BookonDebug.abi.json (in target 'BookonDebug' from project 'BookonDebug')
2026-10-06T13:42:44.1107740Z     cd /Users/runner/work/bookon/bookon
2026-10-06T13:42:44.1109840Z     builtin-copy -exclude .DS_Store -exclude CVS -exclude .svn -exclude .git -exclude .hg -resolve-src-symlinks -rename /Users/runner/Library/Developer/Xcode/DerivedData/BookonDebug-ehazsigvxemoqzdtqumqzfgyfpkz/Build/Intermediates.noindex/ArchiveIntermediates/BookonDebug/IntermediateBuildFilesPath/BookonDebug.build/Release-iphoneos/BookonDebug.build/Objects-normal/arm64/BookonDebug.abi.json /Users/runner/Library/Developer/Xcode/DerivedData/BookonDebug-ehazsigvxemoqzdtqumqzfgyfpkz/Build/Intermediates.noindex/ArchiveIntermediates/BookonDebug/BuildProductsPath/Release-iphoneos/BookonDebug.swiftmodule/arm64-apple-ios.abi.json
2026-10-06T13:42:44.1111840Z 
2026-10-06T13:42:44.1112740Z Ld /Users/runner/Library/Developer/Xcode/DerivedData/BookonDebug-ehazsigvxemoqzdtqumqzfgyfpkz/Build/Intermediates.noindex/ArchiveIntermediates/BookonDebug/InstallationBuildProductsLocation/Applications/BookonDebug.app/BookonDebug normal (in target 'BookonDebug' from project 'BookonDebug')
2026-10-06T13:42:44.1113770Z     cd /Users/runner/work/bookon/bookon
2026-10-06T13:42:44.1138930Z     /Applications/Xcode_15.4.app/Contents/Developer/Toolchains/XcodeDefault.xctoolchain/usr/bin/clang -Xlinker -reproducible -target arm64-apple-ios17.0 -isysroot /Applications/Xcode_15.4.app/Contents/Developer/Platforms/iPhoneOS.platform/Developer/SDKs/iPhoneOS17.5.sdk -Os -L/Users/runner/Library/Developer/Xcode/DerivedData/BookonDebug-ehazsigvxemoqzdtqumqzfgyfpkz/Build/Intermediates.noindex/ArchiveIntermediates/BookonDebug/IntermediateBuildFilesPath/EagerLinkingTBDs/Release-iphoneos -L/Users/runner/Library/Developer/Xcode/DerivedData/BookonDebug-ehazsigvxemoqzdtqumqzfgyfpkz/Build/Intermediates.noindex/ArchiveIntermediates/BookonDebug/BuildProductsPath/Release-iphoneos -F/Users/runner/Library/Developer/Xcode/DerivedData/BookonDebug-ehazsigvxemoqzdtqumqzfgyfpkz/Build/Intermediates.noindex/ArchiveIntermediates/BookonDebug/IntermediateBuildFilesPath/EagerLinkingTBDs/Release-iphoneos -F/Users/runner/Library/Developer/Xcode/DerivedData/BookonDebug-ehazsigvxemoqzdtqumqzfgyfpkz/Build/Intermediates.noindex/ArchiveIntermediates/BookonDebug/BuildProductsPath/Release-iphoneos/PackageFrameworks -F/Users/runner/Library/Developer/Xcode/DerivedData/BookonDebug-ehazsigvxemoqzdtqumqzfgyfpkz/Build/Intermediates.noindex/ArchiveIntermediates/BookonDebug/BuildProductsPath/Release-iphoneos/PackageFrameworks -F/Users/runner/Library/Developer/Xcode/DerivedData/BookonDebug-ehazsigvxemoqzdtqumqzfgyfpkz/Build/Intermediates.noindex/ArchiveIntermediates/BookonDebug/BuildProductsPath/Release-iphoneos/PackageFrameworks -F/Users/runner/Library/Developer/Xcode/DerivedData/BookonDebug-ehazsigvxemoqzdtqumqzfgyfpkz/Build/Intermediates.noindex/ArchiveIntermediates/BookonDebug/BuildProductsPath/Release-iphoneos -filelist /Users/runner/Library/Developer/Xcode/DerivedData/BookonDebug-ehazsigvxemoqzdtqumqzfgyfpkz/Build/Intermediates.noindex/ArchiveIntermediates/BookonDebug/IntermediateBuildFilesPath/BookonDebug.build/Release-iphoneos/BookonDebug.build/Objects-normal/arm64/BookonDebug.LinkFileList -Xlinker -rpath -Xlinker @executable_path/Frameworks -dead_strip -Xlinker -object_path_lto -Xlinker /Users/runner/Library/Developer/Xcode/DerivedData/BookonDebug-ehazsigvxemoqzdtqumqzfgyfpkz/Build/Intermediates.noindex/ArchiveIntermediates/BookonDebug/IntermediateBuildFilesPath/BookonDebug.build/Release-iphoneos/BookonDebug.build/Objects-normal/arm64/BookonDebug_lto.o -Xlinker -final_output -Xlinker /Applications/BookonDebug.app/BookonDebug -fobjc-link-runtime -L/Applications/Xcode_15.4.app/Contents/Developer/Toolchains/XcodeDefault.xctoolchain/usr/lib/swift/iphoneos -L/usr/lib/swift -Xlinker -add_ast_path -Xlinker /Users/runner/Library/Developer/Xcode/DerivedData/BookonDebug-ehazsigvxemoqzdtqumqzfgyfpkz/Build/Intermediates.noindex/ArchiveIntermediates/BookonDebug/IntermediateBuildFilesPath/BookonDebug.build/Release-iphoneos/BookonDebug.build/Objects-normal/arm64/BookonDebug.swiftmodule -Wl,-no_warn_duplicate_libraries -Wl,-no_warn_duplicate_libraries -Wl,-no_warn_duplicate_libraries -Xlinker -dependency_info -Xlinker /Users/runner/Library/Developer/Xcode/DerivedData/BookonDebug-ehazsigvxemoqzdtqumqzfgyfpkz/Build/Intermediates.noindex/ArchiveIntermediates/BookonDebug/IntermediateBuildFilesPath/BookonDebug.build/Release-iphoneos/BookonDebug.build/Objects-normal/arm64/BookonDebug_dependency_info.dat -o /Users/runner/Library/Developer/Xcode/DerivedData/BookonDebug-ehazsigvxemoqzdtqumqzfgyfpkz/Build/Intermediates.noindex/ArchiveIntermediates/BookonDebug/InstallationBuildProductsLocation/Applications/BookonDebug.app/BookonDebug -Xlinker -add_ast_path -Xlinker /Users/runner/Library/Developer/Xcode/DerivedData/BookonDebug-ehazsigvxemoqzdtqumqzfgyfpkz/Build/Intermediates.noindex/ArchiveIntermediates/BookonDebug/IntermediateBuildFilesPath/LegadoBookSource.build/Release-iphoneos/BookonDebugKit.build/Objects-normal/arm64/BookonDebugKit.swiftmodule -Xlinker -add_ast_path -Xlinker /Users/runner/Library/Developer/Xcode/DerivedData/BookonDebug-ehazsigvxemoqzdtqumqzfgyfpkz/Build/Intermediates.noindex/ArchiveIntermediates/BookonDebug/IntermediateBuildFilesPath/SwiftSoup.build/Release-iphoneos/SwiftSoup.build/Objects-normal/arm64/SwiftSoup.swiftmodule -Xlinker -add_ast_path -Xlinker /Users/runner/Library/Developer/Xcode/DerivedData/BookonDebug-ehazsigvxemoqzdtqumqzfgyfpkz/Build/Intermediates.noindex/ArchiveIntermediates/BookonDebug/IntermediateBuildFilesPath/LegadoBookSource.build/Release-iphoneos/LegadoBookSource.build/Objects-normal/arm64/LegadoBookSource.swiftmodule
2026-10-06T13:42:44.5051760Z 
2026-10-06T13:42:44.5082850Z WriteAuxiliaryFile /Users/runner/Library/Developer/Xcode/DerivedData/BookonDebug-ehazsigvxemoqzdtqumqzfgyfpkz/Build/Intermediates.noindex/ArchiveIntermediates/BookonDebug/IntermediateBuildFilesPath/BookonDebug.build/Release-iphoneos/BookonDebug.build/Objects-normal/arm64/BookonDebug.SwiftConstValuesFileList (in target 'BookonDebug' from project 'BookonDebug')
2026-10-06T13:42:44.5191140Z     cd /Users/runner/work/bookon/bookon
2026-10-06T13:42:44.5243840Z     write-file /Users/runner/Library/Developer/Xcode/DerivedData/BookonDebug-ehazsigvxemoqzdtqumqzfgyfpkz/Build/Intermediates.noindex/ArchiveIntermediates/BookonDebug/IntermediateBuildFilesPath/BookonDebug.build/Release-iphoneos/BookonDebug.build/Objects-normal/arm64/BookonDebug.SwiftConstValuesFileList
2026-10-06T13:42:44.5247730Z 
2026-10-06T13:42:44.5251880Z GenerateDSYMFile /Users/runner/Library/Developer/Xcode/DerivedData/BookonDebug-ehazsigvxemoqzdtqumqzfgyfpkz/Build/Intermediates.noindex/ArchiveIntermediates/BookonDebug/BuildProductsPath/Release-iphoneos/BookonDebug.app.dSYM /Users/runner/Library/Developer/Xcode/DerivedData/BookonDebug-ehazsigvxemoqzdtqumqzfgyfpkz/Build/Intermediates.noindex/ArchiveIntermediates/BookonDebug/InstallationBuildProductsLocation/Applications/BookonDebug.app/BookonDebug (in target 'BookonDebug' from project 'BookonDebug')
2026-10-06T13:42:44.5280610Z     cd /Users/runner/work/bookon/bookon
2026-10-06T13:42:44.5286760Z     /Applications/Xcode_15.4.app/Contents/Developer/Toolchains/XcodeDefault.xctoolchain/usr/bin/dsymutil /Users/runner/Library/Developer/Xcode/DerivedData/BookonDebug-ehazsigvxemoqzdtqumqzfgyfpkz/Build/Intermediates.noindex/ArchiveIntermediates/BookonDebug/InstallationBuildProductsLocation/Applications/BookonDebug.app/BookonDebug -o /Users/runner/Library/Developer/Xcode/DerivedData/BookonDebug-ehazsigvxemoqzdtqumqzfgyfpkz/Build/Intermediates.noindex/ArchiveIntermediates/BookonDebug/BuildProductsPath/Release-iphoneos/BookonDebug.app.dSYM
2026-10-06T13:42:45.5732450Z 
2026-10-06T13:42:45.5738270Z CopySwiftLibs /Users/runner/Library/Developer/Xcode/DerivedData/BookonDebug-ehazsigvxemoqzdtqumqzfgyfpkz/Build/Intermediates.noindex/ArchiveIntermediates/BookonDebug/InstallationBuildProductsLocation/Applications/BookonDebug.app (in target 'BookonDebug' from project 'BookonDebug')
2026-10-06T13:42:45.5739830Z     cd /Users/runner/work/bookon/bookon
2026-10-06T13:42:45.5750910Z     builtin-swiftStdLibTool --copy --verbose --scan-executable /Users/runner/Library/Developer/Xcode/DerivedData/BookonDebug-ehazsigvxemoqzdtqumqzfgyfpkz/Build/Intermediates.noindex/ArchiveIntermediates/BookonDebug/InstallationBuildProductsLocation/Applications/BookonDebug.app/BookonDebug --scan-folder /Users/runner/Library/Developer/Xcode/DerivedData/BookonDebug-ehazsigvxemoqzdtqumqzfgyfpkz/Build/Intermediates.noindex/ArchiveIntermediates/BookonDebug/InstallationBuildProductsLocation/Applications/BookonDebug.app/Frameworks --scan-folder /Users/runner/Library/Developer/Xcode/DerivedData/BookonDebug-ehazsigvxemoqzdtqumqzfgyfpkz/Build/Intermediates.noindex/ArchiveIntermediates/BookonDebug/InstallationBuildProductsLocation/Applications/BookonDebug.app/PlugIns --scan-folder /Users/runner/Library/Developer/Xcode/DerivedData/BookonDebug-ehazsigvxemoqzdtqumqzfgyfpkz/Build/Intermediates.noindex/ArchiveIntermediates/BookonDebug/InstallationBuildProductsLocation/Applications/BookonDebug.app/SystemExtensions --scan-folder /Users/runner/Library/Developer/Xcode/DerivedData/BookonDebug-ehazsigvxemoqzdtqumqzfgyfpkz/Build/Intermediates.noindex/ArchiveIntermediates/BookonDebug/InstallationBuildProductsLocation/Applications/BookonDebug.app/Extensions --platform iphoneos --toolchain /Applications/Xcode_15.4.app/Contents/Developer/Toolchains/XcodeDefault.xctoolchain --destination /Users/runner/Library/Developer/Xcode/DerivedData/BookonDebug-ehazsigvxemoqzdtqumqzfgyfpkz/Build/Intermediates.noindex/ArchiveIntermediates/BookonDebug/InstallationBuildProductsLocation/Applications/BookonDebug.app/Frameworks --unsigned-destination /Users/runner/Library/Developer/Xcode/DerivedData/BookonDebug-ehazsigvxemoqzdtqumqzfgyfpkz/Build/Intermediates.noindex/ArchiveIntermediates/BookonDebug/BuildProductsPath/SwiftSupport --strip-bitcode --strip-bitcode-tool /Applications/Xcode_15.4.app/Contents/Developer/Toolchains/XcodeDefault.xctoolchain/usr/bin/bitcode_strip --emit-dependency-info /Users/runner/Library/Developer/Xcode/DerivedData/BookonDebug-ehazsigvxemoqzdtqumqzfgyfpkz/Build/Intermediates.noindex/ArchiveIntermediates/BookonDebug/IntermediateBuildFilesPath/BookonDebug.build/Release-iphoneos/BookonDebug.build/SwiftStdLibToolInputDependencies.dep --filter-for-swift-os
2026-10-06T13:42:45.5762480Z Ignoring --strip-bitcode because --sign was not passed
2026-10-06T13:42:45.5762730Z 
2026-10-06T13:42:45.5763000Z ExtractAppIntentsMetadata (in target 'BookonDebug' from project 'BookonDebug')
2026-10-06T13:42:45.5764070Z     cd /Users/runner/work/bookon/bookon
2026-10-06T13:42:45.5771320Z     /Applications/Xcode_15.4.app/Contents/Developer/Toolchains/XcodeDefault.xctoolchain/usr/bin/appintentsmetadataprocessor --output /Users/runner/Library/Developer/Xcode/DerivedData/BookonDebug-ehazsigvxemoqzdtqumqzfgyfpkz/Build/Intermediates.noindex/ArchiveIntermediates/BookonDebug/InstallationBuildProductsLocation/Applications/BookonDebug.app --toolchain-dir /Applications/Xcode_15.4.app/Contents/Developer/Toolchains/XcodeDefault.xctoolchain --module-name BookonDebug --sdk-root /Applications/Xcode_15.4.app/Contents/Developer/Platforms/iPhoneOS.platform/Developer/SDKs/iPhoneOS17.5.sdk --xcode-version 15F31d --platform-family iOS --deployment-target 17.0 --target-triple arm64-apple-ios17.0 --binary-file /Users/runner/Library/Developer/Xcode/DerivedData/BookonDebug-ehazsigvxemoqzdtqumqzfgyfpkz/Build/Intermediates.noindex/ArchiveIntermediates/BookonDebug/InstallationBuildProductsLocation/Applications/BookonDebug.app/BookonDebug --dependency-file /Users/runner/Library/Developer/Xcode/DerivedData/BookonDebug-ehazsigvxemoqzdtqumqzfgyfpkz/Build/Intermediates.noindex/ArchiveIntermediates/BookonDebug/IntermediateBuildFilesPath/BookonDebug.build/Release-iphoneos/BookonDebug.build/Objects-normal/arm64/BookonDebug_dependency_info.dat --stringsdata-file /Users/runner/Library/Developer/Xcode/DerivedData/BookonDebug-ehazsigvxemoqzdtqumqzfgyfpkz/Build/Intermediates.noindex/ArchiveIntermediates/BookonDebug/IntermediateBuildFilesPath/BookonDebug.build/Release-iphoneos/BookonDebug.build/Objects-normal/arm64/ExtractedAppShortcutsMetadata.stringsdata --source-file-list /Users/runner/Library/Developer/Xcode/DerivedData/BookonDebug-ehazsigvxemoqzdtqumqzfgyfpkz/Build/Intermediates.noindex/ArchiveIntermediates/BookonDebug/IntermediateBuildFilesPath/BookonDebug.build/Release-iphoneos/BookonDebug.build/Objects-normal/arm64/BookonDebug.SwiftFileList --swift-const-vals-list /Users/runner/Library/Developer/Xcode/DerivedData/BookonDebug-ehazsigvxemoqzdtqumqzfgyfpkz/Build/Intermediates.noindex/ArchiveIntermediates/BookonDebug/IntermediateBuildFilesPath/BookonDebug.build/Release-iphoneos/BookonDebug.build/Objects-normal/arm64/BookonDebug.SwiftConstValuesFileList --compile-time-extraction --deployment-aware-processing
2026-10-06T13:42:45.5784520Z note: Metadata extraction skipped. No AppIntents.framework dependency found. (in target 'BookonDebug' from project 'BookonDebug')
2026-10-06T13:42:45.5785720Z 
2026-10-06T13:42:45.5786260Z AppIntentsSSUTraining (in target 'BookonDebug' from project 'BookonDebug')
2026-10-06T13:42:45.5787140Z     cd /Users/runner/work/bookon/bookon
2026-10-06T13:42:45.5792390Z     /Applications/Xcode_15.4.app/Contents/Developer/Toolchains/XcodeDefault.xctoolchain/usr/bin/appintentsnltrainingprocessor --infoplist-path /Users/runner/Library/Developer/Xcode/DerivedData/BookonDebug-ehazsigvxemoqzdtqumqzfgyfpkz/Build/Intermediates.noindex/ArchiveIntermediates/BookonDebug/InstallationBuildProductsLocation/Applications/BookonDebug.app/Info.plist --temp-dir-path /Users/runner/Library/Developer/Xcode/DerivedData/BookonDebug-ehazsigvxemoqzdtqumqzfgyfpkz/Build/Intermediates.noindex/ArchiveIntermediates/BookonDebug/IntermediateBuildFilesPath/BookonDebug.build/Release-iphoneos/BookonDebug.build/ssu --bundle-id com.bookon.debug --product-path /Users/runner/Library/Developer/Xcode/DerivedData/BookonDebug-ehazsigvxemoqzdtqumqzfgyfpkz/Build/Intermediates.noindex/ArchiveIntermediates/BookonDebug/InstallationBuildProductsLocation/Applications/BookonDebug.app --extracted-metadata-path /Users/runner/Library/Developer/Xcode/DerivedData/BookonDebug-ehazsigvxemoqzdtqumqzfgyfpkz/Build/Intermediates.noindex/ArchiveIntermediates/BookonDebug/InstallationBuildProductsLocation/Applications/BookonDebug.app/Metadata.appintents --deployment-postprocessing --archive-ssu-assets
2026-10-06T13:42:45.5798280Z 2026-10-06 13:42:44.964 appintentsnltrainingprocessor[7140:22998] Parsing options for appintentsnltrainingprocessor
2026-10-06T13:42:45.5799160Z 2026-10-06 13:42:44.968 appintentsnltrainingprocessor[7140:22998] No AppShortcuts found - Skipping.
2026-10-06T13:42:45.5799570Z 
2026-10-06T13:42:45.5800460Z Strip /Users/runner/Library/Developer/Xcode/DerivedData/BookonDebug-ehazsigvxemoqzdtqumqzfgyfpkz/Build/Intermediates.noindex/ArchiveIntermediates/BookonDebug/InstallationBuildProductsLocation/Applications/BookonDebug.app/BookonDebug (in target 'BookonDebug' from project 'BookonDebug')
2026-10-06T13:42:45.5802400Z     cd /Users/runner/work/bookon/bookon
2026-10-06T13:42:45.5804220Z     /Applications/Xcode_15.4.app/Contents/Developer/Toolchains/XcodeDefault.xctoolchain/usr/bin/strip -D /Users/runner/Library/Developer/Xcode/DerivedData/BookonDebug-ehazsigvxemoqzdtqumqzfgyfpkz/Build/Intermediates.noindex/ArchiveIntermediates/BookonDebug/InstallationBuildProductsLocation/Applications/BookonDebug.app/BookonDebug
2026-10-06T13:42:45.6156650Z 
2026-10-06T13:42:45.6195080Z SetOwnerAndGroup runner:staff /Users/runner/Library/Developer/Xcode/DerivedData/BookonDebug-ehazsigvxemoqzdtqumqzfgyfpkz/Build/Intermediates.noindex/ArchiveIntermediates/BookonDebug/InstallationBuildProductsLocation/Applications/BookonDebug.app (in target 'BookonDebug' from project 'BookonDebug')
2026-10-06T13:42:45.6220030Z     cd /Users/runner/work/bookon/bookon
2026-10-06T13:42:45.6221120Z     /usr/sbin/chown -RH runner:staff /Users/runner/Library/Developer/Xcode/DerivedData/BookonDebug-ehazsigvxemoqzdtqumqzfgyfpkz/Build/Intermediates.noindex/ArchiveIntermediates/BookonDebug/InstallationBuildProductsLocation/Applications/BookonDebug.app
2026-10-06T13:42:45.6240400Z 
2026-10-06T13:42:45.6245340Z SetMode u+w,go-w,a+rX /Users/runner/Library/Developer/Xcode/DerivedData/BookonDebug-ehazsigvxemoqzdtqumqzfgyfpkz/Build/Intermediates.noindex/ArchiveIntermediates/BookonDebug/InstallationBuildProductsLocation/Applications/BookonDebug.app (in target 'BookonDebug' from project 'BookonDebug')
2026-10-06T13:42:45.6258690Z     cd /Users/runner/work/bookon/bookon
2026-10-06T13:42:45.6360550Z     /bin/chmod -RH u+w,go-w,a+rX /Users/runner/Library/Developer/Xcode/DerivedData/BookonDebug-ehazsigvxemoqzdtqumqzfgyfpkz/Build/Intermediates.noindex/ArchiveIntermediates/BookonDebug/InstallationBuildProductsLocation/Applications/BookonDebug.app
2026-10-06T13:42:45.6460370Z 
2026-10-06T13:42:45.6564850Z RegisterExecutionPolicyException /Users/runner/Library/Developer/Xcode/DerivedData/BookonDebug-ehazsigvxemoqzdtqumqzfgyfpkz/Build/Intermediates.noindex/ArchiveIntermediates/BookonDebug/InstallationBuildProductsLocation/Applications/BookonDebug.app (in target 'BookonDebug' from project 'BookonDebug')
2026-10-06T13:42:45.6575010Z     cd /Users/runner/work/bookon/bookon
2026-10-06T13:42:45.6702200Z     builtin-RegisterExecutionPolicyException /Users/runner/Library/Developer/Xcode/DerivedData/BookonDebug-ehazsigvxemoqzdtqumqzfgyfpkz/Build/Intermediates.noindex/ArchiveIntermediates/BookonDebug/InstallationBuildProductsLocation/Applications/BookonDebug.app
2026-10-06T13:42:45.6800430Z 
2026-10-06T13:42:45.6902060Z Validate /Users/runner/Library/Developer/Xcode/DerivedData/BookonDebug-ehazsigvxemoqzdtqumqzfgyfpkz/Build/Intermediates.noindex/ArchiveIntermediates/BookonDebug/InstallationBuildProductsLocation/Applications/BookonDebug.app (in target 'BookonDebug' from project 'BookonDebug')
2026-10-06T13:42:45.7003830Z     cd /Users/runner/work/bookon/bookon
2026-10-06T13:42:45.7106570Z     builtin-validationUtility /Users/runner/Library/Developer/Xcode/DerivedData/BookonDebug-ehazsigvxemoqzdtqumqzfgyfpkz/Build/Intermediates.noindex/ArchiveIntermediates/BookonDebug/InstallationBuildProductsLocation/Applications/BookonDebug.app
2026-10-06T13:42:45.7205320Z 
2026-10-06T13:42:45.7230170Z Touch /Users/runner/Library/Developer/Xcode/DerivedData/BookonDebug-ehazsigvxemoqzdtqumqzfgyfpkz/Build/Intermediates.noindex/ArchiveIntermediates/BookonDebug/InstallationBuildProductsLocation/Applications/BookonDebug.app (in target 'BookonDebug' from project 'BookonDebug')
2026-10-06T13:42:45.7231390Z     cd /Users/runner/work/bookon/bookon
2026-10-06T13:42:45.7232930Z     /usr/bin/touch -c /Users/runner/Library/Developer/Xcode/DerivedData/BookonDebug-ehazsigvxemoqzdtqumqzfgyfpkz/Build/Intermediates.noindex/ArchiveIntermediates/BookonDebug/InstallationBuildProductsLocation/Applications/BookonDebug.app
2026-10-06T13:42:45.7240310Z 
2026-10-06T13:42:45.7357520Z ** ARCHIVE SUCCEEDED **
2026-10-06T13:42:45.7459060Z 
2026-10-06T13:42:45.7929210Z == 3/4 校验 Info.plist（MinimumOSVersion 必须为 17.0）==
2026-10-06T13:42:45.8212910Z   "BuildCIRun" => "37472428939"
2026-10-06T13:42:45.8213530Z   "BuildCommit" => "a61fcdf9a44a2599af67e65b223df2749b42b292"
2026-10-06T13:42:45.8214990Z   "MinimumOSVersion" => "17.0"
2026-10-06T13:42:45.8291200Z MinimumOSVersion = 17.0 ✓
2026-10-06T13:42:45.8291720Z == 4/4 打包 IPA ==
2026-10-06T13:42:46.1404870Z IPA 已生成: build/BookonDebug.ipa
2026-10-06T13:42:46.1490090Z -rw-r--r--  1 runner  staff  1948134 Oct  6 13:42 build/BookonDebug.ipa
2026-10-06T13:42:46.1688610Z ##[group]Run actions/upload-artifact@v4
2026-10-06T13:42:46.1689640Z with:
2026-10-06T13:42:46.1690170Z   name: bookon-debug-ipa
2026-10-06T13:42:46.1690870Z   path: build/BookonDebug.ipa
2026-10-06T13:42:46.1691520Z   if-no-files-found: error
2026-10-06T13:42:46.1692140Z   compression-level: 6
2026-10-06T13:42:46.1692650Z   overwrite: false
2026-10-06T13:42:46.1693350Z   include-hidden-files: false
2026-10-06T13:42:46.1694000Z ##[endgroup]
2026-10-06T13:42:46.8777710Z (node:7161) [DEP0040] DeprecationWarning: The `punycode` module is deprecated. Please use a userland alternative instead.
2026-10-06T13:42:46.8813730Z (Use `node --trace-deprecation ...` to show where the warning was created)
2026-10-06T13:42:46.8964210Z With the provided path, there will be 1 file uploaded
2026-10-06T13:42:46.9025090Z Artifact name is valid!
2026-10-06T13:42:46.9068560Z Root directory input is valid!
2026-10-06T13:42:47.1137350Z Beginning upload of artifact content to blob storage
2026-10-06T13:42:47.2698590Z (node:7161) [DEP0169] DeprecationWarning: `url.parse()` behavior is not standardized and prone to errors that have security implications. Use the WHATWG URL API instead. CVEs are not issued for `url.parse()` vulnerabilities.
2026-10-06T13:42:47.3695160Z Uploaded bytes 1943619
2026-10-06T13:42:47.3874500Z Finished uploading artifact content to blob storage!
2026-10-06T13:42:47.3878480Z SHA256 digest of uploaded artifact zip is 56541a22895d8e586bf7f672dd76edeb291dd46d97cefa8133f783a1ea96dd2b
2026-10-06T13:42:47.3883740Z Finalizing artifact upload
2026-10-06T13:42:47.6821030Z Artifact bookon-debug-ipa.zip successfully finalized. Artifact ID 11417751571
2026-10-06T13:42:47.6822070Z Artifact bookon-debug-ipa has been successfully uploaded! Final size is 1943619 bytes. Artifact ID is 11417751571
2026-10-06T13:42:47.6840740Z Artifact download URL: https://github.com/zhuof725/bookon/actions/runs/37472428939/artifacts/11417751571
2026-10-06T13:42:47.7087450Z Post job cleanup.
2026-10-06T13:42:47.8475590Z [command]/opt/homebrew/bin/git version
2026-10-06T13:42:47.8747760Z git version 2.55.0
2026-10-06T13:42:47.8766790Z Copying '/Users/runner/.gitconfig' to '/Users/runner/work/_temp/826d523b-f358-47ad-acf9-1afb29d8413d/.gitconfig'
2026-10-06T13:42:47.8774330Z Temporarily overriding HOME='/Users/runner/work/_temp/826d523b-f358-47ad-acf9-1afb29d8413d' before making global git config changes
2026-10-06T13:42:47.8774970Z Adding repository directory to the temporary git global config as a safe directory
2026-10-06T13:42:47.8777600Z [command]/opt/homebrew/bin/git config --global --add safe.directory /Users/runner/work/bookon/bookon
2026-10-06T13:42:47.8881360Z [command]/opt/homebrew/bin/git config --local --name-only --get-regexp core\.sshCommand
2026-10-06T13:42:47.8930990Z [command]/opt/homebrew/bin/git submodule foreach --recursive sh -c "git config --local --name-only --get-regexp 'core\.sshCommand' && git config --local --unset-all 'core.sshCommand' || :"
2026-10-06T13:42:47.9884630Z [command]/opt/homebrew/bin/git config --local --name-only --get-regexp http\.https\:\/\/github\.com\/\.extraheader
2026-10-06T13:42:47.9925890Z http.https://github.com/.extraheader
2026-10-06T13:42:47.9932380Z [command]/opt/homebrew/bin/git config --local --unset-all http.https://github.com/.extraheader
2026-10-06T13:42:47.9997670Z [command]/opt/homebrew/bin/git submodule foreach --recursive sh -c "git config --local --name-only --get-regexp 'http\.https\:\/\/github\.com\/\.extraheader' && git config --local --unset-all 'http.https://github.com/.extraheader' || :"
2026-10-06T13:42:48.0865570Z [command]/opt/homebrew/bin/git config --local --name-only --get-regexp ^includeIf\.gitdir:
2026-10-06T13:42:48.0938060Z [command]/opt/homebrew/bin/git submodule foreach --recursive git config --local --show-origin --name-only --get-regexp remote.origin.url
2026-10-06T13:42:48.1982910Z Cleaning up orphan processes
2026-10-06T13:42:49.1327640Z ##[warning]Node.js 20 is deprecated. The following actions target Node.js 20 but are being forced to run on Node.js 24: actions/checkout@v4, actions/upload-artifact@v4. For more information see: https://github.blog/changelog/2025-09-19-deprecation-of-node-20-on-github-actions-runners/
