2026-10-06T12:58:43.8091230Z Current runner version: '2.337.0'
2026-10-06T12:58:43.8108760Z ##[group]Runner Image Provisioner
2026-10-06T12:58:43.8109830Z Hosted Compute Agent
2026-10-06T12:58:43.8110230Z Version: 20260828.587
2026-10-06T12:58:43.8110650Z Commit: abac92662cab4cc7352de4f9f9d2e2419aad9c29
2026-10-06T12:58:43.8111150Z Build Date: 2026-08-28T16:44:25Z
2026-10-06T12:58:43.8111880Z Worker ID: {1948e135-02cc-4188-ab05-4801d59eb54e}
2026-10-06T12:58:43.8112350Z Azure Region: westus
2026-10-06T12:58:43.8112750Z ##[endgroup]
2026-10-06T12:58:43.8113780Z ##[group]Operating System
2026-10-06T12:58:43.8114170Z macOS
2026-10-06T12:58:43.8114580Z 14.8.9
2026-10-06T12:58:43.8114940Z 23J631
2026-10-06T12:58:43.8115280Z ##[endgroup]
2026-10-06T12:58:43.8115650Z ##[group]Runner Image
2026-10-06T12:58:43.8116420Z Image: macos-14-arm64
2026-10-06T12:58:43.8116830Z Version: 20260831.0302.1
2026-10-06T12:58:43.8117730Z Included Software: https://github.com/actions/runner-images/blob/macos-14-arm64/20260831.0302/images/macos/macos-14-arm64-Readme.md
2026-10-06T12:58:43.8118910Z Image Release: https://github.com/actions/runner-images/releases/tag/macos-14-arm64%2F20260831.0302
2026-10-06T12:58:43.8119680Z ##[endgroup]
2026-10-06T12:58:43.8121820Z ##[group]GITHUB_TOKEN Permissions
2026-10-06T12:58:43.8126190Z Contents: read
2026-10-06T12:58:43.8128190Z Metadata: read
2026-10-06T12:58:43.8128600Z Packages: read
2026-10-06T12:58:43.8128970Z ##[endgroup]
2026-10-06T12:58:43.8130730Z Secret source: Actions
2026-10-06T12:58:43.8131320Z Cache mode: write
2026-10-06T12:58:43.8131770Z Prepare workflow directory
2026-10-06T12:58:43.8444890Z Prepare all required actions
2026-10-06T12:58:43.8489000Z Getting action download info
2026-10-06T12:58:44.2581500Z Download action repository 'actions/checkout@v4' (SHA:11d5960a326750d5838078e36cf38b85af677262)
2026-10-06T12:58:44.6962150Z Download action repository 'actions/upload-artifact@v4' (SHA:ea165f8d65b6e75b540449e92b4886f43607fa02)
2026-10-06T12:58:44.9636430Z Complete job name: build-ipa
2026-10-06T12:58:45.0326120Z ##[group]Run actions/checkout@v4
2026-10-06T12:58:45.0326680Z with:
2026-10-06T12:58:45.0327020Z   repository: zhuof725/bookon
2026-10-06T12:58:45.0329620Z   token: ***
2026-10-06T12:58:45.0329940Z   ssh-strict: true
2026-10-06T12:58:45.0330270Z   ssh-user: git
2026-10-06T12:58:45.0330600Z   persist-credentials: true
2026-10-06T12:58:45.0330960Z   clean: true
2026-10-06T12:58:45.0331300Z   sparse-checkout-cone-mode: true
2026-10-06T12:58:45.0331680Z   fetch-depth: 1
2026-10-06T12:58:45.0332000Z   fetch-tags: false
2026-10-06T12:58:45.0332340Z   show-progress: true
2026-10-06T12:58:45.0332660Z   lfs: false
2026-10-06T12:58:45.0332980Z   submodules: false
2026-10-06T12:58:45.0333310Z   set-safe-directory: true
2026-10-06T12:58:45.0333690Z   allow-unsafe-pr-checkout: false
2026-10-06T12:58:45.0334180Z ##[endgroup]
2026-10-06T12:58:45.2368770Z Syncing repository: zhuof725/bookon
2026-10-06T12:58:45.2370670Z ##[group]Getting Git version info
2026-10-06T12:58:45.2371340Z Working directory is '/Users/runner/work/bookon/bookon'
2026-10-06T12:58:45.2372980Z [command]/opt/homebrew/bin/git version
2026-10-06T12:58:45.2662430Z git version 2.55.0
2026-10-06T12:58:45.2676230Z ##[endgroup]
2026-10-06T12:58:45.2682580Z Copying '/Users/runner/.gitconfig' to '/Users/runner/work/_temp/c2f94647-2b93-495f-8575-8117e24e5d94/.gitconfig'
2026-10-06T12:58:45.2694150Z Temporarily overriding HOME='/Users/runner/work/_temp/c2f94647-2b93-495f-8575-8117e24e5d94' before making global git config changes
2026-10-06T12:58:45.2696890Z Adding repository directory to the temporary git global config as a safe directory
2026-10-06T12:58:45.2699170Z [command]/opt/homebrew/bin/git config --global --add safe.directory /Users/runner/work/bookon/bookon
2026-10-06T12:58:45.2792720Z Deleting the contents of '/Users/runner/work/bookon/bookon'
2026-10-06T12:58:45.2797540Z ##[group]Initializing the repository
2026-10-06T12:58:45.2800470Z [command]/opt/homebrew/bin/git init /Users/runner/work/bookon/bookon
2026-10-06T12:58:45.3025960Z hint: Using 'master' as the name for the initial branch. This default branch name
2026-10-06T12:58:45.3033020Z hint: will change to "main" in Git 3.0. To configure the initial branch name
2026-10-06T12:58:45.3034290Z hint: to use in all of your new repositories, which will suppress this warning,
2026-10-06T12:58:45.3034900Z hint: call:
2026-10-06T12:58:45.3035750Z hint:
2026-10-06T12:58:45.3037320Z hint: 	git config --global init.defaultBranch <name>
2026-10-06T12:58:45.3037850Z hint:
2026-10-06T12:58:45.3038800Z hint: Names commonly chosen instead of 'master' are 'main', 'trunk' and
2026-10-06T12:58:45.3040110Z hint: 'development'. The just-created branch can be renamed via this command:
2026-10-06T12:58:45.3040660Z hint:
2026-10-06T12:58:45.3041080Z hint: 	git branch -m <name>
2026-10-06T12:58:45.3041490Z hint:
2026-10-06T12:58:45.3042050Z hint: Disable this message with "git config set advice.defaultBranchName false"
2026-10-06T12:58:45.3042820Z Initialized empty Git repository in /Users/runner/work/bookon/bookon/.git/
2026-10-06T12:58:45.3065370Z [command]/opt/homebrew/bin/git remote add origin https://github.com/zhuof725/bookon
2026-10-06T12:58:45.3106960Z ##[endgroup]
2026-10-06T12:58:45.3108100Z ##[group]Disabling automatic garbage collection
2026-10-06T12:58:45.3108770Z [command]/opt/homebrew/bin/git config --local gc.auto 0
2026-10-06T12:58:45.3175610Z ##[endgroup]
2026-10-06T12:58:45.3176310Z ##[group]Setting up auth
2026-10-06T12:58:45.3179650Z [command]/opt/homebrew/bin/git config --local --name-only --get-regexp core\.sshCommand
2026-10-06T12:58:45.3234900Z [command]/opt/homebrew/bin/git submodule foreach --recursive sh -c "git config --local --name-only --get-regexp 'core\.sshCommand' && git config --local --unset-all 'core.sshCommand' || :"
2026-10-06T12:58:45.4211970Z [command]/opt/homebrew/bin/git config --local --name-only --get-regexp http\.https\:\/\/github\.com\/\.extraheader
2026-10-06T12:58:45.4261160Z [command]/opt/homebrew/bin/git submodule foreach --recursive sh -c "git config --local --name-only --get-regexp 'http\.https\:\/\/github\.com\/\.extraheader' && git config --local --unset-all 'http.https://github.com/.extraheader' || :"
2026-10-06T12:58:45.5036010Z [command]/opt/homebrew/bin/git config --local --name-only --get-regexp ^includeIf\.gitdir:
2026-10-06T12:58:45.5097430Z [command]/opt/homebrew/bin/git submodule foreach --recursive git config --local --show-origin --name-only --get-regexp remote.origin.url
2026-10-06T12:58:45.5978980Z [command]/opt/homebrew/bin/git config --local http.https://github.com/.extraheader AUTHORIZATION: basic ***
2026-10-06T12:58:45.6045970Z ##[endgroup]
2026-10-06T12:58:45.6047670Z ##[group]Fetching the repository
2026-10-06T12:58:45.6058480Z [command]/opt/homebrew/bin/git -c protocol.version=2 fetch --no-tags --prune --no-recurse-submodules --depth=1 origin +6196ae23c4d241b57411e10796ed5df7ddd8fb1d:refs/remotes/origin/main
2026-10-06T12:58:47.6931670Z From https://github.com/zhuof725/bookon
2026-10-06T12:58:47.6934840Z  * [new ref]         6196ae23c4d241b57411e10796ed5df7ddd8fb1d -> origin/main
2026-10-06T12:58:47.6941760Z ##[endgroup]
2026-10-06T12:58:47.6942910Z ##[group]Determining the checkout info
2026-10-06T12:58:47.6944050Z ##[endgroup]
2026-10-06T12:58:47.6944790Z [command]/opt/homebrew/bin/git sparse-checkout disable
2026-10-06T12:58:47.7060730Z [command]/opt/homebrew/bin/git config --local --unset-all extensions.worktreeConfig
2026-10-06T12:58:47.7129760Z ##[group]Checking out the ref
2026-10-06T12:58:47.7143100Z [command]/opt/homebrew/bin/git checkout --progress --force -B main refs/remotes/origin/main
2026-10-06T12:58:48.0119340Z Switched to a new branch 'main'
2026-10-06T12:58:48.0134920Z branch 'main' set up to track 'origin/main'.
2026-10-06T12:58:48.0164380Z ##[endgroup]
2026-10-06T12:58:48.0256620Z [command]/opt/homebrew/bin/git log -1 --format=%H
2026-10-06T12:58:48.0313930Z 6196ae23c4d241b57411e10796ed5df7ddd8fb1d
2026-10-06T12:58:48.0557300Z ##[group]Run brew install xcodegen
2026-10-06T12:58:48.0557730Z [36;1mbrew install xcodegen[0m
2026-10-06T12:58:48.0686590Z shell: /bin/bash -e {0}
2026-10-06T12:58:48.0687040Z ##[endgroup]
2026-10-06T12:58:51.0166300Z [32m==>[0m [1mDownloading bottle manifests[0m
2026-10-06T12:58:51.0406080Z ✔︎ Bottle Manifest xcodegen (2.46.0)
2026-10-06T12:58:51.0410230Z [34m==>[0m [1mWould install 1 formula:[0m
2026-10-06T12:58:51.0410900Z xcodegen
2026-10-06T12:58:51.0493160Z [32m==>[0m [1mFetching downloads for: [32mxcodegen[39m[0m
2026-10-06T12:58:51.3841000Z ✔︎ Bottle xcodegen (2.46.0)
2026-10-06T12:58:51.4494600Z [34m==>[0m [1mPouring xcodegen--2.46.0.arm64_sonoma.bottle.1.tar.gz[0m
2026-10-06T12:58:51.5982900Z 🍺  /opt/homebrew/Cellar/xcodegen/2.46.0: 38 files, 7.6MB
2026-10-06T12:58:51.6150230Z ##[group]Run bash scripts/build_ipa.sh
2026-10-06T12:58:51.6151610Z [36;1mbash scripts/build_ipa.sh[0m
2026-10-06T12:58:51.6262440Z shell: /bin/bash -e {0}
2026-10-06T12:58:51.6262760Z env:
2026-10-06T12:58:51.6263120Z   GIT_COMMIT: 6196ae23c4d241b57411e10796ed5df7ddd8fb1d
2026-10-06T12:58:51.6263430Z   CI_RUN_ID: 37467005822
2026-10-06T12:58:51.6263880Z ##[endgroup]
2026-10-06T12:58:51.6993960Z == 1/4 生成 Xcode 工程 ==
2026-10-06T12:58:51.7273030Z ⚙️  Generating plists...
2026-10-06T12:58:51.7276250Z ⚙️  Generating project...
2026-10-06T12:58:51.7356680Z ⚙️  Writing project...
2026-10-06T12:58:51.7418050Z Created project at /Users/runner/work/bookon/bookon/BookonDebug.xcodeproj
2026-10-06T12:58:51.7657920Z [verify_xcodeproj_format] Xcode=15.4 (major=15 minor=4) objectVersion=63 (需要 Xcode 15.3+)
2026-10-06T12:58:51.7659450Z [verify_xcodeproj_format] OK: objectVersion 63 is compatible with Xcode 15.4
2026-10-06T12:58:51.7660730Z == 2/4 归档（Release，无签名）==
2026-10-06T12:58:52.9539490Z Command line invocation:
2026-10-06T12:58:52.9544590Z     /Applications/Xcode_15.4.app/Contents/Developer/usr/bin/xcodebuild archive -project BookonDebug.xcodeproj -scheme BookonDebug -configuration Release -archivePath build/BookonDebug.xcarchive -destination generic/platform=iOS CODE_SIGNING_ALLOWED=NO CODE_SIGNING_REQUIRED=NO GIT_COMMIT=6196ae23c4d241b57411e10796ed5df7ddd8fb1d CI_RUN_ID=37467005822
2026-10-06T12:58:52.9548790Z 
2026-10-06T12:58:52.9549060Z User defaults from command line:
2026-10-06T12:58:52.9550080Z     IDEArchivePathOverride = /Users/runner/work/bookon/bookon/build/BookonDebug.xcarchive
2026-10-06T12:58:52.9551090Z     IDEPackageSupportUseBuiltinSCM = YES
2026-10-06T12:58:52.9551850Z 
2026-10-06T12:58:52.9552210Z Build settings from command line:
2026-10-06T12:58:52.9554420Z     CI_RUN_ID = 37467005822
2026-10-06T12:58:52.9554700Z     CODE_SIGNING_ALLOWED = NO
2026-10-06T12:58:52.9554910Z     CODE_SIGNING_REQUIRED = NO
2026-10-06T12:58:52.9555230Z     GIT_COMMIT = 6196ae23c4d241b57411e10796ed5df7ddd8fb1d
2026-10-06T12:58:52.9555430Z 
2026-10-06T12:59:03.2179000Z Resolve Package Graph
2026-10-06T12:59:13.5693440Z 
2026-10-06T12:59:13.5695280Z Fetching from https://github.com/scinfu/SwiftSoup.git
2026-10-06T12:59:14.4880370Z 
2026-10-06T12:59:15.2253540Z Creating working copy of package ‘SwiftSoup’
2026-10-06T12:59:15.2742030Z 
2026-10-06T12:59:15.2752460Z Checking out 2.9.6 of package ‘SwiftSoup’
2026-10-06T12:59:15.4595800Z 
2026-10-06T12:59:16.1863060Z Invalid Resource 'Resources/golden': File not found.
2026-10-06T12:59:16.1955290Z Resolved source packages:
2026-10-06T12:59:16.1960220Z   LegadoBookSource: /Users/runner/work/bookon/bookon
2026-10-06T12:59:16.1960860Z   SwiftSoup: https://github.com/scinfu/SwiftSoup.git @ 2.9.6
2026-10-06T12:59:16.1961980Z 
2026-10-06T12:59:16.3857070Z Prepare packages
2026-10-06T12:59:16.4441120Z 
2026-10-06T12:59:17.2362030Z ComputeTargetDependencyGraph
2026-10-06T12:59:17.3819320Z note: Building targets in dependency order
2026-10-06T12:59:17.3843300Z note: Target dependency graph (8 targets)
2026-10-06T12:59:17.3896320Z     Target 'BookonDebug' in project 'BookonDebug'
2026-10-06T12:59:17.3903910Z         ➜ Explicit dependency on target 'BookonDebugKit' in project 'LegadoBookSource'
2026-10-06T12:59:17.3904730Z         ➜ Explicit dependency on target 'LegadoBookSource' in project 'LegadoBookSource'
2026-10-06T12:59:17.3942810Z     Target 'LegadoBookSource' in project 'LegadoBookSource'
2026-10-06T12:59:17.3956270Z         ➜ Explicit dependency on target 'LegadoBookSource' in project 'LegadoBookSource'
2026-10-06T12:59:17.3957090Z         ➜ Explicit dependency on target 'LegadoBookSource_LegadoBookSource' in project 'LegadoBookSource'
2026-10-06T12:59:17.3957850Z         ➜ Explicit dependency on target 'SwiftSoup' in project 'SwiftSoup'
2026-10-06T12:59:17.3958290Z     Target 'BookonDebugKit' in project 'LegadoBookSource'
2026-10-06T12:59:17.3958840Z         ➜ Explicit dependency on target 'BookonDebugKit' in project 'LegadoBookSource'
2026-10-06T12:59:17.3969120Z         ➜ Explicit dependency on target 'LegadoBookSource' in project 'LegadoBookSource'
2026-10-06T12:59:17.3971280Z         ➜ Explicit dependency on target 'SwiftSoup' in project 'SwiftSoup'
2026-10-06T12:59:17.3971940Z     Target 'BookonDebugKit' in project 'LegadoBookSource'
2026-10-06T12:59:17.3972420Z         ➜ Explicit dependency on target 'LegadoBookSource' in project 'LegadoBookSource'
2026-10-06T12:59:17.3973520Z         ➜ Explicit dependency on target 'SwiftSoup' in project 'SwiftSoup'
2026-10-06T12:59:17.3974070Z     Target 'LegadoBookSource' in project 'LegadoBookSource'
2026-10-06T12:59:17.3974760Z         ➜ Explicit dependency on target 'LegadoBookSource_LegadoBookSource' in project 'LegadoBookSource'
2026-10-06T12:59:17.3975720Z         ➜ Explicit dependency on target 'SwiftSoup' in project 'SwiftSoup'
2026-10-06T12:59:17.3982670Z     Target 'SwiftSoup' in project 'SwiftSoup'
2026-10-06T12:59:17.3984810Z         ➜ Explicit dependency on target 'SwiftSoup' in project 'SwiftSoup'
2026-10-06T12:59:17.3986340Z     Target 'SwiftSoup' in project 'SwiftSoup' (no dependencies)
2026-10-06T12:59:17.3986970Z     Target 'LegadoBookSource_LegadoBookSource' in project 'LegadoBookSource' (no dependencies)
2026-10-06T12:59:17.3987670Z 
2026-10-06T12:59:17.3987750Z GatherProvisioningInputs
2026-10-06T12:59:17.3988300Z 
2026-10-06T12:59:17.4232830Z CreateBuildDescription
2026-10-06T12:59:17.5903270Z 
2026-10-06T12:59:17.5935400Z ExecuteExternalTool /Applications/Xcode_15.4.app/Contents/Developer/Toolchains/XcodeDefault.xctoolchain/usr/bin/swiftc -v
2026-10-06T12:59:18.0020100Z 
2026-10-06T12:59:18.0107840Z ExecuteExternalTool /Applications/Xcode_15.4.app/Contents/Developer/Toolchains/XcodeDefault.xctoolchain/usr/bin/clang -v -E -dM -isysroot /Applications/Xcode_15.4.app/Contents/Developer/Platforms/iPhoneOS.platform/Developer/SDKs/iPhoneOS17.5.sdk -x c -c /dev/null
2026-10-06T12:59:18.4041020Z 
2026-10-06T12:59:18.4309300Z ExecuteExternalTool /Applications/Xcode_15.4.app/Contents/Developer/Toolchains/XcodeDefault.xctoolchain/usr/bin/ld -version_details
2026-10-06T12:59:18.4658430Z 
2026-10-06T12:59:18.5928830Z Build description signature: 9ed2df8f6879b2221832c00012961e56
2026-10-06T12:59:18.6031120Z Build description path: /Users/runner/Library/Developer/Xcode/DerivedData/BookonDebug-ehazsigvxemoqzdtqumqzfgyfpkz/Build/Intermediates.noindex/ArchiveIntermediates/BookonDebug/IntermediateBuildFilesPath/XCBuildData/9ed2df8f6879b2221832c00012961e56.xcbuilddata
2026-10-06T12:59:18.6248360Z CreateBuildDirectory /Users/runner/Library/Developer/Xcode/DerivedData/BookonDebug-ehazsigvxemoqzdtqumqzfgyfpkz/Build/Intermediates.noindex/ArchiveIntermediates/BookonDebug/InstallationBuildProductsLocation
2026-10-06T12:59:18.6352000Z     cd /Users/runner/work/bookon/bookon/BookonDebug.xcodeproj
2026-10-06T12:59:18.6455180Z     builtin-create-build-directory /Users/runner/Library/Developer/Xcode/DerivedData/BookonDebug-ehazsigvxemoqzdtqumqzfgyfpkz/Build/Intermediates.noindex/ArchiveIntermediates/BookonDebug/InstallationBuildProductsLocation
2026-10-06T12:59:18.6558950Z 
2026-10-06T12:59:18.6666810Z CreateBuildDirectory /Users/runner/Library/Developer/Xcode/DerivedData/BookonDebug-ehazsigvxemoqzdtqumqzfgyfpkz/Build/Intermediates.noindex/ArchiveIntermediates/BookonDebug/IntermediateBuildFilesPath
2026-10-06T12:59:18.6754730Z     cd /Users/runner/work/bookon/bookon/BookonDebug.xcodeproj
2026-10-06T12:59:18.6805630Z     builtin-create-build-directory /Users/runner/Library/Developer/Xcode/DerivedData/BookonDebug-ehazsigvxemoqzdtqumqzfgyfpkz/Build/Intermediates.noindex/ArchiveIntermediates/BookonDebug/IntermediateBuildFilesPath
2026-10-06T12:59:18.6808210Z 
2026-10-06T12:59:18.6809230Z CreateBuildDirectory /Users/runner/Library/Developer/Xcode/DerivedData/BookonDebug-ehazsigvxemoqzdtqumqzfgyfpkz/Build/Intermediates.noindex/ArchiveIntermediates/BookonDebug/BuildProductsPath
2026-10-06T12:59:18.6810720Z     cd /Users/runner/work/bookon/bookon/BookonDebug.xcodeproj
2026-10-06T12:59:18.6814890Z     builtin-create-build-directory /Users/runner/Library/Developer/Xcode/DerivedData/BookonDebug-ehazsigvxemoqzdtqumqzfgyfpkz/Build/Intermediates.noindex/ArchiveIntermediates/BookonDebug/BuildProductsPath
2026-10-06T12:59:18.6816030Z 
2026-10-06T12:59:18.6817210Z ClangStatCache /Applications/Xcode_15.4.app/Contents/Developer/Toolchains/XcodeDefault.xctoolchain/usr/bin/clang-stat-cache /Applications/Xcode_15.4.app/Contents/Developer/Platforms/iPhoneOS.platform/Developer/SDKs/iPhoneOS17.5.sdk /Users/runner/Library/Developer/Xcode/DerivedData/SDKStatCaches.noindex/iphoneos17.5-21F77-f0fa7969d082b13145125136a829df3a.sdkstatcache
2026-10-06T12:59:18.6823660Z     cd /Users/runner/work/bookon/bookon/BookonDebug.xcodeproj
2026-10-06T12:59:18.6826080Z     /Applications/Xcode_15.4.app/Contents/Developer/Toolchains/XcodeDefault.xctoolchain/usr/bin/clang-stat-cache /Applications/Xcode_15.4.app/Contents/Developer/Platforms/iPhoneOS.platform/Developer/SDKs/iPhoneOS17.5.sdk -o /Users/runner/Library/Developer/Xcode/DerivedData/SDKStatCaches.noindex/iphoneos17.5-21F77-f0fa7969d082b13145125136a829df3a.sdkstatcache
2026-10-06T12:59:21.1269270Z 
2026-10-06T12:59:21.1288620Z CreateBuildDirectory /Users/runner/Library/Developer/Xcode/DerivedData/BookonDebug-ehazsigvxemoqzdtqumqzfgyfpkz/Build/Intermediates.noindex/ArchiveIntermediates/BookonDebug/IntermediateBuildFilesPath/EagerLinkingTBDs/Release-iphoneos
2026-10-06T12:59:21.1291270Z     cd /Users/runner/work/bookon/bookon/BookonDebug.xcodeproj
2026-10-06T12:59:21.1293730Z     builtin-create-build-directory /Users/runner/Library/Developer/Xcode/DerivedData/BookonDebug-ehazsigvxemoqzdtqumqzfgyfpkz/Build/Intermediates.noindex/ArchiveIntermediates/BookonDebug/IntermediateBuildFilesPath/EagerLinkingTBDs/Release-iphoneos
2026-10-06T12:59:21.1294640Z 
2026-10-06T12:59:21.1295350Z CreateBuildDirectory /Users/runner/Library/Developer/Xcode/DerivedData/BookonDebug-ehazsigvxemoqzdtqumqzfgyfpkz/Build/Intermediates.noindex/ArchiveIntermediates/BookonDebug/BuildProductsPath/Release-iphoneos
2026-10-06T12:59:21.1296260Z     cd /Users/runner/work/bookon/bookon/BookonDebug.xcodeproj
2026-10-06T12:59:21.1297210Z     builtin-create-build-directory /Users/runner/Library/Developer/Xcode/DerivedData/BookonDebug-ehazsigvxemoqzdtqumqzfgyfpkz/Build/Intermediates.noindex/ArchiveIntermediates/BookonDebug/BuildProductsPath/Release-iphoneos
2026-10-06T12:59:21.1298030Z 
2026-10-06T12:59:21.1298990Z CreateBuildDirectory /Users/runner/Library/Developer/Xcode/DerivedData/BookonDebug-ehazsigvxemoqzdtqumqzfgyfpkz/Build/Intermediates.noindex/ArchiveIntermediates/BookonDebug/BuildProductsPath/Release-iphoneos/PackageFrameworks
2026-10-06T12:59:21.1300000Z     cd /Users/runner/work/bookon/bookon/BookonDebug.xcodeproj
2026-10-06T12:59:21.1300970Z     builtin-create-build-directory /Users/runner/Library/Developer/Xcode/DerivedData/BookonDebug-ehazsigvxemoqzdtqumqzfgyfpkz/Build/Intermediates.noindex/ArchiveIntermediates/BookonDebug/BuildProductsPath/Release-iphoneos/PackageFrameworks
2026-10-06T12:59:21.1301780Z 
2026-10-06T12:59:21.1302770Z SymLink /Users/runner/Library/Developer/Xcode/DerivedData/BookonDebug-ehazsigvxemoqzdtqumqzfgyfpkz/Build/Intermediates.noindex/ArchiveIntermediates/BookonDebug/BuildProductsPath/Release-iphoneos/SwiftSoup.o ../../IntermediateBuildFilesPath/UninstalledProducts/iphoneos/SwiftSoup.o (in target 'SwiftSoup' from project 'SwiftSoup')
2026-10-06T12:59:21.1304440Z     cd /Users/runner/Library/Developer/Xcode/DerivedData/BookonDebug-ehazsigvxemoqzdtqumqzfgyfpkz/SourcePackages/checkouts/SwiftSoup
2026-10-06T12:59:21.1310580Z     /bin/ln -sfh ../../IntermediateBuildFilesPath/UninstalledProducts/iphoneos/SwiftSoup.o /Users/runner/Library/Developer/Xcode/DerivedData/BookonDebug-ehazsigvxemoqzdtqumqzfgyfpkz/Build/Intermediates.noindex/ArchiveIntermediates/BookonDebug/BuildProductsPath/Release-iphoneos/SwiftSoup.o
2026-10-06T12:59:21.1311550Z 
2026-10-06T12:59:21.1313400Z SymLink /Users/runner/Library/Developer/Xcode/DerivedData/BookonDebug-ehazsigvxemoqzdtqumqzfgyfpkz/Build/Intermediates.noindex/ArchiveIntermediates/BookonDebug/BuildProductsPath/Release-iphoneos/LegadoBookSource_LegadoBookSource.bundle ../../IntermediateBuildFilesPath/UninstalledProducts/iphoneos/LegadoBookSource_LegadoBookSource.bundle (in target 'LegadoBookSource_LegadoBookSource' from project 'LegadoBookSource')
2026-10-06T12:59:21.1315060Z     cd /Users/runner/work/bookon/bookon
2026-10-06T12:59:21.1316380Z     /bin/ln -sfh ../../IntermediateBuildFilesPath/UninstalledProducts/iphoneos/LegadoBookSource_LegadoBookSource.bundle /Users/runner/Library/Developer/Xcode/DerivedData/BookonDebug-ehazsigvxemoqzdtqumqzfgyfpkz/Build/Intermediates.noindex/ArchiveIntermediates/BookonDebug/BuildProductsPath/Release-iphoneos/LegadoBookSource_LegadoBookSource.bundle
2026-10-06T12:59:21.1318240Z 
2026-10-06T12:59:21.1323420Z MkDir /Users/runner/Library/Developer/Xcode/DerivedData/BookonDebug-ehazsigvxemoqzdtqumqzfgyfpkz/Build/Intermediates.noindex/ArchiveIntermediates/BookonDebug/IntermediateBuildFilesPath/UninstalledProducts/iphoneos/LegadoBookSource_LegadoBookSource.bundle (in target 'LegadoBookSource_LegadoBookSource' from project 'LegadoBookSource')
2026-10-06T12:59:21.1324780Z     cd /Users/runner/work/bookon/bookon
2026-10-06T12:59:21.1325990Z     /bin/mkdir -p /Users/runner/Library/Developer/Xcode/DerivedData/BookonDebug-ehazsigvxemoqzdtqumqzfgyfpkz/Build/Intermediates.noindex/ArchiveIntermediates/BookonDebug/IntermediateBuildFilesPath/UninstalledProducts/iphoneos/LegadoBookSource_LegadoBookSource.bundle
2026-10-06T12:59:21.1327290Z 
2026-10-06T12:59:21.1328370Z SymLink /Users/runner/Library/Developer/Xcode/DerivedData/BookonDebug-ehazsigvxemoqzdtqumqzfgyfpkz/Build/Intermediates.noindex/ArchiveIntermediates/BookonDebug/BuildProductsPath/Release-iphoneos/LegadoBookSource.o ../../IntermediateBuildFilesPath/UninstalledProducts/iphoneos/LegadoBookSource.o (in target 'LegadoBookSource' from project 'LegadoBookSource')
2026-10-06T12:59:21.1329650Z     cd /Users/runner/work/bookon/bookon
2026-10-06T12:59:21.1330820Z     /bin/ln -sfh ../../IntermediateBuildFilesPath/UninstalledProducts/iphoneos/LegadoBookSource.o /Users/runner/Library/Developer/Xcode/DerivedData/BookonDebug-ehazsigvxemoqzdtqumqzfgyfpkz/Build/Intermediates.noindex/ArchiveIntermediates/BookonDebug/BuildProductsPath/Release-iphoneos/LegadoBookSource.o
2026-10-06T12:59:21.1331830Z 
2026-10-06T12:59:21.1332880Z SymLink /Users/runner/Library/Developer/Xcode/DerivedData/BookonDebug-ehazsigvxemoqzdtqumqzfgyfpkz/Build/Intermediates.noindex/ArchiveIntermediates/BookonDebug/BuildProductsPath/Release-iphoneos/BookonDebugKit.o ../../IntermediateBuildFilesPath/UninstalledProducts/iphoneos/BookonDebugKit.o (in target 'BookonDebugKit' from project 'LegadoBookSource')
2026-10-06T12:59:21.1334120Z     cd /Users/runner/work/bookon/bookon
2026-10-06T12:59:21.1335260Z     /bin/ln -sfh ../../IntermediateBuildFilesPath/UninstalledProducts/iphoneos/BookonDebugKit.o /Users/runner/Library/Developer/Xcode/DerivedData/BookonDebug-ehazsigvxemoqzdtqumqzfgyfpkz/Build/Intermediates.noindex/ArchiveIntermediates/BookonDebug/BuildProductsPath/Release-iphoneos/BookonDebugKit.o
2026-10-06T12:59:21.1336530Z 
2026-10-06T12:59:21.1339840Z SymLink /Users/runner/Library/Developer/Xcode/DerivedData/BookonDebug-ehazsigvxemoqzdtqumqzfgyfpkz/Build/Intermediates.noindex/ArchiveIntermediates/BookonDebug/BuildProductsPath/Release-iphoneos/BookonDebug.app ../../InstallationBuildProductsLocation/Applications/BookonDebug.app (in target 'BookonDebug' from project 'BookonDebug')
2026-10-06T12:59:21.1343960Z     cd /Users/runner/work/bookon/bookon
2026-10-06T12:59:21.1344970Z     /bin/ln -sfh ../../InstallationBuildProductsLocation/Applications/BookonDebug.app /Users/runner/Library/Developer/Xcode/DerivedData/BookonDebug-ehazsigvxemoqzdtqumqzfgyfpkz/Build/Intermediates.noindex/ArchiveIntermediates/BookonDebug/BuildProductsPath/Release-iphoneos/BookonDebug.app
2026-10-06T12:59:21.1349330Z 
2026-10-06T12:59:21.1362410Z MkDir /Users/runner/Library/Developer/Xcode/DerivedData/BookonDebug-ehazsigvxemoqzdtqumqzfgyfpkz/Build/Intermediates.noindex/ArchiveIntermediates/BookonDebug/InstallationBuildProductsLocation/Applications/BookonDebug.app (in target 'BookonDebug' from project 'BookonDebug')
2026-10-06T12:59:21.1364730Z     cd /Users/runner/work/bookon/bookon
2026-10-06T12:59:21.1366740Z     /bin/mkdir -p /Users/runner/Library/Developer/Xcode/DerivedData/BookonDebug-ehazsigvxemoqzdtqumqzfgyfpkz/Build/Intermediates.noindex/ArchiveIntermediates/BookonDebug/InstallationBuildProductsLocation/Applications/BookonDebug.app
2026-10-06T12:59:21.1368060Z 
2026-10-06T12:59:21.1369750Z WriteAuxiliaryFile /Users/runner/Library/Developer/Xcode/DerivedData/BookonDebug-ehazsigvxemoqzdtqumqzfgyfpkz/Build/Intermediates.noindex/ArchiveIntermediates/BookonDebug/IntermediateBuildFilesPath/SwiftSoup.build/Release-iphoneos/SwiftSoup.build/SwiftSoup.modulemap (in target 'SwiftSoup' from project 'SwiftSoup')
2026-10-06T12:59:21.1371970Z     cd /Users/runner/Library/Developer/Xcode/DerivedData/BookonDebug-ehazsigvxemoqzdtqumqzfgyfpkz/SourcePackages/checkouts/SwiftSoup
2026-10-06T12:59:21.1375090Z     write-file /Users/runner/Library/Developer/Xcode/DerivedData/BookonDebug-ehazsigvxemoqzdtqumqzfgyfpkz/Build/Intermediates.noindex/ArchiveIntermediates/BookonDebug/IntermediateBuildFilesPath/SwiftSoup.build/Release-iphoneos/SwiftSoup.build/SwiftSoup.modulemap
2026-10-06T12:59:21.1376630Z 
2026-10-06T12:59:21.1380430Z Copy /Users/runner/Library/Developer/Xcode/DerivedData/BookonDebug-ehazsigvxemoqzdtqumqzfgyfpkz/Build/Intermediates.noindex/ArchiveIntermediates/BookonDebug/IntermediateBuildFilesPath/GeneratedModuleMaps-iphoneos/SwiftSoup.modulemap /Users/runner/Library/Developer/Xcode/DerivedData/BookonDebug-ehazsigvxemoqzdtqumqzfgyfpkz/Build/Intermediates.noindex/ArchiveIntermediates/BookonDebug/IntermediateBuildFilesPath/SwiftSoup.build/Release-iphoneos/SwiftSoup.build/SwiftSoup.modulemap (in target 'SwiftSoup' from project 'SwiftSoup')
2026-10-06T12:59:21.1382790Z     cd /Users/runner/Library/Developer/Xcode/DerivedData/BookonDebug-ehazsigvxemoqzdtqumqzfgyfpkz/SourcePackages/checkouts/SwiftSoup
2026-10-06T12:59:21.1387550Z     builtin-copy -exclude .DS_Store -exclude CVS -exclude .svn -exclude .git -exclude .hg -strip-unsigned-binaries -strip-deterministic -strip-tool /Applications/Xcode_15.4.app/Contents/Developer/Toolchains/XcodeDefault.xctoolchain/usr/bin/strip -resolve-src-symlinks /Users/runner/Library/Developer/Xcode/DerivedData/BookonDebug-ehazsigvxemoqzdtqumqzfgyfpkz/Build/Intermediates.noindex/ArchiveIntermediates/BookonDebug/IntermediateBuildFilesPath/SwiftSoup.build/Release-iphoneos/SwiftSoup.build/SwiftSoup.modulemap /Users/runner/Library/Developer/Xcode/DerivedData/BookonDebug-ehazsigvxemoqzdtqumqzfgyfpkz/Build/Intermediates.noindex/ArchiveIntermediates/BookonDebug/IntermediateBuildFilesPath/GeneratedModuleMaps-iphoneos
2026-10-06T12:59:21.1390550Z 
2026-10-06T12:59:21.1392040Z WriteAuxiliaryFile /Users/runner/Library/Developer/Xcode/DerivedData/BookonDebug-ehazsigvxemoqzdtqumqzfgyfpkz/Build/Intermediates.noindex/ArchiveIntermediates/BookonDebug/IntermediateBuildFilesPath/LegadoBookSource.build/Release-iphoneos/LegadoBookSource_LegadoBookSource.build/empty-LegadoBookSource_LegadoBookSource.plist (in target 'LegadoBookSource_LegadoBookSource' from project 'LegadoBookSource')
2026-10-06T12:59:21.1393880Z     cd /Users/runner/work/bookon/bookon
2026-10-06T12:59:21.1395810Z     write-file /Users/runner/Library/Developer/Xcode/DerivedData/BookonDebug-ehazsigvxemoqzdtqumqzfgyfpkz/Build/Intermediates.noindex/ArchiveIntermediates/BookonDebug/IntermediateBuildFilesPath/LegadoBookSource.build/Release-iphoneos/LegadoBookSource_LegadoBookSource.build/empty-LegadoBookSource_LegadoBookSource.plist
2026-10-06T12:59:21.1397910Z 
2026-10-06T12:59:21.1400010Z CpResource /Users/runner/Library/Developer/Xcode/DerivedData/BookonDebug-ehazsigvxemoqzdtqumqzfgyfpkz/Build/Intermediates.noindex/ArchiveIntermediates/BookonDebug/IntermediateBuildFilesPath/UninstalledProducts/iphoneos/LegadoBookSource_LegadoBookSource.bundle/t2s_exclude.txt /Users/runner/work/bookon/bookon/Sources/LegadoBookSource/Resources/Chinese/t2s_exclude.txt (in target 'LegadoBookSource_LegadoBookSource' from project 'LegadoBookSource')
2026-10-06T12:59:21.1402260Z     cd /Users/runner/work/bookon/bookon
2026-10-06T12:59:21.1405040Z     builtin-copy -exclude .DS_Store -exclude CVS -exclude .svn -exclude .git -exclude .hg -strip-unsigned-binaries -strip-deterministic -strip-tool /Applications/Xcode_15.4.app/Contents/Developer/Toolchains/XcodeDefault.xctoolchain/usr/bin/strip -resolve-src-symlinks /Users/runner/work/bookon/bookon/Sources/LegadoBookSource/Resources/Chinese/t2s_exclude.txt /Users/runner/Library/Developer/Xcode/DerivedData/BookonDebug-ehazsigvxemoqzdtqumqzfgyfpkz/Build/Intermediates.noindex/ArchiveIntermediates/BookonDebug/IntermediateBuildFilesPath/UninstalledProducts/iphoneos/LegadoBookSource_LegadoBookSource.bundle
2026-10-06T12:59:21.1407150Z 
2026-10-06T12:59:21.1408910Z CpResource /Users/runner/Library/Developer/Xcode/DerivedData/BookonDebug-ehazsigvxemoqzdtqumqzfgyfpkz/Build/Intermediates.noindex/ArchiveIntermediates/BookonDebug/IntermediateBuildFilesPath/UninstalledProducts/iphoneos/LegadoBookSource_LegadoBookSource.bundle/t2s.txt /Users/runner/work/bookon/bookon/Sources/LegadoBookSource/Resources/Chinese/t2s.txt (in target 'LegadoBookSource_LegadoBookSource' from project 'LegadoBookSource')
2026-10-06T12:59:21.1410730Z     cd /Users/runner/work/bookon/bookon
2026-10-06T12:59:21.1416320Z     builtin-copy -exclude .DS_Store -exclude CVS -exclude .svn -exclude .git -exclude .hg -strip-unsigned-binaries -strip-deterministic -strip-tool /Applications/Xcode_15.4.app/Contents/Developer/Toolchains/XcodeDefault.xctoolchain/usr/bin/strip -resolve-src-symlinks /Users/runner/work/bookon/bookon/Sources/LegadoBookSource/Resources/Chinese/t2s.txt /Users/runner/Library/Developer/Xcode/DerivedData/BookonDebug-ehazsigvxemoqzdtqumqzfgyfpkz/Build/Intermediates.noindex/ArchiveIntermediates/BookonDebug/IntermediateBuildFilesPath/UninstalledProducts/iphoneos/LegadoBookSource_LegadoBookSource.bundle
2026-10-06T12:59:21.1427780Z 
2026-10-06T12:59:21.1431020Z ProcessInfoPlistFile /Users/runner/Library/Developer/Xcode/DerivedData/BookonDebug-ehazsigvxemoqzdtqumqzfgyfpkz/Build/Intermediates.noindex/ArchiveIntermediates/BookonDebug/IntermediateBuildFilesPath/UninstalledProducts/iphoneos/LegadoBookSource_LegadoBookSource.bundle/Info.plist /Users/runner/Library/Developer/Xcode/DerivedData/BookonDebug-ehazsigvxemoqzdtqumqzfgyfpkz/Build/Intermediates.noindex/ArchiveIntermediates/BookonDebug/IntermediateBuildFilesPath/LegadoBookSource.build/Release-iphoneos/LegadoBookSource_LegadoBookSource.build/empty-LegadoBookSource_LegadoBookSource.plist (in target 'LegadoBookSource_LegadoBookSource' from project 'LegadoBookSource')
2026-10-06T12:59:21.1434240Z     cd /Users/runner/work/bookon/bookon
2026-10-06T12:59:21.1437000Z     builtin-infoPlistUtility /Users/runner/Library/Developer/Xcode/DerivedData/BookonDebug-ehazsigvxemoqzdtqumqzfgyfpkz/Build/Intermediates.noindex/ArchiveIntermediates/BookonDebug/IntermediateBuildFilesPath/LegadoBookSource.build/Release-iphoneos/LegadoBookSource_LegadoBookSource.build/empty-LegadoBookSource_LegadoBookSource.plist -producttype com.apple.product-type.bundle -expandbuildsettings -format binary -platform iphoneos -requiredArchitecture arm64 -o /Users/runner/Library/Developer/Xcode/DerivedData/BookonDebug-ehazsigvxemoqzdtqumqzfgyfpkz/Build/Intermediates.noindex/ArchiveIntermediates/BookonDebug/IntermediateBuildFilesPath/UninstalledProducts/iphoneos/LegadoBookSource_LegadoBookSource.bundle/Info.plist
2026-10-06T12:59:21.1440180Z 
2026-10-06T12:59:21.1441570Z CpResource /Users/runner/Library/Developer/Xcode/DerivedData/BookonDebug-ehazsigvxemoqzdtqumqzfgyfpkz/Build/Intermediates.noindex/ArchiveIntermediates/BookonDebug/IntermediateBuildFilesPath/UninstalledProducts/iphoneos/LegadoBookSource_LegadoBookSource.bundle/s2t.txt /Users/runner/work/bookon/bookon/Sources/LegadoBookSource/Resources/Chinese/s2t.txt (in target 'LegadoBookSource_LegadoBookSource' from project 'LegadoBookSource')
2026-10-06T12:59:21.1443160Z     cd /Users/runner/work/bookon/bookon
2026-10-06T12:59:21.1446320Z     builtin-copy -exclude .DS_Store -exclude CVS -exclude .svn -exclude .git -exclude .hg -strip-unsigned-binaries -strip-deterministic -strip-tool /Applications/Xcode_15.4.app/Contents/Developer/Toolchains/XcodeDefault.xctoolchain/usr/bin/strip -resolve-src-symlinks /Users/runner/work/bookon/bookon/Sources/LegadoBookSource/Resources/Chinese/s2t.txt /Users/runner/Library/Developer/Xcode/DerivedData/BookonDebug-ehazsigvxemoqzdtqumqzfgyfpkz/Build/Intermediates.noindex/ArchiveIntermediates/BookonDebug/IntermediateBuildFilesPath/UninstalledProducts/iphoneos/LegadoBookSource_LegadoBookSource.bundle
2026-10-06T12:59:21.1449300Z 
2026-10-06T12:59:21.1450740Z CpResource /Users/runner/Library/Developer/Xcode/DerivedData/BookonDebug-ehazsigvxemoqzdtqumqzfgyfpkz/Build/Intermediates.noindex/ArchiveIntermediates/BookonDebug/IntermediateBuildFilesPath/UninstalledProducts/iphoneos/LegadoBookSource_LegadoBookSource.bundle/PROVENANCE.md /Users/runner/work/bookon/bookon/Sources/LegadoBookSource/Resources/Chinese/PROVENANCE.md (in target 'LegadoBookSource_LegadoBookSource' from project 'LegadoBookSource')
2026-10-06T12:59:21.1452440Z     cd /Users/runner/work/bookon/bookon
2026-10-06T12:59:21.1454400Z     builtin-copy -exclude .DS_Store -exclude CVS -exclude .svn -exclude .git -exclude .hg -strip-unsigned-binaries -strip-deterministic -strip-tool /Applications/Xcode_15.4.app/Contents/Developer/Toolchains/XcodeDefault.xctoolchain/usr/bin/strip -resolve-src-symlinks /Users/runner/work/bookon/bookon/Sources/LegadoBookSource/Resources/Chinese/PROVENANCE.md /Users/runner/Library/Developer/Xcode/DerivedData/BookonDebug-ehazsigvxemoqzdtqumqzfgyfpkz/Build/Intermediates.noindex/ArchiveIntermediates/BookonDebug/IntermediateBuildFilesPath/UninstalledProducts/iphoneos/LegadoBookSource_LegadoBookSource.bundle
2026-10-06T12:59:21.1456290Z 
2026-10-06T12:59:21.1457330Z WriteAuxiliaryFile /Users/runner/Library/Developer/Xcode/DerivedData/BookonDebug-ehazsigvxemoqzdtqumqzfgyfpkz/Build/Intermediates.noindex/ArchiveIntermediates/BookonDebug/IntermediateBuildFilesPath/SwiftSoup.build/Release-iphoneos/SwiftSoup.build/Objects-normal/arm64/SwiftSoup.LinkFileList (in target 'SwiftSoup' from project 'SwiftSoup')
2026-10-06T12:59:21.1459620Z     cd /Users/runner/Library/Developer/Xcode/DerivedData/BookonDebug-ehazsigvxemoqzdtqumqzfgyfpkz/SourcePackages/checkouts/SwiftSoup
2026-10-06T12:59:21.1460980Z     write-file /Users/runner/Library/Developer/Xcode/DerivedData/BookonDebug-ehazsigvxemoqzdtqumqzfgyfpkz/Build/Intermediates.noindex/ArchiveIntermediates/BookonDebug/IntermediateBuildFilesPath/SwiftSoup.build/Release-iphoneos/SwiftSoup.build/Objects-normal/arm64/SwiftSoup.LinkFileList
2026-10-06T12:59:21.1461980Z 
2026-10-06T12:59:21.1463040Z WriteAuxiliaryFile /Users/runner/Library/Developer/Xcode/DerivedData/BookonDebug-ehazsigvxemoqzdtqumqzfgyfpkz/Build/Intermediates.noindex/ArchiveIntermediates/BookonDebug/IntermediateBuildFilesPath/SwiftSoup.build/Release-iphoneos/SwiftSoup.build/Objects-normal/arm64/SwiftSoup_const_extract_protocols.json (in target 'SwiftSoup' from project 'SwiftSoup')
2026-10-06T12:59:21.1464660Z     cd /Users/runner/Library/Developer/Xcode/DerivedData/BookonDebug-ehazsigvxemoqzdtqumqzfgyfpkz/SourcePackages/checkouts/SwiftSoup
2026-10-06T12:59:21.1466500Z     write-file /Users/runner/Library/Developer/Xcode/DerivedData/BookonDebug-ehazsigvxemoqzdtqumqzfgyfpkz/Build/Intermediates.noindex/ArchiveIntermediates/BookonDebug/IntermediateBuildFilesPath/SwiftSoup.build/Release-iphoneos/SwiftSoup.build/Objects-normal/arm64/SwiftSoup_const_extract_protocols.json
2026-10-06T12:59:21.1468030Z 
2026-10-06T12:59:21.1469110Z WriteAuxiliaryFile /Users/runner/Library/Developer/Xcode/DerivedData/BookonDebug-ehazsigvxemoqzdtqumqzfgyfpkz/Build/Intermediates.noindex/ArchiveIntermediates/BookonDebug/IntermediateBuildFilesPath/SwiftSoup.build/Release-iphoneos/SwiftSoup.build/Objects-normal/arm64/SwiftSoup.SwiftFileList (in target 'SwiftSoup' from project 'SwiftSoup')
2026-10-06T12:59:21.1470960Z     cd /Users/runner/Library/Developer/Xcode/DerivedData/BookonDebug-ehazsigvxemoqzdtqumqzfgyfpkz/SourcePackages/checkouts/SwiftSoup
2026-10-06T12:59:21.1473810Z     write-file /Users/runner/Library/Developer/Xcode/DerivedData/BookonDebug-ehazsigvxemoqzdtqumqzfgyfpkz/Build/Intermediates.noindex/ArchiveIntermediates/BookonDebug/IntermediateBuildFilesPath/SwiftSoup.build/Release-iphoneos/SwiftSoup.build/Objects-normal/arm64/SwiftSoup.SwiftFileList
2026-10-06T12:59:21.1475390Z 
2026-10-06T12:59:21.1476930Z WriteAuxiliaryFile /Users/runner/Library/Developer/Xcode/DerivedData/BookonDebug-ehazsigvxemoqzdtqumqzfgyfpkz/Build/Intermediates.noindex/ArchiveIntermediates/BookonDebug/IntermediateBuildFilesPath/SwiftSoup.build/Release-iphoneos/SwiftSoup.build/Objects-normal/arm64/SwiftSoup-OutputFileMap.json (in target 'SwiftSoup' from project 'SwiftSoup')
2026-10-06T12:59:21.1479280Z     cd /Users/runner/Library/Developer/Xcode/DerivedData/BookonDebug-ehazsigvxemoqzdtqumqzfgyfpkz/SourcePackages/checkouts/SwiftSoup
2026-10-06T12:59:21.1481000Z     write-file /Users/runner/Library/Developer/Xcode/DerivedData/BookonDebug-ehazsigvxemoqzdtqumqzfgyfpkz/Build/Intermediates.noindex/ArchiveIntermediates/BookonDebug/IntermediateBuildFilesPath/SwiftSoup.build/Release-iphoneos/SwiftSoup.build/Objects-normal/arm64/SwiftSoup-OutputFileMap.json
2026-10-06T12:59:21.1482190Z 
2026-10-06T12:59:21.1483430Z SetOwnerAndGroup runner:staff /Users/runner/Library/Developer/Xcode/DerivedData/BookonDebug-ehazsigvxemoqzdtqumqzfgyfpkz/Build/Intermediates.noindex/ArchiveIntermediates/BookonDebug/IntermediateBuildFilesPath/UninstalledProducts/iphoneos/LegadoBookSource_LegadoBookSource.bundle (in target 'LegadoBookSource_LegadoBookSource' from project 'LegadoBookSource')
2026-10-06T12:59:21.1485760Z     cd /Users/runner/work/bookon/bookon
2026-10-06T12:59:21.1486970Z     /usr/sbin/chown -RH runner:staff /Users/runner/Library/Developer/Xcode/DerivedData/BookonDebug-ehazsigvxemoqzdtqumqzfgyfpkz/Build/Intermediates.noindex/ArchiveIntermediates/BookonDebug/IntermediateBuildFilesPath/UninstalledProducts/iphoneos/LegadoBookSource_LegadoBookSource.bundle
2026-10-06T12:59:21.1487920Z 
2026-10-06T12:59:21.1488990Z SetMode u+w,go-w,a+rX /Users/runner/Library/Developer/Xcode/DerivedData/BookonDebug-ehazsigvxemoqzdtqumqzfgyfpkz/Build/Intermediates.noindex/ArchiveIntermediates/BookonDebug/IntermediateBuildFilesPath/UninstalledProducts/iphoneos/LegadoBookSource_LegadoBookSource.bundle (in target 'LegadoBookSource_LegadoBookSource' from project 'LegadoBookSource')
2026-10-06T12:59:21.1490200Z     cd /Users/runner/work/bookon/bookon
2026-10-06T12:59:21.1491280Z     /bin/chmod -RH u+w,go-w,a+rX /Users/runner/Library/Developer/Xcode/DerivedData/BookonDebug-ehazsigvxemoqzdtqumqzfgyfpkz/Build/Intermediates.noindex/ArchiveIntermediates/BookonDebug/IntermediateBuildFilesPath/UninstalledProducts/iphoneos/LegadoBookSource_LegadoBookSource.bundle
2026-10-06T12:59:21.1492180Z 
2026-10-06T12:59:21.1493280Z RegisterExecutionPolicyException /Users/runner/Library/Developer/Xcode/DerivedData/BookonDebug-ehazsigvxemoqzdtqumqzfgyfpkz/Build/Intermediates.noindex/ArchiveIntermediates/BookonDebug/IntermediateBuildFilesPath/UninstalledProducts/iphoneos/LegadoBookSource_LegadoBookSource.bundle (in target 'LegadoBookSource_LegadoBookSource' from project 'LegadoBookSource')
2026-10-06T12:59:21.1494810Z     cd /Users/runner/work/bookon/bookon
2026-10-06T12:59:21.1496690Z     builtin-RegisterExecutionPolicyException /Users/runner/Library/Developer/Xcode/DerivedData/BookonDebug-ehazsigvxemoqzdtqumqzfgyfpkz/Build/Intermediates.noindex/ArchiveIntermediates/BookonDebug/IntermediateBuildFilesPath/UninstalledProducts/iphoneos/LegadoBookSource_LegadoBookSource.bundle
2026-10-06T12:59:21.1498150Z 
2026-10-06T12:59:21.1499180Z Touch /Users/runner/Library/Developer/Xcode/DerivedData/BookonDebug-ehazsigvxemoqzdtqumqzfgyfpkz/Build/Intermediates.noindex/ArchiveIntermediates/BookonDebug/IntermediateBuildFilesPath/UninstalledProducts/iphoneos/LegadoBookSource_LegadoBookSource.bundle (in target 'LegadoBookSource_LegadoBookSource' from project 'LegadoBookSource')
2026-10-06T12:59:21.1504170Z     cd /Users/runner/work/bookon/bookon
2026-10-06T12:59:21.1505590Z     /usr/bin/touch -c /Users/runner/Library/Developer/Xcode/DerivedData/BookonDebug-ehazsigvxemoqzdtqumqzfgyfpkz/Build/Intermediates.noindex/ArchiveIntermediates/BookonDebug/IntermediateBuildFilesPath/UninstalledProducts/iphoneos/LegadoBookSource_LegadoBookSource.bundle
2026-10-06T12:59:21.1507600Z 
2026-10-06T12:59:21.1508010Z SwiftDriver SwiftSoup normal arm64 com.apple.xcode.tools.swift.compiler (in target 'SwiftSoup' from project 'SwiftSoup')
2026-10-06T12:59:21.1510400Z     cd /Users/runner/Library/Developer/Xcode/DerivedData/BookonDebug-ehazsigvxemoqzdtqumqzfgyfpkz/SourcePackages/checkouts/SwiftSoup
2026-10-06T12:59:21.1537690Z     builtin-SwiftDriver -- /Applications/Xcode_15.4.app/Contents/Developer/Toolchains/XcodeDefault.xctoolchain/usr/bin/swiftc -module-name SwiftSoup -O -whole-module-optimization -enforce-exclusivity\=checked @/Users/runner/Library/Developer/Xcode/DerivedData/BookonDebug-ehazsigvxemoqzdtqumqzfgyfpkz/Build/Intermediates.noindex/ArchiveIntermediates/BookonDebug/IntermediateBuildFilesPath/SwiftSoup.build/Release-iphoneos/SwiftSoup.build/Objects-normal/arm64/SwiftSoup.SwiftFileList -DSWIFT_PACKAGE -DXcode -sdk /Applications/Xcode_15.4.app/Contents/Developer/Platforms/iPhoneOS.platform/Developer/SDKs/iPhoneOS17.5.sdk -target arm64-apple-ios13.0 -g -module-cache-path /Users/runner/Library/Developer/Xcode/DerivedData/ModuleCache.noindex -Xfrontend -serialize-debugging-options -suppress-warnings -swift-version 5 -I /Users/runner/Library/Developer/Xcode/DerivedData/BookonDebug-ehazsigvxemoqzdtqumqzfgyfpkz/Build/Intermediates.noindex/ArchiveIntermediates/BookonDebug/BuildProductsPath/Release-iphoneos -I /Applications/Xcode_15.4.app/Contents/Developer/Platforms/iPhoneOS.platform/Developer/usr/lib -F /Users/runner/Library/Developer/Xcode/DerivedData/BookonDebug-ehazsigvxemoqzdtqumqzfgyfpkz/Build/Intermediates.noindex/ArchiveIntermediates/BookonDebug/BuildProductsPath/Release-iphoneos -F /Applications/Xcode_15.4.app/Contents/Developer/Platforms/iPhoneOS.platform/Developer/Library/Frameworks -F /Applications/Xcode_15.4.app/Contents/Developer/Platforms/iPhoneOS.platform/Developer/SDKs/iPhoneOS17.5.sdk/Developer/Library/Frameworks -c -num-threads 3 -Xcc -ivfsstatcache -Xcc /Users/runner/Library/Developer/Xcode/DerivedData/SDKStatCaches.noindex/iphoneos17.5-21F77-f0fa7969d082b13145125136a829df3a.sdkstatcache -output-file-map /Users/runner/Library/Developer/Xcode/DerivedData/BookonDebug-ehazsigvxemoqzdtqumqzfgyfpkz/Build/Intermediates.noindex/ArchiveIntermediates/BookonDebug/IntermediateBuildFilesPath/SwiftSoup.build/Release-iphoneos/SwiftSoup.build/Objects-normal/arm64/SwiftSoup-OutputFileMap.json -use-frontend-parseable-output -save-temps -no-color-diagnostics -serialize-diagnostics -emit-dependencies -emit-module -emit-module-path /Users/runner/Library/Developer/Xcode/DerivedData/BookonDebug-ehazsigvxemoqzdtqumqzfgyfpkz/Build/Intermediates.noindex/ArchiveIntermediates/BookonDebug/IntermediateBuildFilesPath/SwiftSoup.build/Release-iphoneos/SwiftSoup.build/Objects-normal/arm64/SwiftSoup.swiftmodule -validate-clang-modules-once -clang-build-session-file /Users/runner/Library/Developer/Xcode/DerivedData/ModuleCache.noindex/Session.modulevalidation -Xfrontend -package-name -Xfrontend swiftsoup -Xcc -I/Users/runner/Library/Developer/Xcode/DerivedData/BookonDebug-ehazsigvxemoqzdtqumqzfgyfpkz/Build/Intermediates.noindex/ArchiveIntermediates/BookonDebug/IntermediateBuildFilesPath/SwiftSoup.build/Release-iphoneos/SwiftSoup.build/swift-overrides.hmap -emit-const-values -Xfrontend -const-gather-protocols-file -Xfrontend /Users/runner/Library/Developer/Xcode/DerivedData/BookonDebug-ehazsigvxemoqzdtqumqzfgyfpkz/Build/Intermediates.noindex/ArchiveIntermediates/BookonDebug/IntermediateBuildFilesPath/SwiftSoup.build/Release-iphoneos/SwiftSoup.build/Objects-normal/arm64/SwiftSoup_const_extract_protocols.json -Xcc -I/Users/runner/Library/Developer/Xcode/DerivedData/BookonDebug-ehazsigvxemoqzdtqumqzfgyfpkz/Build/Intermediates.noindex/ArchiveIntermediates/BookonDebug/BuildProductsPath/Release-iphoneos/include -Xcc -I/Users/runner/Library/Developer/Xcode/DerivedData/BookonDebug-ehazsigvxemoqzdtqumqzfgyfpkz/Build/Intermediates.noindex/ArchiveIntermediates/BookonDebug/IntermediateBuildFilesPath/SwiftSoup.build/Release-iphoneos/SwiftSoup.build/DerivedSources-normal/arm64 -Xcc -I/Users/runner/Library/Developer/Xcode/DerivedData/BookonDebug-ehazsigvxemoqzdtqumqzfgyfpkz/Build/Intermediates.noindex/ArchiveIntermediates/BookonDebug/IntermediateBuildFilesPath/SwiftSoup.build/Release-iphoneos/SwiftSoup.build/DerivedSources/arm64 -Xcc -I/Users/runner/Library/Developer/Xcode/DerivedData/BookonDebug-ehazsigvxemoqzdtqumqzfgyfpkz/Build/Intermediates.noindex/ArchiveIntermediates/BookonDebug/IntermediateBuildFilesPath/SwiftSoup.build/Release-iphoneos/SwiftSoup.build/DerivedSources -Xcc -DSWIFT_PACKAGE -emit-objc-header -emit-objc-header-path /Users/runner/Library/Developer/Xcode/DerivedData/BookonDebug-ehazsigvxemoqzdtqumqzfgyfpkz/Build/Intermediates.noindex/ArchiveIntermediates/BookonDebug/IntermediateBuildFilesPath/SwiftSoup.build/Release-iphoneos/SwiftSoup.build/Objects-normal/arm64/SwiftSoup-Swift.h -working-directory /Users/runner/Library/Developer/Xcode/DerivedData/BookonDebug-ehazsigvxemoqzdtqumqzfgyfpkz/SourcePackages/checkouts/SwiftSoup -no-emit-module-separately-wmo
2026-10-06T12:59:21.2301450Z 
2026-10-06T12:59:21.2365970Z SwiftDriver\ Compilation SwiftSoup normal arm64 com.apple.xcode.tools.swift.compiler (in target 'SwiftSoup' from project 'SwiftSoup')
2026-10-06T12:59:21.2373060Z     cd /Users/runner/Library/Developer/Xcode/DerivedData/BookonDebug-ehazsigvxemoqzdtqumqzfgyfpkz/SourcePackages/checkouts/SwiftSoup
2026-10-06T12:59:21.2394170Z     builtin-Swift-Compilation -- /Applications/Xcode_15.4.app/Contents/Developer/Toolchains/XcodeDefault.xctoolchain/usr/bin/swiftc -module-name SwiftSoup -O -whole-module-optimization -enforce-exclusivity\=checked @/Users/runner/Library/Developer/Xcode/DerivedData/BookonDebug-ehazsigvxemoqzdtqumqzfgyfpkz/Build/Intermediates.noindex/ArchiveIntermediates/BookonDebug/IntermediateBuildFilesPath/SwiftSoup.build/Release-iphoneos/SwiftSoup.build/Objects-normal/arm64/SwiftSoup.SwiftFileList -DSWIFT_PACKAGE -DXcode -sdk /Applications/Xcode_15.4.app/Contents/Developer/Platforms/iPhoneOS.platform/Developer/SDKs/iPhoneOS17.5.sdk -target arm64-apple-ios13.0 -g -module-cache-path /Users/runner/Library/Developer/Xcode/DerivedData/ModuleCache.noindex -Xfrontend -serialize-debugging-options -suppress-warnings -swift-version 5 -I /Users/runner/Library/Developer/Xcode/DerivedData/BookonDebug-ehazsigvxemoqzdtqumqzfgyfpkz/Build/Intermediates.noindex/ArchiveIntermediates/BookonDebug/BuildProductsPath/Release-iphoneos -I /Applications/Xcode_15.4.app/Contents/Developer/Platforms/iPhoneOS.platform/Developer/usr/lib -F /Users/runner/Library/Developer/Xcode/DerivedData/BookonDebug-ehazsigvxemoqzdtqumqzfgyfpkz/Build/Intermediates.noindex/ArchiveIntermediates/BookonDebug/BuildProductsPath/Release-iphoneos -F /Applications/Xcode_15.4.app/Contents/Developer/Platforms/iPhoneOS.platform/Developer/Library/Frameworks -F /Applications/Xcode_15.4.app/Contents/Developer/Platforms/iPhoneOS.platform/Developer/SDKs/iPhoneOS17.5.sdk/Developer/Library/Frameworks -c -num-threads 3 -Xcc -ivfsstatcache -Xcc /Users/runner/Library/Developer/Xcode/DerivedData/SDKStatCaches.noindex/iphoneos17.5-21F77-f0fa7969d082b13145125136a829df3a.sdkstatcache -output-file-map /Users/runner/Library/Developer/Xcode/DerivedData/BookonDebug-ehazsigvxemoqzdtqumqzfgyfpkz/Build/Intermediates.noindex/ArchiveIntermediates/BookonDebug/IntermediateBuildFilesPath/SwiftSoup.build/Release-iphoneos/SwiftSoup.build/Objects-normal/arm64/SwiftSoup-OutputFileMap.json -use-frontend-parseable-output -save-temps -no-color-diagnostics -serialize-diagnostics -emit-dependencies -emit-module -emit-module-path /Users/runner/Library/Developer/Xcode/DerivedData/BookonDebug-ehazsigvxemoqzdtqumqzfgyfpkz/Build/Intermediates.noindex/ArchiveIntermediates/BookonDebug/IntermediateBuildFilesPath/SwiftSoup.build/Release-iphoneos/SwiftSoup.build/Objects-normal/arm64/SwiftSoup.swiftmodule -validate-clang-modules-once -clang-build-session-file /Users/runner/Library/Developer/Xcode/DerivedData/ModuleCache.noindex/Session.modulevalidation -Xfrontend -package-name -Xfrontend swiftsoup -Xcc -I/Users/runner/Library/Developer/Xcode/DerivedData/BookonDebug-ehazsigvxemoqzdtqumqzfgyfpkz/Build/Intermediates.noindex/ArchiveIntermediates/BookonDebug/IntermediateBuildFilesPath/SwiftSoup.build/Release-iphoneos/SwiftSoup.build/swift-overrides.hmap -emit-const-values -Xfrontend -const-gather-protocols-file -Xfrontend /Users/runner/Library/Developer/Xcode/DerivedData/BookonDebug-ehazsigvxemoqzdtqumqzfgyfpkz/Build/Intermediates.noindex/ArchiveIntermediates/BookonDebug/IntermediateBuildFilesPath/SwiftSoup.build/Release-iphoneos/SwiftSoup.build/Objects-normal/arm64/SwiftSoup_const_extract_protocols.json -Xcc -I/Users/runner/Library/Developer/Xcode/DerivedData/BookonDebug-ehazsigvxemoqzdtqumqzfgyfpkz/Build/Intermediates.noindex/ArchiveIntermediates/BookonDebug/BuildProductsPath/Release-iphoneos/include -Xcc -I/Users/runner/Library/Developer/Xcode/DerivedData/BookonDebug-ehazsigvxemoqzdtqumqzfgyfpkz/Build/Intermediates.noindex/ArchiveIntermediates/BookonDebug/IntermediateBuildFilesPath/SwiftSoup.build/Release-iphoneos/SwiftSoup.build/DerivedSources-normal/arm64 -Xcc -I/Users/runner/Library/Developer/Xcode/DerivedData/BookonDebug-ehazsigvxemoqzdtqumqzfgyfpkz/Build/Intermediates.noindex/ArchiveIntermediates/BookonDebug/IntermediateBuildFilesPath/SwiftSoup.build/Release-iphoneos/SwiftSoup.build/DerivedSources/arm64 -Xcc -I/Users/runner/Library/Developer/Xcode/DerivedData/BookonDebug-ehazsigvxemoqzdtqumqzfgyfpkz/Build/Intermediates.noindex/ArchiveIntermediates/BookonDebug/IntermediateBuildFilesPath/SwiftSoup.build/Release-iphoneos/SwiftSoup.build/DerivedSources -Xcc -DSWIFT_PACKAGE -emit-objc-header -emit-objc-header-path /Users/runner/Library/Developer/Xcode/DerivedData/BookonDebug-ehazsigvxemoqzdtqumqzfgyfpkz/Build/Intermediates.noindex/ArchiveIntermediates/BookonDebug/IntermediateBuildFilesPath/SwiftSoup.build/Release-iphoneos/SwiftSoup.build/Objects-normal/arm64/SwiftSoup-Swift.h -working-directory /Users/runner/Library/Developer/Xcode/DerivedData/BookonDebug-ehazsigvxemoqzdtqumqzfgyfpkz/SourcePackages/checkouts/SwiftSoup -no-emit-module-separately-wmo
2026-10-06T12:59:21.2439840Z 
2026-10-06T12:59:21.2512880Z SwiftCompile normal arm64 Compiling\ ArrayExt.swift,\ Attribute.swift,\ Attributes.swift,\ BinarySearch.swift,\ BooleanAttribute.swift,\ CharacterExt.swift,\ CharacterReader.swift,\ Cleaner.swift,\ Collector.swift,\ CombiningEvaluator.swift,\ Comment.swift,\ Connection.swift,\ CssSelector.swift,\ DataNode.swift,\ DataUtil.swift,\ Document.swift,\ DocumentType.swift,\ Element.swift,\ Elements.swift,\ Entities.swift,\ Evaluator.swift,\ Exception.swift,\ FormElement.swift,\ HtmlTreeBuilder.swift,\ HtmlTreeBuilderState.swift,\ HttpStatusException.swift,\ Mutex.swift,\ Node.swift,\ NodeTraversor.swift,\ NodeVisitor.swift,\ OrderedSet.swift,\ ParseError.swift,\ ParseErrorList.swift,\ ParseSettings.swift,\ Parser.swift,\ ParsingStrings.swift,\ Pattern.swift,\ QueryParser.swift,\ SerializationException.swift,\ SimpleDictionary.swift,\ StreamReader.swift,\ String.swift,\ StringBuilder.swift,\ StringUtil.swift,\ StructuralEvaluator.swift,\ SwiftSoup.swift,\ Tag.swift,\ TextNode.swift,\ Token.swift,\ TokenQueue.swift,\ Tokeniser.swift,\ TokeniserState.swift,\ TreeBuilder.swift,\ UTF8Arrays.swift,\ UnfairLock.swift,\ UnicodeScalar.swift,\ Validate.swift,\ Whitelist.swift,\ XmlDeclaration.swift,\ XmlTreeBuilder.swift /Users/runner/Library/Developer/Xcode/DerivedData/BookonDebug-ehazsigvxemoqzdtqumqzfgyfpkz/SourcePackages/checkouts/SwiftSoup/Sources/ArrayExt.swift /Users/runner/Library/Developer/Xcode/DerivedData/BookonDebug-ehazsigvxemoqzdtqumqzfgyfpkz/SourcePackages/checkouts/SwiftSoup/Sources/Attribute.swift /Users/runner/Library/Developer/Xcode/DerivedData/BookonDebug-ehazsigvxemoqzdtqumqzfgyfpkz/SourcePackages/checkouts/SwiftSoup/Sources/Attributes.swift /Users/runner/Library/Developer/Xcode/DerivedData/BookonDebug-ehazsigvxemoqzdtqumqzfgyfpkz/SourcePackages/checkouts/SwiftSoup/Sources/BinarySearch.swift /Users/runner/Library/Developer/Xcode/DerivedData/BookonDebug-ehazsigvxemoqzdtqumqzfgyfpkz/SourcePackages/checkouts/SwiftSoup/Sources/BooleanAttribute.swift /Users/runner/Library/Developer/Xcode/DerivedData/BookonDebug-ehazsigvxemoqzdtqumqzfgyfpkz/SourcePackages/checkouts/SwiftSoup/Sources/CharacterExt.swift /Users/runner/Library/Developer/Xcode/DerivedData/BookonDebug-ehazsigvxemoqzdtqumqzfgyfpkz/SourcePackages/checkouts/SwiftSoup/Sources/CharacterReader.swift /Users/runner/Library/Developer/Xcode/DerivedData/BookonDebug-ehazsigvxemoqzdtqumqzfgyfpkz/SourcePackages/checkouts/SwiftSoup/Sources/Cleaner.swift /Users/runner/Library/Developer/Xcode/DerivedData/BookonDebug-ehazsigvxemoqzdtqumqzfgyfpkz/SourcePackages/checkouts/SwiftSoup/Sources/Collector.swift /Users/runner/Library/Developer/Xcode/DerivedData/BookonDebug-ehazsigvxemoqzdtqumqzfgyfpkz/SourcePackages/checkouts/SwiftSoup/Sources/CombiningEvaluator.swift /Users/runner/Library/Developer/Xcode/DerivedData/BookonDebug-ehazsigvxemoqzdtqumqzfgyfpkz/SourcePackages/checkouts/SwiftSoup/Sources/Comment.swift /Users/runner/Library/Developer/Xcode/DerivedData/BookonDebug-ehazsigvxemoqzdtqumqzfgyfpkz/SourcePackages/checkouts/SwiftSoup/Sources/Connection.swift /Users/runner/Library/Developer/Xcode/DerivedData/BookonDebug-ehazsigvxemoqzdtqumqzfgyfpkz/SourcePackages/checkouts/SwiftSoup/Sources/CssSelector.swift /Users/runner/Library/Developer/Xcode/DerivedData/BookonDebug-ehazsigvxemoqzdtqumqzfgyfpkz/SourcePackages/checkouts/SwiftSoup/Sources/DataNode.swift /Users/runner/Library/Developer/Xcode/DerivedData/BookonDebug-ehazsigvxemoqzdtqumqzfgyfpkz/SourcePackages/checkouts/SwiftSoup/Sources/DataUtil.swift /Users/runner/Library/Developer/Xcode/DerivedData/BookonDebug-ehazsigvxemoqzdtqumqzfgyfpkz/SourcePackages/checkouts/SwiftSoup/Sources/Document.swift /Users/runner/Library/Developer/Xcode/DerivedData/BookonDebug-ehazsigvxemoqzdtqumqzfgyfpkz/SourcePackages/checkouts/SwiftSoup/Sources/DocumentType.swift /Users/runner/Library/Developer/Xcode/DerivedData/BookonDebug-ehazsigvxemoqzdtqumqzfgyfpkz/SourcePackages/checkouts/SwiftSoup/Sources/Element.swift /Users/runner/Library/Developer/Xcode/DerivedData/BookonDebug-ehazsigvxemoqzdtqumqzfgyfpkz/SourcePackages/checkouts/SwiftSoup/Sources/Elements.swift /Users/runner/Library/Developer/Xcode/DerivedData/BookonDebug-ehazsigvxemoqzdtqumqzfgyfpkz/SourcePackages/checkouts/SwiftSoup/Sources/Entities.swift /Users/runner/Library/Developer/Xcode/DerivedData/BookonDebug-ehazsigvxemoqzdtqumqzfgyfpkz/SourcePackages/checkouts/SwiftSoup/Sources/Evaluator.swift /Users/runner/Library/Developer/Xcode/DerivedData/BookonDebug-ehazsigvxemoqzdtqumqzfgyfpkz/SourcePackages/checkouts/SwiftSoup/Sources/Exception.swift /Users/runner/Library/Developer/Xcode/DerivedData/BookonDebug-ehazsigvxemoqzdtqumqzfgyfpkz/SourcePackages/checkouts/SwiftSoup/Sources/FormElement.swift /Users/runner/Library/Developer/Xcode/DerivedData/BookonDebug-ehazsigvxemoqzdtqumqzfgyfpkz/SourcePackages/checkouts/SwiftSoup/Sources/HtmlTreeBuilder.swift /Users/runner/Library/Developer/Xcode/DerivedData/BookonDebug-ehazsigvxemoqzdtqumqzfgyfpkz/SourcePackages/checkouts/SwiftSoup/Sources/HtmlTreeBuilderState.swift /Users/runner/Library/Developer/Xcode/DerivedData/BookonDebug-ehazsigvxemoqzdtqumqzfgyfpkz/SourcePackages/checkouts/SwiftSoup/Sources/HttpStatusException.swift /Users/runner/Library/Developer/Xcode/DerivedData/BookonDebug-ehazsigvxemoqzdtqumqzfgyfpkz/SourcePackages/checkouts/SwiftSoup/Sources/Mutex.swift /Users/runner/Library/Developer/Xcode/DerivedData/BookonDebug-ehazsigvxemoqzdtqumqzfgyfpkz/SourcePackages/checkouts/SwiftSoup/Sources/Node.swift /Users/runner/Library/Developer/Xcode/DerivedData/BookonDebug-ehazsigvxemoqzdtqumqzfgyfpkz/SourcePackages/checkouts/SwiftSoup/Sources/NodeTraversor.swift /Users/runner/Library/Developer/Xcode/DerivedData/BookonDebug-ehazsigvxemoqzdtqumqzfgyfpkz/SourcePackages/checkouts/SwiftSoup/Sources/NodeVisitor.swift /Users/runner/Library/Developer/Xcode/DerivedData/BookonDebug-ehazsigvxemoqzdtqumqzfgyfpkz/SourcePackages/checkouts/SwiftSoup/Sources/OrderedSet.swift /Users/runner/Library/Developer/Xcode/DerivedData/BookonDebug-ehazsigvxemoqzdtqumqzfgyfpkz/SourcePackages/checkouts/SwiftSoup/Sources/ParseError.swift /Users/runner/Library/Developer/Xcode/DerivedData/BookonDebug-ehazsigvxemoqzdtqumqzfgyfpkz/SourcePackages/checkouts/SwiftSoup/Sources/ParseErrorList.swift /Users/runner/Library/Developer/Xcode/DerivedData/BookonDebug-ehazsigvxemoqzdtqumqzfgyfpkz/SourcePackages/checkouts/SwiftSoup/Sources/ParseSettings.swift /Users/runner/Library/Developer/Xcode/DerivedData/BookonDebug-ehazsigvxemoqzdtqumqzfgyfpkz/SourcePackages/checkouts/SwiftSoup/Sources/Parser.swift /Users/runner/Library/Developer/Xcode/DerivedData/BookonDebug-ehazsigvxemoqzdtqumqzfgyfpkz/SourcePackages/checkouts/SwiftSoup/Sources/ParsingStrings.swift /Users/runner/Library/Developer/Xcode/DerivedData/BookonDebug-ehazsigvxemoqzdtqumqzfgyfpkz/SourcePackages/checkouts/SwiftSoup/Sources/Pattern.swift /Users/runner/Library/Developer/Xcode/DerivedData/BookonDebug-ehazsigvxemoqzdtqumqzfgyfpkz/SourcePackages/checkouts/SwiftSoup/Sources/QueryParser.swift /Users/runner/Library/Developer/Xcode/DerivedData/BookonDebug-ehazsigvxemoqzdtqumqzfgyfpkz/SourcePackages/checkouts/SwiftSoup/Sources/SerializationException.swift /Users/runner/Library/Developer/Xcode/DerivedData/BookonDebug-ehazsigvxemoqzdtqumqzfgyfpkz/SourcePackages/checkouts/SwiftSoup/Sources/SimpleDictionary.swift /Users/runner/Library/Developer/Xcode/DerivedData/BookonDebug-ehazsigvxemoqzdtqumqzfgyfpkz/SourcePackages/checkouts/SwiftSoup/Sources/StreamReader.swift /Users/runner/Library/Developer/Xcode/DerivedData/BookonDebug-ehazsigvxemoqzdtqumqzfgyfpkz/SourcePackages/checkouts/SwiftSoup/Sources/String.swift /Users/runner/Library/Developer/Xcode/DerivedData/BookonDebug-ehazsigvxemoqzdtqumqzfgyfpkz/SourcePackages/checkouts/SwiftSoup/Sources/StringBuilder.swift /Users/runner/Library/Developer/Xcode/DerivedData/BookonDebug-ehazsigvxemoqzdtqumqzfgyfpkz/SourcePackages/checkouts/SwiftSoup/Sources/StringUtil.swift /Users/runner/Library/Developer/Xcode/DerivedData/BookonDebug-ehazsigvxemoqzdtqumqzfgyfpkz/SourcePackages/checkouts/SwiftSoup/Sources/StructuralEvaluator.swift /Users/runner/Library/Developer/Xcode/DerivedData/BookonDebug-ehazsigvxemoqzdtqumqzfgyfpkz/SourcePackages/checkouts/SwiftSoup/Sources/SwiftSoup.swift /Users/runner/Library/Developer/Xcode/DerivedData/BookonDebug-ehazsigvxemoqzdtqumqzfgyfpkz/SourcePackages/checkouts/SwiftSoup/Sources/Tag.swift /Users/runner/Library/Developer/Xcode/DerivedData/BookonDebug-ehazsigvxemoqzdtqumqzfgyfpkz/SourcePackages/checkouts/SwiftSoup/Sources/TextNode.swift /Users/runner/Library/Developer/Xcode/DerivedData/BookonDebug-ehazsigvxemoqzdtqumqzfgyfpkz/SourcePackages/checkouts/SwiftSoup/Sources/Token.swift /Users/runner/Library/Developer/Xcode/DerivedData/BookonDebug-ehazsigvxemoqzdtqumqzfgyfpkz/SourcePackages/checkouts/SwiftSoup/Sources/TokenQueue.swift /Users/runner/Library/Developer/Xcode/DerivedData/BookonDebug-ehazsigvxemoqzdtqumqzfgyfpkz/SourcePackages/checkouts/SwiftSoup/Sources/Tokeniser.swift /Users/runner/Library/Developer/Xcode/DerivedData/BookonDebug-ehazsigvxemoqzdtqumqzfgyfpkz/SourcePackages/checkouts/SwiftSoup/Sources/TokeniserState.swift /Users/runner/Library/Developer/Xcode/DerivedData/BookonDebug-ehazsigvxemoqzdtqumqzfgyfpkz/SourcePackages/checkouts/SwiftSoup/Sources/TreeBuilder.swift /Users/runner/Library/Developer/Xcode/DerivedData/BookonDebug-ehazsigvxemoqzdtqumqzfgyfpkz/SourcePackages/checkouts/SwiftSoup/Sources/UTF8Arrays.swift /Users/runner/Library/Developer/Xcode/DerivedData/BookonDebug-ehazsigvxemoqzdtqumqzfgyfpkz/SourcePackages/checkouts/SwiftSoup/Sources/UnfairLock.swift /Users/runner/Library/Developer/Xcode/DerivedData/BookonDebug-ehazsigvxemoqzdtqumqzfgyfpkz/SourcePackages/checkouts/SwiftSoup/Sources/UnicodeScalar.swift /Users/runner/Library/Developer/Xcode/DerivedData/BookonDebug-ehazsigvxemoqzdtqumqzfgyfpkz/SourcePackages/checkouts/SwiftSoup/Sources/Validate.swift /Users/runner/Library/Developer/Xcode/DerivedData/BookonDebug-ehazsigvxemoqzdtqumqzfgyfpkz/SourcePackages/checkouts/SwiftSoup/Sources/Whitelist.swift /Users/runner/Library/Developer/Xcode/DerivedData/BookonDebug-ehazsigvxemoqzdtqumqzfgyfpkz/SourcePackages/checkouts/SwiftSoup/Sources/XmlDeclaration.swift /Users/runner/Library/Developer/Xcode/DerivedData/BookonDebug-ehazsigvxemoqzdtqumqzfgyfpkz/SourcePackages/checkouts/SwiftSoup/Sources/XmlTreeBuilder.swift (in target 'SwiftSoup' from project 'SwiftSoup')
2026-10-06T12:59:21.2591830Z     cd /Users/runner/Library/Developer/Xcode/DerivedData/BookonDebug-ehazsigvxemoqzdtqumqzfgyfpkz/SourcePackages/checkouts/SwiftSoup
2026-10-06T12:59:21.2779230Z     builtin-swiftTaskExecution -- /Applications/Xcode_15.4.app/Contents/Developer/Toolchains/XcodeDefault.xctoolchain/usr/bin/swift-frontend -frontend -c /Users/runner/Library/Developer/Xcode/DerivedData/BookonDebug-ehazsigvxemoqzdtqumqzfgyfpkz/SourcePackages/checkouts/SwiftSoup/Sources/ArrayExt.swift /Users/runner/Library/Developer/Xcode/DerivedData/BookonDebug-ehazsigvxemoqzdtqumqzfgyfpkz/SourcePackages/checkouts/SwiftSoup/Sources/Attribute.swift /Users/runner/Library/Developer/Xcode/DerivedData/BookonDebug-ehazsigvxemoqzdtqumqzfgyfpkz/SourcePackages/checkouts/SwiftSoup/Sources/Attributes.swift /Users/runner/Library/Developer/Xcode/DerivedData/BookonDebug-ehazsigvxemoqzdtqumqzfgyfpkz/SourcePackages/checkouts/SwiftSoup/Sources/BinarySearch.swift /Users/runner/Library/Developer/Xcode/DerivedData/BookonDebug-ehazsigvxemoqzdtqumqzfgyfpkz/SourcePackages/checkouts/SwiftSoup/Sources/BooleanAttribute.swift /Users/runner/Library/Developer/Xcode/DerivedData/BookonDebug-ehazsigvxemoqzdtqumqzfgyfpkz/SourcePackages/checkouts/SwiftSoup/Sources/CharacterExt.swift /Users/runner/Library/Developer/Xcode/DerivedData/BookonDebug-ehazsigvxemoqzdtqumqzfgyfpkz/SourcePackages/checkouts/SwiftSoup/Sources/CharacterReader.swift /Users/runner/Library/Developer/Xcode/DerivedData/BookonDebug-ehazsigvxemoqzdtqumqzfgyfpkz/SourcePackages/checkouts/SwiftSoup/Sources/Cleaner.swift /Users/runner/Library/Developer/Xcode/DerivedData/BookonDebug-ehazsigvxemoqzdtqumqzfgyfpkz/SourcePackages/checkouts/SwiftSoup/Sources/Collector.swift /Users/runner/Library/Developer/Xcode/DerivedData/BookonDebug-ehazsigvxemoqzdtqumqzfgyfpkz/SourcePackages/checkouts/SwiftSoup/Sources/CombiningEvaluator.swift /Users/runner/Library/Developer/Xcode/DerivedData/BookonDebug-ehazsigvxemoqzdtqumqzfgyfpkz/SourcePackages/checkouts/SwiftSoup/Sources/Comment.swift /Users/runner/Library/Developer/Xcode/DerivedData/BookonDebug-ehazsigvxemoqzdtqumqzfgyfpkz/SourcePackages/checkouts/SwiftSoup/Sources/Connection.swift /Users/runner/Library/Developer/Xcode/DerivedData/BookonDebug-ehazsigvxemoqzdtqumqzfgyfpkz/SourcePackages/checkouts/SwiftSoup/Sources/CssSelector.swift /Users/runner/Library/Developer/Xcode/DerivedData/BookonDebug-ehazsigvxemoqzdtqumqzfgyfpkz/SourcePackages/checkouts/SwiftSoup/Sources/DataNode.swift /Users/runner/Library/Developer/Xcode/DerivedData/BookonDebug-ehazsigvxemoqzdtqumqzfgyfpkz/SourcePackages/checkouts/SwiftSoup/Sources/DataUtil.swift /Users/runner/Library/Developer/Xcode/DerivedData/BookonDebug-ehazsigvxemoqzdtqumqzfgyfpkz/SourcePackages/checkouts/SwiftSoup/Sources/Document.swift /Users/runner/Library/Developer/Xcode/DerivedData/BookonDebug-ehazsigvxemoqzdtqumqzfgyfpkz/SourcePackages/checkouts/SwiftSoup/Sources/DocumentType.swift /Users/runner/Library/Developer/Xcode/DerivedData/BookonDebug-ehazsigvxemoqzdtqumqzfgyfpkz/SourcePackages/checkouts/SwiftSoup/Sources/Element.swift /Users/runner/Library/Developer/Xcode/DerivedData/BookonDebug-ehazsigvxemoqzdtqumqzfgyfpkz/SourcePackages/checkouts/SwiftSoup/Sources/Elements.swift /Users/runner/Library/Developer/Xcode/DerivedData/BookonDebug-ehazsigvxemoqzdtqumqzfgyfpkz/SourcePackages/checkouts/SwiftSoup/Sources/Entities.swift /Users/runner/Library/Developer/Xcode/DerivedData/BookonDebug-ehazsigvxemoqzdtqumqzfgyfpkz/SourcePackages/checkouts/SwiftSoup/Sources/Evaluator.swift /Users/runner/Library/Developer/Xcode/DerivedData/BookonDebug-ehazsigvxemoqzdtqumqzfgyfpkz/SourcePackages/checkouts/SwiftSoup/Sources/Exception.swift /Users/runner/Library/Developer/Xcode/DerivedData/BookonDebug-ehazsigvxemoqzdtqumqzfgyfpkz/SourcePackages/checkouts/SwiftSoup/Sources/FormElement.swift /Users/runner/Library/Developer/Xcode/DerivedData/BookonDebug-ehazsigvxemoqzdtqumqzfgyfpkz/SourcePackages/checkouts/SwiftSoup/Sources/HtmlTreeBuilder.swift /Users/runner/Library/Developer/Xcode/DerivedData/BookonDebug-ehazsigvxemoqzdtqumqzfgyfpkz/SourcePackages/checkouts/SwiftSoup/Sources/HtmlTreeBuilderState.swift /Users/runner/Library/Developer/Xcode/DerivedData/BookonDebug-ehazsigvxemoqzdtqumqzfgyfpkz/SourcePackages/checkouts/SwiftSoup/Sources/HttpStatusException.swift /Users/runner/Library/Developer/Xcode/DerivedData/BookonDebug-ehazsigvxemoqzdtqumqzfgyfpkz/SourcePackages/checkouts/SwiftSoup/Sources/Mutex.swift /Users/runner/Library/Developer/Xcode/DerivedData/BookonDebug-ehazsigvxemoqzdtqumqzfgyfpkz/SourcePackages/checkouts/SwiftSoup/Sources/Node.swift /Users/runner/Library/Developer/Xcode/DerivedData/BookonDebug-ehazsigvxemoqzdtqumqzfgyfpkz/SourcePackages/checkouts/SwiftSoup/Sources/NodeTraversor.swift /Users/runner/Library/Developer/Xcode/DerivedData/BookonDebug-ehazsigvxemoqzdtqumqzfgyfpkz/SourcePackages/checkouts/SwiftSoup/Sources/NodeVisitor.swift /Users/runner/Library/Developer/Xcode/DerivedData/BookonDebug-ehazsigvxemoqzdtqumqzfgyfpkz/SourcePackages/checkouts/SwiftSoup/Sources/OrderedSet.swift /Users/runner/Library/Developer/Xcode/DerivedData/BookonDebug-ehazsigvxemoqzdtqumqzfgyfpkz/SourcePackages/checkouts/SwiftSoup/Sources/ParseError.swift /Users/runner/Library/Developer/Xcode/DerivedData/BookonDebug-ehazsigvxemoqzdtqumqzfgyfpkz/SourcePackages/checkouts/SwiftSoup/Sources/ParseErrorList.swift /Users/runner/Library/Developer/Xcode/DerivedData/BookonDebug-ehazsigvxemoqzdtqumqzfgyfpkz/SourcePackages/checkouts/SwiftSoup/Sources/ParseSettings.swift /Users/runner/Library/Developer/Xcode/DerivedData/BookonDebug-ehazsigvxemoqzdtqumqzfgyfpkz/SourcePackages/checkouts/SwiftSoup/Sources/Parser.swift /Users/runner/Library/Developer/Xcode/DerivedData/BookonDebug-ehazsigvxemoqzdtqumqzfgyfpkz/SourcePackages/checkouts/SwiftSoup/Sources/ParsingStrings.swift /Users/runner/Library/Developer/Xcode/DerivedData/BookonDebug-ehazsigvxemoqzdtqumqzfgyfpkz/SourcePackages/checkouts/SwiftSoup/Sources/Pattern.swift /Users/runner/Library/Developer/Xcode/DerivedData/BookonDebug-ehazsigvxemoqzdtqumqzfgyfpkz/SourcePackages/checkouts/SwiftSoup/Sources/QueryParser.swift /Users/runner/Library/Developer/Xcode/DerivedData/BookonDebug-ehazsigvxemoqzdtqumqzfgyfpkz/SourcePackages/checkouts/SwiftSoup/Sources/SerializationException.swift /Users/runner/Library/Developer/Xcode/DerivedData/BookonDebug-ehazsigvxemoqzdtqumqzfgyfpkz/SourcePackages/checkouts/SwiftSoup/Sources/SimpleDictionary.swift /Users/runner/Library/Developer/Xcode/DerivedData/BookonDebug-ehazsigvxemoqzdtqumqzfgyfpkz/SourcePackages/checkouts/SwiftSoup/Sources/StreamReader.swift /Users/runner/Library/Developer/Xcode/DerivedData/BookonDebug-ehazsigvxemoqzdtqumqzfgyfpkz/SourcePackages/checkouts/SwiftSoup/Sources/String.swift /Users/runner/Library/Developer/Xcode/DerivedData/BookonDebug-ehazsigvxemoqzdtqumqzfgyfpkz/SourcePackages/checkouts/SwiftSoup/Sources/StringBuilder.swift /Users/runner/Library/Developer/Xcode/DerivedData/BookonDebug-ehazsigvxemoqzdtqumqzfgyfpkz/SourcePackages/checkouts/SwiftSoup/Sources/StringUtil.swift /Users/runner/Library/Developer/Xcode/DerivedData/BookonDebug-ehazsigvxemoqzdtqumqzfgyfpkz/SourcePackages/checkouts/SwiftSoup/Sources/StructuralEvaluator.swift /Users/runner/Library/Developer/Xcode/DerivedData/BookonDebug-ehazsigvxemoqzdtqumqzfgyfpkz/SourcePackages/checkouts/SwiftSoup/Sources/SwiftSoup.swift /Users/runner/Library/Developer/Xcode/DerivedData/BookonDebug-ehazsigvxemoqzdtqumqzfgyfpkz/SourcePackages/checkouts/SwiftSoup/Sources/Tag.swift /Users/runner/Library/Developer/Xcode/DerivedData/BookonDebug-ehazsigvxemoqzdtqumqzfgyfpkz/SourcePackages/checkouts/SwiftSoup/Sources/TextNode.swift /Users/runner/Library/Developer/Xcode/DerivedData/BookonDebug-ehazsigvxemoqzdtqumqzfgyfpkz/SourcePackages/checkouts/SwiftSoup/Sources/Token.swift /Users/runner/Library/Developer/Xcode/DerivedData/BookonDebug-ehazsigvxemoqzdtqumqzfgyfpkz/SourcePackages/checkouts/SwiftSoup/Sources/TokenQueue.swift /Users/runner/Library/Developer/Xcode/DerivedData/BookonDebug-ehazsigvxemoqzdtqumqzfgyfpkz/SourcePackages/checkouts/SwiftSoup/Sources/Tokeniser.swift /Users/runner/Library/Developer/Xcode/DerivedData/BookonDebug-ehazsigvxemoqzdtqumqzfgyfpkz/SourcePackages/checkouts/SwiftSoup/Sources/TokeniserState.swift /Users/runner/Library/Developer/Xcode/DerivedData/BookonDebug-ehazsigvxemoqzdtqumqzfgyfpkz/SourcePackages/checkouts/SwiftSoup/Sources/TreeBuilder.swift /Users/runner/Library/Developer/Xcode/DerivedData/BookonDebug-ehazsigvxemoqzdtqumqzfgyfpkz/SourcePackages/checkouts/SwiftSoup/Sources/UTF8Arrays.swift /Users/runner/Library/Developer/Xcode/DerivedData/BookonDebug-ehazsigvxemoqzdtqumqzfgyfpkz/SourcePackages/checkouts/SwiftSoup/Sources/UnfairLock.swift /Users/runner/Library/Developer/Xcode/DerivedData/BookonDebug-ehazsigvxemoqzdtqumqzfgyfpkz/SourcePackages/checkouts/SwiftSoup/Sources/UnicodeScalar.swift /Users/runner/Library/Developer/Xcode/DerivedData/BookonDebug-ehazsigvxemoqzdtqumqzfgyfpkz/SourcePackages/checkouts/SwiftSoup/Sources/Validate.swift /Users/runner/Library/Developer/Xcode/DerivedData/BookonDebug-ehazsigvxemoqzdtqumqzfgyfpkz/SourcePackages/checkouts/SwiftSoup/Sources/Whitelist.swift /Users/runner/Library/Developer/Xcode/DerivedData/BookonDebug-ehazsigvxemoqzdtqumqzfgyfpkz/SourcePackages/checkouts/SwiftSoup/Sources/XmlDeclaration.swift /Users/runner/Library/Developer/Xcode/DerivedData/BookonDebug-ehazsigvxemoqzdtqumqzfgyfpkz/SourcePackages/checkouts/SwiftSoup/Sources/XmlTreeBuilder.swift -supplementary-output-file-map /Users/runner/Library/Developer/Xcode/DerivedData/BookonDebug-ehazsigvxemoqzdtqumqzfgyfpkz/Build/Intermediates.noindex/ArchiveIntermediates/BookonDebug/IntermediateBuildFilesPath/SwiftSoup.build/Release-iphoneos/SwiftSoup.build/Objects-normal/arm64/supplementaryOutputs-1 -target arm64-apple-ios13.0 -Xllvm -aarch64-use-tbi -enable-objc-interop -stack-check -sdk /Applications/Xcode_15.4.app/Contents/Developer/Platforms/iPhoneOS.platform/Developer/SDKs/iPhoneOS17.5.sdk -I /Users/runner/Library/Developer/Xcode/DerivedData/BookonDebug-ehazsigvxemoqzdtqumqzfgyfpkz/Build/Intermediates.noindex/ArchiveIntermediates/BookonDebug/BuildProductsPath/Release-iphoneos -I /Applications/Xcode_15.4.app/Contents/Developer/Platforms/iPhoneOS.platform/Developer/usr/lib -F /Users/runner/Library/Developer/Xcode/DerivedData/BookonDebug-ehazsigvxemoqzdtqumqzfgyfpkz/Build/Intermediates.noindex/ArchiveIntermediates/BookonDebug/BuildProductsPath/Release-iphoneos -F /Applications/Xcode_15.4.app/Contents/Developer/Platforms/iPhoneOS.platform/Developer/Library/Frameworks -F /Applications/Xcode_15.4.app/Contents/Developer/Platforms/iPhoneOS.platform/Developer/SDKs/iPhoneOS17.5.sdk/Developer/Library/Frameworks -no-color-diagnostics -g -module-cache-path /Users/runner/Library/Developer/Xcode/DerivedData/ModuleCache.noindex -suppress-warnings -swift-version 5 -enforce-exclusivity\=checked -O -D SWIFT_PACKAGE -D Xcode -serialize-debugging-options -package-name swiftsoup -const-gather-protocols-file /Users/runner/Library/Developer/Xcode/DerivedData/BookonDebug-ehazsigvxemoqzdtqumqzfgyfpkz/Build/Intermediates.noindex/ArchiveIntermediates/BookonDebug/IntermediateBuildFilesPath/SwiftSoup.build/Release-iphoneos/SwiftSoup.build/Objects-normal/arm64/SwiftSoup_const_extract_protocols.json -empty-abi-descriptor -validate-clang-modules-once -clang-build-session-file /Users/runner/Library/Developer/Xcode/DerivedData/ModuleCache.noindex/Session.modulevalidation -Xcc -working-directory -Xcc /Users/runner/Library/Developer/Xcode/DerivedData/BookonDebug-ehazsigvxemoqzdtqumqzfgyfpkz/SourcePackages/checkouts/SwiftSoup -resource-dir /Applications/Xcode_15.4.app/Contents/Developer/Toolchains/XcodeDefault.xctoolchain/usr/lib/swift -Xcc -ivfsstatcache -Xcc /Users/runner/Library/Developer/Xcode/DerivedData/SDKStatCaches.noindex/iphoneos17.5-21F77-f0fa7969d082b13145125136a829df3a.sdkstatcache -Xcc -I/Users/runner/Library/Developer/Xcode/DerivedData/BookonDebug-ehazsigvxemoqzdtqumqzfgyfpkz/Build/Intermediates.noindex/ArchiveIntermediates/BookonDebug/IntermediateBuildFilesPath/SwiftSoup.build/Release-iphoneos/SwiftSoup.build/swift-overrides.hmap -Xcc -I/Users/runner/Library/Developer/Xcode/DerivedData/BookonDebug-ehazsigvxemoqzdtqumqzfgyfpkz/Build/Intermediates.noindex/ArchiveIntermediates/BookonDebug/BuildProductsPath/Release-iphoneos/include -Xcc -I/Users/runner/Library/Developer/Xcode/DerivedData/BookonDebug-ehazsigvxemoqzdtqumqzfgyfpkz/Build/Intermediates.noindex/ArchiveIntermediates/BookonDebug/IntermediateBuildFilesPath/SwiftSoup.build/Release-iphoneos/SwiftSoup.build/DerivedSources-normal/arm64 -Xcc -I/Users/runner/Library/Developer/Xcode/DerivedData/BookonDebug-ehazsigvxemoqzdtqumqzfgyfpkz/Build/Intermediates.noindex/ArchiveIntermediates/BookonDebug/IntermediateBuildFilesPath/SwiftSoup.build/Release-iphoneos/SwiftSoup.build/DerivedSources/arm64 -Xcc -I/Users/runner/Library/Developer/Xcode/DerivedData/BookonDebug-ehazsigvxemoqzdtqumqzfgyfpkz/Build/Intermediates.noindex/ArchiveIntermediates/BookonDebug/IntermediateBuildFilesPath/SwiftSoup.build/Release-iphoneos/SwiftSoup.build/DerivedSources -Xcc -DSWIFT_PACKAGE -module-name SwiftSoup -frontend-parseable-output -disable-clang-spi -target-sdk-version 17.5 -target-sdk-name iphoneos17.5 -external-plugin-path /Applications/Xcode_15.4.app/Contents/Developer/Platforms/iPhoneOS.platform/Developer/SDKs/iPhoneOS17.5.sdk/usr/lib/swift/host/plugins\#/Applications/Xcode_15.4.app/Contents/Developer/Platforms/iPhoneOS.platform/Developer/SDKs/iPhoneOS17.5.sdk/usr/bin/swift-plugin-server -external-plugin-path /Applications/Xcode_15.4.app/Contents/Developer/Platforms/iPhoneOS.platform/Developer/SDKs/iPhoneOS17.5.sdk/usr/local/lib/swift/host/plugins\#/Applications/Xcode_15.4.app/Contents/Developer/Platforms/iPhoneOS.platform/Developer/SDKs/iPhoneOS17.5.sdk/usr/bin/swift-plugin-server -external-plugin-path /Applications/Xcode_15.4.app/Contents/Developer/Platforms/iPhoneOS.platform/Developer/usr/lib/swift/host/plugins\#/Applications/Xcode_15.4.app/Contents/Developer/Platforms/iPhoneOS.platform/Developer/usr/bin/swift-plugin-server -external-plugin-path /Applications/Xcode_15.4.app/Contents/Developer/Platforms/iPhoneOS.platform/Developer/usr/local/lib/swift/host/plugins\#/Applications/Xcode_15.4.app/Contents/Developer/Platforms/iPhoneOS.platform/Developer/usr/bin/swift-plugin-server -plugin-path /Applications/Xcode_15.4.app/Contents/Developer/Toolchains/XcodeDefault.xctoolchain/usr/lib/swift/host/plugins -plugin-path /Applications/Xcode_15.4.app/Contents/Developer/Toolchains/XcodeDefault.xctoolchain/usr/local/lib/swift/host/plugins -enable-default-cmo -num-threads 3 -o /Users/runner/Library/Developer/Xcode/DerivedData/BookonDebug-ehazsigvxemoqzdtqumqzfgyfpkz/Build/Intermediates.noindex/ArchiveIntermediates/BookonDebug/IntermediateBuildFilesPath/SwiftSoup.build/Release-iphoneos/SwiftSoup.build/Objects-normal/arm64/ArrayExt.o -o /Users/runner/Library/Developer/Xcode/DerivedData/BookonDebug-ehazsigvxemoqzdtqumqzfgyfpkz/Build/Intermediates.noindex/ArchiveIntermediates/BookonDebug/IntermediateBuildFilesPath/SwiftSoup.build/Release-iphoneos/SwiftSoup.build/Objects-normal/arm64/Attribute.o -o /Users/runner/Library/Developer/Xcode/DerivedData/BookonDebug-ehazsigvxemoqzdtqumqzfgyfpkz/Build/Intermediates.noindex/ArchiveIntermediates/BookonDebug/IntermediateBuildFilesPath/SwiftSoup.build/Release-iphoneos/SwiftSoup.build/Objects-normal/arm64/Attributes.o -o /Users/runner/Library/Developer/Xcode/DerivedData/BookonDebug-ehazsigvxemoqzdtqumqzfgyfpkz/Build/Intermediates.noindex/ArchiveIntermediates/BookonDebug/IntermediateBuildFilesPath/SwiftSoup.build/Release-iphoneos/SwiftSoup.build/Objects-normal/arm64/BinarySearch.o -o /Users/runner/Library/Developer/Xcode/DerivedData/BookonDebug-ehazsigvxemoqzdtqumqzfgyfpkz/Build/Intermediates.noindex/ArchiveIntermediates/BookonDebug/IntermediateBuildFilesPath/SwiftSoup.build/Release-iphoneos/SwiftSoup.build/Objects-normal/arm64/BooleanAttribute.o -o /Users/runner/Library/Developer/Xcode/DerivedData/BookonDebug-ehazsigvxemoqzdtqumqzfgyfpkz/Build/Intermediates.noindex/ArchiveIntermediates/BookonDebug/IntermediateBuildFilesPath/SwiftSoup.build/Release-iphoneos/SwiftSoup.build/Objects-normal/arm64/CharacterExt.o -o /Users/runner/Library/Developer/Xcode/DerivedData/BookonDebug-ehazsigvxemoqzdtqumqzfgyfpkz/Build/Intermediates.noindex/ArchiveIntermediates/BookonDebug/IntermediateBuildFilesPath/SwiftSoup.build/Release-iphoneos/SwiftSoup.build/Objects-normal/arm64/CharacterReader.o -o /Users/runner/Library/Developer/Xcode/DerivedData/BookonDebug-ehazsigvxemoqzdtqumqzfgyfpkz/Build/Intermediates.noindex/ArchiveIntermediates/BookonDebug/IntermediateBuildFilesPath/SwiftSoup.build/Release-iphoneos/SwiftSoup.build/Objects-normal/arm64/Cleaner.o -o /Users/runner/Library/Developer/Xcode/DerivedData/BookonDebug-ehazsigvxemoqzdtqumqzfgyfpkz/Build/Intermediates.noindex/ArchiveIntermediates/BookonDebug/IntermediateBuildFilesPath/SwiftSoup.build/Release-iphoneos/SwiftSoup.build/Objects-normal/arm64/Collector.o -o /Users/runner/Library/Developer/Xcode/DerivedData/BookonDebug-ehazsigvxemoqzdtqumqzfgyfpkz/Build/Intermediates.noindex/ArchiveIntermediates/BookonDebug/IntermediateBuildFilesPath/SwiftSoup.build/Release-iphoneos/SwiftSoup.build/Objects-normal/arm64/CombiningEvaluator.o -o /Users/runner/Library/Developer/Xcode/DerivedData/BookonDebug-ehazsigvxemoqzdtqumqzfgyfpkz/Build/Intermediates.noindex/ArchiveIntermediates/BookonDebug/IntermediateBuildFilesPath/SwiftSoup.build/Release-iphoneos/SwiftSoup.build/Objects-normal/arm64/Comment.o -o /Users/runner/Library/Developer/Xcode/DerivedData/BookonDebug-ehazsigvxemoqzdtqumqzfgyfpkz/Build/Intermediates.noindex/ArchiveIntermediates/BookonDebug/IntermediateBuildFilesPath/SwiftSoup.build/Release-iphoneos/SwiftSoup.build/Objects-normal/arm64/Connection.o -o /Users/runner/Library/Developer/Xcode/DerivedData/BookonDebug-ehazsigvxemoqzdtqumqzfgyfpkz/Build/Intermediates.noindex/ArchiveIntermediates/BookonDebug/IntermediateBuildFilesPath/SwiftSoup.build/Release-iphoneos/SwiftSoup.build/Objects-normal/arm64/CssSelector.o -o /Users/runner/Library/Developer/Xcode/DerivedData/BookonDebug-ehazsigvxemoqzdtqumqzfgyfpkz/Build/Intermediates.noindex/ArchiveIntermediates/BookonDebug/IntermediateBuildFilesPath/SwiftSoup.build/Release-iphoneos/SwiftSoup.build/Objects-normal/arm64/DataNode.o -o /Users/runner/Library/Developer/Xcode/DerivedData/BookonDebug-ehazsigvxemoqzdtqumqzfgyfpkz/Build/Intermediates.noindex/ArchiveIntermediates/BookonDebug/IntermediateBuildFilesPath/SwiftSoup.build/Release-iphoneos/SwiftSoup.build/Objects-normal/arm64/DataUtil.o -o /Users/runner/Library/Developer/Xcode/DerivedData/BookonDebug-ehazsigvxemoqzdtqumqzfgyfpkz/Build/Intermediates.noindex/ArchiveIntermediates/BookonDebug/IntermediateBuildFilesPath/SwiftSoup.build/Release-iphoneos/SwiftSoup.build/Objects-normal/arm64/Document.o -o /Users/runner/Library/Developer/Xcode/DerivedData/BookonDebug-ehazsigvxemoqzdtqumqzfgyfpkz/Build/Intermediates.noindex/ArchiveIntermediates/BookonDebug/IntermediateBuildFilesPath/SwiftSoup.build/Release-iphoneos/SwiftSoup.build/Objects-normal/arm64/DocumentType.o -o /Users/runner/Library/Developer/Xcode/DerivedData/BookonDebug-ehazsigvxemoqzdtqumqzfgyfpkz/Build/Intermediates.noindex/ArchiveIntermediates/BookonDebug/IntermediateBuildFilesPath/SwiftSoup.build/Release-iphoneos/SwiftSoup.build/Objects-normal/arm64/Element.o -o /Users/runner/Library/Developer/Xcode/DerivedData/BookonDebug-ehazsigvxemoqzdtqumqzfgyfpkz/Build/Intermediates.noindex/ArchiveIntermediates/BookonDebug/IntermediateBuildFilesPath/SwiftSoup.build/Release-iphoneos/SwiftSoup.build/Objects-normal/arm64/Elements.o -o /Users/runner/Library/Developer/Xcode/DerivedData/BookonDebug-ehazsigvxemoqzdtqumqzfgyfpkz/Build/Intermediates.noindex/ArchiveIntermediates/BookonDebug/IntermediateBuildFilesPath/SwiftSoup.build/Release-iphoneos/SwiftSoup.build/Objects-normal/arm64/Entities.o -o /Users/runner/Library/Developer/Xcode/DerivedData/BookonDebug-ehazsigvxemoqzdtqumqzfgyfpkz/Build/Intermediates.noindex/ArchiveIntermediates/BookonDebug/IntermediateBuildFilesPath/SwiftSoup.build/Release-iphoneos/SwiftSoup.build/Objects-normal/arm64/Evaluator.o -o /Users/runner/Library/Developer/Xcode/DerivedData/BookonDebug-ehazsigvxemoqzdtqumqzfgyfpkz/Build/Intermediates.noindex/ArchiveIntermediates/BookonDebug/IntermediateBuildFilesPath/SwiftSoup.build/Release-iphoneos/SwiftSoup.build/Objects-normal/arm64/Exception.o -o /Users/runner/Library/Developer/Xcode/DerivedData/BookonDebug-ehazsigvxemoqzdtqumqzfgyfpkz/Build/Intermediates.noindex/ArchiveIntermediates/BookonDebug/IntermediateBuildFilesPath/SwiftSoup.build/Release-iphoneos/SwiftSoup.build/Objects-normal/arm64/FormElement.o -o /Users/runner/Library/Developer/Xcode/DerivedData/BookonDebug-ehazsigvxemoqzdtqumqzfgyfpkz/Build/Intermediates.noindex/ArchiveIntermediates/BookonDebug/IntermediateBuildFilesPath/SwiftSoup.build/Release-iphoneos/SwiftSoup.build/Objects-normal/arm64/HtmlTreeBuilder.o -o /Users/runner/Library/Developer/Xcode/DerivedData/BookonDebug-ehazsigvxemoqzdtqumqzfgyfpkz/Build/Intermediates.noindex/ArchiveIntermediates/BookonDebug/IntermediateBuildFilesPath/SwiftSoup.build/Release-iphoneos/SwiftSoup.build/Objects-normal/arm64/HtmlTreeBuilderState.o -o /Users/runner/Library/Developer/Xcode/DerivedData/BookonDebug-ehazsigvxemoqzdtqumqzfgyfpkz/Build/Intermediates.noindex/ArchiveIntermediates/BookonDebug/IntermediateBuildFilesPath/SwiftSoup.build/Release-iphoneos/SwiftSoup.build/Objects-normal/arm64/HttpStatusException.o -o /Users/runner/Library/Developer/Xcode/DerivedData/BookonDebug-ehazsigvxemoqzdtqumqzfgyfpkz/Build/Intermediates.noindex/ArchiveIntermediates/BookonDebug/IntermediateBuildFilesPath/SwiftSoup.build/Release-iphoneos/SwiftSoup.build/Objects-normal/arm64/Mutex.o -o /Users/runner/Library/Developer/Xcode/DerivedData/BookonDebug-ehazsigvxemoqzdtqumqzfgyfpkz/Build/Intermediates.noindex/ArchiveIntermediates/BookonDebug/IntermediateBuildFilesPath/SwiftSoup.build/Release-iphoneos/SwiftSoup.build/Objects-normal/arm64/Node.o -o /Users/runner/Library/Developer/Xcode/DerivedData/BookonDebug-ehazsigvxemoqzdtqumqzfgyfpkz/Build/Intermediates.noindex/ArchiveIntermediates/BookonDebug/IntermediateBuildFilesPath/SwiftSoup.build/Release-iphoneos/SwiftSoup.build/Objects-normal/arm64/NodeTraversor.o -o /Users/runner/Library/Developer/Xcode/DerivedData/BookonDebug-ehazsigvxemoqzdtqumqzfgyfpkz/Build/Intermediates.noindex/ArchiveIntermediates/BookonDebug/IntermediateBuildFilesPath/SwiftSoup.build/Release-iphoneos/SwiftSoup.build/Objects-normal/arm64/NodeVisitor.o -o /Users/runner/Library/Developer/Xcode/DerivedData/BookonDebug-ehazsigvxemoqzdtqumqzfgyfpkz/Build/Intermediates.noindex/ArchiveIntermediates/BookonDebug/IntermediateBuildFilesPath/SwiftSoup.build/Release-iphoneos/SwiftSoup.build/Objects-normal/arm64/OrderedSet.o -o /Users/runner/Library/Developer/Xcode/DerivedData/BookonDebug-ehazsigvxemoqzdtqumqzfgyfpkz/Build/Intermediates.noindex/ArchiveIntermediates/BookonDebug/IntermediateBuildFilesPath/SwiftSoup.build/Release-iphoneos/SwiftSoup.build/Objects-normal/arm64/ParseError.o -o /Users/runner/Library/Developer/Xcode/DerivedData/BookonDebug-ehazsigvxemoqzdtqumqzfgyfpkz/Build/Intermediates.noindex/ArchiveIntermediates/BookonDebug/IntermediateBuildFilesPath/SwiftSoup.build/Release-iphoneos/SwiftSoup.build/Objects-normal/arm64/ParseErrorList.o -o /Users/runner/Library/Developer/Xcode/DerivedData/BookonDebug-ehazsigvxemoqzdtqumqzfgyfpkz/Build/Intermediates.noindex/ArchiveIntermediates/BookonDebug/IntermediateBuildFilesPath/SwiftSoup.build/Release-iphoneos/SwiftSoup.build/Objects-normal/arm64/ParseSettings.o -o /Users/runner/Library/Developer/Xcode/DerivedData/BookonDebug-ehazsigvxemoqzdtqumqzfgyfpkz/Build/Intermediates.noindex/ArchiveIntermediates/BookonDebug/IntermediateBuildFilesPath/SwiftSoup.build/Release-iphoneos/SwiftSoup.build/Objects-normal/arm64/Parser.o -o /Users/runner/Library/Developer/Xcode/DerivedData/BookonDebug-ehazsigvxemoqzdtqumqzfgyfpkz/Build/Intermediates.noindex/ArchiveIntermediates/BookonDebug/IntermediateBuildFilesPath/SwiftSoup.build/Release-iphoneos/SwiftSoup.build/Objects-normal/arm64/ParsingStrings.o -o /Users/runner/Library/Developer/Xcode/DerivedData/BookonDebug-ehazsigvxemoqzdtqumqzfgyfpkz/Build/Intermediates.noindex/ArchiveIntermediates/BookonDebug/IntermediateBuildFilesPath/SwiftSoup.build/Release-iphoneos/SwiftSoup.build/Objects-normal/arm64/Pattern.o -o /Users/runner/Library/Developer/Xcode/DerivedData/BookonDebug-ehazsigvxemoqzdtqumqzfgyfpkz/Build/Intermediates.noindex/ArchiveIntermediates/BookonDebug/IntermediateBuildFilesPath/SwiftSoup.build/Release-iphoneos/SwiftSoup.build/Objects-normal/arm64/QueryParser.o -o /Users/runner/Library/Developer/Xcode/DerivedData/BookonDebug-ehazsigvxemoqzdtqumqzfgyfpkz/Build/Intermediates.noindex/ArchiveIntermediates/BookonDebug/IntermediateBuildFilesPath/SwiftSoup.build/Release-iphoneos/SwiftSoup.build/Objects-normal/arm64/SerializationException.o -o /Users/runner/Library/Developer/Xcode/DerivedData/BookonDebug-ehazsigvxemoqzdtqumqzfgyfpkz/Build/Intermediates.noindex/ArchiveIntermediates/BookonDebug/IntermediateBuildFilesPath/SwiftSoup.build/Release-iphoneos/SwiftSoup.build/Objects-normal/arm64/SimpleDictionary.o -o /Users/runner/Library/Developer/Xcode/DerivedData/BookonDebug-ehazsigvxemoqzdtqumqzfgyfpkz/Build/Intermediates.noindex/ArchiveIntermediates/BookonDebug/IntermediateBuildFilesPath/SwiftSoup.build/Release-iphoneos/SwiftSoup.build/Objects-normal/arm64/StreamReader.o -o /Users/runner/Library/Developer/Xcode/DerivedData/BookonDebug-ehazsigvxemoqzdtqumqzfgyfpkz/Build/Intermediates.noindex/ArchiveIntermediates/BookonDebug/IntermediateBuildFilesPath/SwiftSoup.build/Release-iphoneos/SwiftSoup.build/Objects-normal/arm64/String.o -o /Users/runner/Library/Developer/Xcode/DerivedData/BookonDebug-ehazsigvxemoqzdtqumqzfgyfpkz/Build/Intermediates.noindex/ArchiveIntermediates/BookonDebug/IntermediateBuildFilesPath/SwiftSoup.build/Release-iphoneos/SwiftSoup.build/Objects-normal/arm64/StringBuilder.o -o /Users/runner/Library/Developer/Xcode/DerivedData/BookonDebug-ehazsigvxemoqzdtqumqzfgyfpkz/Build/Intermediates.noindex/ArchiveIntermediates/BookonDebug/IntermediateBuildFilesPath/SwiftSoup.build/Release-iphoneos/SwiftSoup.build/Objects-normal/arm64/StringUtil.o -o /Users/runner/Library/Developer/Xcode/DerivedData/BookonDebug-ehazsigvxemoqzdtqumqzfgyfpkz/Build/Intermediates.noindex/ArchiveIntermediates/BookonDebug/IntermediateBuildFilesPath/SwiftSoup.build/Release-iphoneos/SwiftSoup.build/Objects-normal/arm64/StructuralEvaluator.o -o /Users/runner/Library/Developer/Xcode/DerivedData/BookonDebug-ehazsigvxemoqzdtqumqzfgyfpkz/Build/Intermediates.noindex/ArchiveIntermediates/BookonDebug/IntermediateBuildFilesPath/SwiftSoup.build/Release-iphoneos/SwiftSoup.build/Objects-normal/arm64/SwiftSoup.o -o /Users/runner/Library/Developer/Xcode/DerivedData/BookonDebug-ehazsigvxemoqzdtqumqzfgyfpkz/Build/Intermediates.noindex/ArchiveIntermediates/BookonDebug/IntermediateBuildFilesPath/SwiftSoup.build/Release-iphoneos/SwiftSoup.build/Objects-normal/arm64/Tag.o -o /Users/runner/Library/Developer/Xcode/DerivedData/BookonDebug-ehazsigvxemoqzdtqumqzfgyfpkz/Build/Intermediates.noindex/ArchiveIntermediates/BookonDebug/IntermediateBuildFilesPath/SwiftSoup.build/Release-iphoneos/SwiftSoup.build/Objects-normal/arm64/TextNode.o -o /Users/runner/Library/Developer/Xcode/DerivedData/BookonDebug-ehazsigvxemoqzdtqumqzfgyfpkz/Build/Intermediates.noindex/ArchiveIntermediates/BookonDebug/IntermediateBuildFilesPath/SwiftSoup.build/Release-iphoneos/SwiftSoup.build/Objects-normal/arm64/Token.o -o /Users/runner/Library/Developer/Xcode/DerivedData/BookonDebug-ehazsigvxemoqzdtqumqzfgyfpkz/Build/Intermediates.noindex/ArchiveIntermediates/BookonDebug/IntermediateBuildFilesPath/SwiftSoup.build/Release-iphoneos/SwiftSoup.build/Objects-normal/arm64/TokenQueue.o -o /Users/runner/Library/Developer/Xcode/DerivedData/BookonDebug-ehazsigvxemoqzdtqumqzfgyfpkz/Build/Intermediates.noindex/ArchiveIntermediates/BookonDebug/IntermediateBuildFilesPath/SwiftSoup.build/Release-iphoneos/SwiftSoup.build/Objects-normal/arm64/Tokeniser.o -o /Users/runner/Library/Developer/Xcode/DerivedData/BookonDebug-ehazsigvxemoqzdtqumqzfgyfpkz/Build/Intermediates.noindex/ArchiveIntermediates/BookonDebug/IntermediateBuildFilesPath/SwiftSoup.build/Release-iphoneos/SwiftSoup.build/Objects-normal/arm64/TokeniserState.o -o /Users/runner/Library/Developer/Xcode/DerivedData/BookonDebug-ehazsigvxemoqzdtqumqzfgyfpkz/Build/Intermediates.noindex/ArchiveIntermediates/BookonDebug/IntermediateBuildFilesPath/SwiftSoup.build/Release-iphoneos/SwiftSoup.build/Objects-normal/arm64/TreeBuilder.o -o /Users/runner/Library/Developer/Xcode/DerivedData/BookonDebug-ehazsigvxemoqzdtqumqzfgyfpkz/Build/Intermediates.noindex/ArchiveIntermediates/BookonDebug/IntermediateBuildFilesPath/SwiftSoup.build/Release-iphoneos/SwiftSoup.build/Objects-normal/arm64/UTF8Arrays.o -o /Users/runner/Library/Developer/Xcode/DerivedData/BookonDebug-ehazsigvxemoqzdtqumqzfgyfpkz/Build/Intermediates.noindex/ArchiveIntermediates/BookonDebug/IntermediateBuildFilesPath/SwiftSoup.build/Release-iphoneos/SwiftSoup.build/Objects-normal/arm64/UnfairLock.o -o /Users/runner/Library/Developer/Xcode/DerivedData/BookonDebug-ehazsigvxemoqzdtqumqzfgyfpkz/Build/Intermediates.noindex/ArchiveIntermediates/BookonDebug/IntermediateBuildFilesPath/SwiftSoup.build/Release-iphoneos/SwiftSoup.build/Objects-normal/arm64/UnicodeScalar.o -o /Users/runner/Library/Developer/Xcode/DerivedData/BookonDebug-ehazsigvxemoqzdtqumqzfgyfpkz/Build/Intermediates.noindex/ArchiveIntermediates/BookonDebug/IntermediateBuildFilesPath/SwiftSoup.build/Release-iphoneos/SwiftSoup.build/Objects-normal/arm64/Validate.o -o /Users/runner/Library/Developer/Xcode/DerivedData/BookonDebug-ehazsigvxemoqzdtqumqzfgyfpkz/Build/Intermediates.noindex/ArchiveIntermediates/BookonDebug/IntermediateBuildFilesPath/SwiftSoup.build/Release-iphoneos/SwiftSoup.build/Objects-normal/arm64/Whitelist.o -o /Users/runner/Library/Developer/Xcode/DerivedData/BookonDebug-ehazsigvxemoqzdtqumqzfgyfpkz/Build/Intermediates.noindex/ArchiveIntermediates/BookonDebug/IntermediateBuildFilesPath/SwiftSoup.build/Release-iphoneos/SwiftSoup.build/Objects-normal/arm64/XmlDeclaration.o -o /Users/runner/Library/Developer/Xcode/DerivedData/BookonDebug-ehazsigvxemoqzdtqumqzfgyfpkz/Build/Intermediates.noindex/ArchiveIntermediates/BookonDebug/IntermediateBuildFilesPath/SwiftSoup.build/Release-iphoneos/SwiftSoup.build/Objects-normal/arm64/XmlTreeBuilder.o -index-unit-output-path /SwiftSoup.build/Release-iphoneos/SwiftSoup.build/Objects-normal/arm64/ArrayExt.o -index-unit-output-path /SwiftSoup.build/Release-iphoneos/SwiftSoup.build/Objects-normal/arm64/Attribute.o -index-unit-output-path /SwiftSoup.build/Release-iphoneos/SwiftSoup.build/Objects-normal/arm64/Attributes.o -index-unit-output-path /SwiftSoup.build/Release-iphoneos/SwiftSoup.build/Objects-normal/arm64/BinarySearch.o -index-unit-output-path /SwiftSoup.build/Release-iphoneos/SwiftSoup.build/Objects-normal/arm64/BooleanAttribute.o -index-unit-output-path /SwiftSoup.build/Release-iphoneos/SwiftSoup.build/Objects-normal/arm64/CharacterExt.o -index-unit-output-path /SwiftSoup.build/Release-iphoneos/SwiftSoup.build/Objects-normal/arm64/CharacterReader.o -index-unit-output-path /SwiftSoup.build/Release-iphoneos/SwiftSoup.build/Objects-normal/arm64/Cleaner.o -index-unit-output-path /SwiftSoup.build/Release-iphoneos/SwiftSoup.build/Objects-normal/arm64/Collector.o -index-unit-output-path /SwiftSoup.build/Release-iphoneos/SwiftSoup.build/Objects-normal/arm64/CombiningEvaluator.o -index-unit-output-path /SwiftSoup.build/Release-iphoneos/SwiftSoup.build/Objects-normal/arm64/Comment.o -index-unit-output-path /SwiftSoup.build/Release-iphoneos/SwiftSoup.build/Objects-normal/arm64/Connection.o -index-unit-output-path /SwiftSoup.build/Release-iphoneos/SwiftSoup.build/Objects-normal/arm64/CssSelector.o -index-unit-output-path /SwiftSoup.build/Release-iphoneos/SwiftSoup.build/Objects-normal/arm64/DataNode.o -index-unit-output-path /SwiftSoup.build/Release-iphoneos/SwiftSoup.build/Objects-normal/arm64/DataUtil.o -index-unit-output-path /SwiftSoup.build/Release-iphoneos/SwiftSoup.build/Objects-normal/arm64/Document.o -index-unit-output-path /SwiftSoup.build/Release-iphoneos/SwiftSoup.build/Objects-normal/arm64/DocumentType.o -index-unit-output-path /SwiftSoup.build/Release-iphoneos/SwiftSoup.build/Objects-normal/arm64/Element.o -index-unit-output-path /SwiftSoup.build/Release-iphoneos/SwiftSoup.build/Objects-normal/arm64/Elements.o -index-unit-output-path /SwiftSoup.build/Release-iphoneos/SwiftSoup.build/Objects-normal/arm64/Entities.o -index-unit-output-path /SwiftSoup.build/Release-iphoneos/SwiftSoup.build/Objects-normal/arm64/Evaluator.o -index-unit-output-path /SwiftSoup.build/Release-iphoneos/SwiftSoup.build/Objects-normal/arm64/Exception.o -index-unit-output-path /SwiftSoup.build/Release-iphoneos/SwiftSoup.build/Objects-normal/arm64/FormElement.o -index-unit-output-path /SwiftSoup.build/Release-iphoneos/SwiftSoup.build/Objects-normal/arm64/HtmlTreeBuilder.o -index-unit-output-path /SwiftSoup.build/Release-iphoneos/SwiftSoup.build/Objects-normal/arm64/HtmlTreeBuilderState.o -index-unit-output-path /SwiftSoup.build/Release-iphoneos/SwiftSoup.build/Objects-normal/arm64/HttpStatusException.o -index-unit-output-path /SwiftSoup.build/Release-iphoneos/SwiftSoup.build/Objects-normal/arm64/Mutex.o -index-unit-output-path /SwiftSoup.build/Release-iphoneos/SwiftSoup.build/Objects-normal/arm64/Node.o -index-unit-output-path /SwiftSoup.build/Release-iphoneos/SwiftSoup.build/Objects-normal/arm64/NodeTraversor.o -index-unit-output-path /SwiftSoup.build/Release-iphoneos/SwiftSoup.build/Objects-normal/arm64/NodeVisitor.o -index-unit-output-path /SwiftSoup.build/Release-iphoneos/SwiftSoup.build/Objects-normal/arm64/OrderedSet.o -index-unit-output-path /SwiftSoup.build/Release-iphoneos/SwiftSoup.build/Objects-normal/arm64/ParseError.o -index-unit-output-path /SwiftSoup.build/Release-iphoneos/SwiftSoup.build/Objects-normal/arm64/ParseErrorList.o -index-unit-output-path /SwiftSoup.build/Release-iphoneos/SwiftSoup.build/Objects-normal/arm64/ParseSettings.o -index-unit-output-path /SwiftSoup.build/Release-iphoneos/SwiftSoup.build/Objects-normal/arm64/Parser.o -index-unit-output-path /SwiftSoup.build/Release-iphoneos/SwiftSoup.build/Objects-normal/arm64/ParsingStrings.o -index-unit-output-path /SwiftSoup.build/Release-iphoneos/SwiftSoup.build/Objects-normal/arm64/Pattern.o -index-unit-output-path /SwiftSoup.build/Release-iphoneos/SwiftSoup.build/Objects-normal/arm64/QueryParser.o -index-unit-output-path /SwiftSoup.build/Release-iphoneos/SwiftSoup.build/Objects-normal/arm64/SerializationException.o -index-unit-output-path /SwiftSoup.build/Release-iphoneos/SwiftSoup.build/Objects-normal/arm64/SimpleDictionary.o -index-unit-output-path /SwiftSoup.build/Release-iphoneos/SwiftSoup.build/Objects-normal/arm64/StreamReader.o -index-unit-output-path /SwiftSoup.build/Release-iphoneos/SwiftSoup.build/Objects-normal/arm64/String.o -index-unit-output-path /SwiftSoup.build/Release-iphoneos/SwiftSoup.build/Objects-normal/arm64/StringBuilder.o -index-unit-output-path /SwiftSoup.build/Release-iphoneos/SwiftSoup.build/Objects-normal/arm64/StringUtil.o -index-unit-output-path /SwiftSoup.build/Release-iphoneos/SwiftSoup.build/Objects-normal/arm64/StructuralEvaluator.o -index-unit-output-path /SwiftSoup.build/Release-iphoneos/SwiftSoup.build/Objects-normal/arm64/SwiftSoup.o -index-unit-output-path /SwiftSoup.build/Release-iphoneos/SwiftSoup.build/Objects-normal/arm64/Tag.o -index-unit-output-path /SwiftSoup.build/Release-iphoneos/SwiftSoup.build/Objects-normal/arm64/TextNode.o -index-unit-output-path /SwiftSoup.build/Release-iphoneos/SwiftSoup.build/Objects-normal/arm64/Token.o -index-unit-output-path /SwiftSoup.build/Release-iphoneos/SwiftSoup.build/Objects-normal/arm64/TokenQueue.o -index-unit-output-path /SwiftSoup.build/Release-iphoneos/SwiftSoup.build/Objects-normal/arm64/Tokeniser.o -index-unit-output-path /SwiftSoup.build/Release-iphoneos/SwiftSoup.build/Objects-normal/arm64/TokeniserState.o -index-unit-output-path /SwiftSoup.build/Release-iphoneos/SwiftSoup.build/Objects-normal/arm64/TreeBuilder.o -index-unit-output-path /SwiftSoup.build/Release-iphoneos/SwiftSoup.build/Objects-normal/arm64/UTF8Arrays.o -index-unit-output-path /SwiftSoup.build/Release-iphoneos/SwiftSoup.build/Objects-normal/arm64/UnfairLock.o -index-unit-output-path /SwiftSoup.build/Release-iphoneos/SwiftSoup.build/Objects-normal/arm64/UnicodeScalar.o -index-unit-output-path /SwiftSoup.build/Release-iphoneos/SwiftSoup.build/Objects-normal/arm64/Validate.o -index-unit-output-path /SwiftSoup.build/Release-iphoneos/SwiftSoup.build/Objects-normal/arm64/Whitelist.o -index-unit-output-path /SwiftSoup.build/Release-iphoneos/SwiftSoup.build/Objects-normal/arm64/XmlDeclaration.o -index-unit-output-path /SwiftSoup.build/Release-iphoneos/SwiftSoup.build/Objects-normal/arm64/XmlTreeBuilder.o
2026-10-06T12:59:21.3061740Z 
2026-10-06T12:59:21.3098060Z CompileSwift normal arm64 (in target 'SwiftSoup' from project 'SwiftSoup')
2026-10-06T12:59:21.3139780Z     cd /Users/runner/Library/Developer/Xcode/DerivedData/BookonDebug-ehazsigvxemoqzdtqumqzfgyfpkz/SourcePackages/checkouts/SwiftSoup
2026-10-06T12:59:21.3347260Z     /Applications/Xcode_15.4.app/Contents/Developer/Toolchains/XcodeDefault.xctoolchain/usr/bin/swift-frontend -c /Users/runner/Library/Developer/Xcode/DerivedData/BookonDebug-ehazsigvxemoqzdtqumqzfgyfpkz/SourcePackages/checkouts/SwiftSoup/Sources/ArrayExt.swift /Users/runner/Library/Developer/Xcode/DerivedData/BookonDebug-ehazsigvxemoqzdtqumqzfgyfpkz/SourcePackages/checkouts/SwiftSoup/Sources/Attribute.swift /Users/runner/Library/Developer/Xcode/DerivedData/BookonDebug-ehazsigvxemoqzdtqumqzfgyfpkz/SourcePackages/checkouts/SwiftSoup/Sources/Attributes.swift /Users/runner/Library/Developer/Xcode/DerivedData/BookonDebug-ehazsigvxemoqzdtqumqzfgyfpkz/SourcePackages/checkouts/SwiftSoup/Sources/BinarySearch.swift /Users/runner/Library/Developer/Xcode/DerivedData/BookonDebug-ehazsigvxemoqzdtqumqzfgyfpkz/SourcePackages/checkouts/SwiftSoup/Sources/BooleanAttribute.swift /Users/runner/Library/Developer/Xcode/DerivedData/BookonDebug-ehazsigvxemoqzdtqumqzfgyfpkz/SourcePackages/checkouts/SwiftSoup/Sources/CharacterExt.swift /Users/runner/Library/Developer/Xcode/DerivedData/BookonDebug-ehazsigvxemoqzdtqumqzfgyfpkz/SourcePackages/checkouts/SwiftSoup/Sources/CharacterReader.swift /Users/runner/Library/Developer/Xcode/DerivedData/BookonDebug-ehazsigvxemoqzdtqumqzfgyfpkz/SourcePackages/checkouts/SwiftSoup/Sources/Cleaner.swift /Users/runner/Library/Developer/Xcode/DerivedData/BookonDebug-ehazsigvxemoqzdtqumqzfgyfpkz/SourcePackages/checkouts/SwiftSoup/Sources/Collector.swift /Users/runner/Library/Developer/Xcode/DerivedData/BookonDebug-ehazsigvxemoqzdtqumqzfgyfpkz/SourcePackages/checkouts/SwiftSoup/Sources/CombiningEvaluator.swift /Users/runner/Library/Developer/Xcode/DerivedData/BookonDebug-ehazsigvxemoqzdtqumqzfgyfpkz/SourcePackages/checkouts/SwiftSoup/Sources/Comment.swift /Users/runner/Library/Developer/Xcode/DerivedData/BookonDebug-ehazsigvxemoqzdtqumqzfgyfpkz/SourcePackages/checkouts/SwiftSoup/Sources/Connection.swift /Users/runner/Library/Developer/Xcode/DerivedData/BookonDebug-ehazsigvxemoqzdtqumqzfgyfpkz/SourcePackages/checkouts/SwiftSoup/Sources/CssSelector.swift /Users/runner/Library/Developer/Xcode/DerivedData/BookonDebug-ehazsigvxemoqzdtqumqzfgyfpkz/SourcePackages/checkouts/SwiftSoup/Sources/DataNode.swift /Users/runner/Library/Developer/Xcode/DerivedData/BookonDebug-ehazsigvxemoqzdtqumqzfgyfpkz/SourcePackages/checkouts/SwiftSoup/Sources/DataUtil.swift /Users/runner/Library/Developer/Xcode/DerivedData/BookonDebug-ehazsigvxemoqzdtqumqzfgyfpkz/SourcePackages/checkouts/SwiftSoup/Sources/Document.swift /Users/runner/Library/Developer/Xcode/DerivedData/BookonDebug-ehazsigvxemoqzdtqumqzfgyfpkz/SourcePackages/checkouts/SwiftSoup/Sources/DocumentType.swift /Users/runner/Library/Developer/Xcode/DerivedData/BookonDebug-ehazsigvxemoqzdtqumqzfgyfpkz/SourcePackages/checkouts/SwiftSoup/Sources/Element.swift /Users/runner/Library/Developer/Xcode/DerivedData/BookonDebug-ehazsigvxemoqzdtqumqzfgyfpkz/SourcePackages/checkouts/SwiftSoup/Sources/Elements.swift /Users/runner/Library/Developer/Xcode/DerivedData/BookonDebug-ehazsigvxemoqzdtqumqzfgyfpkz/SourcePackages/checkouts/SwiftSoup/Sources/Entities.swift /Users/runner/Library/Developer/Xcode/DerivedData/BookonDebug-ehazsigvxemoqzdtqumqzfgyfpkz/SourcePackages/checkouts/SwiftSoup/Sources/Evaluator.swift /Users/runner/Library/Developer/Xcode/DerivedData/BookonDebug-ehazsigvxemoqzdtqumqzfgyfpkz/SourcePackages/checkouts/SwiftSoup/Sources/Exception.swift /Users/runner/Library/Developer/Xcode/DerivedData/BookonDebug-ehazsigvxemoqzdtqumqzfgyfpkz/SourcePackages/checkouts/SwiftSoup/Sources/FormElement.swift /Users/runner/Library/Developer/Xcode/DerivedData/BookonDebug-ehazsigvxemoqzdtqumqzfgyfpkz/SourcePackages/checkouts/SwiftSoup/Sources/HtmlTreeBuilder.swift /Users/runner/Library/Developer/Xcode/DerivedData/BookonDebug-ehazsigvxemoqzdtqumqzfgyfpkz/SourcePackages/checkouts/SwiftSoup/Sources/HtmlTreeBuilderState.swift /Users/runner/Library/Developer/Xcode/DerivedData/BookonDebug-ehazsigvxemoqzdtqumqzfgyfpkz/SourcePackages/checkouts/SwiftSoup/Sources/HttpStatusException.swift /Users/runner/Library/Developer/Xcode/DerivedData/BookonDebug-ehazsigvxemoqzdtqumqzfgyfpkz/SourcePackages/checkouts/SwiftSoup/Sources/Mutex.swift /Users/runner/Library/Developer/Xcode/DerivedData/BookonDebug-ehazsigvxemoqzdtqumqzfgyfpkz/SourcePackages/checkouts/SwiftSoup/Sources/Node.swift /Users/runner/Library/Developer/Xcode/DerivedData/BookonDebug-ehazsigvxemoqzdtqumqzfgyfpkz/SourcePackages/checkouts/SwiftSoup/Sources/NodeTraversor.swift /Users/runner/Library/Developer/Xcode/DerivedData/BookonDebug-ehazsigvxemoqzdtqumqzfgyfpkz/SourcePackages/checkouts/SwiftSoup/Sources/NodeVisitor.swift /Users/runner/Library/Developer/Xcode/DerivedData/BookonDebug-ehazsigvxemoqzdtqumqzfgyfpkz/SourcePackages/checkouts/SwiftSoup/Sources/OrderedSet.swift /Users/runner/Library/Developer/Xcode/DerivedData/BookonDebug-ehazsigvxemoqzdtqumqzfgyfpkz/SourcePackages/checkouts/SwiftSoup/Sources/ParseError.swift /Users/runner/Library/Developer/Xcode/DerivedData/BookonDebug-ehazsigvxemoqzdtqumqzfgyfpkz/SourcePackages/checkouts/SwiftSoup/Sources/ParseErrorList.swift /Users/runner/Library/Developer/Xcode/DerivedData/BookonDebug-ehazsigvxemoqzdtqumqzfgyfpkz/SourcePackages/checkouts/SwiftSoup/Sources/ParseSettings.swift /Users/runner/Library/Developer/Xcode/DerivedData/BookonDebug-ehazsigvxemoqzdtqumqzfgyfpkz/SourcePackages/checkouts/SwiftSoup/Sources/Parser.swift /Users/runner/Library/Developer/Xcode/DerivedData/BookonDebug-ehazsigvxemoqzdtqumqzfgyfpkz/SourcePackages/checkouts/SwiftSoup/Sources/ParsingStrings.swift /Users/runner/Library/Developer/Xcode/DerivedData/BookonDebug-ehazsigvxemoqzdtqumqzfgyfpkz/SourcePackages/checkouts/SwiftSoup/Sources/Pattern.swift /Users/runner/Library/Developer/Xcode/DerivedData/BookonDebug-ehazsigvxemoqzdtqumqzfgyfpkz/SourcePackages/checkouts/SwiftSoup/Sources/QueryParser.swift /Users/runner/Library/Developer/Xcode/DerivedData/BookonDebug-ehazsigvxemoqzdtqumqzfgyfpkz/SourcePackages/checkouts/SwiftSoup/Sources/SerializationException.swift /Users/runner/Library/Developer/Xcode/DerivedData/BookonDebug-ehazsigvxemoqzdtqumqzfgyfpkz/SourcePackages/checkouts/SwiftSoup/Sources/SimpleDictionary.swift /Users/runner/Library/Developer/Xcode/DerivedData/BookonDebug-ehazsigvxemoqzdtqumqzfgyfpkz/SourcePackages/checkouts/SwiftSoup/Sources/StreamReader.swift /Users/runner/Library/Developer/Xcode/DerivedData/BookonDebug-ehazsigvxemoqzdtqumqzfgyfpkz/SourcePackages/checkouts/SwiftSoup/Sources/String.swift /Users/runner/Library/Developer/Xcode/DerivedData/BookonDebug-ehazsigvxemoqzdtqumqzfgyfpkz/SourcePackages/checkouts/SwiftSoup/Sources/StringBuilder.swift /Users/runner/Library/Developer/Xcode/DerivedData/BookonDebug-ehazsigvxemoqzdtqumqzfgyfpkz/SourcePackages/checkouts/SwiftSoup/Sources/StringUtil.swift /Users/runner/Library/Developer/Xcode/DerivedData/BookonDebug-ehazsigvxemoqzdtqumqzfgyfpkz/SourcePackages/checkouts/SwiftSoup/Sources/StructuralEvaluator.swift /Users/runner/Library/Developer/Xcode/DerivedData/BookonDebug-ehazsigvxemoqzdtqumqzfgyfpkz/SourcePackages/checkouts/SwiftSoup/Sources/SwiftSoup.swift /Users/runner/Library/Developer/Xcode/DerivedData/BookonDebug-ehazsigvxemoqzdtqumqzfgyfpkz/SourcePackages/checkouts/SwiftSoup/Sources/Tag.swift /Users/runner/Library/Developer/Xcode/DerivedData/BookonDebug-ehazsigvxemoqzdtqumqzfgyfpkz/SourcePackages/checkouts/SwiftSoup/Sources/TextNode.swift /Users/runner/Library/Developer/Xcode/DerivedData/BookonDebug-ehazsigvxemoqzdtqumqzfgyfpkz/SourcePackages/checkouts/SwiftSoup/Sources/Token.swift /Users/runner/Library/Developer/Xcode/DerivedData/BookonDebug-ehazsigvxemoqzdtqumqzfgyfpkz/SourcePackages/checkouts/SwiftSoup/Sources/TokenQueue.swift /Users/runner/Library/Developer/Xcode/DerivedData/BookonDebug-ehazsigvxemoqzdtqumqzfgyfpkz/SourcePackages/checkouts/SwiftSoup/Sources/Tokeniser.swift /Users/runner/Library/Developer/Xcode/DerivedData/BookonDebug-ehazsigvxemoqzdtqumqzfgyfpkz/SourcePackages/checkouts/SwiftSoup/Sources/TokeniserState.swift /Users/runner/Library/Developer/Xcode/DerivedData/BookonDebug-ehazsigvxemoqzdtqumqzfgyfpkz/SourcePackages/checkouts/SwiftSoup/Sources/TreeBuilder.swift /Users/runner/Library/Developer/Xcode/DerivedData/BookonDebug-ehazsigvxemoqzdtqumqzfgyfpkz/SourcePackages/checkouts/SwiftSoup/Sources/UTF8Arrays.swift /Users/runner/Library/Developer/Xcode/DerivedData/BookonDebug-ehazsigvxemoqzdtqumqzfgyfpkz/SourcePackages/checkouts/SwiftSoup/Sources/UnfairLock.swift /Users/runner/Library/Developer/Xcode/DerivedData/BookonDebug-ehazsigvxemoqzdtqumqzfgyfpkz/SourcePackages/checkouts/SwiftSoup/Sources/UnicodeScalar.swift /Users/runner/Library/Developer/Xcode/DerivedData/BookonDebug-ehazsigvxemoqzdtqumqzfgyfpkz/SourcePackages/checkouts/SwiftSoup/Sources/Validate.swift /Users/runner/Library/Developer/Xcode/DerivedData/BookonDebug-ehazsigvxemoqzdtqumqzfgyfpkz/SourcePackages/checkouts/SwiftSoup/Sources/Whitelist.swift /Users/runner/Library/Developer/Xcode/DerivedData/BookonDebug-ehazsigvxemoqzdtqumqzfgyfpkz/SourcePackages/checkouts/SwiftSoup/Sources/XmlDeclaration.swift /Users/runner/Library/Developer/Xcode/DerivedData/BookonDebug-ehazsigvxemoqzdtqumqzfgyfpkz/SourcePackages/checkouts/SwiftSoup/Sources/XmlTreeBuilder.swift -supplementary-output-file-map /Users/runner/Library/Developer/Xcode/DerivedData/BookonDebug-ehazsigvxemoqzdtqumqzfgyfpkz/Build/Intermediates.noindex/ArchiveIntermediates/BookonDebug/IntermediateBuildFilesPath/SwiftSoup.build/Release-iphoneos/SwiftSoup.build/Objects-normal/arm64/supplementaryOutputs-1 -target arm64-apple-ios13.0 -Xllvm -aarch64-use-tbi -enable-objc-interop -stack-check -sdk /Applications/Xcode_15.4.app/Contents/Developer/Platforms/iPhoneOS.platform/Developer/SDKs/iPhoneOS17.5.sdk -I /Users/runner/Library/Developer/Xcode/DerivedData/BookonDebug-ehazsigvxemoqzdtqumqzfgyfpkz/Build/Intermediates.noindex/ArchiveIntermediates/BookonDebug/BuildProductsPath/Release-iphoneos -I /Applications/Xcode_15.4.app/Contents/Developer/Platforms/iPhoneOS.platform/Developer/usr/lib -F /Users/runner/Library/Developer/Xcode/DerivedData/BookonDebug-ehazsigvxemoqzdtqumqzfgyfpkz/Build/Intermediates.noindex/ArchiveIntermediates/BookonDebug/BuildProductsPath/Release-iphoneos -F /Applications/Xcode_15.4.app/Contents/Developer/Platforms/iPhoneOS.platform/Developer/Library/Frameworks -F /Applications/Xcode_15.4.app/Contents/Developer/Platforms/iPhoneOS.platform/Developer/SDKs/iPhoneOS17.5.sdk/Developer/Library/Frameworks -no-color-diagnostics -g -module-cache-path /Users/runner/Library/Developer/Xcode/DerivedData/ModuleCache.noindex -suppress-warnings -swift-version 5 -enforce-exclusivity\=checked -O -D SWIFT_PACKAGE -D Xcode -serialize-debugging-options -package-name swiftsoup -const-gather-protocols-file /Users/runner/Library/Developer/Xcode/DerivedData/BookonDebug-ehazsigvxemoqzdtqumqzfgyfpkz/Build/Intermediates.noindex/ArchiveIntermediates/BookonDebug/IntermediateBuildFilesPath/SwiftSoup.build/Release-iphoneos/SwiftSoup.build/Objects-normal/arm64/SwiftSoup_const_extract_protocols.json -empty-abi-descriptor -validate-clang-modules-once -clang-build-session-file /Users/runner/Library/Developer/Xcode/DerivedData/ModuleCache.noindex/Session.modulevalidation -Xcc -working-directory -Xcc /Users/runner/Library/Developer/Xcode/DerivedData/BookonDebug-ehazsigvxemoqzdtqumqzfgyfpkz/SourcePackages/checkouts/SwiftSoup -resource-dir /Applications/Xcode_15.4.app/Contents/Developer/Toolchains/XcodeDefault.xctoolchain/usr/lib/swift -Xcc -ivfsstatcache -Xcc /Users/runner/Library/Developer/Xcode/DerivedData/SDKStatCaches.noindex/iphoneos17.5-21F77-f0fa7969d082b13145125136a829df3a.sdkstatcache -Xcc -I/Users/runner/Library/Developer/Xcode/DerivedData/BookonDebug-ehazsigvxemoqzdtqumqzfgyfpkz/Build/Intermediates.noindex/ArchiveIntermediates/BookonDebug/IntermediateBuildFilesPath/SwiftSoup.build/Release-iphoneos/SwiftSoup.build/swift-overrides.hmap -Xcc -I/Users/runner/Library/Developer/Xcode/DerivedData/BookonDebug-ehazsigvxemoqzdtqumqzfgyfpkz/Build/Intermediates.noindex/ArchiveIntermediates/BookonDebug/BuildProductsPath/Release-iphoneos/include -Xcc -I/Users/runner/Library/Developer/Xcode/DerivedData/BookonDebug-ehazsigvxemoqzdtqumqzfgyfpkz/Build/Intermediates.noindex/ArchiveIntermediates/BookonDebug/IntermediateBuildFilesPath/SwiftSoup.build/Release-iphoneos/SwiftSoup.build/DerivedSources-normal/arm64 -Xcc -I/Users/runner/Library/Developer/Xcode/DerivedData/BookonDebug-ehazsigvxemoqzdtqumqzfgyfpkz/Build/Intermediates.noindex/ArchiveIntermediates/BookonDebug/IntermediateBuildFilesPath/SwiftSoup.build/Release-iphoneos/SwiftSoup.build/DerivedSources/arm64 -Xcc -I/Users/runner/Library/Developer/Xcode/DerivedData/BookonDebug-ehazsigvxemoqzdtqumqzfgyfpkz/Build/Intermediates.noindex/ArchiveIntermediates/BookonDebug/IntermediateBuildFilesPath/SwiftSoup.build/Release-iphoneos/SwiftSoup.build/DerivedSources -Xcc -DSWIFT_PACKAGE -module-name SwiftSoup -frontend-parseable-output -disable-clang-spi -target-sdk-version 17.5 -target-sdk-name iphoneos17.5 -external-plugin-path /Applications/Xcode_15.4.app/Contents/Developer/Platforms/iPhoneOS.platform/Developer/SDKs/iPhoneOS17.5.sdk/usr/lib/swift/host/plugins\#/Applications/Xcode_15.4.app/Contents/Developer/Platforms/iPhoneOS.platform/Developer/SDKs/iPhoneOS17.5.sdk/usr/bin/swift-plugin-server -external-plugin-path /Applications/Xcode_15.4.app/Contents/Developer/Platforms/iPhoneOS.platform/Developer/SDKs/iPhoneOS17.5.sdk/usr/local/lib/swift/host/plugins\#/Applications/Xcode_15.4.app/Contents/Developer/Platforms/iPhoneOS.platform/Developer/SDKs/iPhoneOS17.5.sdk/usr/bin/swift-plugin-server -external-plugin-path /Applications/Xcode_15.4.app/Contents/Developer/Platforms/iPhoneOS.platform/Developer/usr/lib/swift/host/plugins\#/Applications/Xcode_15.4.app/Contents/Developer/Platforms/iPhoneOS.platform/Developer/usr/bin/swift-plugin-server -external-plugin-path /Applications/Xcode_15.4.app/Contents/Developer/Platforms/iPhoneOS.platform/Developer/usr/local/lib/swift/host/plugins\#/Applications/Xcode_15.4.app/Contents/Developer/Platforms/iPhoneOS.platform/Developer/usr/bin/swift-plugin-server -plugin-path /Applications/Xcode_15.4.app/Contents/Developer/Toolchains/XcodeDefault.xctoolchain/usr/lib/swift/host/plugins -plugin-path /Applications/Xcode_15.4.app/Contents/Developer/Toolchains/XcodeDefault.xctoolchain/usr/local/lib/swift/host/plugins -enable-default-cmo -num-threads 3 -o /Users/runner/Library/Developer/Xcode/DerivedData/BookonDebug-ehazsigvxemoqzdtqumqzfgyfpkz/Build/Intermediates.noindex/ArchiveIntermediates/BookonDebug/IntermediateBuildFilesPath/SwiftSoup.build/Release-iphoneos/SwiftSoup.build/Objects-normal/arm64/ArrayExt.o -o /Users/runner/Library/Developer/Xcode/DerivedData/BookonDebug-ehazsigvxemoqzdtqumqzfgyfpkz/Build/Intermediates.noindex/ArchiveIntermediates/BookonDebug/IntermediateBuildFilesPath/SwiftSoup.build/Release-iphoneos/SwiftSoup.build/Objects-normal/arm64/Attribute.o -o /Users/runner/Library/Developer/Xcode/DerivedData/BookonDebug-ehazsigvxemoqzdtqumqzfgyfpkz/Build/Intermediates.noindex/ArchiveIntermediates/BookonDebug/IntermediateBuildFilesPath/SwiftSoup.build/Release-iphoneos/SwiftSoup.build/Objects-normal/arm64/Attributes.o -o /Users/runner/Library/Developer/Xcode/DerivedData/BookonDebug-ehazsigvxemoqzdtqumqzfgyfpkz/Build/Intermediates.noindex/ArchiveIntermediates/BookonDebug/IntermediateBuildFilesPath/SwiftSoup.build/Release-iphoneos/SwiftSoup.build/Objects-normal/arm64/BinarySearch.o -o /Users/runner/Library/Developer/Xcode/DerivedData/BookonDebug-ehazsigvxemoqzdtqumqzfgyfpkz/Build/Intermediates.noindex/ArchiveIntermediates/BookonDebug/IntermediateBuildFilesPath/SwiftSoup.build/Release-iphoneos/SwiftSoup.build/Objects-normal/arm64/BooleanAttribute.o -o /Users/runner/Library/Developer/Xcode/DerivedData/BookonDebug-ehazsigvxemoqzdtqumqzfgyfpkz/Build/Intermediates.noindex/ArchiveIntermediates/BookonDebug/IntermediateBuildFilesPath/SwiftSoup.build/Release-iphoneos/SwiftSoup.build/Objects-normal/arm64/CharacterExt.o -o /Users/runner/Library/Developer/Xcode/DerivedData/BookonDebug-ehazsigvxemoqzdtqumqzfgyfpkz/Build/Intermediates.noindex/ArchiveIntermediates/BookonDebug/IntermediateBuildFilesPath/SwiftSoup.build/Release-iphoneos/SwiftSoup.build/Objects-normal/arm64/CharacterReader.o -o /Users/runner/Library/Developer/Xcode/DerivedData/BookonDebug-ehazsigvxemoqzdtqumqzfgyfpkz/Build/Intermediates.noindex/ArchiveIntermediates/BookonDebug/IntermediateBuildFilesPath/SwiftSoup.build/Release-iphoneos/SwiftSoup.build/Objects-normal/arm64/Cleaner.o -o /Users/runner/Library/Developer/Xcode/DerivedData/BookonDebug-ehazsigvxemoqzdtqumqzfgyfpkz/Build/Intermediates.noindex/ArchiveIntermediates/BookonDebug/IntermediateBuildFilesPath/SwiftSoup.build/Release-iphoneos/SwiftSoup.build/Objects-normal/arm64/Collector.o -o /Users/runner/Library/Developer/Xcode/DerivedData/BookonDebug-ehazsigvxemoqzdtqumqzfgyfpkz/Build/Intermediates.noindex/ArchiveIntermediates/BookonDebug/IntermediateBuildFilesPath/SwiftSoup.build/Release-iphoneos/SwiftSoup.build/Objects-normal/arm64/CombiningEvaluator.o -o /Users/runner/Library/Developer/Xcode/DerivedData/BookonDebug-ehazsigvxemoqzdtqumqzfgyfpkz/Build/Intermediates.noindex/ArchiveIntermediates/BookonDebug/IntermediateBuildFilesPath/SwiftSoup.build/Release-iphoneos/SwiftSoup.build/Objects-normal/arm64/Comment.o -o /Users/runner/Library/Developer/Xcode/DerivedData/BookonDebug-ehazsigvxemoqzdtqumqzfgyfpkz/Build/Intermediates.noindex/ArchiveIntermediates/BookonDebug/IntermediateBuildFilesPath/SwiftSoup.build/Release-iphoneos/SwiftSoup.build/Objects-normal/arm64/Connection.o -o /Users/runner/Library/Developer/Xcode/DerivedData/BookonDebug-ehazsigvxemoqzdtqumqzfgyfpkz/Build/Intermediates.noindex/ArchiveIntermediates/BookonDebug/IntermediateBuildFilesPath/SwiftSoup.build/Release-iphoneos/SwiftSoup.build/Objects-normal/arm64/CssSelector.o -o /Users/runner/Library/Developer/Xcode/DerivedData/BookonDebug-ehazsigvxemoqzdtqumqzfgyfpkz/Build/Intermediates.noindex/ArchiveIntermediates/BookonDebug/IntermediateBuildFilesPath/SwiftSoup.build/Release-iphoneos/SwiftSoup.build/Objects-normal/arm64/DataNode.o -o /Users/runner/Library/Developer/Xcode/DerivedData/BookonDebug-ehazsigvxemoqzdtqumqzfgyfpkz/Build/Intermediates.noindex/ArchiveIntermediates/BookonDebug/IntermediateBuildFilesPath/SwiftSoup.build/Release-iphoneos/SwiftSoup.build/Objects-normal/arm64/DataUtil.o -o /Users/runner/Library/Developer/Xcode/DerivedData/BookonDebug-ehazsigvxemoqzdtqumqzfgyfpkz/Build/Intermediates.noindex/ArchiveIntermediates/BookonDebug/IntermediateBuildFilesPath/SwiftSoup.build/Release-iphoneos/SwiftSoup.build/Objects-normal/arm64/Document.o -o /Users/runner/Library/Developer/Xcode/DerivedData/BookonDebug-ehazsigvxemoqzdtqumqzfgyfpkz/Build/Intermediates.noindex/ArchiveIntermediates/BookonDebug/IntermediateBuildFilesPath/SwiftSoup.build/Release-iphoneos/SwiftSoup.build/Objects-normal/arm64/DocumentType.o -o /Users/runner/Library/Developer/Xcode/DerivedData/BookonDebug-ehazsigvxemoqzdtqumqzfgyfpkz/Build/Intermediates.noindex/ArchiveIntermediates/BookonDebug/IntermediateBuildFilesPath/SwiftSoup.build/Release-iphoneos/SwiftSoup.build/Objects-normal/arm64/Element.o -o /Users/runner/Library/Developer/Xcode/DerivedData/BookonDebug-ehazsigvxemoqzdtqumqzfgyfpkz/Build/Intermediates.noindex/ArchiveIntermediates/BookonDebug/IntermediateBuildFilesPath/SwiftSoup.build/Release-iphoneos/SwiftSoup.build/Objects-normal/arm64/Elements.o -o /Users/runner/Library/Developer/Xcode/DerivedData/BookonDebug-ehazsigvxemoqzdtqumqzfgyfpkz/Build/Intermediates.noindex/ArchiveIntermediates/BookonDebug/IntermediateBuildFilesPath/SwiftSoup.build/Release-iphoneos/SwiftSoup.build/Objects-normal/arm64/Entities.o -o /Users/runner/Library/Developer/Xcode/DerivedData/BookonDebug-ehazsigvxemoqzdtqumqzfgyfpkz/Build/Intermediates.noindex/ArchiveIntermediates/BookonDebug/IntermediateBuildFilesPath/SwiftSoup.build/Release-iphoneos/SwiftSoup.build/Objects-normal/arm64/Evaluator.o -o /Users/runner/Library/Developer/Xcode/DerivedData/BookonDebug-ehazsigvxemoqzdtqumqzfgyfpkz/Build/Intermediates.noindex/ArchiveIntermediates/BookonDebug/IntermediateBuildFilesPath/SwiftSoup.build/Release-iphoneos/SwiftSoup.build/Objects-normal/arm64/Exception.o -o /Users/runner/Library/Developer/Xcode/DerivedData/BookonDebug-ehazsigvxemoqzdtqumqzfgyfpkz/Build/Intermediates.noindex/ArchiveIntermediates/BookonDebug/IntermediateBuildFilesPath/SwiftSoup.build/Release-iphoneos/SwiftSoup.build/Objects-normal/arm64/FormElement.o -o /Users/runner/Library/Developer/Xcode/DerivedData/BookonDebug-ehazsigvxemoqzdtqumqzfgyfpkz/Build/Intermediates.noindex/ArchiveIntermediates/BookonDebug/IntermediateBuildFilesPath/SwiftSoup.build/Release-iphoneos/SwiftSoup.build/Objects-normal/arm64/HtmlTreeBuilder.o -o /Users/runner/Library/Developer/Xcode/DerivedData/BookonDebug-ehazsigvxemoqzdtqumqzfgyfpkz/Build/Intermediates.noindex/ArchiveIntermediates/BookonDebug/IntermediateBuildFilesPath/SwiftSoup.build/Release-iphoneos/SwiftSoup.build/Objects-normal/arm64/HtmlTreeBuilderState.o -o /Users/runner/Library/Developer/Xcode/DerivedData/BookonDebug-ehazsigvxemoqzdtqumqzfgyfpkz/Build/Intermediates.noindex/ArchiveIntermediates/BookonDebug/IntermediateBuildFilesPath/SwiftSoup.build/Release-iphoneos/SwiftSoup.build/Objects-normal/arm64/HttpStatusException.o -o /Users/runner/Library/Developer/Xcode/DerivedData/BookonDebug-ehazsigvxemoqzdtqumqzfgyfpkz/Build/Intermediates.noindex/ArchiveIntermediates/BookonDebug/IntermediateBuildFilesPath/SwiftSoup.build/Release-iphoneos/SwiftSoup.build/Objects-normal/arm64/Mutex.o -o /Users/runner/Library/Developer/Xcode/DerivedData/BookonDebug-ehazsigvxemoqzdtqumqzfgyfpkz/Build/Intermediates.noindex/ArchiveIntermediates/BookonDebug/IntermediateBuildFilesPath/SwiftSoup.build/Release-iphoneos/SwiftSoup.build/Objects-normal/arm64/Node.o -o /Users/runner/Library/Developer/Xcode/DerivedData/BookonDebug-ehazsigvxemoqzdtqumqzfgyfpkz/Build/Intermediates.noindex/ArchiveIntermediates/BookonDebug/IntermediateBuildFilesPath/SwiftSoup.build/Release-iphoneos/SwiftSoup.build/Objects-normal/arm64/NodeTraversor.o -o /Users/runner/Library/Developer/Xcode/DerivedData/BookonDebug-ehazsigvxemoqzdtqumqzfgyfpkz/Build/Intermediates.noindex/ArchiveIntermediates/BookonDebug/IntermediateBuildFilesPath/SwiftSoup.build/Release-iphoneos/SwiftSoup.build/Objects-normal/arm64/NodeVisitor.o -o /Users/runner/Library/Developer/Xcode/DerivedData/BookonDebug-ehazsigvxemoqzdtqumqzfgyfpkz/Build/Intermediates.noindex/ArchiveIntermediates/BookonDebug/IntermediateBuildFilesPath/SwiftSoup.build/Release-iphoneos/SwiftSoup.build/Objects-normal/arm64/OrderedSet.o -o /Users/runner/Library/Developer/Xcode/DerivedData/BookonDebug-ehazsigvxemoqzdtqumqzfgyfpkz/Build/Intermediates.noindex/ArchiveIntermediates/BookonDebug/IntermediateBuildFilesPath/SwiftSoup.build/Release-iphoneos/SwiftSoup.build/Objects-normal/arm64/ParseError.o -o /Users/runner/Library/Developer/Xcode/DerivedData/BookonDebug-ehazsigvxemoqzdtqumqzfgyfpkz/Build/Intermediates.noindex/ArchiveIntermediates/BookonDebug/IntermediateBuildFilesPath/SwiftSoup.build/Release-iphoneos/SwiftSoup.build/Objects-normal/arm64/ParseErrorList.o -o /Users/runner/Library/Developer/Xcode/DerivedData/BookonDebug-ehazsigvxemoqzdtqumqzfgyfpkz/Build/Intermediates.noindex/ArchiveIntermediates/BookonDebug/IntermediateBuildFilesPath/SwiftSoup.build/Release-iphoneos/SwiftSoup.build/Objects-normal/arm64/ParseSettings.o -o /Users/runner/Library/Developer/Xcode/DerivedData/BookonDebug-ehazsigvxemoqzdtqumqzfgyfpkz/Build/Intermediates.noindex/ArchiveIntermediates/BookonDebug/IntermediateBuildFilesPath/SwiftSoup.build/Release-iphoneos/SwiftSoup.build/Objects-normal/arm64/Parser.o -o /Users/runner/Library/Developer/Xcode/DerivedData/BookonDebug-ehazsigvxemoqzdtqumqzfgyfpkz/Build/Intermediates.noindex/ArchiveIntermediates/BookonDebug/IntermediateBuildFilesPath/SwiftSoup.build/Release-iphoneos/SwiftSoup.build/Objects-normal/arm64/ParsingStrings.o -o /Users/runner/Library/Developer/Xcode/DerivedData/BookonDebug-ehazsigvxemoqzdtqumqzfgyfpkz/Build/Intermediates.noindex/ArchiveIntermediates/BookonDebug/IntermediateBuildFilesPath/SwiftSoup.build/Release-iphoneos/SwiftSoup.build/Objects-normal/arm64/Pattern.o -o /Users/runner/Library/Developer/Xcode/DerivedData/BookonDebug-ehazsigvxemoqzdtqumqzfgyfpkz/Build/Intermediates.noindex/ArchiveIntermediates/BookonDebug/IntermediateBuildFilesPath/SwiftSoup.build/Release-iphoneos/SwiftSoup.build/Objects-normal/arm64/QueryParser.o -o /Users/runner/Library/Developer/Xcode/DerivedData/BookonDebug-ehazsigvxemoqzdtqumqzfgyfpkz/Build/Intermediates.noindex/ArchiveIntermediates/BookonDebug/IntermediateBuildFilesPath/SwiftSoup.build/Release-iphoneos/SwiftSoup.build/Objects-normal/arm64/SerializationException.o -o /Users/runner/Library/Developer/Xcode/DerivedData/BookonDebug-ehazsigvxemoqzdtqumqzfgyfpkz/Build/Intermediates.noindex/ArchiveIntermediates/BookonDebug/IntermediateBuildFilesPath/SwiftSoup.build/Release-iphoneos/SwiftSoup.build/Objects-normal/arm64/SimpleDictionary.o -o /Users/runner/Library/Developer/Xcode/DerivedData/BookonDebug-ehazsigvxemoqzdtqumqzfgyfpkz/Build/Intermediates.noindex/ArchiveIntermediates/BookonDebug/IntermediateBuildFilesPath/SwiftSoup.build/Release-iphoneos/SwiftSoup.build/Objects-normal/arm64/StreamReader.o -o /Users/runner/Library/Developer/Xcode/DerivedData/BookonDebug-ehazsigvxemoqzdtqumqzfgyfpkz/Build/Intermediates.noindex/ArchiveIntermediates/BookonDebug/IntermediateBuildFilesPath/SwiftSoup.build/Release-iphoneos/SwiftSoup.build/Objects-normal/arm64/String.o -o /Users/runner/Library/Developer/Xcode/DerivedData/BookonDebug-ehazsigvxemoqzdtqumqzfgyfpkz/Build/Intermediates.noindex/ArchiveIntermediates/BookonDebug/IntermediateBuildFilesPath/SwiftSoup.build/Release-iphoneos/SwiftSoup.build/Objects-normal/arm64/StringBuilder.o -o /Users/runner/Library/Developer/Xcode/DerivedData/BookonDebug-ehazsigvxemoqzdtqumqzfgyfpkz/Build/Intermediates.noindex/ArchiveIntermediates/BookonDebug/IntermediateBuildFilesPath/SwiftSoup.build/Release-iphoneos/SwiftSoup.build/Objects-normal/arm64/StringUtil.o -o /Users/runner/Library/Developer/Xcode/DerivedData/BookonDebug-ehazsigvxemoqzdtqumqzfgyfpkz/Build/Intermediates.noindex/ArchiveIntermediates/BookonDebug/IntermediateBuildFilesPath/SwiftSoup.build/Release-iphoneos/SwiftSoup.build/Objects-normal/arm64/StructuralEvaluator.o -o /Users/runner/Library/Developer/Xcode/DerivedData/BookonDebug-ehazsigvxemoqzdtqumqzfgyfpkz/Build/Intermediates.noindex/ArchiveIntermediates/BookonDebug/IntermediateBuildFilesPath/SwiftSoup.build/Release-iphoneos/SwiftSoup.build/Objects-normal/arm64/SwiftSoup.o -o /Users/runner/Library/Developer/Xcode/DerivedData/BookonDebug-ehazsigvxemoqzdtqumqzfgyfpkz/Build/Intermediates.noindex/ArchiveIntermediates/BookonDebug/IntermediateBuildFilesPath/SwiftSoup.build/Release-iphoneos/SwiftSoup.build/Objects-normal/arm64/Tag.o -o /Users/runner/Library/Developer/Xcode/DerivedData/BookonDebug-ehazsigvxemoqzdtqumqzfgyfpkz/Build/Intermediates.noindex/ArchiveIntermediates/BookonDebug/IntermediateBuildFilesPath/SwiftSoup.build/Release-iphoneos/SwiftSoup.build/Objects-normal/arm64/TextNode.o -o /Users/runner/Library/Developer/Xcode/DerivedData/BookonDebug-ehazsigvxemoqzdtqumqzfgyfpkz/Build/Intermediates.noindex/ArchiveIntermediates/BookonDebug/IntermediateBuildFilesPath/SwiftSoup.build/Release-iphoneos/SwiftSoup.build/Objects-normal/arm64/Token.o -o /Users/runner/Library/Developer/Xcode/DerivedData/BookonDebug-ehazsigvxemoqzdtqumqzfgyfpkz/Build/Intermediates.noindex/ArchiveIntermediates/BookonDebug/IntermediateBuildFilesPath/SwiftSoup.build/Release-iphoneos/SwiftSoup.build/Objects-normal/arm64/TokenQueue.o -o /Users/runner/Library/Developer/Xcode/DerivedData/BookonDebug-ehazsigvxemoqzdtqumqzfgyfpkz/Build/Intermediates.noindex/ArchiveIntermediates/BookonDebug/IntermediateBuildFilesPath/SwiftSoup.build/Release-iphoneos/SwiftSoup.build/Objects-normal/arm64/Tokeniser.o -o /Users/runner/Library/Developer/Xcode/DerivedData/BookonDebug-ehazsigvxemoqzdtqumqzfgyfpkz/Build/Intermediates.noindex/ArchiveIntermediates/BookonDebug/IntermediateBuildFilesPath/SwiftSoup.build/Release-iphoneos/SwiftSoup.build/Objects-normal/arm64/TokeniserState.o -o /Users/runner/Library/Developer/Xcode/DerivedData/BookonDebug-ehazsigvxemoqzdtqumqzfgyfpkz/Build/Intermediates.noindex/ArchiveIntermediates/BookonDebug/IntermediateBuildFilesPath/SwiftSoup.build/Release-iphoneos/SwiftSoup.build/Objects-normal/arm64/TreeBuilder.o -o /Users/runner/Library/Developer/Xcode/DerivedData/BookonDebug-ehazsigvxemoqzdtqumqzfgyfpkz/Build/Intermediates.noindex/ArchiveIntermediates/BookonDebug/IntermediateBuildFilesPath/SwiftSoup.build/Release-iphoneos/SwiftSoup.build/Objects-normal/arm64/UTF8Arrays.o -o /Users/runner/Library/Developer/Xcode/DerivedData/BookonDebug-ehazsigvxemoqzdtqumqzfgyfpkz/Build/Intermediates.noindex/ArchiveIntermediates/BookonDebug/IntermediateBuildFilesPath/SwiftSoup.build/Release-iphoneos/SwiftSoup.build/Objects-normal/arm64/UnfairLock.o -o /Users/runner/Library/Developer/Xcode/DerivedData/BookonDebug-ehazsigvxemoqzdtqumqzfgyfpkz/Build/Intermediates.noindex/ArchiveIntermediates/BookonDebug/IntermediateBuildFilesPath/SwiftSoup.build/Release-iphoneos/SwiftSoup.build/Objects-normal/arm64/UnicodeScalar.o -o /Users/runner/Library/Developer/Xcode/DerivedData/BookonDebug-ehazsigvxemoqzdtqumqzfgyfpkz/Build/Intermediates.noindex/ArchiveIntermediates/BookonDebug/IntermediateBuildFilesPath/SwiftSoup.build/Release-iphoneos/SwiftSoup.build/Objects-normal/arm64/Validate.o -o /Users/runner/Library/Developer/Xcode/DerivedData/BookonDebug-ehazsigvxemoqzdtqumqzfgyfpkz/Build/Intermediates.noindex/ArchiveIntermediates/BookonDebug/IntermediateBuildFilesPath/SwiftSoup.build/Release-iphoneos/SwiftSoup.build/Objects-normal/arm64/Whitelist.o -o /Users/runner/Library/Developer/Xcode/DerivedData/BookonDebug-ehazsigvxemoqzdtqumqzfgyfpkz/Build/Intermediates.noindex/ArchiveIntermediates/BookonDebug/IntermediateBuildFilesPath/SwiftSoup.build/Release-iphoneos/SwiftSoup.build/Objects-normal/arm64/XmlDeclaration.o -o /Users/runner/Library/Developer/Xcode/DerivedData/BookonDebug-ehazsigvxemoqzdtqumqzfgyfpkz/Build/Intermediates.noindex/ArchiveIntermediates/BookonDebug/IntermediateBuildFilesPath/SwiftSoup.build/Release-iphoneos/SwiftSoup.build/Objects-normal/arm64/XmlTreeBuilder.o -index-unit-output-path /SwiftSoup.build/Release-iphoneos/SwiftSoup.build/Objects-normal/arm64/ArrayExt.o -index-unit-output-path /SwiftSoup.build/Release-iphoneos/SwiftSoup.build/Objects-normal/arm64/Attribute.o -index-unit-output-path /SwiftSoup.build/Release-iphoneos/SwiftSoup.build/Objects-normal/arm64/Attributes.o -index-unit-output-path /SwiftSoup.build/Release-iphoneos/SwiftSoup.build/Objects-normal/arm64/BinarySearch.o -index-unit-output-path /SwiftSoup.build/Release-iphoneos/SwiftSoup.build/Objects-normal/arm64/BooleanAttribute.o -index-unit-output-path /SwiftSoup.build/Release-iphoneos/SwiftSoup.build/Objects-normal/arm64/CharacterExt.o -index-unit-output-path /SwiftSoup.build/Release-iphoneos/SwiftSoup.build/Objects-normal/arm64/CharacterReader.o -index-unit-output-path /SwiftSoup.build/Release-iphoneos/SwiftSoup.build/Objects-normal/arm64/Cleaner.o -index-unit-output-path /SwiftSoup.build/Release-iphoneos/SwiftSoup.build/Objects-normal/arm64/Collector.o -index-unit-output-path /SwiftSoup.build/Release-iphoneos/SwiftSoup.build/Objects-normal/arm64/CombiningEvaluator.o -index-unit-output-path /SwiftSoup.build/Release-iphoneos/SwiftSoup.build/Objects-normal/arm64/Comment.o -index-unit-output-path /SwiftSoup.build/Release-iphoneos/SwiftSoup.build/Objects-normal/arm64/Connection.o -index-unit-output-path /SwiftSoup.build/Release-iphoneos/SwiftSoup.build/Objects-normal/arm64/CssSelector.o -index-unit-output-path /SwiftSoup.build/Release-iphoneos/SwiftSoup.build/Objects-normal/arm64/DataNode.o -index-unit-output-path /SwiftSoup.build/Release-iphoneos/SwiftSoup.build/Objects-normal/arm64/DataUtil.o -index-unit-output-path /SwiftSoup.build/Release-iphoneos/SwiftSoup.build/Objects-normal/arm64/Document.o -index-unit-output-path /SwiftSoup.build/Release-iphoneos/SwiftSoup.build/Objects-normal/arm64/DocumentType.o -index-unit-output-path /SwiftSoup.build/Release-iphoneos/SwiftSoup.build/Objects-normal/arm64/Element.o -index-unit-output-path /SwiftSoup.build/Release-iphoneos/SwiftSoup.build/Objects-normal/arm64/Elements.o -index-unit-output-path /SwiftSoup.build/Release-iphoneos/SwiftSoup.build/Objects-normal/arm64/Entities.o -index-unit-output-path /SwiftSoup.build/Release-iphoneos/SwiftSoup.build/Objects-normal/arm64/Evaluator.o -index-unit-output-path /SwiftSoup.build/Release-iphoneos/SwiftSoup.build/Objects-normal/arm64/Exception.o -index-unit-output-path /SwiftSoup.build/Release-iphoneos/SwiftSoup.build/Objects-normal/arm64/FormElement.o -index-unit-output-path /SwiftSoup.build/Release-iphoneos/SwiftSoup.build/Objects-normal/arm64/HtmlTreeBuilder.o -index-unit-output-path /SwiftSoup.build/Release-iphoneos/SwiftSoup.build/Objects-normal/arm64/HtmlTreeBuilderState.o -index-unit-output-path /SwiftSoup.build/Release-iphoneos/SwiftSoup.build/Objects-normal/arm64/HttpStatusException.o -index-unit-output-path /SwiftSoup.build/Release-iphoneos/SwiftSoup.build/Objects-normal/arm64/Mutex.o -index-unit-output-path /SwiftSoup.build/Release-iphoneos/SwiftSoup.build/Objects-normal/arm64/Node.o -index-unit-output-path /SwiftSoup.build/Release-iphoneos/SwiftSoup.build/Objects-normal/arm64/NodeTraversor.o -index-unit-output-path /SwiftSoup.build/Release-iphoneos/SwiftSoup.build/Objects-normal/arm64/NodeVisitor.o -index-unit-output-path /SwiftSoup.build/Release-iphoneos/SwiftSoup.build/Objects-normal/arm64/OrderedSet.o -index-unit-output-path /SwiftSoup.build/Release-iphoneos/SwiftSoup.build/Objects-normal/arm64/ParseError.o -index-unit-output-path /SwiftSoup.build/Release-iphoneos/SwiftSoup.build/Objects-normal/arm64/ParseErrorList.o -index-unit-output-path /SwiftSoup.build/Release-iphoneos/SwiftSoup.build/Objects-normal/arm64/ParseSettings.o -index-unit-output-path /SwiftSoup.build/Release-iphoneos/SwiftSoup.build/Objects-normal/arm64/Parser.o -index-unit-output-path /SwiftSoup.build/Release-iphoneos/SwiftSoup.build/Objects-normal/arm64/ParsingStrings.o -index-unit-output-path /SwiftSoup.build/Release-iphoneos/SwiftSoup.build/Objects-normal/arm64/Pattern.o -index-unit-output-path /SwiftSoup.build/Release-iphoneos/SwiftSoup.build/Objects-normal/arm64/QueryParser.o -index-unit-output-path /SwiftSoup.build/Release-iphoneos/SwiftSoup.build/Objects-normal/arm64/SerializationException.o -index-unit-output-path /SwiftSoup.build/Release-iphoneos/SwiftSoup.build/Objects-normal/arm64/SimpleDictionary.o -index-unit-output-path /SwiftSoup.build/Release-iphoneos/SwiftSoup.build/Objects-normal/arm64/StreamReader.o -index-unit-output-path /SwiftSoup.build/Release-iphoneos/SwiftSoup.build/Objects-normal/arm64/String.o -index-unit-output-path /SwiftSoup.build/Release-iphoneos/SwiftSoup.build/Objects-normal/arm64/StringBuilder.o -index-unit-output-path /SwiftSoup.build/Release-iphoneos/SwiftSoup.build/Objects-normal/arm64/StringUtil.o -index-unit-output-path /SwiftSoup.build/Release-iphoneos/SwiftSoup.build/Objects-normal/arm64/StructuralEvaluator.o -index-unit-output-path /SwiftSoup.build/Release-iphoneos/SwiftSoup.build/Objects-normal/arm64/SwiftSoup.o -index-unit-output-path /SwiftSoup.build/Release-iphoneos/SwiftSoup.build/Objects-normal/arm64/Tag.o -index-unit-output-path /SwiftSoup.build/Release-iphoneos/SwiftSoup.build/Objects-normal/arm64/TextNode.o -index-unit-output-path /SwiftSoup.build/Release-iphoneos/SwiftSoup.build/Objects-normal/arm64/Token.o -index-unit-output-path /SwiftSoup.build/Release-iphoneos/SwiftSoup.build/Objects-normal/arm64/TokenQueue.o -index-unit-output-path /SwiftSoup.build/Release-iphoneos/SwiftSoup.build/Objects-normal/arm64/Tokeniser.o -index-unit-output-path /SwiftSoup.build/Release-iphoneos/SwiftSoup.build/Objects-normal/arm64/TokeniserState.o -index-unit-output-path /SwiftSoup.build/Release-iphoneos/SwiftSoup.build/Objects-normal/arm64/TreeBuilder.o -index-unit-output-path /SwiftSoup.build/Release-iphoneos/SwiftSoup.build/Objects-normal/arm64/UTF8Arrays.o -index-unit-output-path /SwiftSoup.build/Release-iphoneos/SwiftSoup.build/Objects-normal/arm64/UnfairLock.o -index-unit-output-path /SwiftSoup.build/Release-iphoneos/SwiftSoup.build/Objects-normal/arm64/UnicodeScalar.o -index-unit-output-path /SwiftSoup.build/Release-iphoneos/SwiftSoup.build/Objects-normal/arm64/Validate.o -index-unit-output-path /SwiftSoup.build/Release-iphoneos/SwiftSoup.build/Objects-normal/arm64/Whitelist.o -index-unit-output-path /SwiftSoup.build/Release-iphoneos/SwiftSoup.build/Objects-normal/arm64/XmlDeclaration.o -index-unit-output-path /SwiftSoup.build/Release-iphoneos/SwiftSoup.build/Objects-normal/arm64/XmlTreeBuilder.o
2026-10-06T12:59:57.3186720Z 
2026-10-06T12:59:57.3214680Z SwiftDriverJobDiscovery normal arm64 Compiling ArrayExt.swift, Attribute.swift, Attributes.swift, BinarySearch.swift, BooleanAttribute.swift, CharacterExt.swift, CharacterReader.swift, Cleaner.swift, Collector.swift, CombiningEvaluator.swift, Comment.swift, Connection.swift, CssSelector.swift, DataNode.swift, DataUtil.swift, Document.swift, DocumentType.swift, Element.swift, Elements.swift, Entities.swift, Evaluator.swift, Exception.swift, FormElement.swift, HtmlTreeBuilder.swift, HtmlTreeBuilderState.swift, HttpStatusException.swift, Mutex.swift, Node.swift, NodeTraversor.swift, NodeVisitor.swift, OrderedSet.swift, ParseError.swift, ParseErrorList.swift, ParseSettings.swift, Parser.swift, ParsingStrings.swift, Pattern.swift, QueryParser.swift, SerializationException.swift, SimpleDictionary.swift, StreamReader.swift, String.swift, StringBuilder.swift, StringUtil.swift, StructuralEvaluator.swift, SwiftSoup.swift, Tag.swift, TextNode.swift, Token.swift, TokenQueue.swift, Tokeniser.swift, TokeniserState.swift, TreeBuilder.swift, UTF8Arrays.swift, UnfairLock.swift, UnicodeScalar.swift, Validate.swift, Whitelist.swift, XmlDeclaration.swift, XmlTreeBuilder.swift (in target 'SwiftSoup' from project 'SwiftSoup')
2026-10-06T12:59:57.3226140Z 
2026-10-06T12:59:57.3227300Z SwiftDriver\ Compilation\ Requirements SwiftSoup normal arm64 com.apple.xcode.tools.swift.compiler (in target 'SwiftSoup' from project 'SwiftSoup')
2026-10-06T12:59:57.3230180Z     cd /Users/runner/Library/Developer/Xcode/DerivedData/BookonDebug-ehazsigvxemoqzdtqumqzfgyfpkz/SourcePackages/checkouts/SwiftSoup
2026-10-06T12:59:57.3277560Z     builtin-Swift-Compilation-Requirements -- /Applications/Xcode_15.4.app/Contents/Developer/Toolchains/XcodeDefault.xctoolchain/usr/bin/swiftc -module-name SwiftSoup -O -whole-module-optimization -enforce-exclusivity\=checked @/Users/runner/Library/Developer/Xcode/DerivedData/BookonDebug-ehazsigvxemoqzdtqumqzfgyfpkz/Build/Intermediates.noindex/ArchiveIntermediates/BookonDebug/IntermediateBuildFilesPath/SwiftSoup.build/Release-iphoneos/SwiftSoup.build/Objects-normal/arm64/SwiftSoup.SwiftFileList -DSWIFT_PACKAGE -DXcode -sdk /Applications/Xcode_15.4.app/Contents/Developer/Platforms/iPhoneOS.platform/Developer/SDKs/iPhoneOS17.5.sdk -target arm64-apple-ios13.0 -g -module-cache-path /Users/runner/Library/Developer/Xcode/DerivedData/ModuleCache.noindex -Xfrontend -serialize-debugging-options -suppress-warnings -swift-version 5 -I /Users/runner/Library/Developer/Xcode/DerivedData/BookonDebug-ehazsigvxemoqzdtqumqzfgyfpkz/Build/Intermediates.noindex/ArchiveIntermediates/BookonDebug/BuildProductsPath/Release-iphoneos -I /Applications/Xcode_15.4.app/Contents/Developer/Platforms/iPhoneOS.platform/Developer/usr/lib -F /Users/runner/Library/Developer/Xcode/DerivedData/BookonDebug-ehazsigvxemoqzdtqumqzfgyfpkz/Build/Intermediates.noindex/ArchiveIntermediates/BookonDebug/BuildProductsPath/Release-iphoneos -F /Applications/Xcode_15.4.app/Contents/Developer/Platforms/iPhoneOS.platform/Developer/Library/Frameworks -F /Applications/Xcode_15.4.app/Contents/Developer/Platforms/iPhoneOS.platform/Developer/SDKs/iPhoneOS17.5.sdk/Developer/Library/Frameworks -c -num-threads 3 -Xcc -ivfsstatcache -Xcc /Users/runner/Library/Developer/Xcode/DerivedData/SDKStatCaches.noindex/iphoneos17.5-21F77-f0fa7969d082b13145125136a829df3a.sdkstatcache -output-file-map /Users/runner/Library/Developer/Xcode/DerivedData/BookonDebug-ehazsigvxemoqzdtqumqzfgyfpkz/Build/Intermediates.noindex/ArchiveIntermediates/BookonDebug/IntermediateBuildFilesPath/SwiftSoup.build/Release-iphoneos/SwiftSoup.build/Objects-normal/arm64/SwiftSoup-OutputFileMap.json -use-frontend-parseable-output -save-temps -no-color-diagnostics -serialize-diagnostics -emit-dependencies -emit-module -emit-module-path /Users/runner/Library/Developer/Xcode/DerivedData/BookonDebug-ehazsigvxemoqzdtqumqzfgyfpkz/Build/Intermediates.noindex/ArchiveIntermediates/BookonDebug/IntermediateBuildFilesPath/SwiftSoup.build/Release-iphoneos/SwiftSoup.build/Objects-normal/arm64/SwiftSoup.swiftmodule -validate-clang-modules-once -clang-build-session-file /Users/runner/Library/Developer/Xcode/DerivedData/ModuleCache.noindex/Session.modulevalidation -Xfrontend -package-name -Xfrontend swiftsoup -Xcc -I/Users/runner/Library/Developer/Xcode/DerivedData/BookonDebug-ehazsigvxemoqzdtqumqzfgyfpkz/Build/Intermediates.noindex/ArchiveIntermediates/BookonDebug/IntermediateBuildFilesPath/SwiftSoup.build/Release-iphoneos/SwiftSoup.build/swift-overrides.hmap -emit-const-values -Xfrontend -const-gather-protocols-file -Xfrontend /Users/runner/Library/Developer/Xcode/DerivedData/BookonDebug-ehazsigvxemoqzdtqumqzfgyfpkz/Build/Intermediates.noindex/ArchiveIntermediates/BookonDebug/IntermediateBuildFilesPath/SwiftSoup.build/Release-iphoneos/SwiftSoup.build/Objects-normal/arm64/SwiftSoup_const_extract_protocols.json -Xcc -I/Users/runner/Library/Developer/Xcode/DerivedData/BookonDebug-ehazsigvxemoqzdtqumqzfgyfpkz/Build/Intermediates.noindex/ArchiveIntermediates/BookonDebug/BuildProductsPath/Release-iphoneos/include -Xcc -I/Users/runner/Library/Developer/Xcode/DerivedData/BookonDebug-ehazsigvxemoqzdtqumqzfgyfpkz/Build/Intermediates.noindex/ArchiveIntermediates/BookonDebug/IntermediateBuildFilesPath/SwiftSoup.build/Release-iphoneos/SwiftSoup.build/DerivedSources-normal/arm64 -Xcc -I/Users/runner/Library/Developer/Xcode/DerivedData/BookonDebug-ehazsigvxemoqzdtqumqzfgyfpkz/Build/Intermediates.noindex/ArchiveIntermediates/BookonDebug/IntermediateBuildFilesPath/SwiftSoup.build/Release-iphoneos/SwiftSoup.build/DerivedSources/arm64 -Xcc -I/Users/runner/Library/Developer/Xcode/DerivedData/BookonDebug-ehazsigvxemoqzdtqumqzfgyfpkz/Build/Intermediates.noindex/ArchiveIntermediates/BookonDebug/IntermediateBuildFilesPath/SwiftSoup.build/Release-iphoneos/SwiftSoup.build/DerivedSources -Xcc -DSWIFT_PACKAGE -emit-objc-header -emit-objc-header-path /Users/runner/Library/Developer/Xcode/DerivedData/BookonDebug-ehazsigvxemoqzdtqumqzfgyfpkz/Build/Intermediates.noindex/ArchiveIntermediates/BookonDebug/IntermediateBuildFilesPath/SwiftSoup.build/Release-iphoneos/SwiftSoup.build/Objects-normal/arm64/SwiftSoup-Swift.h -working-directory /Users/runner/Library/Developer/Xcode/DerivedData/BookonDebug-ehazsigvxemoqzdtqumqzfgyfpkz/SourcePackages/checkouts/SwiftSoup -no-emit-module-separately-wmo
2026-10-06T12:59:57.3322850Z 
2026-10-06T12:59:57.3380320Z SwiftMergeGeneratedHeaders /Users/runner/Library/Developer/Xcode/DerivedData/BookonDebug-ehazsigvxemoqzdtqumqzfgyfpkz/Build/Intermediates.noindex/ArchiveIntermediates/BookonDebug/IntermediateBuildFilesPath/GeneratedModuleMaps-iphoneos/SwiftSoup-Swift.h /Users/runner/Library/Developer/Xcode/DerivedData/BookonDebug-ehazsigvxemoqzdtqumqzfgyfpkz/Build/Intermediates.noindex/ArchiveIntermediates/BookonDebug/IntermediateBuildFilesPath/SwiftSoup.build/Release-iphoneos/SwiftSoup.build/Objects-normal/arm64/SwiftSoup-Swift.h (in target 'SwiftSoup' from project 'SwiftSoup')
2026-10-06T12:59:57.3384820Z     cd /Users/runner/Library/Developer/Xcode/DerivedData/BookonDebug-ehazsigvxemoqzdtqumqzfgyfpkz/SourcePackages/checkouts/SwiftSoup
2026-10-06T12:59:57.3387170Z     builtin-swiftHeaderTool -arch arm64 /Users/runner/Library/Developer/Xcode/DerivedData/BookonDebug-ehazsigvxemoqzdtqumqzfgyfpkz/Build/Intermediates.noindex/ArchiveIntermediates/BookonDebug/IntermediateBuildFilesPath/SwiftSoup.build/Release-iphoneos/SwiftSoup.build/Objects-normal/arm64/SwiftSoup-Swift.h -o /Users/runner/Library/Developer/Xcode/DerivedData/BookonDebug-ehazsigvxemoqzdtqumqzfgyfpkz/Build/Intermediates.noindex/ArchiveIntermediates/BookonDebug/IntermediateBuildFilesPath/GeneratedModuleMaps-iphoneos/SwiftSoup-Swift.h
2026-10-06T12:59:57.3404560Z 
2026-10-06T12:59:57.3408390Z Copy /Users/runner/Library/Developer/Xcode/DerivedData/BookonDebug-ehazsigvxemoqzdtqumqzfgyfpkz/Build/Intermediates.noindex/ArchiveIntermediates/BookonDebug/BuildProductsPath/Release-iphoneos/SwiftSoup.swiftmodule/arm64-apple-ios.swiftmodule /Users/runner/Library/Developer/Xcode/DerivedData/BookonDebug-ehazsigvxemoqzdtqumqzfgyfpkz/Build/Intermediates.noindex/ArchiveIntermediates/BookonDebug/IntermediateBuildFilesPath/SwiftSoup.build/Release-iphoneos/SwiftSoup.build/Objects-normal/arm64/SwiftSoup.swiftmodule (in target 'SwiftSoup' from project 'SwiftSoup')
2026-10-06T12:59:57.3419050Z     cd /Users/runner/Library/Developer/Xcode/DerivedData/BookonDebug-ehazsigvxemoqzdtqumqzfgyfpkz/SourcePackages/checkouts/SwiftSoup
2026-10-06T12:59:57.3423040Z     builtin-copy -exclude .DS_Store -exclude CVS -exclude .svn -exclude .git -exclude .hg -strip-unsigned-binaries -strip-deterministic -strip-tool /Applications/Xcode_15.4.app/Contents/Developer/Toolchains/XcodeDefault.xctoolchain/usr/bin/strip -resolve-src-symlinks -rename /Users/runner/Library/Developer/Xcode/DerivedData/BookonDebug-ehazsigvxemoqzdtqumqzfgyfpkz/Build/Intermediates.noindex/ArchiveIntermediates/BookonDebug/IntermediateBuildFilesPath/SwiftSoup.build/Release-iphoneos/SwiftSoup.build/Objects-normal/arm64/SwiftSoup.swiftmodule /Users/runner/Library/Developer/Xcode/DerivedData/BookonDebug-ehazsigvxemoqzdtqumqzfgyfpkz/Build/Intermediates.noindex/ArchiveIntermediates/BookonDebug/BuildProductsPath/Release-iphoneos/SwiftSoup.swiftmodule/arm64-apple-ios.swiftmodule
2026-10-06T12:59:57.3469960Z 
2026-10-06T12:59:57.3475860Z Copy /Users/runner/Library/Developer/Xcode/DerivedData/BookonDebug-ehazsigvxemoqzdtqumqzfgyfpkz/Build/Intermediates.noindex/ArchiveIntermediates/BookonDebug/BuildProductsPath/Release-iphoneos/SwiftSoup.swiftmodule/arm64-apple-ios.swiftdoc /Users/runner/Library/Developer/Xcode/DerivedData/BookonDebug-ehazsigvxemoqzdtqumqzfgyfpkz/Build/Intermediates.noindex/ArchiveIntermediates/BookonDebug/IntermediateBuildFilesPath/SwiftSoup.build/Release-iphoneos/SwiftSoup.build/Objects-normal/arm64/SwiftSoup.swiftdoc (in target 'SwiftSoup' from project 'SwiftSoup')
2026-10-06T12:59:57.3483490Z     cd /Users/runner/Library/Developer/Xcode/DerivedData/BookonDebug-ehazsigvxemoqzdtqumqzfgyfpkz/SourcePackages/checkouts/SwiftSoup
2026-10-06T12:59:57.3515250Z     builtin-copy -exclude .DS_Store -exclude CVS -exclude .svn -exclude .git -exclude .hg -strip-unsigned-binaries -strip-deterministic -strip-tool /Applications/Xcode_15.4.app/Contents/Developer/Toolchains/XcodeDefault.xctoolchain/usr/bin/strip -resolve-src-symlinks -rename /Users/runner/Library/Developer/Xcode/DerivedData/BookonDebug-ehazsigvxemoqzdtqumqzfgyfpkz/Build/Intermediates.noindex/ArchiveIntermediates/BookonDebug/IntermediateBuildFilesPath/SwiftSoup.build/Release-iphoneos/SwiftSoup.build/Objects-normal/arm64/SwiftSoup.swiftdoc /Users/runner/Library/Developer/Xcode/DerivedData/BookonDebug-ehazsigvxemoqzdtqumqzfgyfpkz/Build/Intermediates.noindex/ArchiveIntermediates/BookonDebug/BuildProductsPath/Release-iphoneos/SwiftSoup.swiftmodule/arm64-apple-ios.swiftdoc
2026-10-06T12:59:57.3523560Z 
2026-10-06T12:59:57.3525840Z Copy /Users/runner/Library/Developer/Xcode/DerivedData/BookonDebug-ehazsigvxemoqzdtqumqzfgyfpkz/Build/Intermediates.noindex/ArchiveIntermediates/BookonDebug/BuildProductsPath/Release-iphoneos/SwiftSoup.swiftmodule/arm64-apple-ios.abi.json /Users/runner/Library/Developer/Xcode/DerivedData/BookonDebug-ehazsigvxemoqzdtqumqzfgyfpkz/Build/Intermediates.noindex/ArchiveIntermediates/BookonDebug/IntermediateBuildFilesPath/SwiftSoup.build/Release-iphoneos/SwiftSoup.build/Objects-normal/arm64/SwiftSoup.abi.json (in target 'SwiftSoup' from project 'SwiftSoup')
2026-10-06T12:59:57.3529720Z     cd /Users/runner/Library/Developer/Xcode/DerivedData/BookonDebug-ehazsigvxemoqzdtqumqzfgyfpkz/SourcePackages/checkouts/SwiftSoup
2026-10-06T12:59:57.3537120Z     builtin-copy -exclude .DS_Store -exclude CVS -exclude .svn -exclude .git -exclude .hg -strip-unsigned-binaries -strip-deterministic -strip-tool /Applications/Xcode_15.4.app/Contents/Developer/Toolchains/XcodeDefault.xctoolchain/usr/bin/strip -resolve-src-symlinks -rename /Users/runner/Library/Developer/Xcode/DerivedData/BookonDebug-ehazsigvxemoqzdtqumqzfgyfpkz/Build/Intermediates.noindex/ArchiveIntermediates/BookonDebug/IntermediateBuildFilesPath/SwiftSoup.build/Release-iphoneos/SwiftSoup.build/Objects-normal/arm64/SwiftSoup.abi.json /Users/runner/Library/Developer/Xcode/DerivedData/BookonDebug-ehazsigvxemoqzdtqumqzfgyfpkz/Build/Intermediates.noindex/ArchiveIntermediates/BookonDebug/BuildProductsPath/Release-iphoneos/SwiftSoup.swiftmodule/arm64-apple-ios.abi.json
2026-10-06T12:59:57.3541260Z 
2026-10-06T12:59:57.3543500Z Ld /Users/runner/Library/Developer/Xcode/DerivedData/BookonDebug-ehazsigvxemoqzdtqumqzfgyfpkz/Build/Intermediates.noindex/ArchiveIntermediates/BookonDebug/IntermediateBuildFilesPath/UninstalledProducts/iphoneos/SwiftSoup.o normal (in target 'SwiftSoup' from project 'SwiftSoup')
2026-10-06T12:59:57.3548360Z     cd /Users/runner/Library/Developer/Xcode/DerivedData/BookonDebug-ehazsigvxemoqzdtqumqzfgyfpkz/SourcePackages/checkouts/SwiftSoup
2026-10-06T12:59:57.3569930Z     /Applications/Xcode_15.4.app/Contents/Developer/Toolchains/XcodeDefault.xctoolchain/usr/bin/clang -Xlinker -reproducible -target arm64-apple-ios13.0 -r -isysroot /Applications/Xcode_15.4.app/Contents/Developer/Platforms/iPhoneOS.platform/Developer/SDKs/iPhoneOS17.5.sdk -Os -w -L/Users/runner/Library/Developer/Xcode/DerivedData/BookonDebug-ehazsigvxemoqzdtqumqzfgyfpkz/Build/Intermediates.noindex/ArchiveIntermediates/BookonDebug/IntermediateBuildFilesPath/EagerLinkingTBDs/Release-iphoneos -L/Users/runner/Library/Developer/Xcode/DerivedData/BookonDebug-ehazsigvxemoqzdtqumqzfgyfpkz/Build/Intermediates.noindex/ArchiveIntermediates/BookonDebug/BuildProductsPath/Release-iphoneos -L/Applications/Xcode_15.4.app/Contents/Developer/Platforms/iPhoneOS.platform/Developer/usr/lib -F/Users/runner/Library/Developer/Xcode/DerivedData/BookonDebug-ehazsigvxemoqzdtqumqzfgyfpkz/Build/Intermediates.noindex/ArchiveIntermediates/BookonDebug/IntermediateBuildFilesPath/EagerLinkingTBDs/Release-iphoneos -F/Users/runner/Library/Developer/Xcode/DerivedData/BookonDebug-ehazsigvxemoqzdtqumqzfgyfpkz/Build/Intermediates.noindex/ArchiveIntermediates/BookonDebug/BuildProductsPath/Release-iphoneos -iframework /Applications/Xcode_15.4.app/Contents/Developer/Platforms/iPhoneOS.platform/Developer/Library/Frameworks -iframework /Applications/Xcode_15.4.app/Contents/Developer/Platforms/iPhoneOS.platform/Developer/SDKs/iPhoneOS17.5.sdk/Developer/Library/Frameworks -filelist /Users/runner/Library/Developer/Xcode/DerivedData/BookonDebug-ehazsigvxemoqzdtqumqzfgyfpkz/Build/Intermediates.noindex/ArchiveIntermediates/BookonDebug/IntermediateBuildFilesPath/SwiftSoup.build/Release-iphoneos/SwiftSoup.build/Objects-normal/arm64/SwiftSoup.LinkFileList -nostdlib -Xlinker -object_path_lto -Xlinker /Users/runner/Library/Developer/Xcode/DerivedData/BookonDebug-ehazsigvxemoqzdtqumqzfgyfpkz/Build/Intermediates.noindex/ArchiveIntermediates/BookonDebug/IntermediateBuildFilesPath/SwiftSoup.build/Release-iphoneos/SwiftSoup.build/Objects-normal/arm64/SwiftSoup_lto.o -fobjc-link-runtime -L/Applications/Xcode_15.4.app/Contents/Developer/Toolchains/XcodeDefault.xctoolchain/usr/lib/swift/iphoneos -L/usr/lib/swift -Xlinker -add_ast_path -Xlinker /Users/runner/Library/Developer/Xcode/DerivedData/BookonDebug-ehazsigvxemoqzdtqumqzfgyfpkz/Build/Intermediates.noindex/ArchiveIntermediates/BookonDebug/IntermediateBuildFilesPath/SwiftSoup.build/Release-iphoneos/SwiftSoup.build/Objects-normal/arm64/SwiftSoup.swiftmodule -Xlinker -dependency_info -Xlinker /Users/runner/Library/Developer/Xcode/DerivedData/BookonDebug-ehazsigvxemoqzdtqumqzfgyfpkz/Build/Intermediates.noindex/ArchiveIntermediates/BookonDebug/IntermediateBuildFilesPath/SwiftSoup.build/Release-iphoneos/SwiftSoup.build/Objects-normal/arm64/SwiftSoup_dependency_info.dat -o /Users/runner/Library/Developer/Xcode/DerivedData/BookonDebug-ehazsigvxemoqzdtqumqzfgyfpkz/Build/Intermediates.noindex/ArchiveIntermediates/BookonDebug/IntermediateBuildFilesPath/UninstalledProducts/iphoneos/SwiftSoup.o
2026-10-06T12:59:57.4761140Z 
2026-10-06T12:59:57.4766280Z WriteAuxiliaryFile /Users/runner/Library/Developer/Xcode/DerivedData/BookonDebug-ehazsigvxemoqzdtqumqzfgyfpkz/Build/Intermediates.noindex/ArchiveIntermediates/BookonDebug/IntermediateBuildFilesPath/LegadoBookSource.build/Release-iphoneos/LegadoBookSource.build/LegadoBookSource.modulemap (in target 'LegadoBookSource' from project 'LegadoBookSource')
2026-10-06T12:59:57.4769290Z     cd /Users/runner/work/bookon/bookon
2026-10-06T12:59:57.4771510Z     write-file /Users/runner/Library/Developer/Xcode/DerivedData/BookonDebug-ehazsigvxemoqzdtqumqzfgyfpkz/Build/Intermediates.noindex/ArchiveIntermediates/BookonDebug/IntermediateBuildFilesPath/LegadoBookSource.build/Release-iphoneos/LegadoBookSource.build/LegadoBookSource.modulemap
2026-10-06T12:59:57.4774350Z 
2026-10-06T12:59:57.4780020Z Copy /Users/runner/Library/Developer/Xcode/DerivedData/BookonDebug-ehazsigvxemoqzdtqumqzfgyfpkz/Build/Intermediates.noindex/ArchiveIntermediates/BookonDebug/IntermediateBuildFilesPath/GeneratedModuleMaps-iphoneos/LegadoBookSource.modulemap /Users/runner/Library/Developer/Xcode/DerivedData/BookonDebug-ehazsigvxemoqzdtqumqzfgyfpkz/Build/Intermediates.noindex/ArchiveIntermediates/BookonDebug/IntermediateBuildFilesPath/LegadoBookSource.build/Release-iphoneos/LegadoBookSource.build/LegadoBookSource.modulemap (in target 'LegadoBookSource' from project 'LegadoBookSource')
2026-10-06T12:59:57.4782770Z     cd /Users/runner/work/bookon/bookon
2026-10-06T12:59:57.4785280Z     builtin-copy -exclude .DS_Store -exclude CVS -exclude .svn -exclude .git -exclude .hg -strip-unsigned-binaries -strip-deterministic -strip-tool /Applications/Xcode_15.4.app/Contents/Developer/Toolchains/XcodeDefault.xctoolchain/usr/bin/strip -resolve-src-symlinks /Users/runner/Library/Developer/Xcode/DerivedData/BookonDebug-ehazsigvxemoqzdtqumqzfgyfpkz/Build/Intermediates.noindex/ArchiveIntermediates/BookonDebug/IntermediateBuildFilesPath/LegadoBookSource.build/Release-iphoneos/LegadoBookSource.build/LegadoBookSource.modulemap /Users/runner/Library/Developer/Xcode/DerivedData/BookonDebug-ehazsigvxemoqzdtqumqzfgyfpkz/Build/Intermediates.noindex/ArchiveIntermediates/BookonDebug/IntermediateBuildFilesPath/GeneratedModuleMaps-iphoneos
2026-10-06T12:59:57.4787630Z 
2026-10-06T12:59:57.4789020Z WriteAuxiliaryFile /Users/runner/Library/Developer/Xcode/DerivedData/BookonDebug-ehazsigvxemoqzdtqumqzfgyfpkz/Build/Intermediates.noindex/ArchiveIntermediates/BookonDebug/IntermediateBuildFilesPath/LegadoBookSource.build/Release-iphoneos/LegadoBookSource.build/Objects-normal/arm64/LegadoBookSource.SwiftFileList (in target 'LegadoBookSource' from project 'LegadoBookSource')
2026-10-06T12:59:57.4792210Z     cd /Users/runner/work/bookon/bookon
2026-10-06T12:59:57.4793400Z     write-file /Users/runner/Library/Developer/Xcode/DerivedData/BookonDebug-ehazsigvxemoqzdtqumqzfgyfpkz/Build/Intermediates.noindex/ArchiveIntermediates/BookonDebug/IntermediateBuildFilesPath/LegadoBookSource.build/Release-iphoneos/LegadoBookSource.build/Objects-normal/arm64/LegadoBookSource.SwiftFileList
2026-10-06T12:59:57.4794610Z 
2026-10-06T12:59:57.4795970Z WriteAuxiliaryFile /Users/runner/Library/Developer/Xcode/DerivedData/BookonDebug-ehazsigvxemoqzdtqumqzfgyfpkz/Build/Intermediates.noindex/ArchiveIntermediates/BookonDebug/IntermediateBuildFilesPath/LegadoBookSource.build/Release-iphoneos/LegadoBookSource.build/Objects-normal/arm64/LegadoBookSource_const_extract_protocols.json (in target 'LegadoBookSource' from project 'LegadoBookSource')
2026-10-06T12:59:57.4797370Z     cd /Users/runner/work/bookon/bookon
2026-10-06T12:59:57.4800130Z     write-file /Users/runner/Library/Developer/Xcode/DerivedData/BookonDebug-ehazsigvxemoqzdtqumqzfgyfpkz/Build/Intermediates.noindex/ArchiveIntermediates/BookonDebug/IntermediateBuildFilesPath/LegadoBookSource.build/Release-iphoneos/LegadoBookSource.build/Objects-normal/arm64/LegadoBookSource_const_extract_protocols.json
2026-10-06T12:59:57.4802120Z 
2026-10-06T12:59:57.4803340Z WriteAuxiliaryFile /Users/runner/Library/Developer/Xcode/DerivedData/BookonDebug-ehazsigvxemoqzdtqumqzfgyfpkz/Build/Intermediates.noindex/ArchiveIntermediates/BookonDebug/IntermediateBuildFilesPath/LegadoBookSource.build/Release-iphoneos/LegadoBookSource.build/Objects-normal/arm64/LegadoBookSource-OutputFileMap.json (in target 'LegadoBookSource' from project 'LegadoBookSource')
2026-10-06T12:59:57.4805490Z     cd /Users/runner/work/bookon/bookon
2026-10-06T12:59:57.4809130Z     write-file /Users/runner/Library/Developer/Xcode/DerivedData/BookonDebug-ehazsigvxemoqzdtqumqzfgyfpkz/Build/Intermediates.noindex/ArchiveIntermediates/BookonDebug/IntermediateBuildFilesPath/LegadoBookSource.build/Release-iphoneos/LegadoBookSource.build/Objects-normal/arm64/LegadoBookSource-OutputFileMap.json
2026-10-06T12:59:57.4811400Z 
2026-10-06T12:59:57.4812570Z WriteAuxiliaryFile /Users/runner/Library/Developer/Xcode/DerivedData/BookonDebug-ehazsigvxemoqzdtqumqzfgyfpkz/Build/Intermediates.noindex/ArchiveIntermediates/BookonDebug/IntermediateBuildFilesPath/LegadoBookSource.build/Release-iphoneos/LegadoBookSource.build/DerivedSources/resource_bundle_accessor.swift (in target 'LegadoBookSource' from project 'LegadoBookSource')
2026-10-06T12:59:57.4814180Z     cd /Users/runner/work/bookon/bookon
2026-10-06T12:59:57.4815230Z     write-file /Users/runner/Library/Developer/Xcode/DerivedData/BookonDebug-ehazsigvxemoqzdtqumqzfgyfpkz/Build/Intermediates.noindex/ArchiveIntermediates/BookonDebug/IntermediateBuildFilesPath/LegadoBookSource.build/Release-iphoneos/LegadoBookSource.build/DerivedSources/resource_bundle_accessor.swift
2026-10-06T12:59:57.4817180Z 
2026-10-06T12:59:57.4818630Z SwiftDriver LegadoBookSource normal arm64 com.apple.xcode.tools.swift.compiler (in target 'LegadoBookSource' from project 'LegadoBookSource')
2026-10-06T12:59:57.4820240Z     cd /Users/runner/work/bookon/bookon
2026-10-06T12:59:57.4862290Z     builtin-SwiftDriver -- /Applications/Xcode_15.4.app/Contents/Developer/Toolchains/XcodeDefault.xctoolchain/usr/bin/swiftc -module-name LegadoBookSource -O -whole-module-optimization -enforce-exclusivity\=checked @/Users/runner/Library/Developer/Xcode/DerivedData/BookonDebug-ehazsigvxemoqzdtqumqzfgyfpkz/Build/Intermediates.noindex/ArchiveIntermediates/BookonDebug/IntermediateBuildFilesPath/LegadoBookSource.build/Release-iphoneos/LegadoBookSource.build/Objects-normal/arm64/LegadoBookSource.SwiftFileList -DSWIFT_PACKAGE -DXcode -sdk /Applications/Xcode_15.4.app/Contents/Developer/Platforms/iPhoneOS.platform/Developer/SDKs/iPhoneOS17.5.sdk -target arm64-apple-ios17.0 -g -module-cache-path /Users/runner/Library/Developer/Xcode/DerivedData/ModuleCache.noindex -Xfrontend -serialize-debugging-options -swift-version 5 -I /Users/runner/Library/Developer/Xcode/DerivedData/BookonDebug-ehazsigvxemoqzdtqumqzfgyfpkz/Build/Intermediates.noindex/ArchiveIntermediates/BookonDebug/BuildProductsPath/Release-iphoneos -I /Applications/Xcode_15.4.app/Contents/Developer/Platforms/iPhoneOS.platform/Developer/usr/lib -F /Users/runner/Library/Developer/Xcode/DerivedData/BookonDebug-ehazsigvxemoqzdtqumqzfgyfpkz/Build/Intermediates.noindex/ArchiveIntermediates/BookonDebug/BuildProductsPath/Release-iphoneos/PackageFrameworks -F /Users/runner/Library/Developer/Xcode/DerivedData/BookonDebug-ehazsigvxemoqzdtqumqzfgyfpkz/Build/Intermediates.noindex/ArchiveIntermediates/BookonDebug/BuildProductsPath/Release-iphoneos -F /Applications/Xcode_15.4.app/Contents/Developer/Platforms/iPhoneOS.platform/Developer/Library/Frameworks -F /Applications/Xcode_15.4.app/Contents/Developer/Platforms/iPhoneOS.platform/Developer/SDKs/iPhoneOS17.5.sdk/Developer/Library/Frameworks -c -num-threads 3 -Xcc -ivfsstatcache -Xcc /Users/runner/Library/Developer/Xcode/DerivedData/SDKStatCaches.noindex/iphoneos17.5-21F77-f0fa7969d082b13145125136a829df3a.sdkstatcache -output-file-map /Users/runner/Library/Developer/Xcode/DerivedData/BookonDebug-ehazsigvxemoqzdtqumqzfgyfpkz/Build/Intermediates.noindex/ArchiveIntermediates/BookonDebug/IntermediateBuildFilesPath/LegadoBookSource.build/Release-iphoneos/LegadoBookSource.build/Objects-normal/arm64/LegadoBookSource-OutputFileMap.json -use-frontend-parseable-output -save-temps -no-color-diagnostics -serialize-diagnostics -emit-dependencies -emit-module -emit-module-path /Users/runner/Library/Developer/Xcode/DerivedData/BookonDebug-ehazsigvxemoqzdtqumqzfgyfpkz/Build/Intermediates.noindex/ArchiveIntermediates/BookonDebug/IntermediateBuildFilesPath/LegadoBookSource.build/Release-iphoneos/LegadoBookSource.build/Objects-normal/arm64/LegadoBookSource.swiftmodule -validate-clang-modules-once -clang-build-session-file /Users/runner/Library/Developer/Xcode/DerivedData/ModuleCache.noindex/Session.modulevalidation -Xfrontend -package-name -Xfrontend bookon -Xcc -I/Users/runner/Library/Developer/Xcode/DerivedData/BookonDebug-ehazsigvxemoqzdtqumqzfgyfpkz/Build/Intermediates.noindex/ArchiveIntermediates/BookonDebug/IntermediateBuildFilesPath/LegadoBookSource.build/Release-iphoneos/LegadoBookSource.build/swift-overrides.hmap -emit-const-values -Xfrontend -const-gather-protocols-file -Xfrontend /Users/runner/Library/Developer/Xcode/DerivedData/BookonDebug-ehazsigvxemoqzdtqumqzfgyfpkz/Build/Intermediates.noindex/ArchiveIntermediates/BookonDebug/IntermediateBuildFilesPath/LegadoBookSource.build/Release-iphoneos/LegadoBookSource.build/Objects-normal/arm64/LegadoBookSource_const_extract_protocols.json -Xcc -I/Users/runner/Library/Developer/Xcode/DerivedData/BookonDebug-ehazsigvxemoqzdtqumqzfgyfpkz/Build/Intermediates.noindex/ArchiveIntermediates/BookonDebug/BuildProductsPath/Release-iphoneos/include -Xcc -I/Users/runner/Library/Developer/Xcode/DerivedData/BookonDebug-ehazsigvxemoqzdtqumqzfgyfpkz/Build/Intermediates.noindex/ArchiveIntermediates/BookonDebug/IntermediateBuildFilesPath/LegadoBookSource.build/Release-iphoneos/LegadoBookSource.build/DerivedSources-normal/arm64 -Xcc -I/Users/runner/Library/Developer/Xcode/DerivedData/BookonDebug-ehazsigvxemoqzdtqumqzfgyfpkz/Build/Intermediates.noindex/ArchiveIntermediates/BookonDebug/IntermediateBuildFilesPath/LegadoBookSource.build/Release-iphoneos/LegadoBookSource.build/DerivedSources/arm64 -Xcc -I/Users/runner/Library/Developer/Xcode/DerivedData/BookonDebug-ehazsigvxemoqzdtqumqzfgyfpkz/Build/Intermediates.noindex/ArchiveIntermediates/BookonDebug/IntermediateBuildFilesPath/LegadoBookSource.build/Release-iphoneos/LegadoBookSource.build/DerivedSources -Xcc -DSWIFT_PACKAGE -emit-objc-header -emit-objc-header-path /Users/runner/Library/Developer/Xcode/DerivedData/BookonDebug-ehazsigvxemoqzdtqumqzfgyfpkz/Build/Intermediates.noindex/ArchiveIntermediates/BookonDebug/IntermediateBuildFilesPath/LegadoBookSource.build/Release-iphoneos/LegadoBookSource.build/Objects-normal/arm64/LegadoBookSource-Swift.h -working-directory /Users/runner/work/bookon/bookon -no-emit-module-separately-wmo
2026-10-06T12:59:57.4883550Z 
2026-10-06T12:59:57.4884560Z SwiftDriver\ Compilation LegadoBookSource normal arm64 com.apple.xcode.tools.swift.compiler (in target 'LegadoBookSource' from project 'LegadoBookSource')
2026-10-06T12:59:57.4885210Z     cd /Users/runner/work/bookon/bookon
2026-10-06T12:59:57.4904850Z     builtin-Swift-Compilation -- /Applications/Xcode_15.4.app/Contents/Developer/Toolchains/XcodeDefault.xctoolchain/usr/bin/swiftc -module-name LegadoBookSource -O -whole-module-optimization -enforce-exclusivity\=checked @/Users/runner/Library/Developer/Xcode/DerivedData/BookonDebug-ehazsigvxemoqzdtqumqzfgyfpkz/Build/Intermediates.noindex/ArchiveIntermediates/BookonDebug/IntermediateBuildFilesPath/LegadoBookSource.build/Release-iphoneos/LegadoBookSource.build/Objects-normal/arm64/LegadoBookSource.SwiftFileList -DSWIFT_PACKAGE -DXcode -sdk /Applications/Xcode_15.4.app/Contents/Developer/Platforms/iPhoneOS.platform/Developer/SDKs/iPhoneOS17.5.sdk -target arm64-apple-ios17.0 -g -module-cache-path /Users/runner/Library/Developer/Xcode/DerivedData/ModuleCache.noindex -Xfrontend -serialize-debugging-options -swift-version 5 -I /Users/runner/Library/Developer/Xcode/DerivedData/BookonDebug-ehazsigvxemoqzdtqumqzfgyfpkz/Build/Intermediates.noindex/ArchiveIntermediates/BookonDebug/BuildProductsPath/Release-iphoneos -I /Applications/Xcode_15.4.app/Contents/Developer/Platforms/iPhoneOS.platform/Developer/usr/lib -F /Users/runner/Library/Developer/Xcode/DerivedData/BookonDebug-ehazsigvxemoqzdtqumqzfgyfpkz/Build/Intermediates.noindex/ArchiveIntermediates/BookonDebug/BuildProductsPath/Release-iphoneos/PackageFrameworks -F /Users/runner/Library/Developer/Xcode/DerivedData/BookonDebug-ehazsigvxemoqzdtqumqzfgyfpkz/Build/Intermediates.noindex/ArchiveIntermediates/BookonDebug/BuildProductsPath/Release-iphoneos -F /Applications/Xcode_15.4.app/Contents/Developer/Platforms/iPhoneOS.platform/Developer/Library/Frameworks -F /Applications/Xcode_15.4.app/Contents/Developer/Platforms/iPhoneOS.platform/Developer/SDKs/iPhoneOS17.5.sdk/Developer/Library/Frameworks -c -num-threads 3 -Xcc -ivfsstatcache -Xcc /Users/runner/Library/Developer/Xcode/DerivedData/SDKStatCaches.noindex/iphoneos17.5-21F77-f0fa7969d082b13145125136a829df3a.sdkstatcache -output-file-map /Users/runner/Library/Developer/Xcode/DerivedData/BookonDebug-ehazsigvxemoqzdtqumqzfgyfpkz/Build/Intermediates.noindex/ArchiveIntermediates/BookonDebug/IntermediateBuildFilesPath/LegadoBookSource.build/Release-iphoneos/LegadoBookSource.build/Objects-normal/arm64/LegadoBookSource-OutputFileMap.json -use-frontend-parseable-output -save-temps -no-color-diagnostics -serialize-diagnostics -emit-dependencies -emit-module -emit-module-path /Users/runner/Library/Developer/Xcode/DerivedData/BookonDebug-ehazsigvxemoqzdtqumqzfgyfpkz/Build/Intermediates.noindex/ArchiveIntermediates/BookonDebug/IntermediateBuildFilesPath/LegadoBookSource.build/Release-iphoneos/LegadoBookSource.build/Objects-normal/arm64/LegadoBookSource.swiftmodule -validate-clang-modules-once -clang-build-session-file /Users/runner/Library/Developer/Xcode/DerivedData/ModuleCache.noindex/Session.modulevalidation -Xfrontend -package-name -Xfrontend bookon -Xcc -I/Users/runner/Library/Developer/Xcode/DerivedData/BookonDebug-ehazsigvxemoqzdtqumqzfgyfpkz/Build/Intermediates.noindex/ArchiveIntermediates/BookonDebug/IntermediateBuildFilesPath/LegadoBookSource.build/Release-iphoneos/LegadoBookSource.build/swift-overrides.hmap -emit-const-values -Xfrontend -const-gather-protocols-file -Xfrontend /Users/runner/Library/Developer/Xcode/DerivedData/BookonDebug-ehazsigvxemoqzdtqumqzfgyfpkz/Build/Intermediates.noindex/ArchiveIntermediates/BookonDebug/IntermediateBuildFilesPath/LegadoBookSource.build/Release-iphoneos/LegadoBookSource.build/Objects-normal/arm64/LegadoBookSource_const_extract_protocols.json -Xcc -I/Users/runner/Library/Developer/Xcode/DerivedData/BookonDebug-ehazsigvxemoqzdtqumqzfgyfpkz/Build/Intermediates.noindex/ArchiveIntermediates/BookonDebug/BuildProductsPath/Release-iphoneos/include -Xcc -I/Users/runner/Library/Developer/Xcode/DerivedData/BookonDebug-ehazsigvxemoqzdtqumqzfgyfpkz/Build/Intermediates.noindex/ArchiveIntermediates/BookonDebug/IntermediateBuildFilesPath/LegadoBookSource.build/Release-iphoneos/LegadoBookSource.build/DerivedSources-normal/arm64 -Xcc -I/Users/runner/Library/Developer/Xcode/DerivedData/BookonDebug-ehazsigvxemoqzdtqumqzfgyfpkz/Build/Intermediates.noindex/ArchiveIntermediates/BookonDebug/IntermediateBuildFilesPath/LegadoBookSource.build/Release-iphoneos/LegadoBookSource.build/DerivedSources/arm64 -Xcc -I/Users/runner/Library/Developer/Xcode/DerivedData/BookonDebug-ehazsigvxemoqzdtqumqzfgyfpkz/Build/Intermediates.noindex/ArchiveIntermediates/BookonDebug/IntermediateBuildFilesPath/LegadoBookSource.build/Release-iphoneos/LegadoBookSource.build/DerivedSources -Xcc -DSWIFT_PACKAGE -emit-objc-header -emit-objc-header-path /Users/runner/Library/Developer/Xcode/DerivedData/BookonDebug-ehazsigvxemoqzdtqumqzfgyfpkz/Build/Intermediates.noindex/ArchiveIntermediates/BookonDebug/IntermediateBuildFilesPath/LegadoBookSource.build/Release-iphoneos/LegadoBookSource.build/Objects-normal/arm64/LegadoBookSource-Swift.h -working-directory /Users/runner/work/bookon/bookon -no-emit-module-separately-wmo
2026-10-06T12:59:57.4938690Z 
2026-10-06T12:59:57.4990630Z SwiftCompile normal arm64 Compiling\ resource_bundle_accessor.swift,\ BaseBook.swift,\ BaseSource.swift,\ Book.swift,\ BookChapter.swift,\ BookSource.swift,\ BookSourceImporter.swift,\ BookSourceType.swift,\ BookType.swift,\ LegadoJSON.swift,\ LenientDecoding.swift,\ AnalyzeUrl.swift,\ CacheManager.swift,\ CharsetDetector.swift,\ CharsetMatch.swift,\ CharsetRecog2022.swift,\ CharsetRecogMBCS.swift,\ CharsetRecogSBCS.swift,\ CharsetRecogUTF8.swift,\ CharsetRecogUnicode.swift,\ CharsetRecognizer.swift,\ CharsetTables.swift,\ EncodingDetect.swift,\ ConcurrentRateLimiter.swift,\ CookieManager.swift,\ CookieStore.swift,\ GsonJSON.swift,\ HTTPTypes.swift,\ HttpUrl.swift,\ NetworkUtilsEncoding.swift,\ RealAjaxProvider.swift,\ RealJsNetworkExtensionsProvider.swift,\ URLSessionHTTPClient.swift,\ UrlOption.swift,\ BookInfoRule.swift,\ BookListRule.swift,\ ContentRule.swift,\ ExploreKind.swift,\ ExploreRule.swift,\ FlexChildStyle.swift,\ ReviewRule.swift,\ RowUi.swift,\ SearchRule.swift,\ TocRule.swift,\ AnalyzeByJSonPath.swift,\ AnalyzeByJSoup+Elements.swift,\ AnalyzeByJSoup.swift,\ AnalyzeByJSoupRules.swift,\ AnalyzeByRegex.swift,\ AnalyzeByXPath.swift,\ AnalyzeRule+Dispatch.swift,\ AnalyzeRule+JS.swift,\ AnalyzeRule+Rules.swift,\ AnalyzeRule.swift,\ AnalyzeRuleDependencies.swift,\ DebugLogger.swift,\ DefaultJSONPathEvaluator.swift,\ HtmlEntities.swift,\ HtmlFormatter.swift,\ HtmlUnescape.swift,\ JSEngine.swift,\ JSJavaBridge.swift,\ JSONPathEvaluator.swift,\ JSONPathParser.swift,\ JavaDoubleFormat.swift,\ JavaURLResolver.swift,\ JsExtensionsCatalog.swift,\ JsExtensionsCore.swift,\ JsExtensionsRuntime.swift,\ JsNumberFormat.swift,\ JsoupCompatSerializer.swift,\ JsoupJSBridge.swift,\ LegadoStringExtensions.swift,\ NetworkUtils.swift,\ OrderedJSONParser.swift,\ RegexTemplate.swift,\ RuleAnalyzer.swift,\ RuleEngineDiagnostics.swift,\ RuleEngineError.swift,\ RuleValue.swift,\ SourceRule.swift,\ StringUtils.swift,\ SwiftSoupElementsCompat.swift,\ SwiftSoupTextNormalizeFix.swift,\ SwiftSoupXPathEvaluator.swift,\ SwiftSoupXPathFunctions.swift,\ SwiftSoupXPathParser.swift,\ SwiftSoupXPathPredicate.swift,\ SwiftSoupXPathStepParser.swift,\ XPathEvaluator.swift,\ SearchBook.swift,\ StringOrObject.swift,\ BookChapterList.swift,\ BookContent.swift,\ BookInfo.swift,\ BookList.swift,\ Debug.swift,\ WebBook.swift,\ WebBookNetwork.swift,\ WebBookOptions.swift,\ WebBookSupport.swift /Users/runner/Library/Developer/Xcode/DerivedData/BookonDebug-ehazsigvxemoqzdtqumqzfgyfpkz/Build/Intermediates.noindex/ArchiveIntermediates/BookonDebug/IntermediateBuildFilesPath/LegadoBookSource.build/Release-iphoneos/LegadoBookSource.build/DerivedSources/resource_bundle_accessor.swift /Users/runner/work/bookon/bookon/Sources/LegadoBookSource/BaseBook.swift /Users/runner/work/bookon/bookon/Sources/LegadoBookSource/BaseSource.swift /Users/runner/work/bookon/bookon/Sources/LegadoBookSource/Book.swift /Users/runner/work/bookon/bookon/Sources/LegadoBookSource/BookChapter.swift /Users/runner/work/bookon/bookon/Sources/LegadoBookSource/BookSource.swift /Users/runner/work/bookon/bookon/Sources/LegadoBookSource/BookSourceImporter.swift /Users/runner/work/bookon/bookon/Sources/LegadoBookSource/Constant/BookSourceType.swift /Users/runner/work/bookon/bookon/Sources/LegadoBookSource/Constant/BookType.swift /Users/runner/work/bookon/bookon/Sources/LegadoBookSource/LegadoJSON.swift /Users/runner/work/bookon/bookon/Sources/LegadoBookSource/LenientDecoding.swift /Users/runner/work/bookon/bookon/Sources/LegadoBookSource/Network/AnalyzeUrl.swift /Users/runner/work/bookon/bookon/Sources/LegadoBookSource/Network/CacheManager.swift /Users/runner/work/bookon/bookon/Sources/LegadoBookSource/Network/CharsetDetector/CharsetDetector.swift /Users/runner/work/bookon/bookon/Sources/LegadoBookSource/Network/CharsetDetector/CharsetMatch.swift /Users/runner/work/bookon/bookon/Sources/LegadoBookSource/Network/CharsetDetector/CharsetRecog2022.swift /Users/runner/work/bookon/bookon/Sources/LegadoBookSource/Network/CharsetDetector/CharsetRecogMBCS.swift /Users/runner/work/bookon/bookon/Sources/LegadoBookSource/Network/CharsetDetector/CharsetRecogSBCS.swift /Users/runner/work/bookon/bookon/Sources/LegadoBookSource/Network/CharsetDetector/CharsetRecogUTF8.swift /Users/runner/work/bookon/bookon/Sources/LegadoBookSource/Network/CharsetDetector/CharsetRecogUnicode.swift /Users/runner/work/bookon/bookon/Sources/LegadoBookSource/Network/CharsetDetector/CharsetRecognizer.swift /Users/runner/work/bookon/bookon/Sources/LegadoBookSource/Network/CharsetDetector/CharsetTables.swift /Users/runner/work/bookon/bookon/Sources/LegadoBookSource/Network/CharsetDetector/EncodingDetect.swift /Users/runner/work/bookon/bookon/Sources/LegadoBookSource/Network/ConcurrentRateLimiter.swift /Users/runner/work/bookon/bookon/Sources/LegadoBookSource/Network/CookieManager.swift /Users/runner/work/bookon/bookon/Sources/LegadoBookSource/Network/CookieStore.swift /Users/runner/work/bookon/bookon/Sources/LegadoBookSource/Network/GsonJSON.swift /Users/runner/work/bookon/bookon/Sources/LegadoBookSource/Network/HTTPTypes.swift /Users/runner/work/bookon/bookon/Sources/LegadoBookSource/Network/HttpUrl.swift /Users/runner/work/bookon/bookon/Sources/LegadoBookSource/Network/NetworkUtilsEncoding.swift /Users/runner/work/bookon/bookon/Sources/LegadoBookSource/Network/RealAjaxProvider.swift /Users/runner/work/bookon/bookon/Sources/LegadoBookSource/Network/RealJsNetworkExtensionsProvider.swift /Users/runner/work/bookon/bookon/Sources/LegadoBookSource/Network/URLSessionHTTPClient.swift /Users/runner/work/bookon/bookon/Sources/LegadoBookSource/Network/UrlOption.swift /Users/runner/work/bookon/bookon/Sources/LegadoBookSource/Rule/BookInfoRule.swift /Users/runner/work/bookon/bookon/Sources/LegadoBookSource/Rule/BookListRule.swift /Users/runner/work/bookon/bookon/Sources/LegadoBookSource/Rule/ContentRule.swift /Users/runner/work/bookon/bookon/Sources/LegadoBookSource/Rule/ExploreKind.swift /Users/runner/work/bookon/bookon/Sources/LegadoBookSource/Rule/ExploreRule.swift /Users/runner/work/bookon/bookon/Sources/LegadoBookSource/Rule/FlexChildStyle.swift /Users/runner/work/bookon/bookon/Sources/LegadoBookSource/Rule/ReviewRule.swift /Users/runner/work/bookon/bookon/Sources/LegadoBookSource/Rule/RowUi.swift /Users/runner/work/bookon/bookon/Sources/LegadoBookSource/Rule/SearchRule.swift /Users/runner/work/bookon/bookon/Sources/LegadoBookSource/Rule/TocRule.swift /Users/runner/work/bookon/bookon/Sources/LegadoBookSource/RuleEngine/AnalyzeByJSonPath.swift /Users/runner/work/bookon/bookon/Sources/LegadoBookSource/RuleEngine/AnalyzeByJSoup+Elements.swift /Users/runner/work/bookon/bookon/Sources/LegadoBookSource/RuleEngine/AnalyzeByJSoup.swift /Users/runner/work/bookon/bookon/Sources/LegadoBookSource/RuleEngine/AnalyzeByJSoupRules.swift /Users/runner/work/bookon/bookon/Sources/LegadoBookSource/RuleEngine/AnalyzeByRegex.swift /Users/runner/work/bookon/bookon/Sources/LegadoBookSource/RuleEngine/AnalyzeByXPath.swift /Users/runner/work/bookon/bookon/Sources/LegadoBookSource/RuleEngine/AnalyzeRule+Dispatch.swift /Users/runner/work/bookon/bookon/Sources/LegadoBookSource/RuleEngine/AnalyzeRule+JS.swift /Users/runner/work/bookon/bookon/Sources/LegadoBookSource/RuleEngine/AnalyzeRule+Rules.swift /Users/runner/work/bookon/bookon/Sources/LegadoBookSource/RuleEngine/AnalyzeRule.swift /Users/runner/work/bookon/bookon/Sources/LegadoBookSource/RuleEngine/AnalyzeRuleDependencies.swift /Users/runner/work/bookon/bookon/Sources/LegadoBookSource/RuleEngine/DebugLogger.swift /Users/runner/work/bookon/bookon/Sources/LegadoBookSource/RuleEngine/DefaultJSONPathEvaluator.swift /Users/runner/work/bookon/bookon/Sources/LegadoBookSource/RuleEngine/HtmlEntities.swift /Users/runner/work/bookon/bookon/Sources/LegadoBookSource/RuleEngine/HtmlFormatter.swift /Users/runner/work/bookon/bookon/Sources/LegadoBookSource/RuleEngine/HtmlUnescape.swift /Users/runner/work/bookon/bookon/Sources/LegadoBookSource/RuleEngine/JSEngine.swift /Users/runner/work/bookon/bookon/Sources/LegadoBookSource/RuleEngine/JSJavaBridge.swift /Users/runner/work/bookon/bookon/Sources/LegadoBookSource/RuleEngine/JSONPathEvaluator.swift /Users/runner/work/bookon/bookon/Sources/LegadoBookSource/RuleEngine/JSONPathParser.swift /Users/runner/work/bookon/bookon/Sources/LegadoBookSource/RuleEngine/JavaDoubleFormat.swift /Users/runner/work/bookon/bookon/Sources/LegadoBookSource/RuleEngine/JavaURLResolver.swift /Users/runner/work/bookon/bookon/Sources/LegadoBookSource/RuleEngine/JsExtensionsCatalog.swift /Users/runner/work/bookon/bookon/Sources/LegadoBookSource/RuleEngine/JsExtensionsCore.swift /Users/runner/work/bookon/bookon/Sources/LegadoBookSource/RuleEngine/JsExtensionsRuntime.swift /Users/runner/work/bookon/bookon/Sources/LegadoBookSource/RuleEngine/JsNumberFormat.swift /Users/runner/work/bookon/bookon/Sources/LegadoBookSource/RuleEngine/JsoupCompatSerializer.swift /Users/runner/work/bookon/bookon/Sources/LegadoBookSource/RuleEngine/JsoupJSBridge.swift /Users/runner/work/bookon/bookon/Sources/LegadoBookSource/RuleEngine/LegadoStringExtensions.swift /Users/runner/work/bookon/bookon/Sources/LegadoBookSource/RuleEngine/NetworkUtils.swift /Users/runner/work/bookon/bookon/Sources/LegadoBookSource/RuleEngine/OrderedJSONParser.swift /Users/runner/work/bookon/bookon/Sources/LegadoBookSource/RuleEngine/RegexTemplate.swift /Users/runner/work/bookon/bookon/Sources/LegadoBookSource/RuleEngine/RuleAnalyzer.swift /Users/runner/work/bookon/bookon/Sources/LegadoBookSource/RuleEngine/RuleEngineDiagnostics.swift /Users/runner/work/bookon/bookon/Sources/LegadoBookSource/RuleEngine/RuleEngineError.swift /Users/runner/work/bookon/bookon/Sources/LegadoBookSource/RuleEngine/RuleValue.swift /Users/runner/work/bookon/bookon/Sources/LegadoBookSource/RuleEngine/SourceRule.swift /Users/runner/work/bookon/bookon/Sources/LegadoBookSource/RuleEngine/StringUtils.swift /Users/runner/work/bookon/bookon/Sources/LegadoBookSource/RuleEngine/SwiftSoupElementsCompat.swift /Users/runner/work/bookon/bookon/Sources/LegadoBookSource/RuleEngine/SwiftSoupTextNormalizeFix.swift /Users/runner/work/bookon/bookon/Sources/LegadoBookSource/RuleEngine/SwiftSoupXPathEvaluator.swift /Users/runner/work/bookon/bookon/Sources/LegadoBookSource/RuleEngine/SwiftSoupXPathFunctions.swift /Users/runner/work/bookon/bookon/Sources/LegadoBookSource/RuleEngine/SwiftSoupXPathParser.swift /Users/runner/work/bookon/bookon/Sources/LegadoBookSource/RuleEngine/SwiftSoupXPathPredicate.swift /Users/runner/work/bookon/bookon/Sources/LegadoBookSource/RuleEngine/SwiftSoupXPathStepParser.swift /Users/runner/work/bookon/bookon/Sources/LegadoBookSource/RuleEngine/XPathEvaluator.swift /Users/runner/work/bookon/bookon/Sources/LegadoBookSource/SearchBook.swift /Users/runner/work/bookon/bookon/Sources/LegadoBookSource/StringOrObject.swift /Users/runner/work/bookon/bookon/Sources/LegadoBookSource/WebBook/BookChapterList.swift /Users/runner/work/bookon/bookon/Sources/LegadoBookSource/WebBook/BookContent.swift /Users/runner/work/bookon/bookon/Sources/LegadoBookSource/WebBook/BookInfo.swift /Users/runner/work/bookon/bookon/Sources/LegadoBookSource/WebBook/BookList.swift /Users/runner/work/bookon/bookon/Sources/LegadoBookSource/WebBook/Debug.swift /Users/runner/work/bookon/bookon/Sources/LegadoBookSource/WebBook/WebBook.swift /Users/runner/work/bookon/bookon/Sources/LegadoBookSource/WebBook/WebBookNetwork.swift /Users/runner/work/bookon/bookon/Sources/LegadoBookSource/WebBook/WebBookOptions.swift /Users/runner/work/bookon/bookon/Sources/LegadoBookSource/WebBook/WebBookSupport.swift (in target 'LegadoBookSource' from project 'LegadoBookSource')
2026-10-06T12:59:57.5067840Z     cd /Users/runner/work/bookon/bookon
2026-10-06T12:59:57.5352950Z     builtin-swiftTaskExecution -- /Applications/Xcode_15.4.app/Contents/Developer/Toolchains/XcodeDefault.xctoolchain/usr/bin/swift-frontend -frontend -c /Users/runner/Library/Developer/Xcode/DerivedData/BookonDebug-ehazsigvxemoqzdtqumqzfgyfpkz/Build/Intermediates.noindex/ArchiveIntermediates/BookonDebug/IntermediateBuildFilesPath/LegadoBookSource.build/Release-iphoneos/LegadoBookSource.build/DerivedSources/resource_bundle_accessor.swift /Users/runner/work/bookon/bookon/Sources/LegadoBookSource/BaseBook.swift /Users/runner/work/bookon/bookon/Sources/LegadoBookSource/BaseSource.swift /Users/runner/work/bookon/bookon/Sources/LegadoBookSource/Book.swift /Users/runner/work/bookon/bookon/Sources/LegadoBookSource/BookChapter.swift /Users/runner/work/bookon/bookon/Sources/LegadoBookSource/BookSource.swift /Users/runner/work/bookon/bookon/Sources/LegadoBookSource/BookSourceImporter.swift /Users/runner/work/bookon/bookon/Sources/LegadoBookSource/Constant/BookSourceType.swift /Users/runner/work/bookon/bookon/Sources/LegadoBookSource/Constant/BookType.swift /Users/runner/work/bookon/bookon/Sources/LegadoBookSource/LegadoJSON.swift /Users/runner/work/bookon/bookon/Sources/LegadoBookSource/LenientDecoding.swift /Users/runner/work/bookon/bookon/Sources/LegadoBookSource/Network/AnalyzeUrl.swift /Users/runner/work/bookon/bookon/Sources/LegadoBookSource/Network/CacheManager.swift /Users/runner/work/bookon/bookon/Sources/LegadoBookSource/Network/CharsetDetector/CharsetDetector.swift /Users/runner/work/bookon/bookon/Sources/LegadoBookSource/Network/CharsetDetector/CharsetMatch.swift /Users/runner/work/bookon/bookon/Sources/LegadoBookSource/Network/CharsetDetector/CharsetRecog2022.swift /Users/runner/work/bookon/bookon/Sources/LegadoBookSource/Network/CharsetDetector/CharsetRecogMBCS.swift /Users/runner/work/bookon/bookon/Sources/LegadoBookSource/Network/CharsetDetector/CharsetRecogSBCS.swift /Users/runner/work/bookon/bookon/Sources/LegadoBookSource/Network/CharsetDetector/CharsetRecogUTF8.swift /Users/runner/work/bookon/bookon/Sources/LegadoBookSource/Network/CharsetDetector/CharsetRecogUnicode.swift /Users/runner/work/bookon/bookon/Sources/LegadoBookSource/Network/CharsetDetector/CharsetRecognizer.swift /Users/runner/work/bookon/bookon/Sources/LegadoBookSource/Network/CharsetDetector/CharsetTables.swift /Users/runner/work/bookon/bookon/Sources/LegadoBookSource/Network/CharsetDetector/EncodingDetect.swift /Users/runner/work/bookon/bookon/Sources/LegadoBookSource/Network/ConcurrentRateLimiter.swift /Users/runner/work/bookon/bookon/Sources/LegadoBookSource/Network/CookieManager.swift /Users/runner/work/bookon/bookon/Sources/LegadoBookSource/Network/CookieStore.swift /Users/runner/work/bookon/bookon/Sources/LegadoBookSource/Network/GsonJSON.swift /Users/runner/work/bookon/bookon/Sources/LegadoBookSource/Network/HTTPTypes.swift /Users/runner/work/bookon/bookon/Sources/LegadoBookSource/Network/HttpUrl.swift /Users/runner/work/bookon/bookon/Sources/LegadoBookSource/Network/NetworkUtilsEncoding.swift /Users/runner/work/bookon/bookon/Sources/LegadoBookSource/Network/RealAjaxProvider.swift /Users/runner/work/bookon/bookon/Sources/LegadoBookSource/Network/RealJsNetworkExtensionsProvider.swift /Users/runner/work/bookon/bookon/Sources/LegadoBookSource/Network/URLSessionHTTPClient.swift /Users/runner/work/bookon/bookon/Sources/LegadoBookSource/Network/UrlOption.swift /Users/runner/work/bookon/bookon/Sources/LegadoBookSource/Rule/BookInfoRule.swift /Users/runner/work/bookon/bookon/Sources/LegadoBookSource/Rule/BookListRule.swift /Users/runner/work/bookon/bookon/Sources/LegadoBookSource/Rule/ContentRule.swift /Users/runner/work/bookon/bookon/Sources/LegadoBookSource/Rule/ExploreKind.swift /Users/runner/work/bookon/bookon/Sources/LegadoBookSource/Rule/ExploreRule.swift /Users/runner/work/bookon/bookon/Sources/LegadoBookSource/Rule/FlexChildStyle.swift /Users/runner/work/bookon/bookon/Sources/LegadoBookSource/Rule/ReviewRule.swift /Users/runner/work/bookon/bookon/Sources/LegadoBookSource/Rule/RowUi.swift /Users/runner/work/bookon/bookon/Sources/LegadoBookSource/Rule/SearchRule.swift /Users/runner/work/bookon/bookon/Sources/LegadoBookSource/Rule/TocRule.swift /Users/runner/work/bookon/bookon/Sources/LegadoBookSource/RuleEngine/AnalyzeByJSonPath.swift /Users/runner/work/bookon/bookon/Sources/LegadoBookSource/RuleEngine/AnalyzeByJSoup+Elements.swift /Users/runner/work/bookon/bookon/Sources/LegadoBookSource/RuleEngine/AnalyzeByJSoup.swift /Users/runner/work/bookon/bookon/Sources/LegadoBookSource/RuleEngine/AnalyzeByJSoupRules.swift /Users/runner/work/bookon/bookon/Sources/LegadoBookSource/RuleEngine/AnalyzeByRegex.swift /Users/runner/work/bookon/bookon/Sources/LegadoBookSource/RuleEngine/AnalyzeByXPath.swift /Users/runner/work/bookon/bookon/Sources/LegadoBookSource/RuleEngine/AnalyzeRule+Dispatch.swift /Users/runner/work/bookon/bookon/Sources/LegadoBookSource/RuleEngine/AnalyzeRule+JS.swift /Users/runner/work/bookon/bookon/Sources/LegadoBookSource/RuleEngine/AnalyzeRule+Rules.swift /Users/runner/work/bookon/bookon/Sources/LegadoBookSource/RuleEngine/AnalyzeRule.swift /Users/runner/work/bookon/bookon/Sources/LegadoBookSource/RuleEngine/AnalyzeRuleDependencies.swift /Users/runner/work/bookon/bookon/Sources/LegadoBookSource/RuleEngine/DebugLogger.swift /Users/runner/work/bookon/bookon/Sources/LegadoBookSource/RuleEngine/DefaultJSONPathEvaluator.swift /Users/runner/work/bookon/bookon/Sources/LegadoBookSource/RuleEngine/HtmlEntities.swift /Users/runner/work/bookon/bookon/Sources/LegadoBookSource/RuleEngine/HtmlFormatter.swift /Users/runner/work/bookon/bookon/Sources/LegadoBookSource/RuleEngine/HtmlUnescape.swift /Users/runner/work/bookon/bookon/Sources/LegadoBookSource/RuleEngine/JSEngine.swift /Users/runner/work/bookon/bookon/Sources/LegadoBookSource/RuleEngine/JSJavaBridge.swift /Users/runner/work/bookon/bookon/Sources/LegadoBookSource/RuleEngine/JSONPathEvaluator.swift /Users/runner/work/bookon/bookon/Sources/LegadoBookSource/RuleEngine/JSONPathParser.swift /Users/runner/work/bookon/bookon/Sources/LegadoBookSource/RuleEngine/JavaDoubleFormat.swift /Users/runner/work/bookon/bookon/Sources/LegadoBookSource/RuleEngine/JavaURLResolver.swift /Users/runner/work/bookon/bookon/Sources/LegadoBookSource/RuleEngine/JsExtensionsCatalog.swift /Users/runner/work/bookon/bookon/Sources/LegadoBookSource/RuleEngine/JsExtensionsCore.swift /Users/runner/work/bookon/bookon/Sources/LegadoBookSource/RuleEngine/JsExtensionsRuntime.swift /Users/runner/work/bookon/bookon/Sources/LegadoBookSource/RuleEngine/JsNumberFormat.swift /Users/runner/work/bookon/bookon/Sources/LegadoBookSource/RuleEngine/JsoupCompatSerializer.swift /Users/runner/work/bookon/bookon/Sources/LegadoBookSource/RuleEngine/JsoupJSBridge.swift /Users/runner/work/bookon/bookon/Sources/LegadoBookSource/RuleEngine/LegadoStringExtensions.swift /Users/runner/work/bookon/bookon/Sources/LegadoBookSource/RuleEngine/NetworkUtils.swift /Users/runner/work/bookon/bookon/Sources/LegadoBookSource/RuleEngine/OrderedJSONParser.swift /Users/runner/work/bookon/bookon/Sources/LegadoBookSource/RuleEngine/RegexTemplate.swift /Users/runner/work/bookon/bookon/Sources/LegadoBookSource/RuleEngine/RuleAnalyzer.swift /Users/runner/work/bookon/bookon/Sources/LegadoBookSource/RuleEngine/RuleEngineDiagnostics.swift /Users/runner/work/bookon/bookon/Sources/LegadoBookSource/RuleEngine/RuleEngineError.swift /Users/runner/work/bookon/bookon/Sources/LegadoBookSource/RuleEngine/RuleValue.swift /Users/runner/work/bookon/bookon/Sources/LegadoBookSource/RuleEngine/SourceRule.swift /Users/runner/work/bookon/bookon/Sources/LegadoBookSource/RuleEngine/StringUtils.swift /Users/runner/work/bookon/bookon/Sources/LegadoBookSource/RuleEngine/SwiftSoupElementsCompat.swift /Users/runner/work/bookon/bookon/Sources/LegadoBookSource/RuleEngine/SwiftSoupTextNormalizeFix.swift /Users/runner/work/bookon/bookon/Sources/LegadoBookSource/RuleEngine/SwiftSoupXPathEvaluator.swift /Users/runner/work/bookon/bookon/Sources/LegadoBookSource/RuleEngine/SwiftSoupXPathFunctions.swift /Users/runner/work/bookon/bookon/Sources/LegadoBookSource/RuleEngine/SwiftSoupXPathParser.swift /Users/runner/work/bookon/bookon/Sources/LegadoBookSource/RuleEngine/SwiftSoupXPathPredicate.swift /Users/runner/work/bookon/bookon/Sources/LegadoBookSource/RuleEngine/SwiftSoupXPathStepParser.swift /Users/runner/work/bookon/bookon/Sources/LegadoBookSource/RuleEngine/XPathEvaluator.swift /Users/runner/work/bookon/bookon/Sources/LegadoBookSource/SearchBook.swift /Users/runner/work/bookon/bookon/Sources/LegadoBookSource/StringOrObject.swift /Users/runner/work/bookon/bookon/Sources/LegadoBookSource/WebBook/BookChapterList.swift /Users/runner/work/bookon/bookon/Sources/LegadoBookSource/WebBook/BookContent.swift /Users/runner/work/bookon/bookon/Sources/LegadoBookSource/WebBook/BookInfo.swift /Users/runner/work/bookon/bookon/Sources/LegadoBookSource/WebBook/BookList.swift /Users/runner/work/bookon/bookon/Sources/LegadoBookSource/WebBook/Debug.swift /Users/runner/work/bookon/bookon/Sources/LegadoBookSource/WebBook/WebBook.swift /Users/runner/work/bookon/bookon/Sources/LegadoBookSource/WebBook/WebBookNetwork.swift /Users/runner/work/bookon/bookon/Sources/LegadoBookSource/WebBook/WebBookOptions.swift /Users/runner/work/bookon/bookon/Sources/LegadoBookSource/WebBook/WebBookSupport.swift -supplementary-output-file-map /Users/runner/Library/Developer/Xcode/DerivedData/BookonDebug-ehazsigvxemoqzdtqumqzfgyfpkz/Build/Intermediates.noindex/ArchiveIntermediates/BookonDebug/IntermediateBuildFilesPath/LegadoBookSource.build/Release-iphoneos/LegadoBookSource.build/Objects-normal/arm64/supplementaryOutputs-2 -target arm64-apple-ios17.0 -Xllvm -aarch64-use-tbi -enable-objc-interop -stack-check -sdk /Applications/Xcode_15.4.app/Contents/Developer/Platforms/iPhoneOS.platform/Developer/SDKs/iPhoneOS17.5.sdk -I /Users/runner/Library/Developer/Xcode/DerivedData/BookonDebug-ehazsigvxemoqzdtqumqzfgyfpkz/Build/Intermediates.noindex/ArchiveIntermediates/BookonDebug/BuildProductsPath/Release-iphoneos -I /Applications/Xcode_15.4.app/Contents/Developer/Platforms/iPhoneOS.platform/Developer/usr/lib -F /Users/runner/Library/Developer/Xcode/DerivedData/BookonDebug-ehazsigvxemoqzdtqumqzfgyfpkz/Build/Intermediates.noindex/ArchiveIntermediates/BookonDebug/BuildProductsPath/Release-iphoneos/PackageFrameworks -F /Users/runner/Library/Developer/Xcode/DerivedData/BookonDebug-ehazsigvxemoqzdtqumqzfgyfpkz/Build/Intermediates.noindex/ArchiveIntermediates/BookonDebug/BuildProductsPath/Release-iphoneos -F /Applications/Xcode_15.4.app/Contents/Developer/Platforms/iPhoneOS.platform/Developer/Library/Frameworks -F /Applications/Xcode_15.4.app/Contents/Developer/Platforms/iPhoneOS.platform/Developer/SDKs/iPhoneOS17.5.sdk/Developer/Library/Frameworks -no-color-diagnostics -g -module-cache-path /Users/runner/Library/Developer/Xcode/DerivedData/ModuleCache.noindex -swift-version 5 -enforce-exclusivity\=checked -O -D SWIFT_PACKAGE -D Xcode -serialize-debugging-options -package-name bookon -const-gather-protocols-file /Users/runner/Library/Developer/Xcode/DerivedData/BookonDebug-ehazsigvxemoqzdtqumqzfgyfpkz/Build/Intermediates.noindex/ArchiveIntermediates/BookonDebug/IntermediateBuildFilesPath/LegadoBookSource.build/Release-iphoneos/LegadoBookSource.build/Objects-normal/arm64/LegadoBookSource_const_extract_protocols.json -empty-abi-descriptor -validate-clang-modules-once -clang-build-session-file /Users/runner/Library/Developer/Xcode/DerivedData/ModuleCache.noindex/Session.modulevalidation -Xcc -working-directory -Xcc /Users/runner/work/bookon/bookon -resource-dir /Applications/Xcode_15.4.app/Contents/Developer/Toolchains/XcodeDefault.xctoolchain/usr/lib/swift -Xcc -ivfsstatcache -Xcc /Users/runner/Library/Developer/Xcode/DerivedData/SDKStatCaches.noindex/iphoneos17.5-21F77-f0fa7969d082b13145125136a829df3a.sdkstatcache -Xcc -I/Users/runner/Library/Developer/Xcode/DerivedData/BookonDebug-ehazsigvxemoqzdtqumqzfgyfpkz/Build/Intermediates.noindex/ArchiveIntermediates/BookonDebug/IntermediateBuildFilesPath/LegadoBookSource.build/Release-iphoneos/LegadoBookSource.build/swift-overrides.hmap -Xcc -I/Users/runner/Library/Developer/Xcode/DerivedData/BookonDebug-ehazsigvxemoqzdtqumqzfgyfpkz/Build/Intermediates.noindex/ArchiveIntermediates/BookonDebug/BuildProductsPath/Release-iphoneos/include -Xcc -I/Users/runner/Library/Developer/Xcode/DerivedData/BookonDebug-ehazsigvxemoqzdtqumqzfgyfpkz/Build/Intermediates.noindex/ArchiveIntermediates/BookonDebug/IntermediateBuildFilesPath/LegadoBookSource.build/Release-iphoneos/LegadoBookSource.build/DerivedSources-normal/arm64 -Xcc -I/Users/runner/Library/Developer/Xcode/DerivedData/BookonDebug-ehazsigvxemoqzdtqumqzfgyfpkz/Build/Intermediates.noindex/ArchiveIntermediates/BookonDebug/IntermediateBuildFilesPath/LegadoBookSource.build/Release-iphoneos/LegadoBookSource.build/DerivedSources/arm64 -Xcc -I/Users/runner/Library/Developer/Xcode/DerivedData/BookonDebug-ehazsigvxemoqzdtqumqzfgyfpkz/Build/Intermediates.noindex/ArchiveIntermediates/BookonDebug/IntermediateBuildFilesPath/LegadoBookSource.build/Release-iphoneos/LegadoBookSource.build/DerivedSources -Xcc -DSWIFT_PACKAGE -module-name LegadoBookSource -frontend-parseable-output -disable-clang-spi -target-sdk-version 17.5 -target-sdk-name iphoneos17.5 -external-plugin-path /Applications/Xcode_15.4.app/Contents/Developer/Platforms/iPhoneOS.platform/Developer/SDKs/iPhoneOS17.5.sdk/usr/lib/swift/host/plugins\#/Applications/Xcode_15.4.app/Contents/Developer/Platforms/iPhoneOS.platform/Developer/SDKs/iPhoneOS17.5.sdk/usr/bin/swift-plugin-server -external-plugin-path /Applications/Xcode_15.4.app/Contents/Developer/Platforms/iPhoneOS.platform/Developer/SDKs/iPhoneOS17.5.sdk/usr/local/lib/swift/host/plugins\#/Applications/Xcode_15.4.app/Contents/Developer/Platforms/iPhoneOS.platform/Developer/SDKs/iPhoneOS17.5.sdk/usr/bin/swift-plugin-server -external-plugin-path /Applications/Xcode_15.4.app/Contents/Developer/Platforms/iPhoneOS.platform/Developer/usr/lib/swift/host/plugins\#/Applications/Xcode_15.4.app/Contents/Developer/Platforms/iPhoneOS.platform/Developer/usr/bin/swift-plugin-server -external-plugin-path /Applications/Xcode_15.4.app/Contents/Developer/Platforms/iPhoneOS.platform/Developer/usr/local/lib/swift/host/plugins\#/Applications/Xcode_15.4.app/Contents/Developer/Platforms/iPhoneOS.platform/Developer/usr/bin/swift-plugin-server -plugin-path /Applications/Xcode_15.4.app/Contents/Developer/Toolchains/XcodeDefault.xctoolchain/usr/lib/swift/host/plugins -plugin-path /Applications/Xcode_15.4.app/Contents/Developer/Toolchains/XcodeDefault.xctoolchain/usr/local/lib/swift/host/plugins -enable-default-cmo -num-threads 3 -o /Users/runner/Library/Developer/Xcode/DerivedData/BookonDebug-ehazsigvxemoqzdtqumqzfgyfpkz/Build/Intermediates.noindex/ArchiveIntermediates/BookonDebug/IntermediateBuildFilesPath/LegadoBookSource.build/Release-iphoneos/LegadoBookSource.build/Objects-normal/arm64/resource_bundle_accessor.o -o /Users/runner/Library/Developer/Xcode/DerivedData/BookonDebug-ehazsigvxemoqzdtqumqzfgyfpkz/Build/Intermediates.noindex/ArchiveIntermediates/BookonDebug/IntermediateBuildFilesPath/LegadoBookSource.build/Release-iphoneos/LegadoBookSource.build/Objects-normal/arm64/BaseBook.o -o /Users/runner/Library/Developer/Xcode/DerivedData/BookonDebug-ehazsigvxemoqzdtqumqzfgyfpkz/Build/Intermediates.noindex/ArchiveIntermediates/BookonDebug/IntermediateBuildFilesPath/LegadoBookSource.build/Release-iphoneos/LegadoBookSource.build/Objects-normal/arm64/BaseSource.o -o /Users/runner/Library/Developer/Xcode/DerivedData/BookonDebug-ehazsigvxemoqzdtqumqzfgyfpkz/Build/Intermediates.noindex/ArchiveIntermediates/BookonDebug/IntermediateBuildFilesPath/LegadoBookSource.build/Release-iphoneos/LegadoBookSource.build/Objects-normal/arm64/Book.o -o /Users/runner/Library/Developer/Xcode/DerivedData/BookonDebug-ehazsigvxemoqzdtqumqzfgyfpkz/Build/Intermediates.noindex/ArchiveIntermediates/BookonDebug/IntermediateBuildFilesPath/LegadoBookSource.build/Release-iphoneos/LegadoBookSource.build/Objects-normal/arm64/BookChapter.o -o /Users/runner/Library/Developer/Xcode/DerivedData/BookonDebug-ehazsigvxemoqzdtqumqzfgyfpkz/Build/Intermediates.noindex/ArchiveIntermediates/BookonDebug/IntermediateBuildFilesPath/LegadoBookSource.build/Release-iphoneos/LegadoBookSource.build/Objects-normal/arm64/BookSource.o -o /Users/runner/Library/Developer/Xcode/DerivedData/BookonDebug-ehazsigvxemoqzdtqumqzfgyfpkz/Build/Intermediates.noindex/ArchiveIntermediates/BookonDebug/IntermediateBuildFilesPath/LegadoBookSource.build/Release-iphoneos/LegadoBookSource.build/Objects-normal/arm64/BookSourceImporter.o -o /Users/runner/Library/Developer/Xcode/DerivedData/BookonDebug-ehazsigvxemoqzdtqumqzfgyfpkz/Build/Intermediates.noindex/ArchiveIntermediates/BookonDebug/IntermediateBuildFilesPath/LegadoBookSource.build/Release-iphoneos/LegadoBookSource.build/Objects-normal/arm64/BookSourceType.o -o /Users/runner/Library/Developer/Xcode/DerivedData/BookonDebug-ehazsigvxemoqzdtqumqzfgyfpkz/Build/Intermediates.noindex/ArchiveIntermediates/BookonDebug/IntermediateBuildFilesPath/LegadoBookSource.build/Release-iphoneos/LegadoBookSource.build/Objects-normal/arm64/BookType.o -o /Users/runner/Library/Developer/Xcode/DerivedData/BookonDebug-ehazsigvxemoqzdtqumqzfgyfpkz/Build/Intermediates.noindex/ArchiveIntermediates/BookonDebug/IntermediateBuildFilesPath/LegadoBookSource.build/Release-iphoneos/LegadoBookSource.build/Objects-normal/arm64/LegadoJSON.o -o /Users/runner/Library/Developer/Xcode/DerivedData/BookonDebug-ehazsigvxemoqzdtqumqzfgyfpkz/Build/Intermediates.noindex/ArchiveIntermediates/BookonDebug/IntermediateBuildFilesPath/LegadoBookSource.build/Release-iphoneos/LegadoBookSource.build/Objects-normal/arm64/LenientDecoding.o -o /Users/runner/Library/Developer/Xcode/DerivedData/BookonDebug-ehazsigvxemoqzdtqumqzfgyfpkz/Build/Intermediates.noindex/ArchiveIntermediates/BookonDebug/IntermediateBuildFilesPath/LegadoBookSource.build/Release-iphoneos/LegadoBookSource.build/Objects-normal/arm64/AnalyzeUrl.o -o /Users/runner/Library/Developer/Xcode/DerivedData/BookonDebug-ehazsigvxemoqzdtqumqzfgyfpkz/Build/Intermediates.noindex/ArchiveIntermediates/BookonDebug/IntermediateBuildFilesPath/LegadoBookSource.build/Release-iphoneos/LegadoBookSource.build/Objects-normal/arm64/CacheManager.o -o /Users/runner/Library/Developer/Xcode/DerivedData/BookonDebug-ehazsigvxemoqzdtqumqzfgyfpkz/Build/Intermediates.noindex/ArchiveIntermediates/BookonDebug/IntermediateBuildFilesPath/LegadoBookSource.build/Release-iphoneos/LegadoBookSource.build/Objects-normal/arm64/CharsetDetector.o -o /Users/runner/Library/Developer/Xcode/DerivedData/BookonDebug-ehazsigvxemoqzdtqumqzfgyfpkz/Build/Intermediates.noindex/ArchiveIntermediates/BookonDebug/IntermediateBuildFilesPath/LegadoBookSource.build/Release-iphoneos/LegadoBookSource.build/Objects-normal/arm64/CharsetMatch.o -o /Users/runner/Library/Developer/Xcode/DerivedData/BookonDebug-ehazsigvxemoqzdtqumqzfgyfpkz/Build/Intermediates.noindex/ArchiveIntermediates/BookonDebug/IntermediateBuildFilesPath/LegadoBookSource.build/Release-iphoneos/LegadoBookSource.build/Objects-normal/arm64/CharsetRecog2022.o -o /Users/runner/Library/Developer/Xcode/DerivedData/BookonDebug-ehazsigvxemoqzdtqumqzfgyfpkz/Build/Intermediates.noindex/ArchiveIntermediates/BookonDebug/IntermediateBuildFilesPath/LegadoBookSource.build/Release-iphoneos/LegadoBookSource.build/Objects-normal/arm64/CharsetRecogMBCS.o -o /Users/runner/Library/Developer/Xcode/DerivedData/BookonDebug-ehazsigvxemoqzdtqumqzfgyfpkz/Build/Intermediates.noindex/ArchiveIntermediates/BookonDebug/IntermediateBuildFilesPath/LegadoBookSource.build/Release-iphoneos/LegadoBookSource.build/Objects-normal/arm64/CharsetRecogSBCS.o -o /Users/runner/Library/Developer/Xcode/DerivedData/BookonDebug-ehazsigvxemoqzdtqumqzfgyfpkz/Build/Intermediates.noindex/ArchiveIntermediates/BookonDebug/IntermediateBuildFilesPath/LegadoBookSource.build/Release-iphoneos/LegadoBookSource.build/Objects-normal/arm64/CharsetRecogUTF8.o -o /Users/runner/Library/Developer/Xcode/DerivedData/BookonDebug-ehazsigvxemoqzdtqumqzfgyfpkz/Build/Intermediates.noindex/ArchiveIntermediates/BookonDebug/IntermediateBuildFilesPath/LegadoBookSource.build/Release-iphoneos/LegadoBookSource.build/Objects-normal/arm64/CharsetRecogUnicode.o -o /Users/runner/Library/Developer/Xcode/DerivedData/BookonDebug-ehazsigvxemoqzdtqumqzfgyfpkz/Build/Intermediates.noindex/ArchiveIntermediates/BookonDebug/IntermediateBuildFilesPath/LegadoBookSource.build/Release-iphoneos/LegadoBookSource.build/Objects-normal/arm64/CharsetRecognizer.o -o /Users/runner/Library/Developer/Xcode/DerivedData/BookonDebug-ehazsigvxemoqzdtqumqzfgyfpkz/Build/Intermediates.noindex/ArchiveIntermediates/BookonDebug/IntermediateBuildFilesPath/LegadoBookSource.build/Release-iphoneos/LegadoBookSource.build/Objects-normal/arm64/CharsetTables.o -o /Users/runner/Library/Developer/Xcode/DerivedData/BookonDebug-ehazsigvxemoqzdtqumqzfgyfpkz/Build/Intermediates.noindex/ArchiveIntermediates/BookonDebug/IntermediateBuildFilesPath/LegadoBookSource.build/Release-iphoneos/LegadoBookSource.build/Objects-normal/arm64/EncodingDetect.o -o /Users/runner/Library/Developer/Xcode/DerivedData/BookonDebug-ehazsigvxemoqzdtqumqzfgyfpkz/Build/Intermediates.noindex/ArchiveIntermediates/BookonDebug/IntermediateBuildFilesPath/LegadoBookSource.build/Release-iphoneos/LegadoBookSource.build/Objects-normal/arm64/ConcurrentRateLimiter.o -o /Users/runner/Library/Developer/Xcode/DerivedData/BookonDebug-ehazsigvxemoqzdtqumqzfgyfpkz/Build/Intermediates.noindex/ArchiveIntermediates/BookonDebug/IntermediateBuildFilesPath/LegadoBookSource.build/Release-iphoneos/LegadoBookSource.build/Objects-normal/arm64/CookieManager.o -o /Users/runner/Library/Developer/Xcode/DerivedData/BookonDebug-ehazsigvxemoqzdtqumqzfgyfpkz/Build/Intermediates.noindex/ArchiveIntermediates/BookonDebug/IntermediateBuildFilesPath/LegadoBookSource.build/Release-iphoneos/LegadoBookSource.build/Objects-normal/arm64/CookieStore.o -o /Users/runner/Library/Developer/Xcode/DerivedData/BookonDebug-ehazsigvxemoqzdtqumqzfgyfpkz/Build/Intermediates.noindex/ArchiveIntermediates/BookonDebug/IntermediateBuildFilesPath/LegadoBookSource.build/Release-iphoneos/LegadoBookSource.build/Objects-normal/arm64/GsonJSON.o -o /Users/runner/Library/Developer/Xcode/DerivedData/BookonDebug-ehazsigvxemoqzdtqumqzfgyfpkz/Build/Intermediates.noindex/ArchiveIntermediates/BookonDebug/IntermediateBuildFilesPath/LegadoBookSource.build/Release-iphoneos/LegadoBookSource.build/Objects-normal/arm64/HTTPTypes.o -o /Users/runner/Library/Developer/Xcode/DerivedData/BookonDebug-ehazsigvxemoqzdtqumqzfgyfpkz/Build/Intermediates.noindex/ArchiveIntermediates/BookonDebug/IntermediateBuildFilesPath/LegadoBookSource.build/Release-iphoneos/LegadoBookSource.build/Objects-normal/arm64/HttpUrl.o -o /Users/runner/Library/Developer/Xcode/DerivedData/BookonDebug-ehazsigvxemoqzdtqumqzfgyfpkz/Build/Intermediates.noindex/ArchiveIntermediates/BookonDebug/IntermediateBuildFilesPath/LegadoBookSource.build/Release-iphoneos/LegadoBookSource.build/Objects-normal/arm64/NetworkUtilsEncoding.o -o /Users/runner/Library/Developer/Xcode/DerivedData/BookonDebug-ehazsigvxemoqzdtqumqzfgyfpkz/Build/Intermediates.noindex/ArchiveIntermediates/BookonDebug/IntermediateBuildFilesPath/LegadoBookSource.build/Release-iphoneos/LegadoBookSource.build/Objects-normal/arm64/RealAjaxProvider.o -o /Users/runner/Library/Developer/Xcode/DerivedData/BookonDebug-ehazsigvxemoqzdtqumqzfgyfpkz/Build/Intermediates.noindex/ArchiveIntermediates/BookonDebug/IntermediateBuildFilesPath/LegadoBookSource.build/Release-iphoneos/LegadoBookSource.build/Objects-normal/arm64/RealJsNetworkExtensionsProvider.o -o /Users/runner/Library/Developer/Xcode/DerivedData/BookonDebug-ehazsigvxemoqzdtqumqzfgyfpkz/Build/Intermediates.noindex/ArchiveIntermediates/BookonDebug/IntermediateBuildFilesPath/LegadoBookSource.build/Release-iphoneos/LegadoBookSource.build/Objects-normal/arm64/URLSessionHTTPClient.o -o /Users/runner/Library/Developer/Xcode/DerivedData/BookonDebug-ehazsigvxemoqzdtqumqzfgyfpkz/Build/Intermediates.noindex/ArchiveIntermediates/BookonDebug/IntermediateBuildFilesPath/LegadoBookSource.build/Release-iphoneos/LegadoBookSource.build/Objects-normal/arm64/UrlOption.o -o /Users/runner/Library/Developer/Xcode/DerivedData/BookonDebug-ehazsigvxemoqzdtqumqzfgyfpkz/Build/Intermediates.noindex/ArchiveIntermediates/BookonDebug/IntermediateBuildFilesPath/LegadoBookSource.build/Release-iphoneos/LegadoBookSource.build/Objects-normal/arm64/BookInfoRule.o -o /Users/runner/Library/Developer/Xcode/DerivedData/BookonDebug-ehazsigvxemoqzdtqumqzfgyfpkz/Build/Intermediates.noindex/ArchiveIntermediates/BookonDebug/IntermediateBuildFilesPath/LegadoBookSource.build/Release-iphoneos/LegadoBookSource.build/Objects-normal/arm64/BookListRule.o -o /Users/runner/Library/Developer/Xcode/DerivedData/BookonDebug-ehazsigvxemoqzdtqumqzfgyfpkz/Build/Intermediates.noindex/ArchiveIntermediates/BookonDebug/IntermediateBuildFilesPath/LegadoBookSource.build/Release-iphoneos/LegadoBookSource.build/Objects-normal/arm64/ContentRule.o -o /Users/runner/Library/Developer/Xcode/DerivedData/BookonDebug-ehazsigvxemoqzdtqumqzfgyfpkz/Build/Intermediates.noindex/ArchiveIntermediates/BookonDebug/IntermediateBuildFilesPath/LegadoBookSource.build/Release-iphoneos/LegadoBookSource.build/Objects-normal/arm64/ExploreKind.o -o /Users/runner/Library/Developer/Xcode/DerivedData/BookonDebug-ehazsigvxemoqzdtqumqzfgyfpkz/Build/Intermediates.noindex/ArchiveIntermediates/BookonDebug/IntermediateBuildFilesPath/LegadoBookSource.build/Release-iphoneos/LegadoBookSource.build/Objects-normal/arm64/ExploreRule.o -o /Users/runner/Library/Developer/Xcode/DerivedData/BookonDebug-ehazsigvxemoqzdtqumqzfgyfpkz/Build/Intermediates.noindex/ArchiveIntermediates/BookonDebug/IntermediateBuildFilesPath/LegadoBookSource.build/Release-iphoneos/LegadoBookSource.build/Objects-normal/arm64/FlexChildStyle.o -o /Users/runner/Library/Developer/Xcode/DerivedData/BookonDebug-ehazsigvxemoqzdtqumqzfgyfpkz/Build/Intermediates.noindex/ArchiveIntermediates/BookonDebug/IntermediateBuildFilesPath/LegadoBookSource.build/Release-iphoneos/LegadoBookSource.build/Objects-normal/arm64/ReviewRule.o -o /Users/runner/Library/Developer/Xcode/DerivedData/BookonDebug-ehazsigvxemoqzdtqumqzfgyfpkz/Build/Intermediates.noindex/ArchiveIntermediates/BookonDebug/IntermediateBuildFilesPath/LegadoBookSource.build/Release-iphoneos/LegadoBookSource.build/Objects-normal/arm64/RowUi.o -o /Users/runner/Library/Developer/Xcode/DerivedData/BookonDebug-ehazsigvxemoqzdtqumqzfgyfpkz/Build/Intermediates.noindex/ArchiveIntermediates/BookonDebug/IntermediateBuildFilesPath/LegadoBookSource.build/Release-iphoneos/LegadoBookSource.build/Objects-normal/arm64/SearchRule.o -o /Users/runner/Library/Developer/Xcode/DerivedData/BookonDebug-ehazsigvxemoqzdtqumqzfgyfpkz/Build/Intermediates.noindex/ArchiveIntermediates/BookonDebug/IntermediateBuildFilesPath/LegadoBookSource.build/Release-iphoneos/LegadoBookSource.build/Objects-normal/arm64/TocRule.o -o /Users/runner/Library/Developer/Xcode/DerivedData/BookonDebug-ehazsigvxemoqzdtqumqzfgyfpkz/Build/Intermediates.noindex/ArchiveIntermediates/BookonDebug/IntermediateBuildFilesPath/LegadoBookSource.build/Release-iphoneos/LegadoBookSource.build/Objects-normal/arm64/AnalyzeByJSonPath.o -o /Users/runner/Library/Developer/Xcode/DerivedData/BookonDebug-ehazsigvxemoqzdtqumqzfgyfpkz/Build/Intermediates.noindex/ArchiveIntermediates/BookonDebug/IntermediateBuildFilesPath/LegadoBookSource.build/Release-iphoneos/LegadoBookSource.build/Objects-normal/arm64/AnalyzeByJSoup+Elements.o -o /Users/runner/Library/Developer/Xcode/DerivedData/BookonDebug-ehazsigvxemoqzdtqumqzfgyfpkz/Build/Intermediates.noindex/ArchiveIntermediates/BookonDebug/IntermediateBuildFilesPath/LegadoBookSource.build/Release-iphoneos/LegadoBookSource.build/Objects-normal/arm64/AnalyzeByJSoup.o -o /Users/runner/Library/Developer/Xcode/DerivedData/BookonDebug-ehazsigvxemoqzdtqumqzfgyfpkz/Build/Intermediates.noindex/ArchiveIntermediates/BookonDebug/IntermediateBuildFilesPath/LegadoBookSource.build/Release-iphoneos/LegadoBookSource.build/Objects-normal/arm64/AnalyzeByJSoupRules.o -o /Users/runner/Library/Developer/Xcode/DerivedData/BookonDebug-ehazsigvxemoqzdtqumqzfgyfpkz/Build/Intermediates.noindex/ArchiveIntermediates/BookonDebug/IntermediateBuildFilesPath/LegadoBookSource.build/Release-iphoneos/LegadoBookSource.build/Objects-normal/arm64/AnalyzeByRegex.o -o /Users/runner/Library/Developer/Xcode/DerivedData/BookonDebug-ehazsigvxemoqzdtqumqzfgyfpkz/Build/Intermediates.noindex/ArchiveIntermediates/BookonDebug/IntermediateBuildFilesPath/LegadoBookSource.build/Release-iphoneos/LegadoBookSource.build/Objects-normal/arm64/AnalyzeByXPath.o -o /Users/runner/Library/Developer/Xcode/DerivedData/BookonDebug-ehazsigvxemoqzdtqumqzfgyfpkz/Build/Intermediates.noindex/ArchiveIntermediates/BookonDebug/IntermediateBuildFilesPath/LegadoBookSource.build/Release-iphoneos/LegadoBookSource.build/Objects-normal/arm64/AnalyzeRule+Dispatch.o -o /Users/runner/Library/Developer/Xcode/DerivedData/BookonDebug-ehazsigvxemoqzdtqumqzfgyfpkz/Build/Intermediates.noindex/ArchiveIntermediates/BookonDebug/IntermediateBuildFilesPath/LegadoBookSource.build/Release-iphoneos/LegadoBookSource.build/Objects-normal/arm64/AnalyzeRule+JS.o -o /Users/runner/Library/Developer/Xcode/DerivedData/BookonDebug-ehazsigvxemoqzdtqumqzfgyfpkz/Build/Intermediates.noindex/ArchiveIntermediates/BookonDebug/IntermediateBuildFilesPath/LegadoBookSource.build/Release-iphoneos/LegadoBookSource.build/Objects-normal/arm64/AnalyzeRule+Rules.o -o /Users/runner/Library/Developer/Xcode/DerivedData/BookonDebug-ehazsigvxemoqzdtqumqzfgyfpkz/Build/Intermediates.noindex/ArchiveIntermediates/BookonDebug/IntermediateBuildFilesPath/LegadoBookSource.build/Release-iphoneos/LegadoBookSource.build/Objects-normal/arm64/AnalyzeRule.o -o /Users/runner/Library/Developer/Xcode/DerivedData/BookonDebug-ehazsigvxemoqzdtqumqzfgyfpkz/Build/Intermediates.noindex/ArchiveIntermediates/BookonDebug/IntermediateBuildFilesPath/LegadoBookSource.build/Release-iphoneos/LegadoBookSource.build/Objects-normal/arm64/AnalyzeRuleDependencies.o -o /Users/runner/Library/Developer/Xcode/DerivedData/BookonDebug-ehazsigvxemoqzdtqumqzfgyfpkz/Build/Intermediates.noindex/ArchiveIntermediates/BookonDebug/IntermediateBuildFilesPath/LegadoBookSource.build/Release-iphoneos/LegadoBookSource.build/Objects-normal/arm64/DebugLogger.o -o /Users/runner/Library/Developer/Xcode/DerivedData/BookonDebug-ehazsigvxemoqzdtqumqzfgyfpkz/Build/Intermediates.noindex/ArchiveIntermediates/BookonDebug/IntermediateBuildFilesPath/LegadoBookSource.build/Release-iphoneos/LegadoBookSource.build/Objects-normal/arm64/DefaultJSONPathEvaluator.o -o /Users/runner/Library/Developer/Xcode/DerivedData/BookonDebug-ehazsigvxemoqzdtqumqzfgyfpkz/Build/Intermediates.noindex/ArchiveIntermediates/BookonDebug/IntermediateBuildFilesPath/LegadoBookSource.build/Release-iphoneos/LegadoBookSource.build/Objects-normal/arm64/HtmlEntities.o -o /Users/runner/Library/Developer/Xcode/DerivedData/BookonDebug-ehazsigvxemoqzdtqumqzfgyfpkz/Build/Intermediates.noindex/ArchiveIntermediates/BookonDebug/IntermediateBuildFilesPath/LegadoBookSource.build/Release-iphoneos/LegadoBookSource.build/Objects-normal/arm64/HtmlFormatter.o -o /Users/runner/Library/Developer/Xcode/DerivedData/BookonDebug-ehazsigvxemoqzdtqumqzfgyfpkz/Build/Intermediates.noindex/ArchiveIntermediates/BookonDebug/IntermediateBuildFilesPath/LegadoBookSource.build/Release-iphoneos/LegadoBookSource.build/Objects-normal/arm64/HtmlUnescape.o -o /Users/runner/Library/Developer/Xcode/DerivedData/BookonDebug-ehazsigvxemoqzdtqumqzfgyfpkz/Build/Intermediates.noindex/ArchiveIntermediates/BookonDebug/IntermediateBuildFilesPath/LegadoBookSource.build/Release-iphoneos/LegadoBookSource.build/Objects-normal/arm64/JSEngine.o -o /Users/runner/Library/Developer/Xcode/DerivedData/BookonDebug-ehazsigvxemoqzdtqumqzfgyfpkz/Build/Intermediates.noindex/ArchiveIntermediates/BookonDebug/IntermediateBuildFilesPath/LegadoBookSource.build/Release-iphoneos/LegadoBookSource.build/Objects-normal/arm64/JSJavaBridge.o -o /Users/runner/Library/Developer/Xcode/DerivedData/BookonDebug-ehazsigvxemoqzdtqumqzfgyfpkz/Build/Intermediates.noindex/ArchiveIntermediates/BookonDebug/IntermediateBuildFilesPath/LegadoBookSource.build/Release-iphoneos/LegadoBookSource.build/Objects-normal/arm64/JSONPathEvaluator.o -o /Users/runner/Library/Developer/Xcode/DerivedData/BookonDebug-ehazsigvxemoqzdtqumqzfgyfpkz/Build/Intermediates.noindex/ArchiveIntermediates/BookonDebug/IntermediateBuildFilesPath/LegadoBookSource.build/Release-iphoneos/LegadoBookSource.build/Objects-normal/arm64/JSONPathParser.o -o /Users/runner/Library/Developer/Xcode/DerivedData/BookonDebug-ehazsigvxemoqzdtqumqzfgyfpkz/Build/Intermediates.noindex/ArchiveIntermediates/BookonDebug/IntermediateBuildFilesPath/LegadoBookSource.build/Release-iphoneos/LegadoBookSource.build/Objects-normal/arm64/JavaDoubleFormat.o -o /Users/runner/Library/Developer/Xcode/DerivedData/BookonDebug-ehazsigvxemoqzdtqumqzfgyfpkz/Build/Intermediates.noindex/ArchiveIntermediates/BookonDebug/IntermediateBuildFilesPath/LegadoBookSource.build/Release-iphoneos/LegadoBookSource.build/Objects-normal/arm64/JavaURLResolver.o -o /Users/runner/Library/Developer/Xcode/DerivedData/BookonDebug-ehazsigvxemoqzdtqumqzfgyfpkz/Build/Intermediates.noindex/ArchiveIntermediates/BookonDebug/IntermediateBuildFilesPath/LegadoBookSource.build/Release-iphoneos/LegadoBookSource.build/Objects-normal/arm64/JsExtensionsCatalog.o -o /Users/runner/Library/Developer/Xcode/DerivedData/BookonDebug-ehazsigvxemoqzdtqumqzfgyfpkz/Build/Intermediates.noindex/ArchiveIntermediates/BookonDebug/IntermediateBuildFilesPath/LegadoBookSource.build/Release-iphoneos/LegadoBookSource.build/Objects-normal/arm64/JsExtensionsCore.o -o /Users/runner/Library/Developer/Xcode/DerivedData/BookonDebug-ehazsigvxemoqzdtqumqzfgyfpkz/Build/Intermediates.noindex/ArchiveIntermediates/BookonDebug/IntermediateBuildFilesPath/LegadoBookSource.build/Release-iphoneos/LegadoBookSource.build/Objects-normal/arm64/JsExtensionsRuntime.o -o /Users/runner/Library/Developer/Xcode/DerivedData/BookonDebug-ehazsigvxemoqzdtqumqzfgyfpkz/Build/Intermediates.noindex/ArchiveIntermediates/BookonDebug/IntermediateBuildFilesPath/LegadoBookSource.build/Release-iphoneos/LegadoBookSource.build/Objects-normal/arm64/JsNumberFormat.o -o /Users/runner/Library/Developer/Xcode/DerivedData/BookonDebug-ehazsigvxemoqzdtqumqzfgyfpkz/Build/Intermediates.noindex/ArchiveIntermediates/BookonDebug/IntermediateBuildFilesPath/LegadoBookSource.build/Release-iphoneos/LegadoBookSource.build/Objects-normal/arm64/JsoupCompatSerializer.o -o /Users/runner/Library/Developer/Xcode/DerivedData/BookonDebug-ehazsigvxemoqzdtqumqzfgyfpkz/Build/Intermediates.noindex/ArchiveIntermediates/BookonDebug/IntermediateBuildFilesPath/LegadoBookSource.build/Release-iphoneos/LegadoBookSource.build/Objects-normal/arm64/JsoupJSBridge.o -o /Users/runner/Library/Developer/Xcode/DerivedData/BookonDebug-ehazsigvxemoqzdtqumqzfgyfpkz/Build/Intermediates.noindex/ArchiveIntermediates/BookonDebug/IntermediateBuildFilesPath/LegadoBookSource.build/Release-iphoneos/LegadoBookSource.build/Objects-normal/arm64/LegadoStringExtensions.o -o /Users/runner/Library/Developer/Xcode/DerivedData/BookonDebug-ehazsigvxemoqzdtqumqzfgyfpkz/Build/Intermediates.noindex/ArchiveIntermediates/BookonDebug/IntermediateBuildFilesPath/LegadoBookSource.build/Release-iphoneos/LegadoBookSource.build/Objects-normal/arm64/NetworkUtils.o -o /Users/runner/Library/Developer/Xcode/DerivedData/BookonDebug-ehazsigvxemoqzdtqumqzfgyfpkz/Build/Intermediates.noindex/ArchiveIntermediates/BookonDebug/IntermediateBuildFilesPath/LegadoBookSource.build/Release-iphoneos/LegadoBookSource.build/Objects-normal/arm64/OrderedJSONParser.o -o /Users/runner/Library/Developer/Xcode/DerivedData/BookonDebug-ehazsigvxemoqzdtqumqzfgyfpkz/Build/Intermediates.noindex/ArchiveIntermediates/BookonDebug/IntermediateBuildFilesPath/LegadoBookSource.build/Release-iphoneos/LegadoBookSource.build/Objects-normal/arm64/RegexTemplate.o -o /Users/runner/Library/Developer/Xcode/DerivedData/BookonDebug-ehazsigvxemoqzdtqumqzfgyfpkz/Build/Intermediates.noindex/ArchiveIntermediates/BookonDebug/IntermediateBuildFilesPath/LegadoBookSource.build/Release-iphoneos/LegadoBookSource.build/Objects-normal/arm64/RuleAnalyzer.o -o /Users/runner/Library/Developer/Xcode/DerivedData/BookonDebug-ehazsigvxemoqzdtqumqzfgyfpkz/Build/Intermediates.noindex/ArchiveIntermediates/BookonDebug/IntermediateBuildFilesPath/LegadoBookSource.build/Release-iphoneos/LegadoBookSource.build/Objects-normal/arm64/RuleEngineDiagnostics.o -o /Users/runner/Library/Developer/Xcode/DerivedData/BookonDebug-ehazsigvxemoqzdtqumqzfgyfpkz/Build/Intermediates.noindex/ArchiveIntermediates/BookonDebug/IntermediateBuildFilesPath/LegadoBookSource.build/Release-iphoneos/LegadoBookSource.build/Objects-normal/arm64/RuleEngineError.o -o /Users/runner/Library/Developer/Xcode/DerivedData/BookonDebug-ehazsigvxemoqzdtqumqzfgyfpkz/Build/Intermediates.noindex/ArchiveIntermediates/BookonDebug/IntermediateBuildFilesPath/LegadoBookSource.build/Release-iphoneos/LegadoBookSource.build/Objects-normal/arm64/RuleValue.o -o /Users/runner/Library/Developer/Xcode/DerivedData/BookonDebug-ehazsigvxemoqzdtqumqzfgyfpkz/Build/Intermediates.noindex/ArchiveIntermediates/BookonDebug/IntermediateBuildFilesPath/LegadoBookSource.build/Release-iphoneos/LegadoBookSource.build/Objects-normal/arm64/SourceRule.o -o /Users/runner/Library/Developer/Xcode/DerivedData/BookonDebug-ehazsigvxemoqzdtqumqzfgyfpkz/Build/Intermediates.noindex/ArchiveIntermediates/BookonDebug/IntermediateBuildFilesPath/LegadoBookSource.build/Release-iphoneos/LegadoBookSource.build/Objects-normal/arm64/StringUtils.o -o /Users/runner/Library/Developer/Xcode/DerivedData/BookonDebug-ehazsigvxemoqzdtqumqzfgyfpkz/Build/Intermediates.noindex/ArchiveIntermediates/BookonDebug/IntermediateBuildFilesPath/LegadoBookSource.build/Release-iphoneos/LegadoBookSource.build/Objects-normal/arm64/SwiftSoupElementsCompat.o -o /Users/runner/Library/Developer/Xcode/DerivedData/BookonDebug-ehazsigvxemoqzdtqumqzfgyfpkz/Build/Intermediates.noindex/ArchiveIntermediates/BookonDebug/IntermediateBuildFilesPath/LegadoBookSource.build/Release-iphoneos/LegadoBookSource.build/Objects-normal/arm64/SwiftSoupTextNormalizeFix.o -o /Users/runner/Library/Developer/Xcode/DerivedData/BookonDebug-ehazsigvxemoqzdtqumqzfgyfpkz/Build/Intermediates.noindex/ArchiveIntermediates/BookonDebug/IntermediateBuildFilesPath/LegadoBookSource.build/Release-iphoneos/LegadoBookSource.build/Objects-normal/arm64/SwiftSoupXPathEvaluator.o -o /Users/runner/Library/Developer/Xcode/DerivedData/BookonDebug-ehazsigvxemoqzdtqumqzfgyfpkz/Build/Intermediates.noindex/ArchiveIntermediates/BookonDebug/IntermediateBuildFilesPath/LegadoBookSource.build/Release-iphoneos/LegadoBookSource.build/Objects-normal/arm64/SwiftSoupXPathFunctions.o -o /Users/runner/Library/Developer/Xcode/DerivedData/BookonDebug-ehazsigvxemoqzdtqumqzfgyfpkz/Build/Intermediates.noindex/ArchiveIntermediates/BookonDebug/IntermediateBuildFilesPath/LegadoBookSource.build/Release-iphoneos/LegadoBookSource.build/Objects-normal/arm64/SwiftSoupXPathParser.o -o /Users/runner/Library/Developer/Xcode/DerivedData/BookonDebug-ehazsigvxemoqzdtqumqzfgyfpkz/Build/Intermediates.noindex/ArchiveIntermediates/BookonDebug/IntermediateBuildFilesPath/LegadoBookSource.build/Release-iphoneos/LegadoBookSource.build/Objects-normal/arm64/SwiftSoupXPathPredicate.o -o /Users/runner/Library/Developer/Xcode/DerivedData/BookonDebug-ehazsigvxemoqzdtqumqzfgyfpkz/Build/Intermediates.noindex/ArchiveIntermediates/BookonDebug/IntermediateBuildFilesPath/LegadoBookSource.build/Release-iphoneos/LegadoBookSource.build/Objects-normal/arm64/SwiftSoupXPathStepParser.o -o /Users/runner/Library/Developer/Xcode/DerivedData/BookonDebug-ehazsigvxemoqzdtqumqzfgyfpkz/Build/Intermediates.noindex/ArchiveIntermediates/BookonDebug/IntermediateBuildFilesPath/LegadoBookSource.build/Release-iphoneos/LegadoBookSource.build/Objects-normal/arm64/XPathEvaluator.o -o /Users/runner/Library/Developer/Xcode/DerivedData/BookonDebug-ehazsigvxemoqzdtqumqzfgyfpkz/Build/Intermediates.noindex/ArchiveIntermediates/BookonDebug/IntermediateBuildFilesPath/LegadoBookSource.build/Release-iphoneos/LegadoBookSource.build/Objects-normal/arm64/SearchBook.o -o /Users/runner/Library/Developer/Xcode/DerivedData/BookonDebug-ehazsigvxemoqzdtqumqzfgyfpkz/Build/Intermediates.noindex/ArchiveIntermediates/BookonDebug/IntermediateBuildFilesPath/LegadoBookSource.build/Release-iphoneos/LegadoBookSource.build/Objects-normal/arm64/StringOrObject.o -o /Users/runner/Library/Developer/Xcode/DerivedData/BookonDebug-ehazsigvxemoqzdtqumqzfgyfpkz/Build/Intermediates.noindex/ArchiveIntermediates/BookonDebug/IntermediateBuildFilesPath/LegadoBookSource.build/Release-iphoneos/LegadoBookSource.build/Objects-normal/arm64/BookChapterList.o -o /Users/runner/Library/Developer/Xcode/DerivedData/BookonDebug-ehazsigvxemoqzdtqumqzfgyfpkz/Build/Intermediates.noindex/ArchiveIntermediates/BookonDebug/IntermediateBuildFilesPath/LegadoBookSource.build/Release-iphoneos/LegadoBookSource.build/Objects-normal/arm64/BookContent.o -o /Users/runner/Library/Developer/Xcode/DerivedData/BookonDebug-ehazsigvxemoqzdtqumqzfgyfpkz/Build/Intermediates.noindex/ArchiveIntermediates/BookonDebug/IntermediateBuildFilesPath/LegadoBookSource.build/Release-iphoneos/LegadoBookSource.build/Objects-normal/arm64/BookInfo.o -o /Users/runner/Library/Developer/Xcode/DerivedData/BookonDebug-ehazsigvxemoqzdtqumqzfgyfpkz/Build/Intermediates.noindex/ArchiveIntermediates/BookonDebug/IntermediateBuildFilesPath/LegadoBookSource.build/Release-iphoneos/LegadoBookSource.build/Objects-normal/arm64/BookList.o -o /Users/runner/Library/Developer/Xcode/DerivedData/BookonDebug-ehazsigvxemoqzdtqumqzfgyfpkz/Build/Intermediates.noindex/ArchiveIntermediates/BookonDebug/IntermediateBuildFilesPath/LegadoBookSource.build/Release-iphoneos/LegadoBookSource.build/Objects-normal/arm64/Debug.o -o /Users/runner/Library/Developer/Xcode/DerivedData/BookonDebug-ehazsigvxemoqzdtqumqzfgyfpkz/Build/Intermediates.noindex/ArchiveIntermediates/BookonDebug/IntermediateBuildFilesPath/LegadoBookSource.build/Release-iphoneos/LegadoBookSource.build/Objects-normal/arm64/WebBook.o -o /Users/runner/Library/Developer/Xcode/DerivedData/BookonDebug-ehazsigvxemoqzdtqumqzfgyfpkz/Build/Intermediates.noindex/ArchiveIntermediates/BookonDebug/IntermediateBuildFilesPath/LegadoBookSource.build/Release-iphoneos/LegadoBookSource.build/Objects-normal/arm64/WebBookNetwork.o -o /Users/runner/Library/Developer/Xcode/DerivedData/BookonDebug-ehazsigvxemoqzdtqumqzfgyfpkz/Build/Intermediates.noindex/ArchiveIntermediates/BookonDebug/IntermediateBuildFilesPath/LegadoBookSource.build/Release-iphoneos/LegadoBookSource.build/Objects-normal/arm64/WebBookOptions.o -o /Users/runner/Library/Developer/Xcode/DerivedData/BookonDebug-ehazsigvxemoqzdtqumqzfgyfpkz/Build/Intermediates.noindex/ArchiveIntermediates/BookonDebug/IntermediateBuildFilesPath/LegadoBookSource.build/Release-iphoneos/LegadoBookSource.build/Objects-normal/arm64/WebBookSupport.o -index-unit-output-path /LegadoBookSource.build/Release-iphoneos/LegadoBookSource.build/Objects-normal/arm64/resource_bundle_accessor.o -index-unit-output-path /LegadoBookSource.build/Release-iphoneos/LegadoBookSource.build/Objects-normal/arm64/BaseBook.o -index-unit-output-path /LegadoBookSource.build/Release-iphoneos/LegadoBookSource.build/Objects-normal/arm64/BaseSource.o -index-unit-output-path /LegadoBookSource.build/Release-iphoneos/LegadoBookSource.build/Objects-normal/arm64/Book.o -index-unit-output-path /LegadoBookSource.build/Release-iphoneos/LegadoBookSource.build/Objects-normal/arm64/BookChapter.o -index-unit-output-path /LegadoBookSource.build/Release-iphoneos/LegadoBookSource.build/Objects-normal/arm64/BookSource.o -index-unit-output-path /LegadoBookSource.build/Release-iphoneos/LegadoBookSource.build/Objects-normal/arm64/BookSourceImporter.o -index-unit-output-path /LegadoBookSource.build/Release-iphoneos/LegadoBookSource.build/Objects-normal/arm64/BookSourceType.o -index-unit-output-path /LegadoBookSource.build/Release-iphoneos/LegadoBookSource.build/Objects-normal/arm64/BookType.o -index-unit-output-path /LegadoBookSource.build/Release-iphoneos/LegadoBookSource.build/Objects-normal/arm64/LegadoJSON.o -index-unit-output-path /LegadoBookSource.build/Release-iphoneos/LegadoBookSource.build/Objects-normal/arm64/LenientDecoding.o -index-unit-output-path /LegadoBookSource.build/Release-iphoneos/LegadoBookSource.build/Objects-normal/arm64/AnalyzeUrl.o -index-unit-output-path /LegadoBookSource.build/Release-iphoneos/LegadoBookSource.build/Objects-normal/arm64/CacheManager.o -index-unit-output-path /LegadoBookSource.build/Release-iphoneos/LegadoBookSource.build/Objects-normal/arm64/CharsetDetector.o -index-unit-output-path /LegadoBookSource.build/Release-iphoneos/LegadoBookSource.build/Objects-normal/arm64/CharsetMatch.o -index-unit-output-path /LegadoBookSource.build/Release-iphoneos/LegadoBookSource.build/Objects-normal/arm64/CharsetRecog2022.o -index-unit-output-path /LegadoBookSource.build/Release-iphoneos/LegadoBookSource.build/Objects-normal/arm64/CharsetRecogMBCS.o -index-unit-output-path /LegadoBookSource.build/Release-iphoneos/LegadoBookSource.build/Objects-normal/arm64/CharsetRecogSBCS.o -index-unit-output-path /LegadoBookSource.build/Release-iphoneos/LegadoBookSource.build/Objects-normal/arm64/CharsetRecogUTF8.o -index-unit-output-path /LegadoBookSource.build/Release-iphoneos/LegadoBookSource.build/Objects-normal/arm64/CharsetRecogUnicode.o -index-unit-output-path /LegadoBookSource.build/Release-iphoneos/LegadoBookSource.build/Objects-normal/arm64/CharsetRecognizer.o -index-unit-output-path /LegadoBookSource.build/Release-iphoneos/LegadoBookSource.build/Objects-normal/arm64/CharsetTables.o -index-unit-output-path /LegadoBookSource.build/Release-iphoneos/LegadoBookSource.build/Objects-normal/arm64/EncodingDetect.o -index-unit-output-path /LegadoBookSource.build/Release-iphoneos/LegadoBookSource.build/Objects-normal/arm64/ConcurrentRateLimiter.o -index-unit-output-path /LegadoBookSource.build/Release-iphoneos/LegadoBookSource.build/Objects-normal/arm64/CookieManager.o -index-unit-output-path /LegadoBookSource.build/Release-iphoneos/LegadoBookSource.build/Objects-normal/arm64/CookieStore.o -index-unit-output-path /LegadoBookSource.build/Release-iphoneos/LegadoBookSource.build/Objects-normal/arm64/GsonJSON.o -index-unit-output-path /LegadoBookSource.build/Release-iphoneos/LegadoBookSource.build/Objects-normal/arm64/HTTPTypes.o -index-unit-output-path /LegadoBookSource.build/Release-iphoneos/LegadoBookSource.build/Objects-normal/arm64/HttpUrl.o -index-unit-output-path /LegadoBookSource.build/Release-iphoneos/LegadoBookSource.build/Objects-normal/arm64/NetworkUtilsEncoding.o -index-unit-output-path /LegadoBookSource.build/Release-iphoneos/LegadoBookSource.build/Objects-normal/arm64/RealAjaxProvider.o -index-unit-output-path /LegadoBookSource.build/Release-iphoneos/LegadoBookSource.build/Objects-normal/arm64/RealJsNetworkExtensionsProvider.o -index-unit-output-path /LegadoBookSource.build/Release-iphoneos/LegadoBookSource.build/Objects-normal/arm64/URLSessionHTTPClient.o -index-unit-output-path /LegadoBookSource.build/Release-iphoneos/LegadoBookSource.build/Objects-normal/arm64/UrlOption.o -index-unit-output-path /LegadoBookSource.build/Release-iphoneos/LegadoBookSource.build/Objects-normal/arm64/BookInfoRule.o -index-unit-output-path /LegadoBookSource.build/Release-iphoneos/LegadoBookSource.build/Objects-normal/arm64/BookListRule.o -index-unit-output-path /LegadoBookSource.build/Release-iphoneos/LegadoBookSource.build/Objects-normal/arm64/ContentRule.o -index-unit-output-path /LegadoBookSource.build/Release-iphoneos/LegadoBookSource.build/Objects-normal/arm64/ExploreKind.o -index-unit-output-path /LegadoBookSource.build/Release-iphoneos/LegadoBookSource.build/Objects-normal/arm64/ExploreRule.o -index-unit-output-path /LegadoBookSource.build/Release-iphoneos/LegadoBookSource.build/Objects-normal/arm64/FlexChildStyle.o -index-unit-output-path /LegadoBookSource.build/Release-iphoneos/LegadoBookSource.build/Objects-normal/arm64/ReviewRule.o -index-unit-output-path /LegadoBookSource.build/Release-iphoneos/LegadoBookSource.build/Objects-normal/arm64/RowUi.o -index-unit-output-path /LegadoBookSource.build/Release-iphoneos/LegadoBookSource.build/Objects-normal/arm64/SearchRule.o -index-unit-output-path /LegadoBookSource.build/Release-iphoneos/LegadoBookSource.build/Objects-normal/arm64/TocRule.o -index-unit-output-path /LegadoBookSource.build/Release-iphoneos/LegadoBookSource.build/Objects-normal/arm64/AnalyzeByJSonPath.o -index-unit-output-path /LegadoBookSource.build/Release-iphoneos/LegadoBookSource.build/Objects-normal/arm64/AnalyzeByJSoup+Elements.o -index-unit-output-path /LegadoBookSource.build/Release-iphoneos/LegadoBookSource.build/Objects-normal/arm64/AnalyzeByJSoup.o -index-unit-output-path /LegadoBookSource.build/Release-iphoneos/LegadoBookSource.build/Objects-normal/arm64/AnalyzeByJSoupRules.o -index-unit-output-path /LegadoBookSource.build/Release-iphoneos/LegadoBookSource.build/Objects-normal/arm64/AnalyzeByRegex.o -index-unit-output-path /LegadoBookSource.build/Release-iphoneos/LegadoBookSource.build/Objects-normal/arm64/AnalyzeByXPath.o -index-unit-output-path /LegadoBookSource.build/Release-iphoneos/LegadoBookSource.build/Objects-normal/arm64/AnalyzeRule+Dispatch.o -index-unit-output-path /LegadoBookSource.build/Release-iphoneos/LegadoBookSource.build/Objects-normal/arm64/AnalyzeRule+JS.o -index-unit-output-path /LegadoBookSource.build/Release-iphoneos/LegadoBookSource.build/Objects-normal/arm64/AnalyzeRule+Rules.o -index-unit-output-path /LegadoBookSource.build/Release-iphoneos/LegadoBookSource.build/Objects-normal/arm64/AnalyzeRule.o -index-unit-output-path /LegadoBookSource.build/Release-iphoneos/LegadoBookSource.build/Objects-normal/arm64/AnalyzeRuleDependencies.o -index-unit-output-path /LegadoBookSource.build/Release-iphoneos/LegadoBookSource.build/Objects-normal/arm64/DebugLogger.o -index-unit-output-path /LegadoBookSource.build/Release-iphoneos/LegadoBookSource.build/Objects-normal/arm64/DefaultJSONPathEvaluator.o -index-unit-output-path /LegadoBookSource.build/Release-iphoneos/LegadoBookSource.build/Objects-normal/arm64/HtmlEntities.o -index-unit-output-path /LegadoBookSource.build/Release-iphoneos/LegadoBookSource.build/Objects-normal/arm64/HtmlFormatter.o -index-unit-output-path /LegadoBookSource.build/Release-iphoneos/LegadoBookSource.build/Objects-normal/arm64/HtmlUnescape.o -index-unit-output-path /LegadoBookSource.build/Release-iphoneos/LegadoBookSource.build/Objects-normal/arm64/JSEngine.o -index-unit-output-path /LegadoBookSource.build/Release-iphoneos/LegadoBookSource.build/Objects-normal/arm64/JSJavaBridge.o -index-unit-output-path /LegadoBookSource.build/Release-iphoneos/LegadoBookSource.build/Objects-normal/arm64/JSONPathEvaluator.o -index-unit-output-path /LegadoBookSource.build/Release-iphoneos/LegadoBookSource.build/Objects-normal/arm64/JSONPathParser.o -index-unit-output-path /LegadoBookSource.build/Release-iphoneos/LegadoBookSource.build/Objects-normal/arm64/JavaDoubleFormat.o -index-unit-output-path /LegadoBookSource.build/Release-iphoneos/LegadoBookSource.build/Objects-normal/arm64/JavaURLResolver.o -index-unit-output-path /LegadoBookSource.build/Release-iphoneos/LegadoBookSource.build/Objects-normal/arm64/JsExtensionsCatalog.o -index-unit-output-path /LegadoBookSource.build/Release-iphoneos/LegadoBookSource.build/Objects-normal/arm64/JsExtensionsCore.o -index-unit-output-path /LegadoBookSource.build/Release-iphoneos/LegadoBookSource.build/Objects-normal/arm64/JsExtensionsRuntime.o -index-unit-output-path /LegadoBookSource.build/Release-iphoneos/LegadoBookSource.build/Objects-normal/arm64/JsNumberFormat.o -index-unit-output-path /LegadoBookSource.build/Release-iphoneos/LegadoBookSource.build/Objects-normal/arm64/JsoupCompatSerializer.o -index-unit-output-path /LegadoBookSource.build/Release-iphoneos/LegadoBookSource.build/Objects-normal/arm64/JsoupJSBridge.o -index-unit-output-path /LegadoBookSource.build/Release-iphoneos/LegadoBookSource.build/Objects-normal/arm64/LegadoStringExtensions.o -index-unit-output-path /LegadoBookSource.build/Release-iphoneos/LegadoBookSource.build/Objects-normal/arm64/NetworkUtils.o -index-unit-output-path /LegadoBookSource.build/Release-iphoneos/LegadoBookSource.build/Objects-normal/arm64/OrderedJSONParser.o -index-unit-output-path /LegadoBookSource.build/Release-iphoneos/LegadoBookSource.build/Objects-normal/arm64/RegexTemplate.o -index-unit-output-path /LegadoBookSource.build/Release-iphoneos/LegadoBookSource.build/Objects-normal/arm64/RuleAnalyzer.o -index-unit-output-path /LegadoBookSource.build/Release-iphoneos/LegadoBookSource.build/Objects-normal/arm64/RuleEngineDiagnostics.o -index-unit-output-path /LegadoBookSource.build/Release-iphoneos/LegadoBookSource.build/Objects-normal/arm64/RuleEngineError.o -index-unit-output-path /LegadoBookSource.build/Release-iphoneos/LegadoBookSource.build/Objects-normal/arm64/RuleValue.o -index-unit-output-path /LegadoBookSource.build/Release-iphoneos/LegadoBookSource.build/Objects-normal/arm64/SourceRule.o -index-unit-output-path /LegadoBookSource.build/Release-iphoneos/LegadoBookSource.build/Objects-normal/arm64/StringUtils.o -index-unit-output-path /LegadoBookSource.build/Release-iphoneos/LegadoBookSource.build/Objects-normal/arm64/SwiftSoupElementsCompat.o -index-unit-output-path /LegadoBookSource.build/Release-iphoneos/LegadoBookSource.build/Objects-normal/arm64/SwiftSoupTextNormalizeFix.o -index-unit-output-path /LegadoBookSource.build/Release-iphoneos/LegadoBookSource.build/Objects-normal/arm64/SwiftSoupXPathEvaluator.o -index-unit-output-path /LegadoBookSource.build/Release-iphoneos/LegadoBookSource.build/Objects-normal/arm64/SwiftSoupXPathFunctions.o -index-unit-output-path /LegadoBookSource.build/Release-iphoneos/LegadoBookSource.build/Objects-normal/arm64/SwiftSoupXPathParser.o -index-unit-output-path /LegadoBookSource.build/Release-iphoneos/LegadoBookSource.build/Objects-normal/arm64/SwiftSoupXPathPredicate.o -index-unit-output-path /LegadoBookSource.build/Release-iphoneos/LegadoBookSource.build/Objects-normal/arm64/SwiftSoupXPathStepParser.o -index-unit-output-path /LegadoBookSource.build/Release-iphoneos/LegadoBookSource.build/Objects-normal/arm64/XPathEvaluator.o -index-unit-output-path /LegadoBookSource.build/Release-iphoneos/LegadoBookSource.build/Objects-normal/arm64/SearchBook.o -index-unit-output-path /LegadoBookSource.build/Release-iphoneos/LegadoBookSource.build/Objects-normal/arm64/StringOrObject.o -index-unit-output-path /LegadoBookSource.build/Release-iphoneos/LegadoBookSource.build/Objects-normal/arm64/BookChapterList.o -index-unit-output-path /LegadoBookSource.build/Release-iphoneos/LegadoBookSource.build/Objects-normal/arm64/BookContent.o -index-unit-output-path /LegadoBookSource.build/Release-iphoneos/LegadoBookSource.build/Objects-normal/arm64/BookInfo.o -index-unit-output-path /LegadoBookSource.build/Release-iphoneos/LegadoBookSource.build/Objects-normal/arm64/BookList.o -index-unit-output-path /LegadoBookSource.build/Release-iphoneos/LegadoBookSource.build/Objects-normal/arm64/Debug.o -index-unit-output-path /LegadoBookSource.build/Release-iphoneos/LegadoBookSource.build/Objects-normal/arm64/WebBook.o -index-unit-output-path /LegadoBookSource.build/Release-iphoneos/LegadoBookSource.build/Objects-normal/arm64/WebBookNetwork.o -index-unit-output-path /LegadoBookSource.build/Release-iphoneos/LegadoBookSource.build/Objects-normal/arm64/WebBookOptions.o -index-unit-output-path /LegadoBookSource.build/Release-iphoneos/LegadoBookSource.build/Objects-normal/arm64/WebBookSupport.o
2026-10-06T12:59:57.5572160Z 
2026-10-06T12:59:57.5572470Z CompileSwift normal arm64 (in target 'LegadoBookSource' from project 'LegadoBookSource')
2026-10-06T12:59:57.5572900Z     cd /Users/runner/work/bookon/bookon
2026-10-06T12:59:57.5807780Z     /Applications/Xcode_15.4.app/Contents/Developer/Toolchains/XcodeDefault.xctoolchain/usr/bin/swift-frontend -c /Users/runner/Library/Developer/Xcode/DerivedData/BookonDebug-ehazsigvxemoqzdtqumqzfgyfpkz/Build/Intermediates.noindex/ArchiveIntermediates/BookonDebug/IntermediateBuildFilesPath/LegadoBookSource.build/Release-iphoneos/LegadoBookSource.build/DerivedSources/resource_bundle_accessor.swift /Users/runner/work/bookon/bookon/Sources/LegadoBookSource/BaseBook.swift /Users/runner/work/bookon/bookon/Sources/LegadoBookSource/BaseSource.swift /Users/runner/work/bookon/bookon/Sources/LegadoBookSource/Book.swift /Users/runner/work/bookon/bookon/Sources/LegadoBookSource/BookChapter.swift /Users/runner/work/bookon/bookon/Sources/LegadoBookSource/BookSource.swift /Users/runner/work/bookon/bookon/Sources/LegadoBookSource/BookSourceImporter.swift /Users/runner/work/bookon/bookon/Sources/LegadoBookSource/Constant/BookSourceType.swift /Users/runner/work/bookon/bookon/Sources/LegadoBookSource/Constant/BookType.swift /Users/runner/work/bookon/bookon/Sources/LegadoBookSource/LegadoJSON.swift /Users/runner/work/bookon/bookon/Sources/LegadoBookSource/LenientDecoding.swift /Users/runner/work/bookon/bookon/Sources/LegadoBookSource/Network/AnalyzeUrl.swift /Users/runner/work/bookon/bookon/Sources/LegadoBookSource/Network/CacheManager.swift /Users/runner/work/bookon/bookon/Sources/LegadoBookSource/Network/CharsetDetector/CharsetDetector.swift /Users/runner/work/bookon/bookon/Sources/LegadoBookSource/Network/CharsetDetector/CharsetMatch.swift /Users/runner/work/bookon/bookon/Sources/LegadoBookSource/Network/CharsetDetector/CharsetRecog2022.swift /Users/runner/work/bookon/bookon/Sources/LegadoBookSource/Network/CharsetDetector/CharsetRecogMBCS.swift /Users/runner/work/bookon/bookon/Sources/LegadoBookSource/Network/CharsetDetector/CharsetRecogSBCS.swift /Users/runner/work/bookon/bookon/Sources/LegadoBookSource/Network/CharsetDetector/CharsetRecogUTF8.swift /Users/runner/work/bookon/bookon/Sources/LegadoBookSource/Network/CharsetDetector/CharsetRecogUnicode.swift /Users/runner/work/bookon/bookon/Sources/LegadoBookSource/Network/CharsetDetector/CharsetRecognizer.swift /Users/runner/work/bookon/bookon/Sources/LegadoBookSource/Network/CharsetDetector/CharsetTables.swift /Users/runner/work/bookon/bookon/Sources/LegadoBookSource/Network/CharsetDetector/EncodingDetect.swift /Users/runner/work/bookon/bookon/Sources/LegadoBookSource/Network/ConcurrentRateLimiter.swift /Users/runner/work/bookon/bookon/Sources/LegadoBookSource/Network/CookieManager.swift /Users/runner/work/bookon/bookon/Sources/LegadoBookSource/Network/CookieStore.swift /Users/runner/work/bookon/bookon/Sources/LegadoBookSource/Network/GsonJSON.swift /Users/runner/work/bookon/bookon/Sources/LegadoBookSource/Network/HTTPTypes.swift /Users/runner/work/bookon/bookon/Sources/LegadoBookSource/Network/HttpUrl.swift /Users/runner/work/bookon/bookon/Sources/LegadoBookSource/Network/NetworkUtilsEncoding.swift /Users/runner/work/bookon/bookon/Sources/LegadoBookSource/Network/RealAjaxProvider.swift /Users/runner/work/bookon/bookon/Sources/LegadoBookSource/Network/RealJsNetworkExtensionsProvider.swift /Users/runner/work/bookon/bookon/Sources/LegadoBookSource/Network/URLSessionHTTPClient.swift /Users/runner/work/bookon/bookon/Sources/LegadoBookSource/Network/UrlOption.swift /Users/runner/work/bookon/bookon/Sources/LegadoBookSource/Rule/BookInfoRule.swift /Users/runner/work/bookon/bookon/Sources/LegadoBookSource/Rule/BookListRule.swift /Users/runner/work/bookon/bookon/Sources/LegadoBookSource/Rule/ContentRule.swift /Users/runner/work/bookon/bookon/Sources/LegadoBookSource/Rule/ExploreKind.swift /Users/runner/work/bookon/bookon/Sources/LegadoBookSource/Rule/ExploreRule.swift /Users/runner/work/bookon/bookon/Sources/LegadoBookSource/Rule/FlexChildStyle.swift /Users/runner/work/bookon/bookon/Sources/LegadoBookSource/Rule/ReviewRule.swift /Users/runner/work/bookon/bookon/Sources/LegadoBookSource/Rule/RowUi.swift /Users/runner/work/bookon/bookon/Sources/LegadoBookSource/Rule/SearchRule.swift /Users/runner/work/bookon/bookon/Sources/LegadoBookSource/Rule/TocRule.swift /Users/runner/work/bookon/bookon/Sources/LegadoBookSource/RuleEngine/AnalyzeByJSonPath.swift /Users/runner/work/bookon/bookon/Sources/LegadoBookSource/RuleEngine/AnalyzeByJSoup+Elements.swift /Users/runner/work/bookon/bookon/Sources/LegadoBookSource/RuleEngine/AnalyzeByJSoup.swift /Users/runner/work/bookon/bookon/Sources/LegadoBookSource/RuleEngine/AnalyzeByJSoupRules.swift /Users/runner/work/bookon/bookon/Sources/LegadoBookSource/RuleEngine/AnalyzeByRegex.swift /Users/runner/work/bookon/bookon/Sources/LegadoBookSource/RuleEngine/AnalyzeByXPath.swift /Users/runner/work/bookon/bookon/Sources/LegadoBookSource/RuleEngine/AnalyzeRule+Dispatch.swift /Users/runner/work/bookon/bookon/Sources/LegadoBookSource/RuleEngine/AnalyzeRule+JS.swift /Users/runner/work/bookon/bookon/Sources/LegadoBookSource/RuleEngine/AnalyzeRule+Rules.swift /Users/runner/work/bookon/bookon/Sources/LegadoBookSource/RuleEngine/AnalyzeRule.swift /Users/runner/work/bookon/bookon/Sources/LegadoBookSource/RuleEngine/AnalyzeRuleDependencies.swift /Users/runner/work/bookon/bookon/Sources/LegadoBookSource/RuleEngine/DebugLogger.swift /Users/runner/work/bookon/bookon/Sources/LegadoBookSource/RuleEngine/DefaultJSONPathEvaluator.swift /Users/runner/work/bookon/bookon/Sources/LegadoBookSource/RuleEngine/HtmlEntities.swift /Users/runner/work/bookon/bookon/Sources/LegadoBookSource/RuleEngine/HtmlFormatter.swift /Users/runner/work/bookon/bookon/Sources/LegadoBookSource/RuleEngine/HtmlUnescape.swift /Users/runner/work/bookon/bookon/Sources/LegadoBookSource/RuleEngine/JSEngine.swift /Users/runner/work/bookon/bookon/Sources/LegadoBookSource/RuleEngine/JSJavaBridge.swift /Users/runner/work/bookon/bookon/Sources/LegadoBookSource/RuleEngine/JSONPathEvaluator.swift /Users/runner/work/bookon/bookon/Sources/LegadoBookSource/RuleEngine/JSONPathParser.swift /Users/runner/work/bookon/bookon/Sources/LegadoBookSource/RuleEngine/JavaDoubleFormat.swift /Users/runner/work/bookon/bookon/Sources/LegadoBookSource/RuleEngine/JavaURLResolver.swift /Users/runner/work/bookon/bookon/Sources/LegadoBookSource/RuleEngine/JsExtensionsCatalog.swift /Users/runner/work/bookon/bookon/Sources/LegadoBookSource/RuleEngine/JsExtensionsCore.swift /Users/runner/work/bookon/bookon/Sources/LegadoBookSource/RuleEngine/JsExtensionsRuntime.swift /Users/runner/work/bookon/bookon/Sources/LegadoBookSource/RuleEngine/JsNumberFormat.swift /Users/runner/work/bookon/bookon/Sources/LegadoBookSource/RuleEngine/JsoupCompatSerializer.swift /Users/runner/work/bookon/bookon/Sources/LegadoBookSource/RuleEngine/JsoupJSBridge.swift /Users/runner/work/bookon/bookon/Sources/LegadoBookSource/RuleEngine/LegadoStringExtensions.swift /Users/runner/work/bookon/bookon/Sources/LegadoBookSource/RuleEngine/NetworkUtils.swift /Users/runner/work/bookon/bookon/Sources/LegadoBookSource/RuleEngine/OrderedJSONParser.swift /Users/runner/work/bookon/bookon/Sources/LegadoBookSource/RuleEngine/RegexTemplate.swift /Users/runner/work/bookon/bookon/Sources/LegadoBookSource/RuleEngine/RuleAnalyzer.swift /Users/runner/work/bookon/bookon/Sources/LegadoBookSource/RuleEngine/RuleEngineDiagnostics.swift /Users/runner/work/bookon/bookon/Sources/LegadoBookSource/RuleEngine/RuleEngineError.swift /Users/runner/work/bookon/bookon/Sources/LegadoBookSource/RuleEngine/RuleValue.swift /Users/runner/work/bookon/bookon/Sources/LegadoBookSource/RuleEngine/SourceRule.swift /Users/runner/work/bookon/bookon/Sources/LegadoBookSource/RuleEngine/StringUtils.swift /Users/runner/work/bookon/bookon/Sources/LegadoBookSource/RuleEngine/SwiftSoupElementsCompat.swift /Users/runner/work/bookon/bookon/Sources/LegadoBookSource/RuleEngine/SwiftSoupTextNormalizeFix.swift /Users/runner/work/bookon/bookon/Sources/LegadoBookSource/RuleEngine/SwiftSoupXPathEvaluator.swift /Users/runner/work/bookon/bookon/Sources/LegadoBookSource/RuleEngine/SwiftSoupXPathFunctions.swift /Users/runner/work/bookon/bookon/Sources/LegadoBookSource/RuleEngine/SwiftSoupXPathParser.swift /Users/runner/work/bookon/bookon/Sources/LegadoBookSource/RuleEngine/SwiftSoupXPathPredicate.swift /Users/runner/work/bookon/bookon/Sources/LegadoBookSource/RuleEngine/SwiftSoupXPathStepParser.swift /Users/runner/work/bookon/bookon/Sources/LegadoBookSource/RuleEngine/XPathEvaluator.swift /Users/runner/work/bookon/bookon/Sources/LegadoBookSource/SearchBook.swift /Users/runner/work/bookon/bookon/Sources/LegadoBookSource/StringOrObject.swift /Users/runner/work/bookon/bookon/Sources/LegadoBookSource/WebBook/BookChapterList.swift /Users/runner/work/bookon/bookon/Sources/LegadoBookSource/WebBook/BookContent.swift /Users/runner/work/bookon/bookon/Sources/LegadoBookSource/WebBook/BookInfo.swift /Users/runner/work/bookon/bookon/Sources/LegadoBookSource/WebBook/BookList.swift /Users/runner/work/bookon/bookon/Sources/LegadoBookSource/WebBook/Debug.swift /Users/runner/work/bookon/bookon/Sources/LegadoBookSource/WebBook/WebBook.swift /Users/runner/work/bookon/bookon/Sources/LegadoBookSource/WebBook/WebBookNetwork.swift /Users/runner/work/bookon/bookon/Sources/LegadoBookSource/WebBook/WebBookOptions.swift /Users/runner/work/bookon/bookon/Sources/LegadoBookSource/WebBook/WebBookSupport.swift -supplementary-output-file-map /Users/runner/Library/Developer/Xcode/DerivedData/BookonDebug-ehazsigvxemoqzdtqumqzfgyfpkz/Build/Intermediates.noindex/ArchiveIntermediates/BookonDebug/IntermediateBuildFilesPath/LegadoBookSource.build/Release-iphoneos/LegadoBookSource.build/Objects-normal/arm64/supplementaryOutputs-2 -target arm64-apple-ios17.0 -Xllvm -aarch64-use-tbi -enable-objc-interop -stack-check -sdk /Applications/Xcode_15.4.app/Contents/Developer/Platforms/iPhoneOS.platform/Developer/SDKs/iPhoneOS17.5.sdk -I /Users/runner/Library/Developer/Xcode/DerivedData/BookonDebug-ehazsigvxemoqzdtqumqzfgyfpkz/Build/Intermediates.noindex/ArchiveIntermediates/BookonDebug/BuildProductsPath/Release-iphoneos -I /Applications/Xcode_15.4.app/Contents/Developer/Platforms/iPhoneOS.platform/Developer/usr/lib -F /Users/runner/Library/Developer/Xcode/DerivedData/BookonDebug-ehazsigvxemoqzdtqumqzfgyfpkz/Build/Intermediates.noindex/ArchiveIntermediates/BookonDebug/BuildProductsPath/Release-iphoneos/PackageFrameworks -F /Users/runner/Library/Developer/Xcode/DerivedData/BookonDebug-ehazsigvxemoqzdtqumqzfgyfpkz/Build/Intermediates.noindex/ArchiveIntermediates/BookonDebug/BuildProductsPath/Release-iphoneos -F /Applications/Xcode_15.4.app/Contents/Developer/Platforms/iPhoneOS.platform/Developer/Library/Frameworks -F /Applications/Xcode_15.4.app/Contents/Developer/Platforms/iPhoneOS.platform/Developer/SDKs/iPhoneOS17.5.sdk/Developer/Library/Frameworks -no-color-diagnostics -g -module-cache-path /Users/runner/Library/Developer/Xcode/DerivedData/ModuleCache.noindex -swift-version 5 -enforce-exclusivity\=checked -O -D SWIFT_PACKAGE -D Xcode -serialize-debugging-options -package-name bookon -const-gather-protocols-file /Users/runner/Library/Developer/Xcode/DerivedData/BookonDebug-ehazsigvxemoqzdtqumqzfgyfpkz/Build/Intermediates.noindex/ArchiveIntermediates/BookonDebug/IntermediateBuildFilesPath/LegadoBookSource.build/Release-iphoneos/LegadoBookSource.build/Objects-normal/arm64/LegadoBookSource_const_extract_protocols.json -empty-abi-descriptor -validate-clang-modules-once -clang-build-session-file /Users/runner/Library/Developer/Xcode/DerivedData/ModuleCache.noindex/Session.modulevalidation -Xcc -working-directory -Xcc /Users/runner/work/bookon/bookon -resource-dir /Applications/Xcode_15.4.app/Contents/Developer/Toolchains/XcodeDefault.xctoolchain/usr/lib/swift -Xcc -ivfsstatcache -Xcc /Users/runner/Library/Developer/Xcode/DerivedData/SDKStatCaches.noindex/iphoneos17.5-21F77-f0fa7969d082b13145125136a829df3a.sdkstatcache -Xcc -I/Users/runner/Library/Developer/Xcode/DerivedData/BookonDebug-ehazsigvxemoqzdtqumqzfgyfpkz/Build/Intermediates.noindex/ArchiveIntermediates/BookonDebug/IntermediateBuildFilesPath/LegadoBookSource.build/Release-iphoneos/LegadoBookSource.build/swift-overrides.hmap -Xcc -I/Users/runner/Library/Developer/Xcode/DerivedData/BookonDebug-ehazsigvxemoqzdtqumqzfgyfpkz/Build/Intermediates.noindex/ArchiveIntermediates/BookonDebug/BuildProductsPath/Release-iphoneos/include -Xcc -I/Users/runner/Library/Developer/Xcode/DerivedData/BookonDebug-ehazsigvxemoqzdtqumqzfgyfpkz/Build/Intermediates.noindex/ArchiveIntermediates/BookonDebug/IntermediateBuildFilesPath/LegadoBookSource.build/Release-iphoneos/LegadoBookSource.build/DerivedSources-normal/arm64 -Xcc -I/Users/runner/Library/Developer/Xcode/DerivedData/BookonDebug-ehazsigvxemoqzdtqumqzfgyfpkz/Build/Intermediates.noindex/ArchiveIntermediates/BookonDebug/IntermediateBuildFilesPath/LegadoBookSource.build/Release-iphoneos/LegadoBookSource.build/DerivedSources/arm64 -Xcc -I/Users/runner/Library/Developer/Xcode/DerivedData/BookonDebug-ehazsigvxemoqzdtqumqzfgyfpkz/Build/Intermediates.noindex/ArchiveIntermediates/BookonDebug/IntermediateBuildFilesPath/LegadoBookSource.build/Release-iphoneos/LegadoBookSource.build/DerivedSources -Xcc -DSWIFT_PACKAGE -module-name LegadoBookSource -frontend-parseable-output -disable-clang-spi -target-sdk-version 17.5 -target-sdk-name iphoneos17.5 -external-plugin-path /Applications/Xcode_15.4.app/Contents/Developer/Platforms/iPhoneOS.platform/Developer/SDKs/iPhoneOS17.5.sdk/usr/lib/swift/host/plugins\#/Applications/Xcode_15.4.app/Contents/Developer/Platforms/iPhoneOS.platform/Developer/SDKs/iPhoneOS17.5.sdk/usr/bin/swift-plugin-server -external-plugin-path /Applications/Xcode_15.4.app/Contents/Developer/Platforms/iPhoneOS.platform/Developer/SDKs/iPhoneOS17.5.sdk/usr/local/lib/swift/host/plugins\#/Applications/Xcode_15.4.app/Contents/Developer/Platforms/iPhoneOS.platform/Developer/SDKs/iPhoneOS17.5.sdk/usr/bin/swift-plugin-server -external-plugin-path /Applications/Xcode_15.4.app/Contents/Developer/Platforms/iPhoneOS.platform/Developer/usr/lib/swift/host/plugins\#/Applications/Xcode_15.4.app/Contents/Developer/Platforms/iPhoneOS.platform/Developer/usr/bin/swift-plugin-server -external-plugin-path /Applications/Xcode_15.4.app/Contents/Developer/Platforms/iPhoneOS.platform/Developer/usr/local/lib/swift/host/plugins\#/Applications/Xcode_15.4.app/Contents/Developer/Platforms/iPhoneOS.platform/Developer/usr/bin/swift-plugin-server -plugin-path /Applications/Xcode_15.4.app/Contents/Developer/Toolchains/XcodeDefault.xctoolchain/usr/lib/swift/host/plugins -plugin-path /Applications/Xcode_15.4.app/Contents/Developer/Toolchains/XcodeDefault.xctoolchain/usr/local/lib/swift/host/plugins -enable-default-cmo -num-threads 3 -o /Users/runner/Library/Developer/Xcode/DerivedData/BookonDebug-ehazsigvxemoqzdtqumqzfgyfpkz/Build/Intermediates.noindex/ArchiveIntermediates/BookonDebug/IntermediateBuildFilesPath/LegadoBookSource.build/Release-iphoneos/LegadoBookSource.build/Objects-normal/arm64/resource_bundle_accessor.o -o /Users/runner/Library/Developer/Xcode/DerivedData/BookonDebug-ehazsigvxemoqzdtqumqzfgyfpkz/Build/Intermediates.noindex/ArchiveIntermediates/BookonDebug/IntermediateBuildFilesPath/LegadoBookSource.build/Release-iphoneos/LegadoBookSource.build/Objects-normal/arm64/BaseBook.o -o /Users/runner/Library/Developer/Xcode/DerivedData/BookonDebug-ehazsigvxemoqzdtqumqzfgyfpkz/Build/Intermediates.noindex/ArchiveIntermediates/BookonDebug/IntermediateBuildFilesPath/LegadoBookSource.build/Release-iphoneos/LegadoBookSource.build/Objects-normal/arm64/BaseSource.o -o /Users/runner/Library/Developer/Xcode/DerivedData/BookonDebug-ehazsigvxemoqzdtqumqzfgyfpkz/Build/Intermediates.noindex/ArchiveIntermediates/BookonDebug/IntermediateBuildFilesPath/LegadoBookSource.build/Release-iphoneos/LegadoBookSource.build/Objects-normal/arm64/Book.o -o /Users/runner/Library/Developer/Xcode/DerivedData/BookonDebug-ehazsigvxemoqzdtqumqzfgyfpkz/Build/Intermediates.noindex/ArchiveIntermediates/BookonDebug/IntermediateBuildFilesPath/LegadoBookSource.build/Release-iphoneos/LegadoBookSource.build/Objects-normal/arm64/BookChapter.o -o /Users/runner/Library/Developer/Xcode/DerivedData/BookonDebug-ehazsigvxemoqzdtqumqzfgyfpkz/Build/Intermediates.noindex/ArchiveIntermediates/BookonDebug/IntermediateBuildFilesPath/LegadoBookSource.build/Release-iphoneos/LegadoBookSource.build/Objects-normal/arm64/BookSource.o -o /Users/runner/Library/Developer/Xcode/DerivedData/BookonDebug-ehazsigvxemoqzdtqumqzfgyfpkz/Build/Intermediates.noindex/ArchiveIntermediates/BookonDebug/IntermediateBuildFilesPath/LegadoBookSource.build/Release-iphoneos/LegadoBookSource.build/Objects-normal/arm64/BookSourceImporter.o -o /Users/runner/Library/Developer/Xcode/DerivedData/BookonDebug-ehazsigvxemoqzdtqumqzfgyfpkz/Build/Intermediates.noindex/ArchiveIntermediates/BookonDebug/IntermediateBuildFilesPath/LegadoBookSource.build/Release-iphoneos/LegadoBookSource.build/Objects-normal/arm64/BookSourceType.o -o /Users/runner/Library/Developer/Xcode/DerivedData/BookonDebug-ehazsigvxemoqzdtqumqzfgyfpkz/Build/Intermediates.noindex/ArchiveIntermediates/BookonDebug/IntermediateBuildFilesPath/LegadoBookSource.build/Release-iphoneos/LegadoBookSource.build/Objects-normal/arm64/BookType.o -o /Users/runner/Library/Developer/Xcode/DerivedData/BookonDebug-ehazsigvxemoqzdtqumqzfgyfpkz/Build/Intermediates.noindex/ArchiveIntermediates/BookonDebug/IntermediateBuildFilesPath/LegadoBookSource.build/Release-iphoneos/LegadoBookSource.build/Objects-normal/arm64/LegadoJSON.o -o /Users/runner/Library/Developer/Xcode/DerivedData/BookonDebug-ehazsigvxemoqzdtqumqzfgyfpkz/Build/Intermediates.noindex/ArchiveIntermediates/BookonDebug/IntermediateBuildFilesPath/LegadoBookSource.build/Release-iphoneos/LegadoBookSource.build/Objects-normal/arm64/LenientDecoding.o -o /Users/runner/Library/Developer/Xcode/DerivedData/BookonDebug-ehazsigvxemoqzdtqumqzfgyfpkz/Build/Intermediates.noindex/ArchiveIntermediates/BookonDebug/IntermediateBuildFilesPath/LegadoBookSource.build/Release-iphoneos/LegadoBookSource.build/Objects-normal/arm64/AnalyzeUrl.o -o /Users/runner/Library/Developer/Xcode/DerivedData/BookonDebug-ehazsigvxemoqzdtqumqzfgyfpkz/Build/Intermediates.noindex/ArchiveIntermediates/BookonDebug/IntermediateBuildFilesPath/LegadoBookSource.build/Release-iphoneos/LegadoBookSource.build/Objects-normal/arm64/CacheManager.o -o /Users/runner/Library/Developer/Xcode/DerivedData/BookonDebug-ehazsigvxemoqzdtqumqzfgyfpkz/Build/Intermediates.noindex/ArchiveIntermediates/BookonDebug/IntermediateBuildFilesPath/LegadoBookSource.build/Release-iphoneos/LegadoBookSource.build/Objects-normal/arm64/CharsetDetector.o -o /Users/runner/Library/Developer/Xcode/DerivedData/BookonDebug-ehazsigvxemoqzdtqumqzfgyfpkz/Build/Intermediates.noindex/ArchiveIntermediates/BookonDebug/IntermediateBuildFilesPath/LegadoBookSource.build/Release-iphoneos/LegadoBookSource.build/Objects-normal/arm64/CharsetMatch.o -o /Users/runner/Library/Developer/Xcode/DerivedData/BookonDebug-ehazsigvxemoqzdtqumqzfgyfpkz/Build/Intermediates.noindex/ArchiveIntermediates/BookonDebug/IntermediateBuildFilesPath/LegadoBookSource.build/Release-iphoneos/LegadoBookSource.build/Objects-normal/arm64/CharsetRecog2022.o -o /Users/runner/Library/Developer/Xcode/DerivedData/BookonDebug-ehazsigvxemoqzdtqumqzfgyfpkz/Build/Intermediates.noindex/ArchiveIntermediates/BookonDebug/IntermediateBuildFilesPath/LegadoBookSource.build/Release-iphoneos/LegadoBookSource.build/Objects-normal/arm64/CharsetRecogMBCS.o -o /Users/runner/Library/Developer/Xcode/DerivedData/BookonDebug-ehazsigvxemoqzdtqumqzfgyfpkz/Build/Intermediates.noindex/ArchiveIntermediates/BookonDebug/IntermediateBuildFilesPath/LegadoBookSource.build/Release-iphoneos/LegadoBookSource.build/Objects-normal/arm64/CharsetRecogSBCS.o -o /Users/runner/Library/Developer/Xcode/DerivedData/BookonDebug-ehazsigvxemoqzdtqumqzfgyfpkz/Build/Intermediates.noindex/ArchiveIntermediates/BookonDebug/IntermediateBuildFilesPath/LegadoBookSource.build/Release-iphoneos/LegadoBookSource.build/Objects-normal/arm64/CharsetRecogUTF8.o -o /Users/runner/Library/Developer/Xcode/DerivedData/BookonDebug-ehazsigvxemoqzdtqumqzfgyfpkz/Build/Intermediates.noindex/ArchiveIntermediates/BookonDebug/IntermediateBuildFilesPath/LegadoBookSource.build/Release-iphoneos/LegadoBookSource.build/Objects-normal/arm64/CharsetRecogUnicode.o -o /Users/runner/Library/Developer/Xcode/DerivedData/BookonDebug-ehazsigvxemoqzdtqumqzfgyfpkz/Build/Intermediates.noindex/ArchiveIntermediates/BookonDebug/IntermediateBuildFilesPath/LegadoBookSource.build/Release-iphoneos/LegadoBookSource.build/Objects-normal/arm64/CharsetRecognizer.o -o /Users/runner/Library/Developer/Xcode/DerivedData/BookonDebug-ehazsigvxemoqzdtqumqzfgyfpkz/Build/Intermediates.noindex/ArchiveIntermediates/BookonDebug/IntermediateBuildFilesPath/LegadoBookSource.build/Release-iphoneos/LegadoBookSource.build/Objects-normal/arm64/CharsetTables.o -o /Users/runner/Library/Developer/Xcode/DerivedData/BookonDebug-ehazsigvxemoqzdtqumqzfgyfpkz/Build/Intermediates.noindex/ArchiveIntermediates/BookonDebug/IntermediateBuildFilesPath/LegadoBookSource.build/Release-iphoneos/LegadoBookSource.build/Objects-normal/arm64/EncodingDetect.o -o /Users/runner/Library/Developer/Xcode/DerivedData/BookonDebug-ehazsigvxemoqzdtqumqzfgyfpkz/Build/Intermediates.noindex/ArchiveIntermediates/BookonDebug/IntermediateBuildFilesPath/LegadoBookSource.build/Release-iphoneos/LegadoBookSource.build/Objects-normal/arm64/ConcurrentRateLimiter.o -o /Users/runner/Library/Developer/Xcode/DerivedData/BookonDebug-ehazsigvxemoqzdtqumqzfgyfpkz/Build/Intermediates.noindex/ArchiveIntermediates/BookonDebug/IntermediateBuildFilesPath/LegadoBookSource.build/Release-iphoneos/LegadoBookSource.build/Objects-normal/arm64/CookieManager.o -o /Users/runner/Library/Developer/Xcode/DerivedData/BookonDebug-ehazsigvxemoqzdtqumqzfgyfpkz/Build/Intermediates.noindex/ArchiveIntermediates/BookonDebug/IntermediateBuildFilesPath/LegadoBookSource.build/Release-iphoneos/LegadoBookSource.build/Objects-normal/arm64/CookieStore.o -o /Users/runner/Library/Developer/Xcode/DerivedData/BookonDebug-ehazsigvxemoqzdtqumqzfgyfpkz/Build/Intermediates.noindex/ArchiveIntermediates/BookonDebug/IntermediateBuildFilesPath/LegadoBookSource.build/Release-iphoneos/LegadoBookSource.build/Objects-normal/arm64/GsonJSON.o -o /Users/runner/Library/Developer/Xcode/DerivedData/BookonDebug-ehazsigvxemoqzdtqumqzfgyfpkz/Build/Intermediates.noindex/ArchiveIntermediates/BookonDebug/IntermediateBuildFilesPath/LegadoBookSource.build/Release-iphoneos/LegadoBookSource.build/Objects-normal/arm64/HTTPTypes.o -o /Users/runner/Library/Developer/Xcode/DerivedData/BookonDebug-ehazsigvxemoqzdtqumqzfgyfpkz/Build/Intermediates.noindex/ArchiveIntermediates/BookonDebug/IntermediateBuildFilesPath/LegadoBookSource.build/Release-iphoneos/LegadoBookSource.build/Objects-normal/arm64/HttpUrl.o -o /Users/runner/Library/Developer/Xcode/DerivedData/BookonDebug-ehazsigvxemoqzdtqumqzfgyfpkz/Build/Intermediates.noindex/ArchiveIntermediates/BookonDebug/IntermediateBuildFilesPath/LegadoBookSource.build/Release-iphoneos/LegadoBookSource.build/Objects-normal/arm64/NetworkUtilsEncoding.o -o /Users/runner/Library/Developer/Xcode/DerivedData/BookonDebug-ehazsigvxemoqzdtqumqzfgyfpkz/Build/Intermediates.noindex/ArchiveIntermediates/BookonDebug/IntermediateBuildFilesPath/LegadoBookSource.build/Release-iphoneos/LegadoBookSource.build/Objects-normal/arm64/RealAjaxProvider.o -o /Users/runner/Library/Developer/Xcode/DerivedData/BookonDebug-ehazsigvxemoqzdtqumqzfgyfpkz/Build/Intermediates.noindex/ArchiveIntermediates/BookonDebug/IntermediateBuildFilesPath/LegadoBookSource.build/Release-iphoneos/LegadoBookSource.build/Objects-normal/arm64/RealJsNetworkExtensionsProvider.o -o /Users/runner/Library/Developer/Xcode/DerivedData/BookonDebug-ehazsigvxemoqzdtqumqzfgyfpkz/Build/Intermediates.noindex/ArchiveIntermediates/BookonDebug/IntermediateBuildFilesPath/LegadoBookSource.build/Release-iphoneos/LegadoBookSource.build/Objects-normal/arm64/URLSessionHTTPClient.o -o /Users/runner/Library/Developer/Xcode/DerivedData/BookonDebug-ehazsigvxemoqzdtqumqzfgyfpkz/Build/Intermediates.noindex/ArchiveIntermediates/BookonDebug/IntermediateBuildFilesPath/LegadoBookSource.build/Release-iphoneos/LegadoBookSource.build/Objects-normal/arm64/UrlOption.o -o /Users/runner/Library/Developer/Xcode/DerivedData/BookonDebug-ehazsigvxemoqzdtqumqzfgyfpkz/Build/Intermediates.noindex/ArchiveIntermediates/BookonDebug/IntermediateBuildFilesPath/LegadoBookSource.build/Release-iphoneos/LegadoBookSource.build/Objects-normal/arm64/BookInfoRule.o -o /Users/runner/Library/Developer/Xcode/DerivedData/BookonDebug-ehazsigvxemoqzdtqumqzfgyfpkz/Build/Intermediates.noindex/ArchiveIntermediates/BookonDebug/IntermediateBuildFilesPath/LegadoBookSource.build/Release-iphoneos/LegadoBookSource.build/Objects-normal/arm64/BookListRule.o -o /Users/runner/Library/Developer/Xcode/DerivedData/BookonDebug-ehazsigvxemoqzdtqumqzfgyfpkz/Build/Intermediates.noindex/ArchiveIntermediates/BookonDebug/IntermediateBuildFilesPath/LegadoBookSource.build/Release-iphoneos/LegadoBookSource.build/Objects-normal/arm64/ContentRule.o -o /Users/runner/Library/Developer/Xcode/DerivedData/BookonDebug-ehazsigvxemoqzdtqumqzfgyfpkz/Build/Intermediates.noindex/ArchiveIntermediates/BookonDebug/IntermediateBuildFilesPath/LegadoBookSource.build/Release-iphoneos/LegadoBookSource.build/Objects-normal/arm64/ExploreKind.o -o /Users/runner/Library/Developer/Xcode/DerivedData/BookonDebug-ehazsigvxemoqzdtqumqzfgyfpkz/Build/Intermediates.noindex/ArchiveIntermediates/BookonDebug/IntermediateBuildFilesPath/LegadoBookSource.build/Release-iphoneos/LegadoBookSource.build/Objects-normal/arm64/ExploreRule.o -o /Users/runner/Library/Developer/Xcode/DerivedData/BookonDebug-ehazsigvxemoqzdtqumqzfgyfpkz/Build/Intermediates.noindex/ArchiveIntermediates/BookonDebug/IntermediateBuildFilesPath/LegadoBookSource.build/Release-iphoneos/LegadoBookSource.build/Objects-normal/arm64/FlexChildStyle.o -o /Users/runner/Library/Developer/Xcode/DerivedData/BookonDebug-ehazsigvxemoqzdtqumqzfgyfpkz/Build/Intermediates.noindex/ArchiveIntermediates/BookonDebug/IntermediateBuildFilesPath/LegadoBookSource.build/Release-iphoneos/LegadoBookSource.build/Objects-normal/arm64/ReviewRule.o -o /Users/runner/Library/Developer/Xcode/DerivedData/BookonDebug-ehazsigvxemoqzdtqumqzfgyfpkz/Build/Intermediates.noindex/ArchiveIntermediates/BookonDebug/IntermediateBuildFilesPath/LegadoBookSource.build/Release-iphoneos/LegadoBookSource.build/Objects-normal/arm64/RowUi.o -o /Users/runner/Library/Developer/Xcode/DerivedData/BookonDebug-ehazsigvxemoqzdtqumqzfgyfpkz/Build/Intermediates.noindex/ArchiveIntermediates/BookonDebug/IntermediateBuildFilesPath/LegadoBookSource.build/Release-iphoneos/LegadoBookSource.build/Objects-normal/arm64/SearchRule.o -o /Users/runner/Library/Developer/Xcode/DerivedData/BookonDebug-ehazsigvxemoqzdtqumqzfgyfpkz/Build/Intermediates.noindex/ArchiveIntermediates/BookonDebug/IntermediateBuildFilesPath/LegadoBookSource.build/Release-iphoneos/LegadoBookSource.build/Objects-normal/arm64/TocRule.o -o /Users/runner/Library/Developer/Xcode/DerivedData/BookonDebug-ehazsigvxemoqzdtqumqzfgyfpkz/Build/Intermediates.noindex/ArchiveIntermediates/BookonDebug/IntermediateBuildFilesPath/LegadoBookSource.build/Release-iphoneos/LegadoBookSource.build/Objects-normal/arm64/AnalyzeByJSonPath.o -o /Users/runner/Library/Developer/Xcode/DerivedData/BookonDebug-ehazsigvxemoqzdtqumqzfgyfpkz/Build/Intermediates.noindex/ArchiveIntermediates/BookonDebug/IntermediateBuildFilesPath/LegadoBookSource.build/Release-iphoneos/LegadoBookSource.build/Objects-normal/arm64/AnalyzeByJSoup+Elements.o -o /Users/runner/Library/Developer/Xcode/DerivedData/BookonDebug-ehazsigvxemoqzdtqumqzfgyfpkz/Build/Intermediates.noindex/ArchiveIntermediates/BookonDebug/IntermediateBuildFilesPath/LegadoBookSource.build/Release-iphoneos/LegadoBookSource.build/Objects-normal/arm64/AnalyzeByJSoup.o -o /Users/runner/Library/Developer/Xcode/DerivedData/BookonDebug-ehazsigvxemoqzdtqumqzfgyfpkz/Build/Intermediates.noindex/ArchiveIntermediates/BookonDebug/IntermediateBuildFilesPath/LegadoBookSource.build/Release-iphoneos/LegadoBookSource.build/Objects-normal/arm64/AnalyzeByJSoupRules.o -o /Users/runner/Library/Developer/Xcode/DerivedData/BookonDebug-ehazsigvxemoqzdtqumqzfgyfpkz/Build/Intermediates.noindex/ArchiveIntermediates/BookonDebug/IntermediateBuildFilesPath/LegadoBookSource.build/Release-iphoneos/LegadoBookSource.build/Objects-normal/arm64/AnalyzeByRegex.o -o /Users/runner/Library/Developer/Xcode/DerivedData/BookonDebug-ehazsigvxemoqzdtqumqzfgyfpkz/Build/Intermediates.noindex/ArchiveIntermediates/BookonDebug/IntermediateBuildFilesPath/LegadoBookSource.build/Release-iphoneos/LegadoBookSource.build/Objects-normal/arm64/AnalyzeByXPath.o -o /Users/runner/Library/Developer/Xcode/DerivedData/BookonDebug-ehazsigvxemoqzdtqumqzfgyfpkz/Build/Intermediates.noindex/ArchiveIntermediates/BookonDebug/IntermediateBuildFilesPath/LegadoBookSource.build/Release-iphoneos/LegadoBookSource.build/Objects-normal/arm64/AnalyzeRule+Dispatch.o -o /Users/runner/Library/Developer/Xcode/DerivedData/BookonDebug-ehazsigvxemoqzdtqumqzfgyfpkz/Build/Intermediates.noindex/ArchiveIntermediates/BookonDebug/IntermediateBuildFilesPath/LegadoBookSource.build/Release-iphoneos/LegadoBookSource.build/Objects-normal/arm64/AnalyzeRule+JS.o -o /Users/runner/Library/Developer/Xcode/DerivedData/BookonDebug-ehazsigvxemoqzdtqumqzfgyfpkz/Build/Intermediates.noindex/ArchiveIntermediates/BookonDebug/IntermediateBuildFilesPath/LegadoBookSource.build/Release-iphoneos/LegadoBookSource.build/Objects-normal/arm64/AnalyzeRule+Rules.o -o /Users/runner/Library/Developer/Xcode/DerivedData/BookonDebug-ehazsigvxemoqzdtqumqzfgyfpkz/Build/Intermediates.noindex/ArchiveIntermediates/BookonDebug/IntermediateBuildFilesPath/LegadoBookSource.build/Release-iphoneos/LegadoBookSource.build/Objects-normal/arm64/AnalyzeRule.o -o /Users/runner/Library/Developer/Xcode/DerivedData/BookonDebug-ehazsigvxemoqzdtqumqzfgyfpkz/Build/Intermediates.noindex/ArchiveIntermediates/BookonDebug/IntermediateBuildFilesPath/LegadoBookSource.build/Release-iphoneos/LegadoBookSource.build/Objects-normal/arm64/AnalyzeRuleDependencies.o -o /Users/runner/Library/Developer/Xcode/DerivedData/BookonDebug-ehazsigvxemoqzdtqumqzfgyfpkz/Build/Intermediates.noindex/ArchiveIntermediates/BookonDebug/IntermediateBuildFilesPath/LegadoBookSource.build/Release-iphoneos/LegadoBookSource.build/Objects-normal/arm64/DebugLogger.o -o /Users/runner/Library/Developer/Xcode/DerivedData/BookonDebug-ehazsigvxemoqzdtqumqzfgyfpkz/Build/Intermediates.noindex/ArchiveIntermediates/BookonDebug/IntermediateBuildFilesPath/LegadoBookSource.build/Release-iphoneos/LegadoBookSource.build/Objects-normal/arm64/DefaultJSONPathEvaluator.o -o /Users/runner/Library/Developer/Xcode/DerivedData/BookonDebug-ehazsigvxemoqzdtqumqzfgyfpkz/Build/Intermediates.noindex/ArchiveIntermediates/BookonDebug/IntermediateBuildFilesPath/LegadoBookSource.build/Release-iphoneos/LegadoBookSource.build/Objects-normal/arm64/HtmlEntities.o -o /Users/runner/Library/Developer/Xcode/DerivedData/BookonDebug-ehazsigvxemoqzdtqumqzfgyfpkz/Build/Intermediates.noindex/ArchiveIntermediates/BookonDebug/IntermediateBuildFilesPath/LegadoBookSource.build/Release-iphoneos/LegadoBookSource.build/Objects-normal/arm64/HtmlFormatter.o -o /Users/runner/Library/Developer/Xcode/DerivedData/BookonDebug-ehazsigvxemoqzdtqumqzfgyfpkz/Build/Intermediates.noindex/ArchiveIntermediates/BookonDebug/IntermediateBuildFilesPath/LegadoBookSource.build/Release-iphoneos/LegadoBookSource.build/Objects-normal/arm64/HtmlUnescape.o -o /Users/runner/Library/Developer/Xcode/DerivedData/BookonDebug-ehazsigvxemoqzdtqumqzfgyfpkz/Build/Intermediates.noindex/ArchiveIntermediates/BookonDebug/IntermediateBuildFilesPath/LegadoBookSource.build/Release-iphoneos/LegadoBookSource.build/Objects-normal/arm64/JSEngine.o -o /Users/runner/Library/Developer/Xcode/DerivedData/BookonDebug-ehazsigvxemoqzdtqumqzfgyfpkz/Build/Intermediates.noindex/ArchiveIntermediates/BookonDebug/IntermediateBuildFilesPath/LegadoBookSource.build/Release-iphoneos/LegadoBookSource.build/Objects-normal/arm64/JSJavaBridge.o -o /Users/runner/Library/Developer/Xcode/DerivedData/BookonDebug-ehazsigvxemoqzdtqumqzfgyfpkz/Build/Intermediates.noindex/ArchiveIntermediates/BookonDebug/IntermediateBuildFilesPath/LegadoBookSource.build/Release-iphoneos/LegadoBookSource.build/Objects-normal/arm64/JSONPathEvaluator.o -o /Users/runner/Library/Developer/Xcode/DerivedData/BookonDebug-ehazsigvxemoqzdtqumqzfgyfpkz/Build/Intermediates.noindex/ArchiveIntermediates/BookonDebug/IntermediateBuildFilesPath/LegadoBookSource.build/Release-iphoneos/LegadoBookSource.build/Objects-normal/arm64/JSONPathParser.o -o /Users/runner/Library/Developer/Xcode/DerivedData/BookonDebug-ehazsigvxemoqzdtqumqzfgyfpkz/Build/Intermediates.noindex/ArchiveIntermediates/BookonDebug/IntermediateBuildFilesPath/LegadoBookSource.build/Release-iphoneos/LegadoBookSource.build/Objects-normal/arm64/JavaDoubleFormat.o -o /Users/runner/Library/Developer/Xcode/DerivedData/BookonDebug-ehazsigvxemoqzdtqumqzfgyfpkz/Build/Intermediates.noindex/ArchiveIntermediates/BookonDebug/IntermediateBuildFilesPath/LegadoBookSource.build/Release-iphoneos/LegadoBookSource.build/Objects-normal/arm64/JavaURLResolver.o -o /Users/runner/Library/Developer/Xcode/DerivedData/BookonDebug-ehazsigvxemoqzdtqumqzfgyfpkz/Build/Intermediates.noindex/ArchiveIntermediates/BookonDebug/IntermediateBuildFilesPath/LegadoBookSource.build/Release-iphoneos/LegadoBookSource.build/Objects-normal/arm64/JsExtensionsCatalog.o -o /Users/runner/Library/Developer/Xcode/DerivedData/BookonDebug-ehazsigvxemoqzdtqumqzfgyfpkz/Build/Intermediates.noindex/ArchiveIntermediates/BookonDebug/IntermediateBuildFilesPath/LegadoBookSource.build/Release-iphoneos/LegadoBookSource.build/Objects-normal/arm64/JsExtensionsCore.o -o /Users/runner/Library/Developer/Xcode/DerivedData/BookonDebug-ehazsigvxemoqzdtqumqzfgyfpkz/Build/Intermediates.noindex/ArchiveIntermediates/BookonDebug/IntermediateBuildFilesPath/LegadoBookSource.build/Release-iphoneos/LegadoBookSource.build/Objects-normal/arm64/JsExtensionsRuntime.o -o /Users/runner/Library/Developer/Xcode/DerivedData/BookonDebug-ehazsigvxemoqzdtqumqzfgyfpkz/Build/Intermediates.noindex/ArchiveIntermediates/BookonDebug/IntermediateBuildFilesPath/LegadoBookSource.build/Release-iphoneos/LegadoBookSource.build/Objects-normal/arm64/JsNumberFormat.o -o /Users/runner/Library/Developer/Xcode/DerivedData/BookonDebug-ehazsigvxemoqzdtqumqzfgyfpkz/Build/Intermediates.noindex/ArchiveIntermediates/BookonDebug/IntermediateBuildFilesPath/LegadoBookSource.build/Release-iphoneos/LegadoBookSource.build/Objects-normal/arm64/JsoupCompatSerializer.o -o /Users/runner/Library/Developer/Xcode/DerivedData/BookonDebug-ehazsigvxemoqzdtqumqzfgyfpkz/Build/Intermediates.noindex/ArchiveIntermediates/BookonDebug/IntermediateBuildFilesPath/LegadoBookSource.build/Release-iphoneos/LegadoBookSource.build/Objects-normal/arm64/JsoupJSBridge.o -o /Users/runner/Library/Developer/Xcode/DerivedData/BookonDebug-ehazsigvxemoqzdtqumqzfgyfpkz/Build/Intermediates.noindex/ArchiveIntermediates/BookonDebug/IntermediateBuildFilesPath/LegadoBookSource.build/Release-iphoneos/LegadoBookSource.build/Objects-normal/arm64/LegadoStringExtensions.o -o /Users/runner/Library/Developer/Xcode/DerivedData/BookonDebug-ehazsigvxemoqzdtqumqzfgyfpkz/Build/Intermediates.noindex/ArchiveIntermediates/BookonDebug/IntermediateBuildFilesPath/LegadoBookSource.build/Release-iphoneos/LegadoBookSource.build/Objects-normal/arm64/NetworkUtils.o -o /Users/runner/Library/Developer/Xcode/DerivedData/BookonDebug-ehazsigvxemoqzdtqumqzfgyfpkz/Build/Intermediates.noindex/ArchiveIntermediates/BookonDebug/IntermediateBuildFilesPath/LegadoBookSource.build/Release-iphoneos/LegadoBookSource.build/Objects-normal/arm64/OrderedJSONParser.o -o /Users/runner/Library/Developer/Xcode/DerivedData/BookonDebug-ehazsigvxemoqzdtqumqzfgyfpkz/Build/Intermediates.noindex/ArchiveIntermediates/BookonDebug/IntermediateBuildFilesPath/LegadoBookSource.build/Release-iphoneos/LegadoBookSource.build/Objects-normal/arm64/RegexTemplate.o -o /Users/runner/Library/Developer/Xcode/DerivedData/BookonDebug-ehazsigvxemoqzdtqumqzfgyfpkz/Build/Intermediates.noindex/ArchiveIntermediates/BookonDebug/IntermediateBuildFilesPath/LegadoBookSource.build/Release-iphoneos/LegadoBookSource.build/Objects-normal/arm64/RuleAnalyzer.o -o /Users/runner/Library/Developer/Xcode/DerivedData/BookonDebug-ehazsigvxemoqzdtqumqzfgyfpkz/Build/Intermediates.noindex/ArchiveIntermediates/BookonDebug/IntermediateBuildFilesPath/LegadoBookSource.build/Release-iphoneos/LegadoBookSource.build/Objects-normal/arm64/RuleEngineDiagnostics.o -o /Users/runner/Library/Developer/Xcode/DerivedData/BookonDebug-ehazsigvxemoqzdtqumqzfgyfpkz/Build/Intermediates.noindex/ArchiveIntermediates/BookonDebug/IntermediateBuildFilesPath/LegadoBookSource.build/Release-iphoneos/LegadoBookSource.build/Objects-normal/arm64/RuleEngineError.o -o /Users/runner/Library/Developer/Xcode/DerivedData/BookonDebug-ehazsigvxemoqzdtqumqzfgyfpkz/Build/Intermediates.noindex/ArchiveIntermediates/BookonDebug/IntermediateBuildFilesPath/LegadoBookSource.build/Release-iphoneos/LegadoBookSource.build/Objects-normal/arm64/RuleValue.o -o /Users/runner/Library/Developer/Xcode/DerivedData/BookonDebug-ehazsigvxemoqzdtqumqzfgyfpkz/Build/Intermediates.noindex/ArchiveIntermediates/BookonDebug/IntermediateBuildFilesPath/LegadoBookSource.build/Release-iphoneos/LegadoBookSource.build/Objects-normal/arm64/SourceRule.o -o /Users/runner/Library/Developer/Xcode/DerivedData/BookonDebug-ehazsigvxemoqzdtqumqzfgyfpkz/Build/Intermediates.noindex/ArchiveIntermediates/BookonDebug/IntermediateBuildFilesPath/LegadoBookSource.build/Release-iphoneos/LegadoBookSource.build/Objects-normal/arm64/StringUtils.o -o /Users/runner/Library/Developer/Xcode/DerivedData/BookonDebug-ehazsigvxemoqzdtqumqzfgyfpkz/Build/Intermediates.noindex/ArchiveIntermediates/BookonDebug/IntermediateBuildFilesPath/LegadoBookSource.build/Release-iphoneos/LegadoBookSource.build/Objects-normal/arm64/SwiftSoupElementsCompat.o -o /Users/runner/Library/Developer/Xcode/DerivedData/BookonDebug-ehazsigvxemoqzdtqumqzfgyfpkz/Build/Intermediates.noindex/ArchiveIntermediates/BookonDebug/IntermediateBuildFilesPath/LegadoBookSource.build/Release-iphoneos/LegadoBookSource.build/Objects-normal/arm64/SwiftSoupTextNormalizeFix.o -o /Users/runner/Library/Developer/Xcode/DerivedData/BookonDebug-ehazsigvxemoqzdtqumqzfgyfpkz/Build/Intermediates.noindex/ArchiveIntermediates/BookonDebug/IntermediateBuildFilesPath/LegadoBookSource.build/Release-iphoneos/LegadoBookSource.build/Objects-normal/arm64/SwiftSoupXPathEvaluator.o -o /Users/runner/Library/Developer/Xcode/DerivedData/BookonDebug-ehazsigvxemoqzdtqumqzfgyfpkz/Build/Intermediates.noindex/ArchiveIntermediates/BookonDebug/IntermediateBuildFilesPath/LegadoBookSource.build/Release-iphoneos/LegadoBookSource.build/Objects-normal/arm64/SwiftSoupXPathFunctions.o -o /Users/runner/Library/Developer/Xcode/DerivedData/BookonDebug-ehazsigvxemoqzdtqumqzfgyfpkz/Build/Intermediates.noindex/ArchiveIntermediates/BookonDebug/IntermediateBuildFilesPath/LegadoBookSource.build/Release-iphoneos/LegadoBookSource.build/Objects-normal/arm64/SwiftSoupXPathParser.o -o /Users/runner/Library/Developer/Xcode/DerivedData/BookonDebug-ehazsigvxemoqzdtqumqzfgyfpkz/Build/Intermediates.noindex/ArchiveIntermediates/BookonDebug/IntermediateBuildFilesPath/LegadoBookSource.build/Release-iphoneos/LegadoBookSource.build/Objects-normal/arm64/SwiftSoupXPathPredicate.o -o /Users/runner/Library/Developer/Xcode/DerivedData/BookonDebug-ehazsigvxemoqzdtqumqzfgyfpkz/Build/Intermediates.noindex/ArchiveIntermediates/BookonDebug/IntermediateBuildFilesPath/LegadoBookSource.build/Release-iphoneos/LegadoBookSource.build/Objects-normal/arm64/SwiftSoupXPathStepParser.o -o /Users/runner/Library/Developer/Xcode/DerivedData/BookonDebug-ehazsigvxemoqzdtqumqzfgyfpkz/Build/Intermediates.noindex/ArchiveIntermediates/BookonDebug/IntermediateBuildFilesPath/LegadoBookSource.build/Release-iphoneos/LegadoBookSource.build/Objects-normal/arm64/XPathEvaluator.o -o /Users/runner/Library/Developer/Xcode/DerivedData/BookonDebug-ehazsigvxemoqzdtqumqzfgyfpkz/Build/Intermediates.noindex/ArchiveIntermediates/BookonDebug/IntermediateBuildFilesPath/LegadoBookSource.build/Release-iphoneos/LegadoBookSource.build/Objects-normal/arm64/SearchBook.o -o /Users/runner/Library/Developer/Xcode/DerivedData/BookonDebug-ehazsigvxemoqzdtqumqzfgyfpkz/Build/Intermediates.noindex/ArchiveIntermediates/BookonDebug/IntermediateBuildFilesPath/LegadoBookSource.build/Release-iphoneos/LegadoBookSource.build/Objects-normal/arm64/StringOrObject.o -o /Users/runner/Library/Developer/Xcode/DerivedData/BookonDebug-ehazsigvxemoqzdtqumqzfgyfpkz/Build/Intermediates.noindex/ArchiveIntermediates/BookonDebug/IntermediateBuildFilesPath/LegadoBookSource.build/Release-iphoneos/LegadoBookSource.build/Objects-normal/arm64/BookChapterList.o -o /Users/runner/Library/Developer/Xcode/DerivedData/BookonDebug-ehazsigvxemoqzdtqumqzfgyfpkz/Build/Intermediates.noindex/ArchiveIntermediates/BookonDebug/IntermediateBuildFilesPath/LegadoBookSource.build/Release-iphoneos/LegadoBookSource.build/Objects-normal/arm64/BookContent.o -o /Users/runner/Library/Developer/Xcode/DerivedData/BookonDebug-ehazsigvxemoqzdtqumqzfgyfpkz/Build/Intermediates.noindex/ArchiveIntermediates/BookonDebug/IntermediateBuildFilesPath/LegadoBookSource.build/Release-iphoneos/LegadoBookSource.build/Objects-normal/arm64/BookInfo.o -o /Users/runner/Library/Developer/Xcode/DerivedData/BookonDebug-ehazsigvxemoqzdtqumqzfgyfpkz/Build/Intermediates.noindex/ArchiveIntermediates/BookonDebug/IntermediateBuildFilesPath/LegadoBookSource.build/Release-iphoneos/LegadoBookSource.build/Objects-normal/arm64/BookList.o -o /Users/runner/Library/Developer/Xcode/DerivedData/BookonDebug-ehazsigvxemoqzdtqumqzfgyfpkz/Build/Intermediates.noindex/ArchiveIntermediates/BookonDebug/IntermediateBuildFilesPath/LegadoBookSource.build/Release-iphoneos/LegadoBookSource.build/Objects-normal/arm64/Debug.o -o /Users/runner/Library/Developer/Xcode/DerivedData/BookonDebug-ehazsigvxemoqzdtqumqzfgyfpkz/Build/Intermediates.noindex/ArchiveIntermediates/BookonDebug/IntermediateBuildFilesPath/LegadoBookSource.build/Release-iphoneos/LegadoBookSource.build/Objects-normal/arm64/WebBook.o -o /Users/runner/Library/Developer/Xcode/DerivedData/BookonDebug-ehazsigvxemoqzdtqumqzfgyfpkz/Build/Intermediates.noindex/ArchiveIntermediates/BookonDebug/IntermediateBuildFilesPath/LegadoBookSource.build/Release-iphoneos/LegadoBookSource.build/Objects-normal/arm64/WebBookNetwork.o -o /Users/runner/Library/Developer/Xcode/DerivedData/BookonDebug-ehazsigvxemoqzdtqumqzfgyfpkz/Build/Intermediates.noindex/ArchiveIntermediates/BookonDebug/IntermediateBuildFilesPath/LegadoBookSource.build/Release-iphoneos/LegadoBookSource.build/Objects-normal/arm64/WebBookOptions.o -o /Users/runner/Library/Developer/Xcode/DerivedData/BookonDebug-ehazsigvxemoqzdtqumqzfgyfpkz/Build/Intermediates.noindex/ArchiveIntermediates/BookonDebug/IntermediateBuildFilesPath/LegadoBookSource.build/Release-iphoneos/LegadoBookSource.build/Objects-normal/arm64/WebBookSupport.o -index-unit-output-path /LegadoBookSource.build/Release-iphoneos/LegadoBookSource.build/Objects-normal/arm64/resource_bundle_accessor.o -index-unit-output-path /LegadoBookSource.build/Release-iphoneos/LegadoBookSource.build/Objects-normal/arm64/BaseBook.o -index-unit-output-path /LegadoBookSource.build/Release-iphoneos/LegadoBookSource.build/Objects-normal/arm64/BaseSource.o -index-unit-output-path /LegadoBookSource.build/Release-iphoneos/LegadoBookSource.build/Objects-normal/arm64/Book.o -index-unit-output-path /LegadoBookSource.build/Release-iphoneos/LegadoBookSource.build/Objects-normal/arm64/BookChapter.o -index-unit-output-path /LegadoBookSource.build/Release-iphoneos/LegadoBookSource.build/Objects-normal/arm64/BookSource.o -index-unit-output-path /LegadoBookSource.build/Release-iphoneos/LegadoBookSource.build/Objects-normal/arm64/BookSourceImporter.o -index-unit-output-path /LegadoBookSource.build/Release-iphoneos/LegadoBookSource.build/Objects-normal/arm64/BookSourceType.o -index-unit-output-path /LegadoBookSource.build/Release-iphoneos/LegadoBookSource.build/Objects-normal/arm64/BookType.o -index-unit-output-path /LegadoBookSource.build/Release-iphoneos/LegadoBookSource.build/Objects-normal/arm64/LegadoJSON.o -index-unit-output-path /LegadoBookSource.build/Release-iphoneos/LegadoBookSource.build/Objects-normal/arm64/LenientDecoding.o -index-unit-output-path /LegadoBookSource.build/Release-iphoneos/LegadoBookSource.build/Objects-normal/arm64/AnalyzeUrl.o -index-unit-output-path /LegadoBookSource.build/Release-iphoneos/LegadoBookSource.build/Objects-normal/arm64/CacheManager.o -index-unit-output-path /LegadoBookSource.build/Release-iphoneos/LegadoBookSource.build/Objects-normal/arm64/CharsetDetector.o -index-unit-output-path /LegadoBookSource.build/Release-iphoneos/LegadoBookSource.build/Objects-normal/arm64/CharsetMatch.o -index-unit-output-path /LegadoBookSource.build/Release-iphoneos/LegadoBookSource.build/Objects-normal/arm64/CharsetRecog2022.o -index-unit-output-path /LegadoBookSource.build/Release-iphoneos/LegadoBookSource.build/Objects-normal/arm64/CharsetRecogMBCS.o -index-unit-output-path /LegadoBookSource.build/Release-iphoneos/LegadoBookSource.build/Objects-normal/arm64/CharsetRecogSBCS.o -index-unit-output-path /LegadoBookSource.build/Release-iphoneos/LegadoBookSource.build/Objects-normal/arm64/CharsetRecogUTF8.o -index-unit-output-path /LegadoBookSource.build/Release-iphoneos/LegadoBookSource.build/Objects-normal/arm64/CharsetRecogUnicode.o -index-unit-output-path /LegadoBookSource.build/Release-iphoneos/LegadoBookSource.build/Objects-normal/arm64/CharsetRecognizer.o -index-unit-output-path /LegadoBookSource.build/Release-iphoneos/LegadoBookSource.build/Objects-normal/arm64/CharsetTables.o -index-unit-output-path /LegadoBookSource.build/Release-iphoneos/LegadoBookSource.build/Objects-normal/arm64/EncodingDetect.o -index-unit-output-path /LegadoBookSource.build/Release-iphoneos/LegadoBookSource.build/Objects-normal/arm64/ConcurrentRateLimiter.o -index-unit-output-path /LegadoBookSource.build/Release-iphoneos/LegadoBookSource.build/Objects-normal/arm64/CookieManager.o -index-unit-output-path /LegadoBookSource.build/Release-iphoneos/LegadoBookSource.build/Objects-normal/arm64/CookieStore.o -index-unit-output-path /LegadoBookSource.build/Release-iphoneos/LegadoBookSource.build/Objects-normal/arm64/GsonJSON.o -index-unit-output-path /LegadoBookSource.build/Release-iphoneos/LegadoBookSource.build/Objects-normal/arm64/HTTPTypes.o -index-unit-output-path /LegadoBookSource.build/Release-iphoneos/LegadoBookSource.build/Objects-normal/arm64/HttpUrl.o -index-unit-output-path /LegadoBookSource.build/Release-iphoneos/LegadoBookSource.build/Objects-normal/arm64/NetworkUtilsEncoding.o -index-unit-output-path /LegadoBookSource.build/Release-iphoneos/LegadoBookSource.build/Objects-normal/arm64/RealAjaxProvider.o -index-unit-output-path /LegadoBookSource.build/Release-iphoneos/LegadoBookSource.build/Objects-normal/arm64/RealJsNetworkExtensionsProvider.o -index-unit-output-path /LegadoBookSource.build/Release-iphoneos/LegadoBookSource.build/Objects-normal/arm64/URLSessionHTTPClient.o -index-unit-output-path /LegadoBookSource.build/Release-iphoneos/LegadoBookSource.build/Objects-normal/arm64/UrlOption.o -index-unit-output-path /LegadoBookSource.build/Release-iphoneos/LegadoBookSource.build/Objects-normal/arm64/BookInfoRule.o -index-unit-output-path /LegadoBookSource.build/Release-iphoneos/LegadoBookSource.build/Objects-normal/arm64/BookListRule.o -index-unit-output-path /LegadoBookSource.build/Release-iphoneos/LegadoBookSource.build/Objects-normal/arm64/ContentRule.o -index-unit-output-path /LegadoBookSource.build/Release-iphoneos/LegadoBookSource.build/Objects-normal/arm64/ExploreKind.o -index-unit-output-path /LegadoBookSource.build/Release-iphoneos/LegadoBookSource.build/Objects-normal/arm64/ExploreRule.o -index-unit-output-path /LegadoBookSource.build/Release-iphoneos/LegadoBookSource.build/Objects-normal/arm64/FlexChildStyle.o -index-unit-output-path /LegadoBookSource.build/Release-iphoneos/LegadoBookSource.build/Objects-normal/arm64/ReviewRule.o -index-unit-output-path /LegadoBookSource.build/Release-iphoneos/LegadoBookSource.build/Objects-normal/arm64/RowUi.o -index-unit-output-path /LegadoBookSource.build/Release-iphoneos/LegadoBookSource.build/Objects-normal/arm64/SearchRule.o -index-unit-output-path /LegadoBookSource.build/Release-iphoneos/LegadoBookSource.build/Objects-normal/arm64/TocRule.o -index-unit-output-path /LegadoBookSource.build/Release-iphoneos/LegadoBookSource.build/Objects-normal/arm64/AnalyzeByJSonPath.o -index-unit-output-path /LegadoBookSource.build/Release-iphoneos/LegadoBookSource.build/Objects-normal/arm64/AnalyzeByJSoup+Elements.o -index-unit-output-path /LegadoBookSource.build/Release-iphoneos/LegadoBookSource.build/Objects-normal/arm64/AnalyzeByJSoup.o -index-unit-output-path /LegadoBookSource.build/Release-iphoneos/LegadoBookSource.build/Objects-normal/arm64/AnalyzeByJSoupRules.o -index-unit-output-path /LegadoBookSource.build/Release-iphoneos/LegadoBookSource.build/Objects-normal/arm64/AnalyzeByRegex.o -index-unit-output-path /LegadoBookSource.build/Release-iphoneos/LegadoBookSource.build/Objects-normal/arm64/AnalyzeByXPath.o -index-unit-output-path /LegadoBookSource.build/Release-iphoneos/LegadoBookSource.build/Objects-normal/arm64/AnalyzeRule+Dispatch.o -index-unit-output-path /LegadoBookSource.build/Release-iphoneos/LegadoBookSource.build/Objects-normal/arm64/AnalyzeRule+JS.o -index-unit-output-path /LegadoBookSource.build/Release-iphoneos/LegadoBookSource.build/Objects-normal/arm64/AnalyzeRule+Rules.o -index-unit-output-path /LegadoBookSource.build/Release-iphoneos/LegadoBookSource.build/Objects-normal/arm64/AnalyzeRule.o -index-unit-output-path /LegadoBookSource.build/Release-iphoneos/LegadoBookSource.build/Objects-normal/arm64/AnalyzeRuleDependencies.o -index-unit-output-path /LegadoBookSource.build/Release-iphoneos/LegadoBookSource.build/Objects-normal/arm64/DebugLogger.o -index-unit-output-path /LegadoBookSource.build/Release-iphoneos/LegadoBookSource.build/Objects-normal/arm64/DefaultJSONPathEvaluator.o -index-unit-output-path /LegadoBookSource.build/Release-iphoneos/LegadoBookSource.build/Objects-normal/arm64/HtmlEntities.o -index-unit-output-path /LegadoBookSource.build/Release-iphoneos/LegadoBookSource.build/Objects-normal/arm64/HtmlFormatter.o -index-unit-output-path /LegadoBookSource.build/Release-iphoneos/LegadoBookSource.build/Objects-normal/arm64/HtmlUnescape.o -index-unit-output-path /LegadoBookSource.build/Release-iphoneos/LegadoBookSource.build/Objects-normal/arm64/JSEngine.o -index-unit-output-path /LegadoBookSource.build/Release-iphoneos/LegadoBookSource.build/Objects-normal/arm64/JSJavaBridge.o -index-unit-output-path /LegadoBookSource.build/Release-iphoneos/LegadoBookSource.build/Objects-normal/arm64/JSONPathEvaluator.o -index-unit-output-path /LegadoBookSource.build/Release-iphoneos/LegadoBookSource.build/Objects-normal/arm64/JSONPathParser.o -index-unit-output-path /LegadoBookSource.build/Release-iphoneos/LegadoBookSource.build/Objects-normal/arm64/JavaDoubleFormat.o -index-unit-output-path /LegadoBookSource.build/Release-iphoneos/LegadoBookSource.build/Objects-normal/arm64/JavaURLResolver.o -index-unit-output-path /LegadoBookSource.build/Release-iphoneos/LegadoBookSource.build/Objects-normal/arm64/JsExtensionsCatalog.o -index-unit-output-path /LegadoBookSource.build/Release-iphoneos/LegadoBookSource.build/Objects-normal/arm64/JsExtensionsCore.o -index-unit-output-path /LegadoBookSource.build/Release-iphoneos/LegadoBookSource.build/Objects-normal/arm64/JsExtensionsRuntime.o -index-unit-output-path /LegadoBookSource.build/Release-iphoneos/LegadoBookSource.build/Objects-normal/arm64/JsNumberFormat.o -index-unit-output-path /LegadoBookSource.build/Release-iphoneos/LegadoBookSource.build/Objects-normal/arm64/JsoupCompatSerializer.o -index-unit-output-path /LegadoBookSource.build/Release-iphoneos/LegadoBookSource.build/Objects-normal/arm64/JsoupJSBridge.o -index-unit-output-path /LegadoBookSource.build/Release-iphoneos/LegadoBookSource.build/Objects-normal/arm64/LegadoStringExtensions.o -index-unit-output-path /LegadoBookSource.build/Release-iphoneos/LegadoBookSource.build/Objects-normal/arm64/NetworkUtils.o -index-unit-output-path /LegadoBookSource.build/Release-iphoneos/LegadoBookSource.build/Objects-normal/arm64/OrderedJSONParser.o -index-unit-output-path /LegadoBookSource.build/Release-iphoneos/LegadoBookSource.build/Objects-normal/arm64/RegexTemplate.o -index-unit-output-path /LegadoBookSource.build/Release-iphoneos/LegadoBookSource.build/Objects-normal/arm64/RuleAnalyzer.o -index-unit-output-path /LegadoBookSource.build/Release-iphoneos/LegadoBookSource.build/Objects-normal/arm64/RuleEngineDiagnostics.o -index-unit-output-path /LegadoBookSource.build/Release-iphoneos/LegadoBookSource.build/Objects-normal/arm64/RuleEngineError.o -index-unit-output-path /LegadoBookSource.build/Release-iphoneos/LegadoBookSource.build/Objects-normal/arm64/RuleValue.o -index-unit-output-path /LegadoBookSource.build/Release-iphoneos/LegadoBookSource.build/Objects-normal/arm64/SourceRule.o -index-unit-output-path /LegadoBookSource.build/Release-iphoneos/LegadoBookSource.build/Objects-normal/arm64/StringUtils.o -index-unit-output-path /LegadoBookSource.build/Release-iphoneos/LegadoBookSource.build/Objects-normal/arm64/SwiftSoupElementsCompat.o -index-unit-output-path /LegadoBookSource.build/Release-iphoneos/LegadoBookSource.build/Objects-normal/arm64/SwiftSoupTextNormalizeFix.o -index-unit-output-path /LegadoBookSource.build/Release-iphoneos/LegadoBookSource.build/Objects-normal/arm64/SwiftSoupXPathEvaluator.o -index-unit-output-path /LegadoBookSource.build/Release-iphoneos/LegadoBookSource.build/Objects-normal/arm64/SwiftSoupXPathFunctions.o -index-unit-output-path /LegadoBookSource.build/Release-iphoneos/LegadoBookSource.build/Objects-normal/arm64/SwiftSoupXPathParser.o -index-unit-output-path /LegadoBookSource.build/Release-iphoneos/LegadoBookSource.build/Objects-normal/arm64/SwiftSoupXPathPredicate.o -index-unit-output-path /LegadoBookSource.build/Release-iphoneos/LegadoBookSource.build/Objects-normal/arm64/SwiftSoupXPathStepParser.o -index-unit-output-path /LegadoBookSource.build/Release-iphoneos/LegadoBookSource.build/Objects-normal/arm64/XPathEvaluator.o -index-unit-output-path /LegadoBookSource.build/Release-iphoneos/LegadoBookSource.build/Objects-normal/arm64/SearchBook.o -index-unit-output-path /LegadoBookSource.build/Release-iphoneos/LegadoBookSource.build/Objects-normal/arm64/StringOrObject.o -index-unit-output-path /LegadoBookSource.build/Release-iphoneos/LegadoBookSource.build/Objects-normal/arm64/BookChapterList.o -index-unit-output-path /LegadoBookSource.build/Release-iphoneos/LegadoBookSource.build/Objects-normal/arm64/BookContent.o -index-unit-output-path /LegadoBookSource.build/Release-iphoneos/LegadoBookSource.build/Objects-normal/arm64/BookInfo.o -index-unit-output-path /LegadoBookSource.build/Release-iphoneos/LegadoBookSource.build/Objects-normal/arm64/BookList.o -index-unit-output-path /LegadoBookSource.build/Release-iphoneos/LegadoBookSource.build/Objects-normal/arm64/Debug.o -index-unit-output-path /LegadoBookSource.build/Release-iphoneos/LegadoBookSource.build/Objects-normal/arm64/WebBook.o -index-unit-output-path /LegadoBookSource.build/Release-iphoneos/LegadoBookSource.build/Objects-normal/arm64/WebBookNetwork.o -index-unit-output-path /LegadoBookSource.build/Release-iphoneos/LegadoBookSource.build/Objects-normal/arm64/WebBookOptions.o -index-unit-output-path /LegadoBookSource.build/Release-iphoneos/LegadoBookSource.build/Objects-normal/arm64/WebBookSupport.o
2026-10-06T13:00:44.6704740Z /Users/runner/work/bookon/bookon/Sources/LegadoBookSource/Network/AnalyzeUrl.swift:577:13: warning: variable 'headers' was never mutated; consider changing to 'let' constant
2026-10-06T13:00:44.6709300Z         var headers = headerMap
2026-10-06T13:00:44.6710180Z         ~~~ ^
2026-10-06T13:00:44.6710940Z         let
2026-10-06T13:00:44.6713230Z /Users/runner/work/bookon/bookon/Sources/LegadoBookSource/Network/HTTPTypes.swift:230:14: warning: instance method 'lock' is unavailable from asynchronous contexts; Use async-safe scoped locking instead; this is an error in Swift 6
2026-10-06T13:00:44.6716650Z         lock.lock()
2026-10-06T13:00:44.6717130Z              ^
2026-10-06T13:00:44.6717800Z Foundation.NSLock:11:15: note: 'lock()' declared here
2026-10-06T13:00:44.6718740Z     open func lock()
2026-10-06T13:00:44.6719260Z               ^
2026-10-06T13:00:44.6721400Z /Users/runner/work/bookon/bookon/Sources/LegadoBookSource/Network/HTTPTypes.swift:233:14: warning: instance method 'unlock' is unavailable from asynchronous contexts; Use async-safe scoped locking instead; this is an error in Swift 6
2026-10-06T13:00:44.6723730Z         lock.unlock()
2026-10-06T13:00:44.6724260Z              ^
2026-10-06T13:00:44.6724950Z Foundation.NSLock:12:15: note: 'unlock()' declared here
2026-10-06T13:00:44.6725680Z     open func unlock()
2026-10-06T13:00:44.6726330Z               ^
2026-10-06T13:00:44.6727880Z /Users/runner/work/bookon/bookon/Sources/LegadoBookSource/Network/URLSessionHTTPClient.swift:113:34: warning: no 'async' operations occur within 'await' expression
2026-10-06T13:00:44.6739440Z                 let result = try await webJSProvider.eval(js: request.webJs ?? "",
2026-10-06T13:00:44.6740420Z                                  ^
2026-10-06T13:00:44.6742000Z /Users/runner/work/bookon/bookon/Sources/LegadoBookSource/RuleEngine/JsExtensionsRuntime.swift:58:27: warning: no calls to throwing functions occur within 'try' expression
2026-10-06T13:00:44.6744070Z                 return ok(try putFn(stringArg(arguments, 0), stringArg(arguments, 1)))
2026-10-06T13:00:44.6780990Z                           ^
2026-10-06T13:00:44.6782580Z /Users/runner/work/bookon/bookon/Sources/LegadoBookSource/RuleEngine/JsoupCompatSerializer.swift:429:42: warning: conditional downcast from 'Element?' to 'Element' does nothing
2026-10-06T13:00:44.6785510Z         if let parent = element.parent() as? Element {
2026-10-06T13:00:44.6786420Z                         ~~~~~~~~~~~~~~~~~^~~~~~~~~~~
2026-10-06T13:00:44.6787560Z                                         
2026-10-06T13:00:44.6789480Z /Users/runner/work/bookon/bookon/Sources/LegadoBookSource/RuleEngine/JsoupCompatSerializer.swift:444:34: warning: conditional downcast from 'Element?' to 'Element' does nothing
2026-10-06T13:00:44.6791850Z         if let parentEl = parent as? Element {
2026-10-06T13:00:44.6792590Z                           ~~~~~~~^~~~~~~~~~~
2026-10-06T13:00:44.6793360Z                                 
2026-10-06T13:00:44.6795020Z /Users/runner/work/bookon/bookon/Sources/LegadoBookSource/RuleEngine/JsoupJSBridge.swift:89:21: warning: variable 'all' was never mutated; consider changing to 'let' constant
2026-10-06T13:00:44.6797030Z                 var all = Elements()
2026-10-06T13:00:44.6797890Z                 ~~~ ^
2026-10-06T13:00:44.6798440Z                 let
2026-10-06T13:00:44.6800650Z /Users/runner/work/bookon/bookon/Sources/LegadoBookSource/RuleEngine/RegexTemplate.swift:54:25: warning: variable 'j' was never mutated; consider changing to 'let' constant
2026-10-06T13:00:44.6802560Z                     var j = i + 2
2026-10-06T13:00:44.6803220Z                     ~~~ ^
2026-10-06T13:00:44.6803850Z                     let
2026-10-06T13:00:44.6805510Z /Users/runner/work/bookon/bookon/Sources/LegadoBookSource/RuleEngine/SourceRule.swift:17:5: warning: 'internal(set)' modifier is redundant for an internal property
2026-10-06T13:00:44.6807140Z     internal(set) var replaceRegex = ""
2026-10-06T13:00:44.6808070Z     ^~~~~~~~~~~~~~
2026-10-06T13:00:44.6808700Z     
2026-10-06T13:00:44.6810140Z /Users/runner/work/bookon/bookon/Sources/LegadoBookSource/RuleEngine/SourceRule.swift:18:5: warning: 'internal(set)' modifier is redundant for an internal property
2026-10-06T13:00:44.6811910Z     internal(set) var replacement = ""
2026-10-06T13:00:44.6812520Z     ^~~~~~~~~~~~~~
2026-10-06T13:00:44.6813220Z     
2026-10-06T13:00:44.6814610Z /Users/runner/work/bookon/bookon/Sources/LegadoBookSource/RuleEngine/SourceRule.swift:19:5: warning: 'internal(set)' modifier is redundant for an internal property
2026-10-06T13:00:44.6816320Z     internal(set) var replaceFirst = false
2026-10-06T13:00:44.6817080Z     ^~~~~~~~~~~~~~
2026-10-06T13:00:44.6817640Z     
2026-10-06T13:00:44.6820700Z /Users/runner/work/bookon/bookon/Sources/LegadoBookSource/WebBook/WebBookNetwork.swift:112:14: warning: instance method 'lock' is unavailable from asynchronous contexts; Use async-safe scoped locking instead; this is an error in Swift 6
2026-10-06T13:00:44.6823070Z         lock.lock()
2026-10-06T13:00:44.6823680Z              ^
2026-10-06T13:00:44.6824330Z Foundation.NSLock:11:15: note: 'lock()' declared here
2026-10-06T13:00:44.6825190Z     open func lock()
2026-10-06T13:00:44.6825720Z               ^
2026-10-06T13:00:44.6827810Z /Users/runner/work/bookon/bookon/Sources/LegadoBookSource/WebBook/WebBookNetwork.swift:122:14: warning: instance method 'unlock' is unavailable from asynchronous contexts; Use async-safe scoped locking instead; this is an error in Swift 6
2026-10-06T13:00:44.6831740Z         lock.unlock()
2026-10-06T13:00:44.6832270Z              ^
2026-10-06T13:00:44.6832940Z Foundation.NSLock:12:15: note: 'unlock()' declared here
2026-10-06T13:00:44.6833670Z     open func unlock()
2026-10-06T13:00:44.6834340Z               ^
2026-10-06T13:00:44.6834710Z 
2026-10-06T13:00:44.7257640Z SetOwnerAndGroup runner:staff /Users/runner/Library/Developer/Xcode/DerivedData/BookonDebug-ehazsigvxemoqzdtqumqzfgyfpkz/Build/Intermediates.noindex/ArchiveIntermediates/BookonDebug/IntermediateBuildFilesPath/UninstalledProducts/iphoneos/SwiftSoup.o (in target 'SwiftSoup' from project 'SwiftSoup')
2026-10-06T13:00:44.7259870Z     cd /Users/runner/Library/Developer/Xcode/DerivedData/BookonDebug-ehazsigvxemoqzdtqumqzfgyfpkz/SourcePackages/checkouts/SwiftSoup
2026-10-06T13:00:44.7261390Z     /usr/sbin/chown -RH runner:staff /Users/runner/Library/Developer/Xcode/DerivedData/BookonDebug-ehazsigvxemoqzdtqumqzfgyfpkz/Build/Intermediates.noindex/ArchiveIntermediates/BookonDebug/IntermediateBuildFilesPath/UninstalledProducts/iphoneos/SwiftSoup.o
2026-10-06T13:00:44.7262320Z 
2026-10-06T13:00:44.7263140Z SetMode u+w,go-w,a+rX /Users/runner/Library/Developer/Xcode/DerivedData/BookonDebug-ehazsigvxemoqzdtqumqzfgyfpkz/Build/Intermediates.noindex/ArchiveIntermediates/BookonDebug/IntermediateBuildFilesPath/UninstalledProducts/iphoneos/SwiftSoup.o (in target 'SwiftSoup' from project 'SwiftSoup')
2026-10-06T13:00:44.7264560Z     cd /Users/runner/Library/Developer/Xcode/DerivedData/BookonDebug-ehazsigvxemoqzdtqumqzfgyfpkz/SourcePackages/checkouts/SwiftSoup
2026-10-06T13:00:44.7265850Z     /bin/chmod -RH u+w,go-w,a+rX /Users/runner/Library/Developer/Xcode/DerivedData/BookonDebug-ehazsigvxemoqzdtqumqzfgyfpkz/Build/Intermediates.noindex/ArchiveIntermediates/BookonDebug/IntermediateBuildFilesPath/UninstalledProducts/iphoneos/SwiftSoup.o
2026-10-06T13:00:44.7266640Z 
2026-10-06T13:00:44.7267580Z RegisterExecutionPolicyException /Users/runner/Library/Developer/Xcode/DerivedData/BookonDebug-ehazsigvxemoqzdtqumqzfgyfpkz/Build/Intermediates.noindex/ArchiveIntermediates/BookonDebug/IntermediateBuildFilesPath/UninstalledProducts/iphoneos/SwiftSoup.o (in target 'SwiftSoup' from project 'SwiftSoup')
2026-10-06T13:00:44.7269000Z     cd /Users/runner/Library/Developer/Xcode/DerivedData/BookonDebug-ehazsigvxemoqzdtqumqzfgyfpkz/SourcePackages/checkouts/SwiftSoup
2026-10-06T13:00:44.7270460Z     builtin-RegisterExecutionPolicyException /Users/runner/Library/Developer/Xcode/DerivedData/BookonDebug-ehazsigvxemoqzdtqumqzfgyfpkz/Build/Intermediates.noindex/ArchiveIntermediates/BookonDebug/IntermediateBuildFilesPath/UninstalledProducts/iphoneos/SwiftSoup.o
2026-10-06T13:00:44.7271320Z 
2026-10-06T13:00:44.7272500Z WriteAuxiliaryFile /Users/runner/Library/Developer/Xcode/DerivedData/BookonDebug-ehazsigvxemoqzdtqumqzfgyfpkz/Build/Intermediates.noindex/ArchiveIntermediates/BookonDebug/IntermediateBuildFilesPath/LegadoBookSource.build/Release-iphoneos/LegadoBookSource.build/Objects-normal/arm64/LegadoBookSource.LinkFileList (in target 'LegadoBookSource' from project 'LegadoBookSource')
2026-10-06T13:00:44.7273940Z     cd /Users/runner/work/bookon/bookon
2026-10-06T13:00:44.7275080Z     write-file /Users/runner/Library/Developer/Xcode/DerivedData/BookonDebug-ehazsigvxemoqzdtqumqzfgyfpkz/Build/Intermediates.noindex/ArchiveIntermediates/BookonDebug/IntermediateBuildFilesPath/LegadoBookSource.build/Release-iphoneos/LegadoBookSource.build/Objects-normal/arm64/LegadoBookSource.LinkFileList
2026-10-06T13:00:44.7276100Z 
2026-10-06T13:00:44.7286150Z SwiftDriverJobDiscovery normal arm64 Compiling resource_bundle_accessor.swift, BaseBook.swift, BaseSource.swift, Book.swift, BookChapter.swift, BookSource.swift, BookSourceImporter.swift, BookSourceType.swift, BookType.swift, LegadoJSON.swift, LenientDecoding.swift, AnalyzeUrl.swift, CacheManager.swift, CharsetDetector.swift, CharsetMatch.swift, CharsetRecog2022.swift, CharsetRecogMBCS.swift, CharsetRecogSBCS.swift, CharsetRecogUTF8.swift, CharsetRecogUnicode.swift, CharsetRecognizer.swift, CharsetTables.swift, EncodingDetect.swift, ConcurrentRateLimiter.swift, CookieManager.swift, CookieStore.swift, GsonJSON.swift, HTTPTypes.swift, HttpUrl.swift, NetworkUtilsEncoding.swift, RealAjaxProvider.swift, RealJsNetworkExtensionsProvider.swift, URLSessionHTTPClient.swift, UrlOption.swift, BookInfoRule.swift, BookListRule.swift, ContentRule.swift, ExploreKind.swift, ExploreRule.swift, FlexChildStyle.swift, ReviewRule.swift, RowUi.swift, SearchRule.swift, TocRule.swift, AnalyzeByJSonPath.swift, AnalyzeByJSoup+Elements.swift, AnalyzeByJSoup.swift, AnalyzeByJSoupRules.swift, AnalyzeByRegex.swift, AnalyzeByXPath.swift, AnalyzeRule+Dispatch.swift, AnalyzeRule+JS.swift, AnalyzeRule+Rules.swift, AnalyzeRule.swift, AnalyzeRuleDependencies.swift, DebugLogger.swift, DefaultJSONPathEvaluator.swift, HtmlEntities.swift, HtmlFormatter.swift, HtmlUnescape.swift, JSEngine.swift, JSJavaBridge.swift, JSONPathEvaluator.swift, JSONPathParser.swift, JavaDoubleFormat.swift, JavaURLResolver.swift, JsExtensionsCatalog.swift, JsExtensionsCore.swift, JsExtensionsRuntime.swift, JsNumberFormat.swift, JsoupCompatSerializer.swift, JsoupJSBridge.swift, LegadoStringExtensions.swift, NetworkUtils.swift, OrderedJSONParser.swift, RegexTemplate.swift, RuleAnalyzer.swift, RuleEngineDiagnostics.swift, RuleEngineError.swift, RuleValue.swift, SourceRule.swift, StringUtils.swift, SwiftSoupElementsCompat.swift, SwiftSoupTextNormalizeFix.swift, SwiftSoupXPathEvaluator.swift, SwiftSoupXPathFunctions.swift, SwiftSoupXPathParser.swift, SwiftSoupXPathPredicate.swift, SwiftSoupXPathStepParser.swift, XPathEvaluator.swift, SearchBook.swift, StringOrObject.swift, BookChapterList.swift, BookContent.swift, BookInfo.swift, BookList.swift, Debug.swift, WebBook.swift, WebBookNetwork.swift, WebBookOptions.swift, WebBookSupport.swift (in target 'LegadoBookSource' from project 'LegadoBookSource')
2026-10-06T13:00:44.7305210Z 
2026-10-06T13:00:44.7306540Z SwiftDriver\ Compilation\ Requirements LegadoBookSource normal arm64 com.apple.xcode.tools.swift.compiler (in target 'LegadoBookSource' from project 'LegadoBookSource')
2026-10-06T13:00:44.7308240Z     cd /Users/runner/work/bookon/bookon
2026-10-06T13:00:44.7338000Z     builtin-Swift-Compilation-Requirements -- /Applications/Xcode_15.4.app/Contents/Developer/Toolchains/XcodeDefault.xctoolchain/usr/bin/swiftc -module-name LegadoBookSource -O -whole-module-optimization -enforce-exclusivity\=checked @/Users/runner/Library/Developer/Xcode/DerivedData/BookonDebug-ehazsigvxemoqzdtqumqzfgyfpkz/Build/Intermediates.noindex/ArchiveIntermediates/BookonDebug/IntermediateBuildFilesPath/LegadoBookSource.build/Release-iphoneos/LegadoBookSource.build/Objects-normal/arm64/LegadoBookSource.SwiftFileList -DSWIFT_PACKAGE -DXcode -sdk /Applications/Xcode_15.4.app/Contents/Developer/Platforms/iPhoneOS.platform/Developer/SDKs/iPhoneOS17.5.sdk -target arm64-apple-ios17.0 -g -module-cache-path /Users/runner/Library/Developer/Xcode/DerivedData/ModuleCache.noindex -Xfrontend -serialize-debugging-options -swift-version 5 -I /Users/runner/Library/Developer/Xcode/DerivedData/BookonDebug-ehazsigvxemoqzdtqumqzfgyfpkz/Build/Intermediates.noindex/ArchiveIntermediates/BookonDebug/BuildProductsPath/Release-iphoneos -I /Applications/Xcode_15.4.app/Contents/Developer/Platforms/iPhoneOS.platform/Developer/usr/lib -F /Users/runner/Library/Developer/Xcode/DerivedData/BookonDebug-ehazsigvxemoqzdtqumqzfgyfpkz/Build/Intermediates.noindex/ArchiveIntermediates/BookonDebug/BuildProductsPath/Release-iphoneos/PackageFrameworks -F /Users/runner/Library/Developer/Xcode/DerivedData/BookonDebug-ehazsigvxemoqzdtqumqzfgyfpkz/Build/Intermediates.noindex/ArchiveIntermediates/BookonDebug/BuildProductsPath/Release-iphoneos -F /Applications/Xcode_15.4.app/Contents/Developer/Platforms/iPhoneOS.platform/Developer/Library/Frameworks -F /Applications/Xcode_15.4.app/Contents/Developer/Platforms/iPhoneOS.platform/Developer/SDKs/iPhoneOS17.5.sdk/Developer/Library/Frameworks -c -num-threads 3 -Xcc -ivfsstatcache -Xcc /Users/runner/Library/Developer/Xcode/DerivedData/SDKStatCaches.noindex/iphoneos17.5-21F77-f0fa7969d082b13145125136a829df3a.sdkstatcache -output-file-map /Users/runner/Library/Developer/Xcode/DerivedData/BookonDebug-ehazsigvxemoqzdtqumqzfgyfpkz/Build/Intermediates.noindex/ArchiveIntermediates/BookonDebug/IntermediateBuildFilesPath/LegadoBookSource.build/Release-iphoneos/LegadoBookSource.build/Objects-normal/arm64/LegadoBookSource-OutputFileMap.json -use-frontend-parseable-output -save-temps -no-color-diagnostics -serialize-diagnostics -emit-dependencies -emit-module -emit-module-path /Users/runner/Library/Developer/Xcode/DerivedData/BookonDebug-ehazsigvxemoqzdtqumqzfgyfpkz/Build/Intermediates.noindex/ArchiveIntermediates/BookonDebug/IntermediateBuildFilesPath/LegadoBookSource.build/Release-iphoneos/LegadoBookSource.build/Objects-normal/arm64/LegadoBookSource.swiftmodule -validate-clang-modules-once -clang-build-session-file /Users/runner/Library/Developer/Xcode/DerivedData/ModuleCache.noindex/Session.modulevalidation -Xfrontend -package-name -Xfrontend bookon -Xcc -I/Users/runner/Library/Developer/Xcode/DerivedData/BookonDebug-ehazsigvxemoqzdtqumqzfgyfpkz/Build/Intermediates.noindex/ArchiveIntermediates/BookonDebug/IntermediateBuildFilesPath/LegadoBookSource.build/Release-iphoneos/LegadoBookSource.build/swift-overrides.hmap -emit-const-values -Xfrontend -const-gather-protocols-file -Xfrontend /Users/runner/Library/Developer/Xcode/DerivedData/BookonDebug-ehazsigvxemoqzdtqumqzfgyfpkz/Build/Intermediates.noindex/ArchiveIntermediates/BookonDebug/IntermediateBuildFilesPath/LegadoBookSource.build/Release-iphoneos/LegadoBookSource.build/Objects-normal/arm64/LegadoBookSource_const_extract_protocols.json -Xcc -I/Users/runner/Library/Developer/Xcode/DerivedData/BookonDebug-ehazsigvxemoqzdtqumqzfgyfpkz/Build/Intermediates.noindex/ArchiveIntermediates/BookonDebug/BuildProductsPath/Release-iphoneos/include -Xcc -I/Users/runner/Library/Developer/Xcode/DerivedData/BookonDebug-ehazsigvxemoqzdtqumqzfgyfpkz/Build/Intermediates.noindex/ArchiveIntermediates/BookonDebug/IntermediateBuildFilesPath/LegadoBookSource.build/Release-iphoneos/LegadoBookSource.build/DerivedSources-normal/arm64 -Xcc -I/Users/runner/Library/Developer/Xcode/DerivedData/BookonDebug-ehazsigvxemoqzdtqumqzfgyfpkz/Build/Intermediates.noindex/ArchiveIntermediates/BookonDebug/IntermediateBuildFilesPath/LegadoBookSource.build/Release-iphoneos/LegadoBookSource.build/DerivedSources/arm64 -Xcc -I/Users/runner/Library/Developer/Xcode/DerivedData/BookonDebug-ehazsigvxemoqzdtqumqzfgyfpkz/Build/Intermediates.noindex/ArchiveIntermediates/BookonDebug/IntermediateBuildFilesPath/LegadoBookSource.build/Release-iphoneos/LegadoBookSource.build/DerivedSources -Xcc -DSWIFT_PACKAGE -emit-objc-header -emit-objc-header-path /Users/runner/Library/Developer/Xcode/DerivedData/BookonDebug-ehazsigvxemoqzdtqumqzfgyfpkz/Build/Intermediates.noindex/ArchiveIntermediates/BookonDebug/IntermediateBuildFilesPath/LegadoBookSource.build/Release-iphoneos/LegadoBookSource.build/Objects-normal/arm64/LegadoBookSource-Swift.h -working-directory /Users/runner/work/bookon/bookon -no-emit-module-separately-wmo
2026-10-06T13:00:44.7618580Z 
2026-10-06T13:00:44.7927820Z SwiftMergeGeneratedHeaders /Users/runner/Library/Developer/Xcode/DerivedData/BookonDebug-ehazsigvxemoqzdtqumqzfgyfpkz/Build/Intermediates.noindex/ArchiveIntermediates/BookonDebug/IntermediateBuildFilesPath/GeneratedModuleMaps-iphoneos/LegadoBookSource-Swift.h /Users/runner/Library/Developer/Xcode/DerivedData/BookonDebug-ehazsigvxemoqzdtqumqzfgyfpkz/Build/Intermediates.noindex/ArchiveIntermediates/BookonDebug/IntermediateBuildFilesPath/LegadoBookSource.build/Release-iphoneos/LegadoBookSource.build/Objects-normal/arm64/LegadoBookSource-Swift.h (in target 'LegadoBookSource' from project 'LegadoBookSource')
2026-10-06T13:00:44.7935510Z     cd /Users/runner/work/bookon/bookon
2026-10-06T13:00:44.7937460Z     builtin-swiftHeaderTool -arch arm64 /Users/runner/Library/Developer/Xcode/DerivedData/BookonDebug-ehazsigvxemoqzdtqumqzfgyfpkz/Build/Intermediates.noindex/ArchiveIntermediates/BookonDebug/IntermediateBuildFilesPath/LegadoBookSource.build/Release-iphoneos/LegadoBookSource.build/Objects-normal/arm64/LegadoBookSource-Swift.h -o /Users/runner/Library/Developer/Xcode/DerivedData/BookonDebug-ehazsigvxemoqzdtqumqzfgyfpkz/Build/Intermediates.noindex/ArchiveIntermediates/BookonDebug/IntermediateBuildFilesPath/GeneratedModuleMaps-iphoneos/LegadoBookSource-Swift.h
2026-10-06T13:00:44.7939760Z 
2026-10-06T13:00:44.7942230Z Copy /Users/runner/Library/Developer/Xcode/DerivedData/BookonDebug-ehazsigvxemoqzdtqumqzfgyfpkz/Build/Intermediates.noindex/ArchiveIntermediates/BookonDebug/BuildProductsPath/Release-iphoneos/LegadoBookSource.swiftmodule/arm64-apple-ios.swiftmodule /Users/runner/Library/Developer/Xcode/DerivedData/BookonDebug-ehazsigvxemoqzdtqumqzfgyfpkz/Build/Intermediates.noindex/ArchiveIntermediates/BookonDebug/IntermediateBuildFilesPath/LegadoBookSource.build/Release-iphoneos/LegadoBookSource.build/Objects-normal/arm64/LegadoBookSource.swiftmodule (in target 'LegadoBookSource' from project 'LegadoBookSource')
2026-10-06T13:00:44.7944760Z     cd /Users/runner/work/bookon/bookon
2026-10-06T13:00:44.7948250Z     builtin-copy -exclude .DS_Store -exclude CVS -exclude .svn -exclude .git -exclude .hg -strip-unsigned-binaries -strip-deterministic -strip-tool /Applications/Xcode_15.4.app/Contents/Developer/Toolchains/XcodeDefault.xctoolchain/usr/bin/strip -resolve-src-symlinks -rename /Users/runner/Library/Developer/Xcode/DerivedData/BookonDebug-ehazsigvxemoqzdtqumqzfgyfpkz/Build/Intermediates.noindex/ArchiveIntermediates/BookonDebug/IntermediateBuildFilesPath/LegadoBookSource.build/Release-iphoneos/LegadoBookSource.build/Objects-normal/arm64/LegadoBookSource.swiftmodule /Users/runner/Library/Developer/Xcode/DerivedData/BookonDebug-ehazsigvxemoqzdtqumqzfgyfpkz/Build/Intermediates.noindex/ArchiveIntermediates/BookonDebug/BuildProductsPath/Release-iphoneos/LegadoBookSource.swiftmodule/arm64-apple-ios.swiftmodule
2026-10-06T13:00:44.8348320Z 
2026-10-06T13:00:44.8356110Z Copy /Users/runner/Library/Developer/Xcode/DerivedData/BookonDebug-ehazsigvxemoqzdtqumqzfgyfpkz/Build/Intermediates.noindex/ArchiveIntermediates/BookonDebug/BuildProductsPath/Release-iphoneos/LegadoBookSource.swiftmodule/arm64-apple-ios.swiftdoc /Users/runner/Library/Developer/Xcode/DerivedData/BookonDebug-ehazsigvxemoqzdtqumqzfgyfpkz/Build/Intermediates.noindex/ArchiveIntermediates/BookonDebug/IntermediateBuildFilesPath/LegadoBookSource.build/Release-iphoneos/LegadoBookSource.build/Objects-normal/arm64/LegadoBookSource.swiftdoc (in target 'LegadoBookSource' from project 'LegadoBookSource')
2026-10-06T13:00:44.8365050Z     cd /Users/runner/work/bookon/bookon
2026-10-06T13:00:44.8374290Z     builtin-copy -exclude .DS_Store -exclude CVS -exclude .svn -exclude .git -exclude .hg -strip-unsigned-binaries -strip-deterministic -strip-tool /Applications/Xcode_15.4.app/Contents/Developer/Toolchains/XcodeDefault.xctoolchain/usr/bin/strip -resolve-src-symlinks -rename /Users/runner/Library/Developer/Xcode/DerivedData/BookonDebug-ehazsigvxemoqzdtqumqzfgyfpkz/Build/Intermediates.noindex/ArchiveIntermediates/BookonDebug/IntermediateBuildFilesPath/LegadoBookSource.build/Release-iphoneos/LegadoBookSource.build/Objects-normal/arm64/LegadoBookSource.swiftdoc /Users/runner/Library/Developer/Xcode/DerivedData/BookonDebug-ehazsigvxemoqzdtqumqzfgyfpkz/Build/Intermediates.noindex/ArchiveIntermediates/BookonDebug/BuildProductsPath/Release-iphoneos/LegadoBookSource.swiftmodule/arm64-apple-ios.swiftdoc
2026-10-06T13:00:44.8381970Z 
2026-10-06T13:00:44.8386030Z Copy /Users/runner/Library/Developer/Xcode/DerivedData/BookonDebug-ehazsigvxemoqzdtqumqzfgyfpkz/Build/Intermediates.noindex/ArchiveIntermediates/BookonDebug/BuildProductsPath/Release-iphoneos/LegadoBookSource.swiftmodule/arm64-apple-ios.abi.json /Users/runner/Library/Developer/Xcode/DerivedData/BookonDebug-ehazsigvxemoqzdtqumqzfgyfpkz/Build/Intermediates.noindex/ArchiveIntermediates/BookonDebug/IntermediateBuildFilesPath/LegadoBookSource.build/Release-iphoneos/LegadoBookSource.build/Objects-normal/arm64/LegadoBookSource.abi.json (in target 'LegadoBookSource' from project 'LegadoBookSource')
2026-10-06T13:00:44.8399100Z     cd /Users/runner/work/bookon/bookon
2026-10-06T13:00:44.8403980Z     builtin-copy -exclude .DS_Store -exclude CVS -exclude .svn -exclude .git -exclude .hg -strip-unsigned-binaries -strip-deterministic -strip-tool /Applications/Xcode_15.4.app/Contents/Developer/Toolchains/XcodeDefault.xctoolchain/usr/bin/strip -resolve-src-symlinks -rename /Users/runner/Library/Developer/Xcode/DerivedData/BookonDebug-ehazsigvxemoqzdtqumqzfgyfpkz/Build/Intermediates.noindex/ArchiveIntermediates/BookonDebug/IntermediateBuildFilesPath/LegadoBookSource.build/Release-iphoneos/LegadoBookSource.build/Objects-normal/arm64/LegadoBookSource.abi.json /Users/runner/Library/Developer/Xcode/DerivedData/BookonDebug-ehazsigvxemoqzdtqumqzfgyfpkz/Build/Intermediates.noindex/ArchiveIntermediates/BookonDebug/BuildProductsPath/Release-iphoneos/LegadoBookSource.swiftmodule/arm64-apple-ios.abi.json
2026-10-06T13:00:44.8408030Z 
2026-10-06T13:00:44.8410230Z Ld /Users/runner/Library/Developer/Xcode/DerivedData/BookonDebug-ehazsigvxemoqzdtqumqzfgyfpkz/Build/Intermediates.noindex/ArchiveIntermediates/BookonDebug/IntermediateBuildFilesPath/UninstalledProducts/iphoneos/LegadoBookSource.o normal (in target 'LegadoBookSource' from project 'LegadoBookSource')
2026-10-06T13:00:44.8411660Z     cd /Users/runner/work/bookon/bookon
2026-10-06T13:00:44.8429200Z     /Applications/Xcode_15.4.app/Contents/Developer/Toolchains/XcodeDefault.xctoolchain/usr/bin/clang -Xlinker -reproducible -target arm64-apple-ios17.0 -r -isysroot /Applications/Xcode_15.4.app/Contents/Developer/Platforms/iPhoneOS.platform/Developer/SDKs/iPhoneOS17.5.sdk -Os -L/Users/runner/Library/Developer/Xcode/DerivedData/BookonDebug-ehazsigvxemoqzdtqumqzfgyfpkz/Build/Intermediates.noindex/ArchiveIntermediates/BookonDebug/IntermediateBuildFilesPath/EagerLinkingTBDs/Release-iphoneos -L/Users/runner/Library/Developer/Xcode/DerivedData/BookonDebug-ehazsigvxemoqzdtqumqzfgyfpkz/Build/Intermediates.noindex/ArchiveIntermediates/BookonDebug/BuildProductsPath/Release-iphoneos -L/Applications/Xcode_15.4.app/Contents/Developer/Platforms/iPhoneOS.platform/Developer/usr/lib -F/Users/runner/Library/Developer/Xcode/DerivedData/BookonDebug-ehazsigvxemoqzdtqumqzfgyfpkz/Build/Intermediates.noindex/ArchiveIntermediates/BookonDebug/IntermediateBuildFilesPath/EagerLinkingTBDs/Release-iphoneos -F/Users/runner/Library/Developer/Xcode/DerivedData/BookonDebug-ehazsigvxemoqzdtqumqzfgyfpkz/Build/Intermediates.noindex/ArchiveIntermediates/BookonDebug/BuildProductsPath/Release-iphoneos/PackageFrameworks -F/Users/runner/Library/Developer/Xcode/DerivedData/BookonDebug-ehazsigvxemoqzdtqumqzfgyfpkz/Build/Intermediates.noindex/ArchiveIntermediates/BookonDebug/BuildProductsPath/Release-iphoneos -iframework /Applications/Xcode_15.4.app/Contents/Developer/Platforms/iPhoneOS.platform/Developer/Library/Frameworks -iframework /Applications/Xcode_15.4.app/Contents/Developer/Platforms/iPhoneOS.platform/Developer/SDKs/iPhoneOS17.5.sdk/Developer/Library/Frameworks -filelist /Users/runner/Library/Developer/Xcode/DerivedData/BookonDebug-ehazsigvxemoqzdtqumqzfgyfpkz/Build/Intermediates.noindex/ArchiveIntermediates/BookonDebug/IntermediateBuildFilesPath/LegadoBookSource.build/Release-iphoneos/LegadoBookSource.build/Objects-normal/arm64/LegadoBookSource.LinkFileList -nostdlib -Xlinker -object_path_lto -Xlinker /Users/runner/Library/Developer/Xcode/DerivedData/BookonDebug-ehazsigvxemoqzdtqumqzfgyfpkz/Build/Intermediates.noindex/ArchiveIntermediates/BookonDebug/IntermediateBuildFilesPath/LegadoBookSource.build/Release-iphoneos/LegadoBookSource.build/Objects-normal/arm64/LegadoBookSource_lto.o -fobjc-link-runtime -L/Applications/Xcode_15.4.app/Contents/Developer/Toolchains/XcodeDefault.xctoolchain/usr/lib/swift/iphoneos -L/usr/lib/swift -Xlinker -add_ast_path -Xlinker /Users/runner/Library/Developer/Xcode/DerivedData/BookonDebug-ehazsigvxemoqzdtqumqzfgyfpkz/Build/Intermediates.noindex/ArchiveIntermediates/BookonDebug/IntermediateBuildFilesPath/LegadoBookSource.build/Release-iphoneos/LegadoBookSource.build/Objects-normal/arm64/LegadoBookSource.swiftmodule -Xlinker -dependency_info -Xlinker /Users/runner/Library/Developer/Xcode/DerivedData/BookonDebug-ehazsigvxemoqzdtqumqzfgyfpkz/Build/Intermediates.noindex/ArchiveIntermediates/BookonDebug/IntermediateBuildFilesPath/LegadoBookSource.build/Release-iphoneos/LegadoBookSource.build/Objects-normal/arm64/LegadoBookSource_dependency_info.dat -o /Users/runner/Library/Developer/Xcode/DerivedData/BookonDebug-ehazsigvxemoqzdtqumqzfgyfpkz/Build/Intermediates.noindex/ArchiveIntermediates/BookonDebug/IntermediateBuildFilesPath/UninstalledProducts/iphoneos/LegadoBookSource.o
2026-10-06T13:00:45.0386990Z 
2026-10-06T13:00:45.0397780Z WriteAuxiliaryFile /Users/runner/Library/Developer/Xcode/DerivedData/BookonDebug-ehazsigvxemoqzdtqumqzfgyfpkz/Build/Intermediates.noindex/ArchiveIntermediates/BookonDebug/IntermediateBuildFilesPath/LegadoBookSource.build/Release-iphoneos/BookonDebugKit.build/BookonDebugKit.modulemap (in target 'BookonDebugKit' from project 'LegadoBookSource')
2026-10-06T13:00:45.0406470Z     cd /Users/runner/work/bookon/bookon
2026-10-06T13:00:45.0407800Z     write-file /Users/runner/Library/Developer/Xcode/DerivedData/BookonDebug-ehazsigvxemoqzdtqumqzfgyfpkz/Build/Intermediates.noindex/ArchiveIntermediates/BookonDebug/IntermediateBuildFilesPath/LegadoBookSource.build/Release-iphoneos/BookonDebugKit.build/BookonDebugKit.modulemap
2026-10-06T13:00:45.0410270Z 
2026-10-06T13:00:45.0412370Z Copy /Users/runner/Library/Developer/Xcode/DerivedData/BookonDebug-ehazsigvxemoqzdtqumqzfgyfpkz/Build/Intermediates.noindex/ArchiveIntermediates/BookonDebug/IntermediateBuildFilesPath/GeneratedModuleMaps-iphoneos/BookonDebugKit.modulemap /Users/runner/Library/Developer/Xcode/DerivedData/BookonDebug-ehazsigvxemoqzdtqumqzfgyfpkz/Build/Intermediates.noindex/ArchiveIntermediates/BookonDebug/IntermediateBuildFilesPath/LegadoBookSource.build/Release-iphoneos/BookonDebugKit.build/BookonDebugKit.modulemap (in target 'BookonDebugKit' from project 'LegadoBookSource')
2026-10-06T13:00:45.0414450Z     cd /Users/runner/work/bookon/bookon
2026-10-06T13:00:45.0416940Z     builtin-copy -exclude .DS_Store -exclude CVS -exclude .svn -exclude .git -exclude .hg -strip-unsigned-binaries -strip-deterministic -strip-tool /Applications/Xcode_15.4.app/Contents/Developer/Toolchains/XcodeDefault.xctoolchain/usr/bin/strip -resolve-src-symlinks /Users/runner/Library/Developer/Xcode/DerivedData/BookonDebug-ehazsigvxemoqzdtqumqzfgyfpkz/Build/Intermediates.noindex/ArchiveIntermediates/BookonDebug/IntermediateBuildFilesPath/LegadoBookSource.build/Release-iphoneos/BookonDebugKit.build/BookonDebugKit.modulemap /Users/runner/Library/Developer/Xcode/DerivedData/BookonDebug-ehazsigvxemoqzdtqumqzfgyfpkz/Build/Intermediates.noindex/ArchiveIntermediates/BookonDebug/IntermediateBuildFilesPath/GeneratedModuleMaps-iphoneos
2026-10-06T13:00:45.0419680Z 
2026-10-06T13:00:45.0421320Z WriteAuxiliaryFile /Users/runner/Library/Developer/Xcode/DerivedData/BookonDebug-ehazsigvxemoqzdtqumqzfgyfpkz/Build/Intermediates.noindex/ArchiveIntermediates/BookonDebug/IntermediateBuildFilesPath/LegadoBookSource.build/Release-iphoneos/BookonDebugKit.build/Objects-normal/arm64/BookonDebugKit_const_extract_protocols.json (in target 'BookonDebugKit' from project 'LegadoBookSource')
2026-10-06T13:00:45.0423280Z     cd /Users/runner/work/bookon/bookon
2026-10-06T13:00:45.0424550Z     write-file /Users/runner/Library/Developer/Xcode/DerivedData/BookonDebug-ehazsigvxemoqzdtqumqzfgyfpkz/Build/Intermediates.noindex/ArchiveIntermediates/BookonDebug/IntermediateBuildFilesPath/LegadoBookSource.build/Release-iphoneos/BookonDebugKit.build/Objects-normal/arm64/BookonDebugKit_const_extract_protocols.json
2026-10-06T13:00:45.0431760Z 
2026-10-06T13:00:45.0433120Z WriteAuxiliaryFile /Users/runner/Library/Developer/Xcode/DerivedData/BookonDebug-ehazsigvxemoqzdtqumqzfgyfpkz/Build/Intermediates.noindex/ArchiveIntermediates/BookonDebug/IntermediateBuildFilesPath/LegadoBookSource.build/Release-iphoneos/BookonDebugKit.build/Objects-normal/arm64/BookonDebugKit.SwiftFileList (in target 'BookonDebugKit' from project 'LegadoBookSource')
2026-10-06T13:00:45.0435370Z     cd /Users/runner/work/bookon/bookon
2026-10-06T13:00:45.0436960Z     write-file /Users/runner/Library/Developer/Xcode/DerivedData/BookonDebug-ehazsigvxemoqzdtqumqzfgyfpkz/Build/Intermediates.noindex/ArchiveIntermediates/BookonDebug/IntermediateBuildFilesPath/LegadoBookSource.build/Release-iphoneos/BookonDebugKit.build/Objects-normal/arm64/BookonDebugKit.SwiftFileList
2026-10-06T13:00:45.0437970Z 
2026-10-06T13:00:45.0439440Z WriteAuxiliaryFile /Users/runner/Library/Developer/Xcode/DerivedData/BookonDebug-ehazsigvxemoqzdtqumqzfgyfpkz/Build/Intermediates.noindex/ArchiveIntermediates/BookonDebug/IntermediateBuildFilesPath/LegadoBookSource.build/Release-iphoneos/BookonDebugKit.build/Objects-normal/arm64/BookonDebugKit-OutputFileMap.json (in target 'BookonDebugKit' from project 'LegadoBookSource')
2026-10-06T13:00:45.0441180Z     cd /Users/runner/work/bookon/bookon
2026-10-06T13:00:45.0446490Z     write-file /Users/runner/Library/Developer/Xcode/DerivedData/BookonDebug-ehazsigvxemoqzdtqumqzfgyfpkz/Build/Intermediates.noindex/ArchiveIntermediates/BookonDebug/IntermediateBuildFilesPath/LegadoBookSource.build/Release-iphoneos/BookonDebugKit.build/Objects-normal/arm64/BookonDebugKit-OutputFileMap.json
2026-10-06T13:00:45.0447780Z 
2026-10-06T13:00:45.0448580Z SwiftDriver BookonDebugKit normal arm64 com.apple.xcode.tools.swift.compiler (in target 'BookonDebugKit' from project 'LegadoBookSource')
2026-10-06T13:00:45.0449160Z     cd /Users/runner/work/bookon/bookon
2026-10-06T13:00:45.0468640Z     builtin-SwiftDriver -- /Applications/Xcode_15.4.app/Contents/Developer/Toolchains/XcodeDefault.xctoolchain/usr/bin/swiftc -module-name BookonDebugKit -O -whole-module-optimization -enforce-exclusivity\=checked @/Users/runner/Library/Developer/Xcode/DerivedData/BookonDebug-ehazsigvxemoqzdtqumqzfgyfpkz/Build/Intermediates.noindex/ArchiveIntermediates/BookonDebug/IntermediateBuildFilesPath/LegadoBookSource.build/Release-iphoneos/BookonDebugKit.build/Objects-normal/arm64/BookonDebugKit.SwiftFileList -DSWIFT_PACKAGE -DXcode -sdk /Applications/Xcode_15.4.app/Contents/Developer/Platforms/iPhoneOS.platform/Developer/SDKs/iPhoneOS17.5.sdk -target arm64-apple-ios17.0 -g -module-cache-path /Users/runner/Library/Developer/Xcode/DerivedData/ModuleCache.noindex -Xfrontend -serialize-debugging-options -swift-version 5 -I /Users/runner/Library/Developer/Xcode/DerivedData/BookonDebug-ehazsigvxemoqzdtqumqzfgyfpkz/Build/Intermediates.noindex/ArchiveIntermediates/BookonDebug/BuildProductsPath/Release-iphoneos -I /Applications/Xcode_15.4.app/Contents/Developer/Platforms/iPhoneOS.platform/Developer/usr/lib -F /Users/runner/Library/Developer/Xcode/DerivedData/BookonDebug-ehazsigvxemoqzdtqumqzfgyfpkz/Build/Intermediates.noindex/ArchiveIntermediates/BookonDebug/BuildProductsPath/Release-iphoneos/PackageFrameworks -F /Users/runner/Library/Developer/Xcode/DerivedData/BookonDebug-ehazsigvxemoqzdtqumqzfgyfpkz/Build/Intermediates.noindex/ArchiveIntermediates/BookonDebug/BuildProductsPath/Release-iphoneos/PackageFrameworks -F /Users/runner/Library/Developer/Xcode/DerivedData/BookonDebug-ehazsigvxemoqzdtqumqzfgyfpkz/Build/Intermediates.noindex/ArchiveIntermediates/BookonDebug/BuildProductsPath/Release-iphoneos -F /Applications/Xcode_15.4.app/Contents/Developer/Platforms/iPhoneOS.platform/Developer/Library/Frameworks -F /Applications/Xcode_15.4.app/Contents/Developer/Platforms/iPhoneOS.platform/Developer/SDKs/iPhoneOS17.5.sdk/Developer/Library/Frameworks -c -num-threads 3 -Xcc -ivfsstatcache -Xcc /Users/runner/Library/Developer/Xcode/DerivedData/SDKStatCaches.noindex/iphoneos17.5-21F77-f0fa7969d082b13145125136a829df3a.sdkstatcache -output-file-map /Users/runner/Library/Developer/Xcode/DerivedData/BookonDebug-ehazsigvxemoqzdtqumqzfgyfpkz/Build/Intermediates.noindex/ArchiveIntermediates/BookonDebug/IntermediateBuildFilesPath/LegadoBookSource.build/Release-iphoneos/BookonDebugKit.build/Objects-normal/arm64/BookonDebugKit-OutputFileMap.json -use-frontend-parseable-output -save-temps -no-color-diagnostics -serialize-diagnostics -emit-dependencies -emit-module -emit-module-path /Users/runner/Library/Developer/Xcode/DerivedData/BookonDebug-ehazsigvxemoqzdtqumqzfgyfpkz/Build/Intermediates.noindex/ArchiveIntermediates/BookonDebug/IntermediateBuildFilesPath/LegadoBookSource.build/Release-iphoneos/BookonDebugKit.build/Objects-normal/arm64/BookonDebugKit.swiftmodule -validate-clang-modules-once -clang-build-session-file /Users/runner/Library/Developer/Xcode/DerivedData/ModuleCache.noindex/Session.modulevalidation -Xfrontend -package-name -Xfrontend bookon -Xcc -I/Users/runner/Library/Developer/Xcode/DerivedData/BookonDebug-ehazsigvxemoqzdtqumqzfgyfpkz/Build/Intermediates.noindex/ArchiveIntermediates/BookonDebug/IntermediateBuildFilesPath/LegadoBookSource.build/Release-iphoneos/BookonDebugKit.build/swift-overrides.hmap -emit-const-values -Xfrontend -const-gather-protocols-file -Xfrontend /Users/runner/Library/Developer/Xcode/DerivedData/BookonDebug-ehazsigvxemoqzdtqumqzfgyfpkz/Build/Intermediates.noindex/ArchiveIntermediates/BookonDebug/IntermediateBuildFilesPath/LegadoBookSource.build/Release-iphoneos/BookonDebugKit.build/Objects-normal/arm64/BookonDebugKit_const_extract_protocols.json -Xcc -I/Users/runner/Library/Developer/Xcode/DerivedData/BookonDebug-ehazsigvxemoqzdtqumqzfgyfpkz/Build/Intermediates.noindex/ArchiveIntermediates/BookonDebug/BuildProductsPath/Release-iphoneos/include -Xcc -I/Users/runner/Library/Developer/Xcode/DerivedData/BookonDebug-ehazsigvxemoqzdtqumqzfgyfpkz/Build/Intermediates.noindex/ArchiveIntermediates/BookonDebug/IntermediateBuildFilesPath/LegadoBookSource.build/Release-iphoneos/BookonDebugKit.build/DerivedSources-normal/arm64 -Xcc -I/Users/runner/Library/Developer/Xcode/DerivedData/BookonDebug-ehazsigvxemoqzdtqumqzfgyfpkz/Build/Intermediates.noindex/ArchiveIntermediates/BookonDebug/IntermediateBuildFilesPath/LegadoBookSource.build/Release-iphoneos/BookonDebugKit.build/DerivedSources/arm64 -Xcc -I/Users/runner/Library/Developer/Xcode/DerivedData/BookonDebug-ehazsigvxemoqzdtqumqzfgyfpkz/Build/Intermediates.noindex/ArchiveIntermediates/BookonDebug/IntermediateBuildFilesPath/LegadoBookSource.build/Release-iphoneos/BookonDebugKit.build/DerivedSources -Xcc -DSWIFT_PACKAGE -emit-objc-header -emit-objc-header-path /Users/runner/Library/Developer/Xcode/DerivedData/BookonDebug-ehazsigvxemoqzdtqumqzfgyfpkz/Build/Intermediates.noindex/ArchiveIntermediates/BookonDebug/IntermediateBuildFilesPath/LegadoBookSource.build/Release-iphoneos/BookonDebugKit.build/Objects-normal/arm64/BookonDebugKit-Swift.h -working-directory /Users/runner/work/bookon/bookon -no-emit-module-separately-wmo
2026-10-06T13:00:45.0486840Z 
2026-10-06T13:00:45.0487940Z SwiftDriver\ Compilation BookonDebugKit normal arm64 com.apple.xcode.tools.swift.compiler (in target 'BookonDebugKit' from project 'LegadoBookSource')
2026-10-06T13:00:45.0488980Z     cd /Users/runner/work/bookon/bookon
2026-10-06T13:00:45.0507690Z     builtin-Swift-Compilation -- /Applications/Xcode_15.4.app/Contents/Developer/Toolchains/XcodeDefault.xctoolchain/usr/bin/swiftc -module-name BookonDebugKit -O -whole-module-optimization -enforce-exclusivity\=checked @/Users/runner/Library/Developer/Xcode/DerivedData/BookonDebug-ehazsigvxemoqzdtqumqzfgyfpkz/Build/Intermediates.noindex/ArchiveIntermediates/BookonDebug/IntermediateBuildFilesPath/LegadoBookSource.build/Release-iphoneos/BookonDebugKit.build/Objects-normal/arm64/BookonDebugKit.SwiftFileList -DSWIFT_PACKAGE -DXcode -sdk /Applications/Xcode_15.4.app/Contents/Developer/Platforms/iPhoneOS.platform/Developer/SDKs/iPhoneOS17.5.sdk -target arm64-apple-ios17.0 -g -module-cache-path /Users/runner/Library/Developer/Xcode/DerivedData/ModuleCache.noindex -Xfrontend -serialize-debugging-options -swift-version 5 -I /Users/runner/Library/Developer/Xcode/DerivedData/BookonDebug-ehazsigvxemoqzdtqumqzfgyfpkz/Build/Intermediates.noindex/ArchiveIntermediates/BookonDebug/BuildProductsPath/Release-iphoneos -I /Applications/Xcode_15.4.app/Contents/Developer/Platforms/iPhoneOS.platform/Developer/usr/lib -F /Users/runner/Library/Developer/Xcode/DerivedData/BookonDebug-ehazsigvxemoqzdtqumqzfgyfpkz/Build/Intermediates.noindex/ArchiveIntermediates/BookonDebug/BuildProductsPath/Release-iphoneos/PackageFrameworks -F /Users/runner/Library/Developer/Xcode/DerivedData/BookonDebug-ehazsigvxemoqzdtqumqzfgyfpkz/Build/Intermediates.noindex/ArchiveIntermediates/BookonDebug/BuildProductsPath/Release-iphoneos/PackageFrameworks -F /Users/runner/Library/Developer/Xcode/DerivedData/BookonDebug-ehazsigvxemoqzdtqumqzfgyfpkz/Build/Intermediates.noindex/ArchiveIntermediates/BookonDebug/BuildProductsPath/Release-iphoneos -F /Applications/Xcode_15.4.app/Contents/Developer/Platforms/iPhoneOS.platform/Developer/Library/Frameworks -F /Applications/Xcode_15.4.app/Contents/Developer/Platforms/iPhoneOS.platform/Developer/SDKs/iPhoneOS17.5.sdk/Developer/Library/Frameworks -c -num-threads 3 -Xcc -ivfsstatcache -Xcc /Users/runner/Library/Developer/Xcode/DerivedData/SDKStatCaches.noindex/iphoneos17.5-21F77-f0fa7969d082b13145125136a829df3a.sdkstatcache -output-file-map /Users/runner/Library/Developer/Xcode/DerivedData/BookonDebug-ehazsigvxemoqzdtqumqzfgyfpkz/Build/Intermediates.noindex/ArchiveIntermediates/BookonDebug/IntermediateBuildFilesPath/LegadoBookSource.build/Release-iphoneos/BookonDebugKit.build/Objects-normal/arm64/BookonDebugKit-OutputFileMap.json -use-frontend-parseable-output -save-temps -no-color-diagnostics -serialize-diagnostics -emit-dependencies -emit-module -emit-module-path /Users/runner/Library/Developer/Xcode/DerivedData/BookonDebug-ehazsigvxemoqzdtqumqzfgyfpkz/Build/Intermediates.noindex/ArchiveIntermediates/BookonDebug/IntermediateBuildFilesPath/LegadoBookSource.build/Release-iphoneos/BookonDebugKit.build/Objects-normal/arm64/BookonDebugKit.swiftmodule -validate-clang-modules-once -clang-build-session-file /Users/runner/Library/Developer/Xcode/DerivedData/ModuleCache.noindex/Session.modulevalidation -Xfrontend -package-name -Xfrontend bookon -Xcc -I/Users/runner/Library/Developer/Xcode/DerivedData/BookonDebug-ehazsigvxemoqzdtqumqzfgyfpkz/Build/Intermediates.noindex/ArchiveIntermediates/BookonDebug/IntermediateBuildFilesPath/LegadoBookSource.build/Release-iphoneos/BookonDebugKit.build/swift-overrides.hmap -emit-const-values -Xfrontend -const-gather-protocols-file -Xfrontend /Users/runner/Library/Developer/Xcode/DerivedData/BookonDebug-ehazsigvxemoqzdtqumqzfgyfpkz/Build/Intermediates.noindex/ArchiveIntermediates/BookonDebug/IntermediateBuildFilesPath/LegadoBookSource.build/Release-iphoneos/BookonDebugKit.build/Objects-normal/arm64/BookonDebugKit_const_extract_protocols.json -Xcc -I/Users/runner/Library/Developer/Xcode/DerivedData/BookonDebug-ehazsigvxemoqzdtqumqzfgyfpkz/Build/Intermediates.noindex/ArchiveIntermediates/BookonDebug/BuildProductsPath/Release-iphoneos/include -Xcc -I/Users/runner/Library/Developer/Xcode/DerivedData/BookonDebug-ehazsigvxemoqzdtqumqzfgyfpkz/Build/Intermediates.noindex/ArchiveIntermediates/BookonDebug/IntermediateBuildFilesPath/LegadoBookSource.build/Release-iphoneos/BookonDebugKit.build/DerivedSources-normal/arm64 -Xcc -I/Users/runner/Library/Developer/Xcode/DerivedData/BookonDebug-ehazsigvxemoqzdtqumqzfgyfpkz/Build/Intermediates.noindex/ArchiveIntermediates/BookonDebug/IntermediateBuildFilesPath/LegadoBookSource.build/Release-iphoneos/BookonDebugKit.build/DerivedSources/arm64 -Xcc -I/Users/runner/Library/Developer/Xcode/DerivedData/BookonDebug-ehazsigvxemoqzdtqumqzfgyfpkz/Build/Intermediates.noindex/ArchiveIntermediates/BookonDebug/IntermediateBuildFilesPath/LegadoBookSource.build/Release-iphoneos/BookonDebugKit.build/DerivedSources -Xcc -DSWIFT_PACKAGE -emit-objc-header -emit-objc-header-path /Users/runner/Library/Developer/Xcode/DerivedData/BookonDebug-ehazsigvxemoqzdtqumqzfgyfpkz/Build/Intermediates.noindex/ArchiveIntermediates/BookonDebug/IntermediateBuildFilesPath/LegadoBookSource.build/Release-iphoneos/BookonDebugKit.build/Objects-normal/arm64/BookonDebugKit-Swift.h -working-directory /Users/runner/work/bookon/bookon -no-emit-module-separately-wmo
2026-10-06T13:00:45.0526400Z 
2026-10-06T13:00:45.0530930Z SwiftCompile normal arm64 Compiling\ AppBuildInfo.swift,\ BookSourceRepository.swift,\ DebugEnvironment.swift,\ DebugLogStore.swift,\ DebugSession.swift,\ DebugSettings.swift,\ DebugTab.swift,\ DebugTextLimit.swift,\ ImportOutcome.swift,\ SharedEnvironment.swift /Users/runner/work/bookon/bookon/Sources/BookonDebugKit/AppBuildInfo.swift /Users/runner/work/bookon/bookon/Sources/BookonDebugKit/BookSourceRepository.swift /Users/runner/work/bookon/bookon/Sources/BookonDebugKit/DebugEnvironment.swift /Users/runner/work/bookon/bookon/Sources/BookonDebugKit/DebugLogStore.swift /Users/runner/work/bookon/bookon/Sources/BookonDebugKit/DebugSession.swift /Users/runner/work/bookon/bookon/Sources/BookonDebugKit/DebugSettings.swift /Users/runner/work/bookon/bookon/Sources/BookonDebugKit/DebugTab.swift /Users/runner/work/bookon/bookon/Sources/BookonDebugKit/DebugTextLimit.swift /Users/runner/work/bookon/bookon/Sources/BookonDebugKit/ImportOutcome.swift /Users/runner/work/bookon/bookon/Sources/BookonDebugKit/SharedEnvironment.swift (in target 'BookonDebugKit' from project 'LegadoBookSource')
2026-10-06T13:00:45.0539440Z     cd /Users/runner/work/bookon/bookon
2026-10-06T13:00:45.0602090Z     builtin-swiftTaskExecution -- /Applications/Xcode_15.4.app/Contents/Developer/Toolchains/XcodeDefault.xctoolchain/usr/bin/swift-frontend -frontend -c /Users/runner/work/bookon/bookon/Sources/BookonDebugKit/AppBuildInfo.swift /Users/runner/work/bookon/bookon/Sources/BookonDebugKit/BookSourceRepository.swift /Users/runner/work/bookon/bookon/Sources/BookonDebugKit/DebugEnvironment.swift /Users/runner/work/bookon/bookon/Sources/BookonDebugKit/DebugLogStore.swift /Users/runner/work/bookon/bookon/Sources/BookonDebugKit/DebugSession.swift /Users/runner/work/bookon/bookon/Sources/BookonDebugKit/DebugSettings.swift /Users/runner/work/bookon/bookon/Sources/BookonDebugKit/DebugTab.swift /Users/runner/work/bookon/bookon/Sources/BookonDebugKit/DebugTextLimit.swift /Users/runner/work/bookon/bookon/Sources/BookonDebugKit/ImportOutcome.swift /Users/runner/work/bookon/bookon/Sources/BookonDebugKit/SharedEnvironment.swift -supplementary-output-file-map /Users/runner/Library/Developer/Xcode/DerivedData/BookonDebug-ehazsigvxemoqzdtqumqzfgyfpkz/Build/Intermediates.noindex/ArchiveIntermediates/BookonDebug/IntermediateBuildFilesPath/LegadoBookSource.build/Release-iphoneos/BookonDebugKit.build/Objects-normal/arm64/supplementaryOutputs-3 -target arm64-apple-ios17.0 -Xllvm -aarch64-use-tbi -enable-objc-interop -stack-check -sdk /Applications/Xcode_15.4.app/Contents/Developer/Platforms/iPhoneOS.platform/Developer/SDKs/iPhoneOS17.5.sdk -I /Users/runner/Library/Developer/Xcode/DerivedData/BookonDebug-ehazsigvxemoqzdtqumqzfgyfpkz/Build/Intermediates.noindex/ArchiveIntermediates/BookonDebug/BuildProductsPath/Release-iphoneos -I /Applications/Xcode_15.4.app/Contents/Developer/Platforms/iPhoneOS.platform/Developer/usr/lib -F /Users/runner/Library/Developer/Xcode/DerivedData/BookonDebug-ehazsigvxemoqzdtqumqzfgyfpkz/Build/Intermediates.noindex/ArchiveIntermediates/BookonDebug/BuildProductsPath/Release-iphoneos/PackageFrameworks -F /Users/runner/Library/Developer/Xcode/DerivedData/BookonDebug-ehazsigvxemoqzdtqumqzfgyfpkz/Build/Intermediates.noindex/ArchiveIntermediates/BookonDebug/BuildProductsPath/Release-iphoneos/PackageFrameworks -F /Users/runner/Library/Developer/Xcode/DerivedData/BookonDebug-ehazsigvxemoqzdtqumqzfgyfpkz/Build/Intermediates.noindex/ArchiveIntermediates/BookonDebug/BuildProductsPath/Release-iphoneos -F /Applications/Xcode_15.4.app/Contents/Developer/Platforms/iPhoneOS.platform/Developer/Library/Frameworks -F /Applications/Xcode_15.4.app/Contents/Developer/Platforms/iPhoneOS.platform/Developer/SDKs/iPhoneOS17.5.sdk/Developer/Library/Frameworks -no-color-diagnostics -g -module-cache-path /Users/runner/Library/Developer/Xcode/DerivedData/ModuleCache.noindex -swift-version 5 -enforce-exclusivity\=checked -O -D SWIFT_PACKAGE -D Xcode -serialize-debugging-options -package-name bookon -const-gather-protocols-file /Users/runner/Library/Developer/Xcode/DerivedData/BookonDebug-ehazsigvxemoqzdtqumqzfgyfpkz/Build/Intermediates.noindex/ArchiveIntermediates/BookonDebug/IntermediateBuildFilesPath/LegadoBookSource.build/Release-iphoneos/BookonDebugKit.build/Objects-normal/arm64/BookonDebugKit_const_extract_protocols.json -empty-abi-descriptor -validate-clang-modules-once -clang-build-session-file /Users/runner/Library/Developer/Xcode/DerivedData/ModuleCache.noindex/Session.modulevalidation -Xcc -working-directory -Xcc /Users/runner/work/bookon/bookon -resource-dir /Applications/Xcode_15.4.app/Contents/Developer/Toolchains/XcodeDefault.xctoolchain/usr/lib/swift -Xcc -ivfsstatcache -Xcc /Users/runner/Library/Developer/Xcode/DerivedData/SDKStatCaches.noindex/iphoneos17.5-21F77-f0fa7969d082b13145125136a829df3a.sdkstatcache -Xcc -I/Users/runner/Library/Developer/Xcode/DerivedData/BookonDebug-ehazsigvxemoqzdtqumqzfgyfpkz/Build/Intermediates.noindex/ArchiveIntermediates/BookonDebug/IntermediateBuildFilesPath/LegadoBookSource.build/Release-iphoneos/BookonDebugKit.build/swift-overrides.hmap -Xcc -I/Users/runner/Library/Developer/Xcode/DerivedData/BookonDebug-ehazsigvxemoqzdtqumqzfgyfpkz/Build/Intermediates.noindex/ArchiveIntermediates/BookonDebug/BuildProductsPath/Release-iphoneos/include -Xcc -I/Users/runner/Library/Developer/Xcode/DerivedData/BookonDebug-ehazsigvxemoqzdtqumqzfgyfpkz/Build/Intermediates.noindex/ArchiveIntermediates/BookonDebug/IntermediateBuildFilesPath/LegadoBookSource.build/Release-iphoneos/BookonDebugKit.build/DerivedSources-normal/arm64 -Xcc -I/Users/runner/Library/Developer/Xcode/DerivedData/BookonDebug-ehazsigvxemoqzdtqumqzfgyfpkz/Build/Intermediates.noindex/ArchiveIntermediates/BookonDebug/IntermediateBuildFilesPath/LegadoBookSource.build/Release-iphoneos/BookonDebugKit.build/DerivedSources/arm64 -Xcc -I/Users/runner/Library/Developer/Xcode/DerivedData/BookonDebug-ehazsigvxemoqzdtqumqzfgyfpkz/Build/Intermediates.noindex/ArchiveIntermediates/BookonDebug/IntermediateBuildFilesPath/LegadoBookSource.build/Release-iphoneos/BookonDebugKit.build/DerivedSources -Xcc -DSWIFT_PACKAGE -module-name BookonDebugKit -frontend-parseable-output -disable-clang-spi -target-sdk-version 17.5 -target-sdk-name iphoneos17.5 -external-plugin-path /Applications/Xcode_15.4.app/Contents/Developer/Platforms/iPhoneOS.platform/Developer/SDKs/iPhoneOS17.5.sdk/usr/lib/swift/host/plugins\#/Applications/Xcode_15.4.app/Contents/Developer/Platforms/iPhoneOS.platform/Developer/SDKs/iPhoneOS17.5.sdk/usr/bin/swift-plugin-server -external-plugin-path /Applications/Xcode_15.4.app/Contents/Developer/Platforms/iPhoneOS.platform/Developer/SDKs/iPhoneOS17.5.sdk/usr/local/lib/swift/host/plugins\#/Applications/Xcode_15.4.app/Contents/Developer/Platforms/iPhoneOS.platform/Developer/SDKs/iPhoneOS17.5.sdk/usr/bin/swift-plugin-server -external-plugin-path /Applications/Xcode_15.4.app/Contents/Developer/Platforms/iPhoneOS.platform/Developer/usr/lib/swift/host/plugins\#/Applications/Xcode_15.4.app/Contents/Developer/Platforms/iPhoneOS.platform/Developer/usr/bin/swift-plugin-server -external-plugin-path /Applications/Xcode_15.4.app/Contents/Developer/Platforms/iPhoneOS.platform/Developer/usr/local/lib/swift/host/plugins\#/Applications/Xcode_15.4.app/Contents/Developer/Platforms/iPhoneOS.platform/Developer/usr/bin/swift-plugin-server -plugin-path /Applications/Xcode_15.4.app/Contents/Developer/Toolchains/XcodeDefault.xctoolchain/usr/lib/swift/host/plugins -plugin-path /Applications/Xcode_15.4.app/Contents/Developer/Toolchains/XcodeDefault.xctoolchain/usr/local/lib/swift/host/plugins -enable-default-cmo -num-threads 3 -o /Users/runner/Library/Developer/Xcode/DerivedData/BookonDebug-ehazsigvxemoqzdtqumqzfgyfpkz/Build/Intermediates.noindex/ArchiveIntermediates/BookonDebug/IntermediateBuildFilesPath/LegadoBookSource.build/Release-iphoneos/BookonDebugKit.build/Objects-normal/arm64/AppBuildInfo.o -o /Users/runner/Library/Developer/Xcode/DerivedData/BookonDebug-ehazsigvxemoqzdtqumqzfgyfpkz/Build/Intermediates.noindex/ArchiveIntermediates/BookonDebug/IntermediateBuildFilesPath/LegadoBookSource.build/Release-iphoneos/BookonDebugKit.build/Objects-normal/arm64/BookSourceRepository.o -o /Users/runner/Library/Developer/Xcode/DerivedData/BookonDebug-ehazsigvxemoqzdtqumqzfgyfpkz/Build/Intermediates.noindex/ArchiveIntermediates/BookonDebug/IntermediateBuildFilesPath/LegadoBookSource.build/Release-iphoneos/BookonDebugKit.build/Objects-normal/arm64/DebugEnvironment.o -o /Users/runner/Library/Developer/Xcode/DerivedData/BookonDebug-ehazsigvxemoqzdtqumqzfgyfpkz/Build/Intermediates.noindex/ArchiveIntermediates/BookonDebug/IntermediateBuildFilesPath/LegadoBookSource.build/Release-iphoneos/BookonDebugKit.build/Objects-normal/arm64/DebugLogStore.o -o /Users/runner/Library/Developer/Xcode/DerivedData/BookonDebug-ehazsigvxemoqzdtqumqzfgyfpkz/Build/Intermediates.noindex/ArchiveIntermediates/BookonDebug/IntermediateBuildFilesPath/LegadoBookSource.build/Release-iphoneos/BookonDebugKit.build/Objects-normal/arm64/DebugSession.o -o /Users/runner/Library/Developer/Xcode/DerivedData/BookonDebug-ehazsigvxemoqzdtqumqzfgyfpkz/Build/Intermediates.noindex/ArchiveIntermediates/BookonDebug/IntermediateBuildFilesPath/LegadoBookSource.build/Release-iphoneos/BookonDebugKit.build/Objects-normal/arm64/DebugSettings.o -o /Users/runner/Library/Developer/Xcode/DerivedData/BookonDebug-ehazsigvxemoqzdtqumqzfgyfpkz/Build/Intermediates.noindex/ArchiveIntermediates/BookonDebug/IntermediateBuildFilesPath/LegadoBookSource.build/Release-iphoneos/BookonDebugKit.build/Objects-normal/arm64/DebugTab.o -o /Users/runner/Library/Developer/Xcode/DerivedData/BookonDebug-ehazsigvxemoqzdtqumqzfgyfpkz/Build/Intermediates.noindex/ArchiveIntermediates/BookonDebug/IntermediateBuildFilesPath/LegadoBookSource.build/Release-iphoneos/BookonDebugKit.build/Objects-normal/arm64/DebugTextLimit.o -o /Users/runner/Library/Developer/Xcode/DerivedData/BookonDebug-ehazsigvxemoqzdtqumqzfgyfpkz/Build/Intermediates.noindex/ArchiveIntermediates/BookonDebug/IntermediateBuildFilesPath/LegadoBookSource.build/Release-iphoneos/BookonDebugKit.build/Objects-normal/arm64/ImportOutcome.o -o /Users/runner/Library/Developer/Xcode/DerivedData/BookonDebug-ehazsigvxemoqzdtqumqzfgyfpkz/Build/Intermediates.noindex/ArchiveIntermediates/BookonDebug/IntermediateBuildFilesPath/LegadoBookSource.build/Release-iphoneos/BookonDebugKit.build/Objects-normal/arm64/SharedEnvironment.o -index-unit-output-path /LegadoBookSource.build/Release-iphoneos/BookonDebugKit.build/Objects-normal/arm64/AppBuildInfo.o -index-unit-output-path /LegadoBookSource.build/Release-iphoneos/BookonDebugKit.build/Objects-normal/arm64/BookSourceRepository.o -index-unit-output-path /LegadoBookSource.build/Release-iphoneos/BookonDebugKit.build/Objects-normal/arm64/DebugEnvironment.o -index-unit-output-path /LegadoBookSource.build/Release-iphoneos/BookonDebugKit.build/Objects-normal/arm64/DebugLogStore.o -index-unit-output-path /LegadoBookSource.build/Release-iphoneos/BookonDebugKit.build/Objects-normal/arm64/DebugSession.o -index-unit-output-path /LegadoBookSource.build/Release-iphoneos/BookonDebugKit.build/Objects-normal/arm64/DebugSettings.o -index-unit-output-path /LegadoBookSource.build/Release-iphoneos/BookonDebugKit.build/Objects-normal/arm64/DebugTab.o -index-unit-output-path /LegadoBookSource.build/Release-iphoneos/BookonDebugKit.build/Objects-normal/arm64/DebugTextLimit.o -index-unit-output-path /LegadoBookSource.build/Release-iphoneos/BookonDebugKit.build/Objects-normal/arm64/ImportOutcome.o -index-unit-output-path /LegadoBookSource.build/Release-iphoneos/BookonDebugKit.build/Objects-normal/arm64/SharedEnvironment.o
2026-10-06T13:00:45.0880710Z CompileSwift normal arm64 (in target 'BookonDebugKit' from project 'LegadoBookSource')
2026-10-06T13:00:45.0881700Z     cd /Users/runner/work/bookon/bookon
2026-10-06T13:00:45.0961640Z     /Applications/Xcode_15.4.app/Contents/Developer/Toolchains/XcodeDefault.xctoolchain/usr/bin/swift-frontend -c /Users/runner/work/bookon/bookon/Sources/BookonDebugKit/AppBuildInfo.swift /Users/runner/work/bookon/bookon/Sources/BookonDebugKit/BookSourceRepository.swift /Users/runner/work/bookon/bookon/Sources/BookonDebugKit/DebugEnvironment.swift /Users/runner/work/bookon/bookon/Sources/BookonDebugKit/DebugLogStore.swift /Users/runner/work/bookon/bookon/Sources/BookonDebugKit/DebugSession.swift /Users/runner/work/bookon/bookon/Sources/BookonDebugKit/DebugSettings.swift /Users/runner/work/bookon/bookon/Sources/BookonDebugKit/DebugTab.swift /Users/runner/work/bookon/bookon/Sources/BookonDebugKit/DebugTextLimit.swift /Users/runner/work/bookon/bookon/Sources/BookonDebugKit/ImportOutcome.swift /Users/runner/work/bookon/bookon/Sources/BookonDebugKit/SharedEnvironment.swift -supplementary-output-file-map /Users/runner/Library/Developer/Xcode/DerivedData/BookonDebug-ehazsigvxemoqzdtqumqzfgyfpkz/Build/Intermediates.noindex/ArchiveIntermediates/BookonDebug/IntermediateBuildFilesPath/LegadoBookSource.build/Release-iphoneos/BookonDebugKit.build/Objects-normal/arm64/supplementaryOutputs-3 -target arm64-apple-ios17.0 -Xllvm -aarch64-use-tbi -enable-objc-interop -stack-check -sdk /Applications/Xcode_15.4.app/Contents/Developer/Platforms/iPhoneOS.platform/Developer/SDKs/iPhoneOS17.5.sdk -I /Users/runner/Library/Developer/Xcode/DerivedData/BookonDebug-ehazsigvxemoqzdtqumqzfgyfpkz/Build/Intermediates.noindex/ArchiveIntermediates/BookonDebug/BuildProductsPath/Release-iphoneos -I /Applications/Xcode_15.4.app/Contents/Developer/Platforms/iPhoneOS.platform/Developer/usr/lib -F /Users/runner/Library/Developer/Xcode/DerivedData/BookonDebug-ehazsigvxemoqzdtqumqzfgyfpkz/Build/Intermediates.noindex/ArchiveIntermediates/BookonDebug/BuildProductsPath/Release-iphoneos/PackageFrameworks -F /Users/runner/Library/Developer/Xcode/DerivedData/BookonDebug-ehazsigvxemoqzdtqumqzfgyfpkz/Build/Intermediates.noindex/ArchiveIntermediates/BookonDebug/BuildProductsPath/Release-iphoneos/PackageFrameworks -F /Users/runner/Library/Developer/Xcode/DerivedData/BookonDebug-ehazsigvxemoqzdtqumqzfgyfpkz/Build/Intermediates.noindex/ArchiveIntermediates/BookonDebug/BuildProductsPath/Release-iphoneos -F /Applications/Xcode_15.4.app/Contents/Developer/Platforms/iPhoneOS.platform/Developer/Library/Frameworks -F /Applications/Xcode_15.4.app/Contents/Developer/Platforms/iPhoneOS.platform/Developer/SDKs/iPhoneOS17.5.sdk/Developer/Library/Frameworks -no-color-diagnostics -g -module-cache-path /Users/runner/Library/Developer/Xcode/DerivedData/ModuleCache.noindex -swift-version 5 -enforce-exclusivity\=checked -O -D SWIFT_PACKAGE -D Xcode -serialize-debugging-options -package-name bookon -const-gather-protocols-file /Users/runner/Library/Developer/Xcode/DerivedData/BookonDebug-ehazsigvxemoqzdtqumqzfgyfpkz/Build/Intermediates.noindex/ArchiveIntermediates/BookonDebug/IntermediateBuildFilesPath/LegadoBookSource.build/Release-iphoneos/BookonDebugKit.build/Objects-normal/arm64/BookonDebugKit_const_extract_protocols.json -empty-abi-descriptor -validate-clang-modules-once -clang-build-session-file /Users/runner/Library/Developer/Xcode/DerivedData/ModuleCache.noindex/Session.modulevalidation -Xcc -working-directory -Xcc /Users/runner/work/bookon/bookon -resource-dir /Applications/Xcode_15.4.app/Contents/Developer/Toolchains/XcodeDefault.xctoolchain/usr/lib/swift -Xcc -ivfsstatcache -Xcc /Users/runner/Library/Developer/Xcode/DerivedData/SDKStatCaches.noindex/iphoneos17.5-21F77-f0fa7969d082b13145125136a829df3a.sdkstatcache -Xcc -I/Users/runner/Library/Developer/Xcode/DerivedData/BookonDebug-ehazsigvxemoqzdtqumqzfgyfpkz/Build/Intermediates.noindex/ArchiveIntermediates/BookonDebug/IntermediateBuildFilesPath/LegadoBookSource.build/Release-iphoneos/BookonDebugKit.build/swift-overrides.hmap -Xcc -I/Users/runner/Library/Developer/Xcode/DerivedData/BookonDebug-ehazsigvxemoqzdtqumqzfgyfpkz/Build/Intermediates.noindex/ArchiveIntermediates/BookonDebug/BuildProductsPath/Release-iphoneos/include -Xcc -I/Users/runner/Library/Developer/Xcode/DerivedData/BookonDebug-ehazsigvxemoqzdtqumqzfgyfpkz/Build/Intermediates.noindex/ArchiveIntermediates/BookonDebug/IntermediateBuildFilesPath/LegadoBookSource.build/Release-iphoneos/BookonDebugKit.build/DerivedSources-normal/arm64 -Xcc -I/Users/runner/Library/Developer/Xcode/DerivedData/BookonDebug-ehazsigvxemoqzdtqumqzfgyfpkz/Build/Intermediates.noindex/ArchiveIntermediates/BookonDebug/IntermediateBuildFilesPath/LegadoBookSource.build/Release-iphoneos/BookonDebugKit.build/DerivedSources/arm64 -Xcc -I/Users/runner/Library/Developer/Xcode/DerivedData/BookonDebug-ehazsigvxemoqzdtqumqzfgyfpkz/Build/Intermediates.noindex/ArchiveIntermediates/BookonDebug/IntermediateBuildFilesPath/LegadoBookSource.build/Release-iphoneos/BookonDebugKit.build/DerivedSources -Xcc -DSWIFT_PACKAGE -module-name BookonDebugKit -frontend-parseable-output -disable-clang-spi -target-sdk-version 17.5 -target-sdk-name iphoneos17.5 -external-plugin-path /Applications/Xcode_15.4.app/Contents/Developer/Platforms/iPhoneOS.platform/Developer/SDKs/iPhoneOS17.5.sdk/usr/lib/swift/host/plugins\#/Applications/Xcode_15.4.app/Contents/Developer/Platforms/iPhoneOS.platform/Developer/SDKs/iPhoneOS17.5.sdk/usr/bin/swift-plugin-server -external-plugin-path /Applications/Xcode_15.4.app/Contents/Developer/Platforms/iPhoneOS.platform/Developer/SDKs/iPhoneOS17.5.sdk/usr/local/lib/swift/host/plugins\#/Applications/Xcode_15.4.app/Contents/Developer/Platforms/iPhoneOS.platform/Developer/SDKs/iPhoneOS17.5.sdk/usr/bin/swift-plugin-server -external-plugin-path /Applications/Xcode_15.4.app/Contents/Developer/Platforms/iPhoneOS.platform/Developer/usr/lib/swift/host/plugins\#/Applications/Xcode_15.4.app/Contents/Developer/Platforms/iPhoneOS.platform/Developer/usr/bin/swift-plugin-server -external-plugin-path /Applications/Xcode_15.4.app/Contents/Developer/Platforms/iPhoneOS.platform/Developer/usr/local/lib/swift/host/plugins\#/Applications/Xcode_15.4.app/Contents/Developer/Platforms/iPhoneOS.platform/Developer/usr/bin/swift-plugin-server -plugin-path /Applications/Xcode_15.4.app/Contents/Developer/Toolchains/XcodeDefault.xctoolchain/usr/lib/swift/host/plugins -plugin-path /Applications/Xcode_15.4.app/Contents/Developer/Toolchains/XcodeDefault.xctoolchain/usr/local/lib/swift/host/plugins -enable-default-cmo -num-threads 3 -o /Users/runner/Library/Developer/Xcode/DerivedData/BookonDebug-ehazsigvxemoqzdtqumqzfgyfpkz/Build/Intermediates.noindex/ArchiveIntermediates/BookonDebug/IntermediateBuildFilesPath/LegadoBookSource.build/Release-iphoneos/BookonDebugKit.build/Objects-normal/arm64/AppBuildInfo.o -o /Users/runner/Library/Developer/Xcode/DerivedData/BookonDebug-ehazsigvxemoqzdtqumqzfgyfpkz/Build/Intermediates.noindex/ArchiveIntermediates/BookonDebug/IntermediateBuildFilesPath/LegadoBookSource.build/Release-iphoneos/BookonDebugKit.build/Objects-normal/arm64/BookSourceRepository.o -o /Users/runner/Library/Developer/Xcode/DerivedData/BookonDebug-ehazsigvxemoqzdtqumqzfgyfpkz/Build/Intermediates.noindex/ArchiveIntermediates/BookonDebug/IntermediateBuildFilesPath/LegadoBookSource.build/Release-iphoneos/BookonDebugKit.build/Objects-normal/arm64/DebugEnvironment.o -o /Users/runner/Library/Developer/Xcode/DerivedData/BookonDebug-ehazsigvxemoqzdtqumqzfgyfpkz/Build/Intermediates.noindex/ArchiveIntermediates/BookonDebug/IntermediateBuildFilesPath/LegadoBookSource.build/Release-iphoneos/BookonDebugKit.build/Objects-normal/arm64/DebugLogStore.o -o /Users/runner/Library/Developer/Xcode/DerivedData/BookonDebug-ehazsigvxemoqzdtqumqzfgyfpkz/Build/Intermediates.noindex/ArchiveIntermediates/BookonDebug/IntermediateBuildFilesPath/LegadoBookSource.build/Release-iphoneos/BookonDebugKit.build/Objects-normal/arm64/DebugSession.o -o /Users/runner/Library/Developer/Xcode/DerivedData/BookonDebug-ehazsigvxemoqzdtqumqzfgyfpkz/Build/Intermediates.noindex/ArchiveIntermediates/BookonDebug/IntermediateBuildFilesPath/LegadoBookSource.build/Release-iphoneos/BookonDebugKit.build/Objects-normal/arm64/DebugSettings.o -o /Users/runner/Library/Developer/Xcode/DerivedData/BookonDebug-ehazsigvxemoqzdtqumqzfgyfpkz/Build/Intermediates.noindex/ArchiveIntermediates/BookonDebug/IntermediateBuildFilesPath/LegadoBookSource.build/Release-iphoneos/BookonDebugKit.build/Objects-normal/arm64/DebugTab.o -o /Users/runner/Library/Developer/Xcode/DerivedData/BookonDebug-ehazsigvxemoqzdtqumqzfgyfpkz/Build/Intermediates.noindex/ArchiveIntermediates/BookonDebug/IntermediateBuildFilesPath/LegadoBookSource.build/Release-iphoneos/BookonDebugKit.build/Objects-normal/arm64/DebugTextLimit.o -o /Users/runner/Library/Developer/Xcode/DerivedData/BookonDebug-ehazsigvxemoqzdtqumqzfgyfpkz/Build/Intermediates.noindex/ArchiveIntermediates/BookonDebug/IntermediateBuildFilesPath/LegadoBookSource.build/Release-iphoneos/BookonDebugKit.build/Objects-normal/arm64/ImportOutcome.o -o /Users/runner/Library/Developer/Xcode/DerivedData/BookonDebug-ehazsigvxemoqzdtqumqzfgyfpkz/Build/Intermediates.noindex/ArchiveIntermediates/BookonDebug/IntermediateBuildFilesPath/LegadoBookSource.build/Release-iphoneos/BookonDebugKit.build/Objects-normal/arm64/SharedEnvironment.o -index-unit-output-path /LegadoBookSource.build/Release-iphoneos/BookonDebugKit.build/Objects-normal/arm64/AppBuildInfo.o -index-unit-output-path /LegadoBookSource.build/Release-iphoneos/BookonDebugKit.build/Objects-normal/arm64/BookSourceRepository.o -index-unit-output-path /LegadoBookSource.build/Release-iphoneos/BookonDebugKit.build/Objects-normal/arm64/DebugEnvironment.o -index-unit-output-path /LegadoBookSource.build/Release-iphoneos/BookonDebugKit.build/Objects-normal/arm64/DebugLogStore.o -index-unit-output-path /LegadoBookSource.build/Release-iphoneos/BookonDebugKit.build/Objects-normal/arm64/DebugSession.o -index-unit-output-path /LegadoBookSource.build/Release-iphoneos/BookonDebugKit.build/Objects-normal/arm64/DebugSettings.o -index-unit-output-path /LegadoBookSource.build/Release-iphoneos/BookonDebugKit.build/Objects-normal/arm64/DebugTab.o -index-unit-output-path /LegadoBookSource.build/Release-iphoneos/BookonDebugKit.build/Objects-normal/arm64/DebugTextLimit.o -index-unit-output-path /LegadoBookSource.build/Release-iphoneos/BookonDebugKit.build/Objects-normal/arm64/ImportOutcome.o -index-unit-output-path /LegadoBookSource.build/Release-iphoneos/BookonDebugKit.build/Objects-normal/arm64/SharedEnvironment.o
2026-10-06T13:00:50.6292800Z 
2026-10-06T13:00:50.6477500Z SetOwnerAndGroup runner:staff /Users/runner/Library/Developer/Xcode/DerivedData/BookonDebug-ehazsigvxemoqzdtqumqzfgyfpkz/Build/Intermediates.noindex/ArchiveIntermediates/BookonDebug/IntermediateBuildFilesPath/UninstalledProducts/iphoneos/LegadoBookSource.o (in target 'LegadoBookSource' from project 'LegadoBookSource')
2026-10-06T13:00:50.6495910Z     cd /Users/runner/work/bookon/bookon
2026-10-06T13:00:50.6499520Z     /usr/sbin/chown -RH runner:staff /Users/runner/Library/Developer/Xcode/DerivedData/BookonDebug-ehazsigvxemoqzdtqumqzfgyfpkz/Build/Intermediates.noindex/ArchiveIntermediates/BookonDebug/IntermediateBuildFilesPath/UninstalledProducts/iphoneos/LegadoBookSource.o
2026-10-06T13:00:50.6502390Z 
2026-10-06T13:00:50.6504290Z SetMode u+w,go-w,a+rX /Users/runner/Library/Developer/Xcode/DerivedData/BookonDebug-ehazsigvxemoqzdtqumqzfgyfpkz/Build/Intermediates.noindex/ArchiveIntermediates/BookonDebug/IntermediateBuildFilesPath/UninstalledProducts/iphoneos/LegadoBookSource.o (in target 'LegadoBookSource' from project 'LegadoBookSource')
2026-10-06T13:00:50.6505840Z     cd /Users/runner/work/bookon/bookon
2026-10-06T13:00:50.6507040Z     /bin/chmod -RH u+w,go-w,a+rX /Users/runner/Library/Developer/Xcode/DerivedData/BookonDebug-ehazsigvxemoqzdtqumqzfgyfpkz/Build/Intermediates.noindex/ArchiveIntermediates/BookonDebug/IntermediateBuildFilesPath/UninstalledProducts/iphoneos/LegadoBookSource.o
2026-10-06T13:00:50.6508010Z 
2026-10-06T13:00:50.6509110Z RegisterExecutionPolicyException /Users/runner/Library/Developer/Xcode/DerivedData/BookonDebug-ehazsigvxemoqzdtqumqzfgyfpkz/Build/Intermediates.noindex/ArchiveIntermediates/BookonDebug/IntermediateBuildFilesPath/UninstalledProducts/iphoneos/LegadoBookSource.o (in target 'LegadoBookSource' from project 'LegadoBookSource')
2026-10-06T13:00:50.6510390Z     cd /Users/runner/work/bookon/bookon
2026-10-06T13:00:50.6511410Z     builtin-RegisterExecutionPolicyException /Users/runner/Library/Developer/Xcode/DerivedData/BookonDebug-ehazsigvxemoqzdtqumqzfgyfpkz/Build/Intermediates.noindex/ArchiveIntermediates/BookonDebug/IntermediateBuildFilesPath/UninstalledProducts/iphoneos/LegadoBookSource.o
2026-10-06T13:00:50.6513110Z 
2026-10-06T13:00:50.6514330Z WriteAuxiliaryFile /Users/runner/Library/Developer/Xcode/DerivedData/BookonDebug-ehazsigvxemoqzdtqumqzfgyfpkz/Build/Intermediates.noindex/ArchiveIntermediates/BookonDebug/IntermediateBuildFilesPath/LegadoBookSource.build/Release-iphoneos/BookonDebugKit.build/Objects-normal/arm64/BookonDebugKit.LinkFileList (in target 'BookonDebugKit' from project 'LegadoBookSource')
2026-10-06T13:00:50.6515760Z     cd /Users/runner/work/bookon/bookon
2026-10-06T13:00:50.6520260Z     write-file /Users/runner/Library/Developer/Xcode/DerivedData/BookonDebug-ehazsigvxemoqzdtqumqzfgyfpkz/Build/Intermediates.noindex/ArchiveIntermediates/BookonDebug/IntermediateBuildFilesPath/LegadoBookSource.build/Release-iphoneos/BookonDebugKit.build/Objects-normal/arm64/BookonDebugKit.LinkFileList
2026-10-06T13:00:50.6521330Z 
2026-10-06T13:00:50.6522640Z SwiftDriverJobDiscovery normal arm64 Compiling AppBuildInfo.swift, BookSourceRepository.swift, DebugEnvironment.swift, DebugLogStore.swift, DebugSession.swift, DebugSettings.swift, DebugTab.swift, DebugTextLimit.swift, ImportOutcome.swift, SharedEnvironment.swift (in target 'BookonDebugKit' from project 'LegadoBookSource')
2026-10-06T13:00:50.6523780Z 
2026-10-06T13:00:50.6524270Z SwiftDriver\ Compilation\ Requirements BookonDebugKit normal arm64 com.apple.xcode.tools.swift.compiler (in target 'BookonDebugKit' from project 'LegadoBookSource')
2026-10-06T13:00:50.6525060Z     cd /Users/runner/work/bookon/bookon
2026-10-06T13:00:50.6541810Z     builtin-Swift-Compilation-Requirements -- /Applications/Xcode_15.4.app/Contents/Developer/Toolchains/XcodeDefault.xctoolchain/usr/bin/swiftc -module-name BookonDebugKit -O -whole-module-optimization -enforce-exclusivity\=checked @/Users/runner/Library/Developer/Xcode/DerivedData/BookonDebug-ehazsigvxemoqzdtqumqzfgyfpkz/Build/Intermediates.noindex/ArchiveIntermediates/BookonDebug/IntermediateBuildFilesPath/LegadoBookSource.build/Release-iphoneos/BookonDebugKit.build/Objects-normal/arm64/BookonDebugKit.SwiftFileList -DSWIFT_PACKAGE -DXcode -sdk /Applications/Xcode_15.4.app/Contents/Developer/Platforms/iPhoneOS.platform/Developer/SDKs/iPhoneOS17.5.sdk -target arm64-apple-ios17.0 -g -module-cache-path /Users/runner/Library/Developer/Xcode/DerivedData/ModuleCache.noindex -Xfrontend -serialize-debugging-options -swift-version 5 -I /Users/runner/Library/Developer/Xcode/DerivedData/BookonDebug-ehazsigvxemoqzdtqumqzfgyfpkz/Build/Intermediates.noindex/ArchiveIntermediates/BookonDebug/BuildProductsPath/Release-iphoneos -I /Applications/Xcode_15.4.app/Contents/Developer/Platforms/iPhoneOS.platform/Developer/usr/lib -F /Users/runner/Library/Developer/Xcode/DerivedData/BookonDebug-ehazsigvxemoqzdtqumqzfgyfpkz/Build/Intermediates.noindex/ArchiveIntermediates/BookonDebug/BuildProductsPath/Release-iphoneos/PackageFrameworks -F /Users/runner/Library/Developer/Xcode/DerivedData/BookonDebug-ehazsigvxemoqzdtqumqzfgyfpkz/Build/Intermediates.noindex/ArchiveIntermediates/BookonDebug/BuildProductsPath/Release-iphoneos/PackageFrameworks -F /Users/runner/Library/Developer/Xcode/DerivedData/BookonDebug-ehazsigvxemoqzdtqumqzfgyfpkz/Build/Intermediates.noindex/ArchiveIntermediates/BookonDebug/BuildProductsPath/Release-iphoneos -F /Applications/Xcode_15.4.app/Contents/Developer/Platforms/iPhoneOS.platform/Developer/Library/Frameworks -F /Applications/Xcode_15.4.app/Contents/Developer/Platforms/iPhoneOS.platform/Developer/SDKs/iPhoneOS17.5.sdk/Developer/Library/Frameworks -c -num-threads 3 -Xcc -ivfsstatcache -Xcc /Users/runner/Library/Developer/Xcode/DerivedData/SDKStatCaches.noindex/iphoneos17.5-21F77-f0fa7969d082b13145125136a829df3a.sdkstatcache -output-file-map /Users/runner/Library/Developer/Xcode/DerivedData/BookonDebug-ehazsigvxemoqzdtqumqzfgyfpkz/Build/Intermediates.noindex/ArchiveIntermediates/BookonDebug/IntermediateBuildFilesPath/LegadoBookSource.build/Release-iphoneos/BookonDebugKit.build/Objects-normal/arm64/BookonDebugKit-OutputFileMap.json -use-frontend-parseable-output -save-temps -no-color-diagnostics -serialize-diagnostics -emit-dependencies -emit-module -emit-module-path /Users/runner/Library/Developer/Xcode/DerivedData/BookonDebug-ehazsigvxemoqzdtqumqzfgyfpkz/Build/Intermediates.noindex/ArchiveIntermediates/BookonDebug/IntermediateBuildFilesPath/LegadoBookSource.build/Release-iphoneos/BookonDebugKit.build/Objects-normal/arm64/BookonDebugKit.swiftmodule -validate-clang-modules-once -clang-build-session-file /Users/runner/Library/Developer/Xcode/DerivedData/ModuleCache.noindex/Session.modulevalidation -Xfrontend -package-name -Xfrontend bookon -Xcc -I/Users/runner/Library/Developer/Xcode/DerivedData/BookonDebug-ehazsigvxemoqzdtqumqzfgyfpkz/Build/Intermediates.noindex/ArchiveIntermediates/BookonDebug/IntermediateBuildFilesPath/LegadoBookSource.build/Release-iphoneos/BookonDebugKit.build/swift-overrides.hmap -emit-const-values -Xfrontend -const-gather-protocols-file -Xfrontend /Users/runner/Library/Developer/Xcode/DerivedData/BookonDebug-ehazsigvxemoqzdtqumqzfgyfpkz/Build/Intermediates.noindex/ArchiveIntermediates/BookonDebug/IntermediateBuildFilesPath/LegadoBookSource.build/Release-iphoneos/BookonDebugKit.build/Objects-normal/arm64/BookonDebugKit_const_extract_protocols.json -Xcc -I/Users/runner/Library/Developer/Xcode/DerivedData/BookonDebug-ehazsigvxemoqzdtqumqzfgyfpkz/Build/Intermediates.noindex/ArchiveIntermediates/BookonDebug/BuildProductsPath/Release-iphoneos/include -Xcc -I/Users/runner/Library/Developer/Xcode/DerivedData/BookonDebug-ehazsigvxemoqzdtqumqzfgyfpkz/Build/Intermediates.noindex/ArchiveIntermediates/BookonDebug/IntermediateBuildFilesPath/LegadoBookSource.build/Release-iphoneos/BookonDebugKit.build/DerivedSources-normal/arm64 -Xcc -I/Users/runner/Library/Developer/Xcode/DerivedData/BookonDebug-ehazsigvxemoqzdtqumqzfgyfpkz/Build/Intermediates.noindex/ArchiveIntermediates/BookonDebug/IntermediateBuildFilesPath/LegadoBookSource.build/Release-iphoneos/BookonDebugKit.build/DerivedSources/arm64 -Xcc -I/Users/runner/Library/Developer/Xcode/DerivedData/BookonDebug-ehazsigvxemoqzdtqumqzfgyfpkz/Build/Intermediates.noindex/ArchiveIntermediates/BookonDebug/IntermediateBuildFilesPath/LegadoBookSource.build/Release-iphoneos/BookonDebugKit.build/DerivedSources -Xcc -DSWIFT_PACKAGE -emit-objc-header -emit-objc-header-path /Users/runner/Library/Developer/Xcode/DerivedData/BookonDebug-ehazsigvxemoqzdtqumqzfgyfpkz/Build/Intermediates.noindex/ArchiveIntermediates/BookonDebug/IntermediateBuildFilesPath/LegadoBookSource.build/Release-iphoneos/BookonDebugKit.build/Objects-normal/arm64/BookonDebugKit-Swift.h -working-directory /Users/runner/work/bookon/bookon -no-emit-module-separately-wmo
2026-10-06T13:00:50.6566530Z 
2026-10-06T13:00:50.6568510Z SwiftMergeGeneratedHeaders /Users/runner/Library/Developer/Xcode/DerivedData/BookonDebug-ehazsigvxemoqzdtqumqzfgyfpkz/Build/Intermediates.noindex/ArchiveIntermediates/BookonDebug/IntermediateBuildFilesPath/GeneratedModuleMaps-iphoneos/BookonDebugKit-Swift.h /Users/runner/Library/Developer/Xcode/DerivedData/BookonDebug-ehazsigvxemoqzdtqumqzfgyfpkz/Build/Intermediates.noindex/ArchiveIntermediates/BookonDebug/IntermediateBuildFilesPath/LegadoBookSource.build/Release-iphoneos/BookonDebugKit.build/Objects-normal/arm64/BookonDebugKit-Swift.h (in target 'BookonDebugKit' from project 'LegadoBookSource')
2026-10-06T13:00:50.6570660Z     cd /Users/runner/work/bookon/bookon
2026-10-06T13:00:50.6572800Z     builtin-swiftHeaderTool -arch arm64 /Users/runner/Library/Developer/Xcode/DerivedData/BookonDebug-ehazsigvxemoqzdtqumqzfgyfpkz/Build/Intermediates.noindex/ArchiveIntermediates/BookonDebug/IntermediateBuildFilesPath/LegadoBookSource.build/Release-iphoneos/BookonDebugKit.build/Objects-normal/arm64/BookonDebugKit-Swift.h -o /Users/runner/Library/Developer/Xcode/DerivedData/BookonDebug-ehazsigvxemoqzdtqumqzfgyfpkz/Build/Intermediates.noindex/ArchiveIntermediates/BookonDebug/IntermediateBuildFilesPath/GeneratedModuleMaps-iphoneos/BookonDebugKit-Swift.h
2026-10-06T13:00:50.6574750Z 
2026-10-06T13:00:50.6592860Z Copy /Users/runner/Library/Developer/Xcode/DerivedData/BookonDebug-ehazsigvxemoqzdtqumqzfgyfpkz/Build/Intermediates.noindex/ArchiveIntermediates/BookonDebug/BuildProductsPath/Release-iphoneos/BookonDebugKit.swiftmodule/arm64-apple-ios.swiftdoc /Users/runner/Library/Developer/Xcode/DerivedData/BookonDebug-ehazsigvxemoqzdtqumqzfgyfpkz/Build/Intermediates.noindex/ArchiveIntermediates/BookonDebug/IntermediateBuildFilesPath/LegadoBookSource.build/Release-iphoneos/BookonDebugKit.build/Objects-normal/arm64/BookonDebugKit.swiftdoc (in target 'BookonDebugKit' from project 'LegadoBookSource')
2026-10-06T13:00:50.6596570Z     cd /Users/runner/work/bookon/bookon
2026-10-06T13:00:50.6601720Z     builtin-copy -exclude .DS_Store -exclude CVS -exclude .svn -exclude .git -exclude .hg -strip-unsigned-binaries -strip-deterministic -strip-tool /Applications/Xcode_15.4.app/Contents/Developer/Toolchains/XcodeDefault.xctoolchain/usr/bin/strip -resolve-src-symlinks -rename /Users/runner/Library/Developer/Xcode/DerivedData/BookonDebug-ehazsigvxemoqzdtqumqzfgyfpkz/Build/Intermediates.noindex/ArchiveIntermediates/BookonDebug/IntermediateBuildFilesPath/LegadoBookSource.build/Release-iphoneos/BookonDebugKit.build/Objects-normal/arm64/BookonDebugKit.swiftdoc /Users/runner/Library/Developer/Xcode/DerivedData/BookonDebug-ehazsigvxemoqzdtqumqzfgyfpkz/Build/Intermediates.noindex/ArchiveIntermediates/BookonDebug/BuildProductsPath/Release-iphoneos/BookonDebugKit.swiftmodule/arm64-apple-ios.swiftdoc
2026-10-06T13:00:50.6604550Z 
2026-10-06T13:00:50.6606840Z Copy /Users/runner/Library/Developer/Xcode/DerivedData/BookonDebug-ehazsigvxemoqzdtqumqzfgyfpkz/Build/Intermediates.noindex/ArchiveIntermediates/BookonDebug/BuildProductsPath/Release-iphoneos/BookonDebugKit.swiftmodule/arm64-apple-ios.swiftmodule /Users/runner/Library/Developer/Xcode/DerivedData/BookonDebug-ehazsigvxemoqzdtqumqzfgyfpkz/Build/Intermediates.noindex/ArchiveIntermediates/BookonDebug/IntermediateBuildFilesPath/LegadoBookSource.build/Release-iphoneos/BookonDebugKit.build/Objects-normal/arm64/BookonDebugKit.swiftmodule (in target 'BookonDebugKit' from project 'LegadoBookSource')
2026-10-06T13:00:50.6609050Z     cd /Users/runner/work/bookon/bookon
2026-10-06T13:00:50.6611790Z     builtin-copy -exclude .DS_Store -exclude CVS -exclude .svn -exclude .git -exclude .hg -strip-unsigned-binaries -strip-deterministic -strip-tool /Applications/Xcode_15.4.app/Contents/Developer/Toolchains/XcodeDefault.xctoolchain/usr/bin/strip -resolve-src-symlinks -rename /Users/runner/Library/Developer/Xcode/DerivedData/BookonDebug-ehazsigvxemoqzdtqumqzfgyfpkz/Build/Intermediates.noindex/ArchiveIntermediates/BookonDebug/IntermediateBuildFilesPath/LegadoBookSource.build/Release-iphoneos/BookonDebugKit.build/Objects-normal/arm64/BookonDebugKit.swiftmodule /Users/runner/Library/Developer/Xcode/DerivedData/BookonDebug-ehazsigvxemoqzdtqumqzfgyfpkz/Build/Intermediates.noindex/ArchiveIntermediates/BookonDebug/BuildProductsPath/Release-iphoneos/BookonDebugKit.swiftmodule/arm64-apple-ios.swiftmodule
2026-10-06T13:00:50.6616270Z 
2026-10-06T13:00:50.6618120Z Copy /Users/runner/Library/Developer/Xcode/DerivedData/BookonDebug-ehazsigvxemoqzdtqumqzfgyfpkz/Build/Intermediates.noindex/ArchiveIntermediates/BookonDebug/BuildProductsPath/Release-iphoneos/BookonDebugKit.swiftmodule/arm64-apple-ios.abi.json /Users/runner/Library/Developer/Xcode/DerivedData/BookonDebug-ehazsigvxemoqzdtqumqzfgyfpkz/Build/Intermediates.noindex/ArchiveIntermediates/BookonDebug/IntermediateBuildFilesPath/LegadoBookSource.build/Release-iphoneos/BookonDebugKit.build/Objects-normal/arm64/BookonDebugKit.abi.json (in target 'BookonDebugKit' from project 'LegadoBookSource')
2026-10-06T13:00:50.6620280Z     cd /Users/runner/work/bookon/bookon
2026-10-06T13:00:50.6623010Z     builtin-copy -exclude .DS_Store -exclude CVS -exclude .svn -exclude .git -exclude .hg -strip-unsigned-binaries -strip-deterministic -strip-tool /Applications/Xcode_15.4.app/Contents/Developer/Toolchains/XcodeDefault.xctoolchain/usr/bin/strip -resolve-src-symlinks -rename /Users/runner/Library/Developer/Xcode/DerivedData/BookonDebug-ehazsigvxemoqzdtqumqzfgyfpkz/Build/Intermediates.noindex/ArchiveIntermediates/BookonDebug/IntermediateBuildFilesPath/LegadoBookSource.build/Release-iphoneos/BookonDebugKit.build/Objects-normal/arm64/BookonDebugKit.abi.json /Users/runner/Library/Developer/Xcode/DerivedData/BookonDebug-ehazsigvxemoqzdtqumqzfgyfpkz/Build/Intermediates.noindex/ArchiveIntermediates/BookonDebug/BuildProductsPath/Release-iphoneos/BookonDebugKit.swiftmodule/arm64-apple-ios.abi.json
2026-10-06T13:00:50.6625840Z 
2026-10-06T13:00:50.6627220Z Ld /Users/runner/Library/Developer/Xcode/DerivedData/BookonDebug-ehazsigvxemoqzdtqumqzfgyfpkz/Build/Intermediates.noindex/ArchiveIntermediates/BookonDebug/IntermediateBuildFilesPath/UninstalledProducts/iphoneos/BookonDebugKit.o normal (in target 'BookonDebugKit' from project 'LegadoBookSource')
2026-10-06T13:00:50.6628350Z     cd /Users/runner/work/bookon/bookon
2026-10-06T13:00:50.6640530Z     /Applications/Xcode_15.4.app/Contents/Developer/Toolchains/XcodeDefault.xctoolchain/usr/bin/clang -Xlinker -reproducible -target arm64-apple-ios17.0 -r -isysroot /Applications/Xcode_15.4.app/Contents/Developer/Platforms/iPhoneOS.platform/Developer/SDKs/iPhoneOS17.5.sdk -Os -L/Users/runner/Library/Developer/Xcode/DerivedData/BookonDebug-ehazsigvxemoqzdtqumqzfgyfpkz/Build/Intermediates.noindex/ArchiveIntermediates/BookonDebug/IntermediateBuildFilesPath/EagerLinkingTBDs/Release-iphoneos -L/Users/runner/Library/Developer/Xcode/DerivedData/BookonDebug-ehazsigvxemoqzdtqumqzfgyfpkz/Build/Intermediates.noindex/ArchiveIntermediates/BookonDebug/BuildProductsPath/Release-iphoneos -L/Applications/Xcode_15.4.app/Contents/Developer/Platforms/iPhoneOS.platform/Developer/usr/lib -F/Users/runner/Library/Developer/Xcode/DerivedData/BookonDebug-ehazsigvxemoqzdtqumqzfgyfpkz/Build/Intermediates.noindex/ArchiveIntermediates/BookonDebug/IntermediateBuildFilesPath/EagerLinkingTBDs/Release-iphoneos -F/Users/runner/Library/Developer/Xcode/DerivedData/BookonDebug-ehazsigvxemoqzdtqumqzfgyfpkz/Build/Intermediates.noindex/ArchiveIntermediates/BookonDebug/BuildProductsPath/Release-iphoneos/PackageFrameworks -F/Users/runner/Library/Developer/Xcode/DerivedData/BookonDebug-ehazsigvxemoqzdtqumqzfgyfpkz/Build/Intermediates.noindex/ArchiveIntermediates/BookonDebug/BuildProductsPath/Release-iphoneos/PackageFrameworks -F/Users/runner/Library/Developer/Xcode/DerivedData/BookonDebug-ehazsigvxemoqzdtqumqzfgyfpkz/Build/Intermediates.noindex/ArchiveIntermediates/BookonDebug/BuildProductsPath/Release-iphoneos -iframework /Applications/Xcode_15.4.app/Contents/Developer/Platforms/iPhoneOS.platform/Developer/Library/Frameworks -iframework /Applications/Xcode_15.4.app/Contents/Developer/Platforms/iPhoneOS.platform/Developer/SDKs/iPhoneOS17.5.sdk/Developer/Library/Frameworks -filelist /Users/runner/Library/Developer/Xcode/DerivedData/BookonDebug-ehazsigvxemoqzdtqumqzfgyfpkz/Build/Intermediates.noindex/ArchiveIntermediates/BookonDebug/IntermediateBuildFilesPath/LegadoBookSource.build/Release-iphoneos/BookonDebugKit.build/Objects-normal/arm64/BookonDebugKit.LinkFileList -nostdlib -Xlinker -object_path_lto -Xlinker /Users/runner/Library/Developer/Xcode/DerivedData/BookonDebug-ehazsigvxemoqzdtqumqzfgyfpkz/Build/Intermediates.noindex/ArchiveIntermediates/BookonDebug/IntermediateBuildFilesPath/LegadoBookSource.build/Release-iphoneos/BookonDebugKit.build/Objects-normal/arm64/BookonDebugKit_lto.o -fobjc-link-runtime -L/Applications/Xcode_15.4.app/Contents/Developer/Toolchains/XcodeDefault.xctoolchain/usr/lib/swift/iphoneos -L/usr/lib/swift -Xlinker -add_ast_path -Xlinker /Users/runner/Library/Developer/Xcode/DerivedData/BookonDebug-ehazsigvxemoqzdtqumqzfgyfpkz/Build/Intermediates.noindex/ArchiveIntermediates/BookonDebug/IntermediateBuildFilesPath/LegadoBookSource.build/Release-iphoneos/BookonDebugKit.build/Objects-normal/arm64/BookonDebugKit.swiftmodule -Xlinker -dependency_info -Xlinker /Users/runner/Library/Developer/Xcode/DerivedData/BookonDebug-ehazsigvxemoqzdtqumqzfgyfpkz/Build/Intermediates.noindex/ArchiveIntermediates/BookonDebug/IntermediateBuildFilesPath/LegadoBookSource.build/Release-iphoneos/BookonDebugKit.build/Objects-normal/arm64/BookonDebugKit_dependency_info.dat -o /Users/runner/Library/Developer/Xcode/DerivedData/BookonDebug-ehazsigvxemoqzdtqumqzfgyfpkz/Build/Intermediates.noindex/ArchiveIntermediates/BookonDebug/IntermediateBuildFilesPath/UninstalledProducts/iphoneos/BookonDebugKit.o
2026-10-06T13:00:50.7092040Z 
2026-10-06T13:00:50.7098400Z WriteAuxiliaryFile /Users/runner/Library/Developer/Xcode/DerivedData/BookonDebug-ehazsigvxemoqzdtqumqzfgyfpkz/Build/Intermediates.noindex/ArchiveIntermediates/BookonDebug/IntermediateBuildFilesPath/BookonDebug.build/Release-iphoneos/BookonDebug.build/all-product-headers.yaml (in target 'BookonDebug' from project 'BookonDebug')
2026-10-06T13:00:50.7106130Z     cd /Users/runner/work/bookon/bookon
2026-10-06T13:00:50.7108080Z     write-file /Users/runner/Library/Developer/Xcode/DerivedData/BookonDebug-ehazsigvxemoqzdtqumqzfgyfpkz/Build/Intermediates.noindex/ArchiveIntermediates/BookonDebug/IntermediateBuildFilesPath/BookonDebug.build/Release-iphoneos/BookonDebug.build/all-product-headers.yaml
2026-10-06T13:00:50.7110790Z 
2026-10-06T13:00:50.7115540Z WriteAuxiliaryFile /Users/runner/Library/Developer/Xcode/DerivedData/BookonDebug-ehazsigvxemoqzdtqumqzfgyfpkz/Build/Intermediates.noindex/ArchiveIntermediates/BookonDebug/IntermediateBuildFilesPath/BookonDebug.build/Release-iphoneos/BookonDebug.build/BookonDebug.hmap (in target 'BookonDebug' from project 'BookonDebug')
2026-10-06T13:00:50.7122080Z     cd /Users/runner/work/bookon/bookon
2026-10-06T13:00:50.7128330Z     write-file /Users/runner/Library/Developer/Xcode/DerivedData/BookonDebug-ehazsigvxemoqzdtqumqzfgyfpkz/Build/Intermediates.noindex/ArchiveIntermediates/BookonDebug/IntermediateBuildFilesPath/BookonDebug.build/Release-iphoneos/BookonDebug.build/BookonDebug.hmap
2026-10-06T13:00:50.7144460Z 
2026-10-06T13:00:50.7146460Z WriteAuxiliaryFile /Users/runner/Library/Developer/Xcode/DerivedData/BookonDebug-ehazsigvxemoqzdtqumqzfgyfpkz/Build/Intermediates.noindex/ArchiveIntermediates/BookonDebug/IntermediateBuildFilesPath/BookonDebug.build/Release-iphoneos/BookonDebug.build/BookonDebug-project-headers.hmap (in target 'BookonDebug' from project 'BookonDebug')
2026-10-06T13:00:50.7159380Z     cd /Users/runner/work/bookon/bookon
2026-10-06T13:00:50.7160690Z     write-file /Users/runner/Library/Developer/Xcode/DerivedData/BookonDebug-ehazsigvxemoqzdtqumqzfgyfpkz/Build/Intermediates.noindex/ArchiveIntermediates/BookonDebug/IntermediateBuildFilesPath/BookonDebug.build/Release-iphoneos/BookonDebug.build/BookonDebug-project-headers.hmap
2026-10-06T13:00:50.7162990Z 
2026-10-06T13:00:50.7165140Z WriteAuxiliaryFile /Users/runner/Library/Developer/Xcode/DerivedData/BookonDebug-ehazsigvxemoqzdtqumqzfgyfpkz/Build/Intermediates.noindex/ArchiveIntermediates/BookonDebug/IntermediateBuildFilesPath/BookonDebug.build/Release-iphoneos/BookonDebug.build/BookonDebug-own-target-headers.hmap (in target 'BookonDebug' from project 'BookonDebug')
2026-10-06T13:00:50.7181590Z     cd /Users/runner/work/bookon/bookon
2026-10-06T13:00:50.7183960Z     write-file /Users/runner/Library/Developer/Xcode/DerivedData/BookonDebug-ehazsigvxemoqzdtqumqzfgyfpkz/Build/Intermediates.noindex/ArchiveIntermediates/BookonDebug/IntermediateBuildFilesPath/BookonDebug.build/Release-iphoneos/BookonDebug.build/BookonDebug-own-target-headers.hmap
2026-10-06T13:00:50.7185190Z 
2026-10-06T13:00:50.7187730Z WriteAuxiliaryFile /Users/runner/Library/Developer/Xcode/DerivedData/BookonDebug-ehazsigvxemoqzdtqumqzfgyfpkz/Build/Intermediates.noindex/ArchiveIntermediates/BookonDebug/IntermediateBuildFilesPath/BookonDebug.build/Release-iphoneos/BookonDebug.build/BookonDebug-generated-files.hmap (in target 'BookonDebug' from project 'BookonDebug')
2026-10-06T13:00:50.7189260Z     cd /Users/runner/work/bookon/bookon
2026-10-06T13:00:50.7191130Z     write-file /Users/runner/Library/Developer/Xcode/DerivedData/BookonDebug-ehazsigvxemoqzdtqumqzfgyfpkz/Build/Intermediates.noindex/ArchiveIntermediates/BookonDebug/IntermediateBuildFilesPath/BookonDebug.build/Release-iphoneos/BookonDebug.build/BookonDebug-generated-files.hmap
2026-10-06T13:00:50.7192930Z 
2026-10-06T13:00:50.7195350Z WriteAuxiliaryFile /Users/runner/Library/Developer/Xcode/DerivedData/BookonDebug-ehazsigvxemoqzdtqumqzfgyfpkz/Build/Intermediates.noindex/ArchiveIntermediates/BookonDebug/IntermediateBuildFilesPath/BookonDebug.build/Release-iphoneos/BookonDebug.build/BookonDebug-all-target-headers.hmap (in target 'BookonDebug' from project 'BookonDebug')
2026-10-06T13:00:50.7198900Z     cd /Users/runner/work/bookon/bookon
2026-10-06T13:00:50.7200600Z     write-file /Users/runner/Library/Developer/Xcode/DerivedData/BookonDebug-ehazsigvxemoqzdtqumqzfgyfpkz/Build/Intermediates.noindex/ArchiveIntermediates/BookonDebug/IntermediateBuildFilesPath/BookonDebug.build/Release-iphoneos/BookonDebug.build/BookonDebug-all-target-headers.hmap
2026-10-06T13:00:50.7201970Z 
2026-10-06T13:00:50.7204290Z WriteAuxiliaryFile /Users/runner/Library/Developer/Xcode/DerivedData/BookonDebug-ehazsigvxemoqzdtqumqzfgyfpkz/Build/Intermediates.noindex/ArchiveIntermediates/BookonDebug/IntermediateBuildFilesPath/BookonDebug.build/Release-iphoneos/BookonDebug.build/BookonDebug-all-non-framework-target-headers.hmap (in target 'BookonDebug' from project 'BookonDebug')
2026-10-06T13:00:50.7206480Z     cd /Users/runner/work/bookon/bookon
2026-10-06T13:00:50.7208750Z     write-file /Users/runner/Library/Developer/Xcode/DerivedData/BookonDebug-ehazsigvxemoqzdtqumqzfgyfpkz/Build/Intermediates.noindex/ArchiveIntermediates/BookonDebug/IntermediateBuildFilesPath/BookonDebug.build/Release-iphoneos/BookonDebug.build/BookonDebug-all-non-framework-target-headers.hmap
2026-10-06T13:00:50.7209950Z 
2026-10-06T13:00:50.7211680Z WriteAuxiliaryFile /Users/runner/Library/Developer/Xcode/DerivedData/BookonDebug-ehazsigvxemoqzdtqumqzfgyfpkz/Build/Intermediates.noindex/ArchiveIntermediates/BookonDebug/IntermediateBuildFilesPath/BookonDebug.build/Release-iphoneos/BookonDebug.build/Objects-normal/arm64/BookonDebug_const_extract_protocols.json (in target 'BookonDebug' from project 'BookonDebug')
2026-10-06T13:00:50.7214310Z     cd /Users/runner/work/bookon/bookon
2026-10-06T13:00:50.7217130Z     write-file /Users/runner/Library/Developer/Xcode/DerivedData/BookonDebug-ehazsigvxemoqzdtqumqzfgyfpkz/Build/Intermediates.noindex/ArchiveIntermediates/BookonDebug/IntermediateBuildFilesPath/BookonDebug.build/Release-iphoneos/BookonDebug.build/Objects-normal/arm64/BookonDebug_const_extract_protocols.json
2026-10-06T13:00:50.7261180Z 
2026-10-06T13:00:50.7265940Z WriteAuxiliaryFile /Users/runner/Library/Developer/Xcode/DerivedData/BookonDebug-ehazsigvxemoqzdtqumqzfgyfpkz/Build/Intermediates.noindex/ArchiveIntermediates/BookonDebug/IntermediateBuildFilesPath/BookonDebug.build/Release-iphoneos/BookonDebug.build/Objects-normal/arm64/BookonDebug.SwiftFileList (in target 'BookonDebug' from project 'BookonDebug')
2026-10-06T13:00:50.7274810Z     cd /Users/runner/work/bookon/bookon
2026-10-06T13:00:50.7276230Z     write-file /Users/runner/Library/Developer/Xcode/DerivedData/BookonDebug-ehazsigvxemoqzdtqumqzfgyfpkz/Build/Intermediates.noindex/ArchiveIntermediates/BookonDebug/IntermediateBuildFilesPath/BookonDebug.build/Release-iphoneos/BookonDebug.build/Objects-normal/arm64/BookonDebug.SwiftFileList
2026-10-06T13:00:50.7277900Z 
2026-10-06T13:00:50.7280560Z WriteAuxiliaryFile /Users/runner/Library/Developer/Xcode/DerivedData/BookonDebug-ehazsigvxemoqzdtqumqzfgyfpkz/Build/Intermediates.noindex/ArchiveIntermediates/BookonDebug/IntermediateBuildFilesPath/BookonDebug.build/Release-iphoneos/BookonDebug.build/Objects-normal/arm64/BookonDebug-OutputFileMap.json (in target 'BookonDebug' from project 'BookonDebug')
2026-10-06T13:00:50.7336050Z     cd /Users/runner/work/bookon/bookon
2026-10-06T13:00:50.7339870Z     write-file /Users/runner/Library/Developer/Xcode/DerivedData/BookonDebug-ehazsigvxemoqzdtqumqzfgyfpkz/Build/Intermediates.noindex/ArchiveIntermediates/BookonDebug/IntermediateBuildFilesPath/BookonDebug.build/Release-iphoneos/BookonDebug.build/Objects-normal/arm64/BookonDebug-OutputFileMap.json
2026-10-06T13:00:50.7342440Z 
2026-10-06T13:00:50.7342960Z SwiftDriver BookonDebug normal arm64 com.apple.xcode.tools.swift.compiler (in target 'BookonDebug' from project 'BookonDebug')
2026-10-06T13:00:50.7343720Z     cd /Users/runner/work/bookon/bookon
2026-10-06T13:00:50.7381410Z     builtin-SwiftDriver -- /Applications/Xcode_15.4.app/Contents/Developer/Toolchains/XcodeDefault.xctoolchain/usr/bin/swiftc -module-name BookonDebug -O -whole-module-optimization -enforce-exclusivity\=checked @/Users/runner/Library/Developer/Xcode/DerivedData/BookonDebug-ehazsigvxemoqzdtqumqzfgyfpkz/Build/Intermediates.noindex/ArchiveIntermediates/BookonDebug/IntermediateBuildFilesPath/BookonDebug.build/Release-iphoneos/BookonDebug.build/Objects-normal/arm64/BookonDebug.SwiftFileList -sdk /Applications/Xcode_15.4.app/Contents/Developer/Platforms/iPhoneOS.platform/Developer/SDKs/iPhoneOS17.5.sdk -target arm64-apple-ios17.0 -enable-bare-slash-regex -g -module-cache-path /Users/runner/Library/Developer/Xcode/DerivedData/ModuleCache.noindex -Xfrontend -serialize-debugging-options -swift-version 5 -I /Users/runner/Library/Developer/Xcode/DerivedData/BookonDebug-ehazsigvxemoqzdtqumqzfgyfpkz/Build/Intermediates.noindex/ArchiveIntermediates/BookonDebug/BuildProductsPath/Release-iphoneos -F /Users/runner/Library/Developer/Xcode/DerivedData/BookonDebug-ehazsigvxemoqzdtqumqzfgyfpkz/Build/Intermediates.noindex/ArchiveIntermediates/BookonDebug/BuildProductsPath/Release-iphoneos/PackageFrameworks -F /Users/runner/Library/Developer/Xcode/DerivedData/BookonDebug-ehazsigvxemoqzdtqumqzfgyfpkz/Build/Intermediates.noindex/ArchiveIntermediates/BookonDebug/BuildProductsPath/Release-iphoneos/PackageFrameworks -F /Users/runner/Library/Developer/Xcode/DerivedData/BookonDebug-ehazsigvxemoqzdtqumqzfgyfpkz/Build/Intermediates.noindex/ArchiveIntermediates/BookonDebug/BuildProductsPath/Release-iphoneos/PackageFrameworks -F /Users/runner/Library/Developer/Xcode/DerivedData/BookonDebug-ehazsigvxemoqzdtqumqzfgyfpkz/Build/Intermediates.noindex/ArchiveIntermediates/BookonDebug/BuildProductsPath/Release-iphoneos -c -num-threads 3 -Xcc -ivfsstatcache -Xcc /Users/runner/Library/Developer/Xcode/DerivedData/SDKStatCaches.noindex/iphoneos17.5-21F77-f0fa7969d082b13145125136a829df3a.sdkstatcache -output-file-map /Users/runner/Library/Developer/Xcode/DerivedData/BookonDebug-ehazsigvxemoqzdtqumqzfgyfpkz/Build/Intermediates.noindex/ArchiveIntermediates/BookonDebug/IntermediateBuildFilesPath/BookonDebug.build/Release-iphoneos/BookonDebug.build/Objects-normal/arm64/BookonDebug-OutputFileMap.json -use-frontend-parseable-output -save-temps -no-color-diagnostics -serialize-diagnostics -emit-dependencies -emit-module -emit-module-path /Users/runner/Library/Developer/Xcode/DerivedData/BookonDebug-ehazsigvxemoqzdtqumqzfgyfpkz/Build/Intermediates.noindex/ArchiveIntermediates/BookonDebug/IntermediateBuildFilesPath/BookonDebug.build/Release-iphoneos/BookonDebug.build/Objects-normal/arm64/BookonDebug.swiftmodule -validate-clang-modules-once -clang-build-session-file /Users/runner/Library/Developer/Xcode/DerivedData/ModuleCache.noindex/Session.modulevalidation -Xcc -I/Users/runner/Library/Developer/Xcode/DerivedData/BookonDebug-ehazsigvxemoqzdtqumqzfgyfpkz/Build/Intermediates.noindex/ArchiveIntermediates/BookonDebug/IntermediateBuildFilesPath/BookonDebug.build/Release-iphoneos/BookonDebug.build/swift-overrides.hmap -emit-const-values -Xfrontend -const-gather-protocols-file -Xfrontend /Users/runner/Library/Developer/Xcode/DerivedData/BookonDebug-ehazsigvxemoqzdtqumqzfgyfpkz/Build/Intermediates.noindex/ArchiveIntermediates/BookonDebug/IntermediateBuildFilesPath/BookonDebug.build/Release-iphoneos/BookonDebug.build/Objects-normal/arm64/BookonDebug_const_extract_protocols.json -Xcc -iquote -Xcc /Users/runner/Library/Developer/Xcode/DerivedData/BookonDebug-ehazsigvxemoqzdtqumqzfgyfpkz/Build/Intermediates.noindex/ArchiveIntermediates/BookonDebug/IntermediateBuildFilesPath/BookonDebug.build/Release-iphoneos/BookonDebug.build/BookonDebug-generated-files.hmap -Xcc -I/Users/runner/Library/Developer/Xcode/DerivedData/BookonDebug-ehazsigvxemoqzdtqumqzfgyfpkz/Build/Intermediates.noindex/ArchiveIntermediates/BookonDebug/IntermediateBuildFilesPath/BookonDebug.build/Release-iphoneos/BookonDebug.build/BookonDebug-own-target-headers.hmap -Xcc -I/Users/runner/Library/Developer/Xcode/DerivedData/BookonDebug-ehazsigvxemoqzdtqumqzfgyfpkz/Build/Intermediates.noindex/ArchiveIntermediates/BookonDebug/IntermediateBuildFilesPath/BookonDebug.build/Release-iphoneos/BookonDebug.build/BookonDebug-all-non-framework-target-headers.hmap -Xcc -ivfsoverlay -Xcc /Users/runner/Library/Developer/Xcode/DerivedData/BookonDebug-ehazsigvxemoqzdtqumqzfgyfpkz/Build/Intermediates.noindex/ArchiveIntermediates/BookonDebug/IntermediateBuildFilesPath/BookonDebug.build/Release-iphoneos/BookonDebug.build/all-product-headers.yaml -Xcc -iquote -Xcc /Users/runner/Library/Developer/Xcode/DerivedData/BookonDebug-ehazsigvxemoqzdtqumqzfgyfpkz/Build/Intermediates.noindex/ArchiveIntermediates/BookonDebug/IntermediateBuildFilesPath/BookonDebug.build/Release-iphoneos/BookonDebug.build/BookonDebug-project-headers.hmap -Xcc -I/Users/runner/Library/Developer/Xcode/DerivedData/BookonDebug-ehazsigvxemoqzdtqumqzfgyfpkz/Build/Intermediates.noindex/ArchiveIntermediates/BookonDebug/BuildProductsPath/Release-iphoneos/include -Xcc -I/Users/runner/Library/Developer/Xcode/DerivedData/BookonDebug-ehazsigvxemoqzdtqumqzfgyfpkz/Build/Intermediates.noindex/ArchiveIntermediates/BookonDebug/IntermediateBuildFilesPath/BookonDebug.build/Release-iphoneos/BookonDebug.build/DerivedSources-normal/arm64 -Xcc -I/Users/runner/Library/Developer/Xcode/DerivedData/BookonDebug-ehazsigvxemoqzdtqumqzfgyfpkz/Build/Intermediates.noindex/ArchiveIntermediates/BookonDebug/IntermediateBuildFilesPath/BookonDebug.build/Release-iphoneos/BookonDebug.build/DerivedSources/arm64 -Xcc -I/Users/runner/Library/Developer/Xcode/DerivedData/BookonDebug-ehazsigvxemoqzdtqumqzfgyfpkz/Build/Intermediates.noindex/ArchiveIntermediates/BookonDebug/IntermediateBuildFilesPath/BookonDebug.build/Release-iphoneos/BookonDebug.build/DerivedSources -emit-objc-header -emit-objc-header-path /Users/runner/Library/Developer/Xcode/DerivedData/BookonDebug-ehazsigvxemoqzdtqumqzfgyfpkz/Build/Intermediates.noindex/ArchiveIntermediates/BookonDebug/IntermediateBuildFilesPath/BookonDebug.build/Release-iphoneos/BookonDebug.build/Objects-normal/arm64/BookonDebug-Swift.h -working-directory /Users/runner/work/bookon/bookon -no-emit-module-separately-wmo
2026-10-06T13:00:50.7408370Z 
2026-10-06T13:00:50.7408970Z SwiftDriver\ Compilation BookonDebug normal arm64 com.apple.xcode.tools.swift.compiler (in target 'BookonDebug' from project 'BookonDebug')
2026-10-06T13:00:50.7412650Z     cd /Users/runner/work/bookon/bookon
2026-10-06T13:00:50.7462590Z     builtin-Swift-Compilation -- /Applications/Xcode_15.4.app/Contents/Developer/Toolchains/XcodeDefault.xctoolchain/usr/bin/swiftc -module-name BookonDebug -O -whole-module-optimization -enforce-exclusivity\=checked @/Users/runner/Library/Developer/Xcode/DerivedData/BookonDebug-ehazsigvxemoqzdtqumqzfgyfpkz/Build/Intermediates.noindex/ArchiveIntermediates/BookonDebug/IntermediateBuildFilesPath/BookonDebug.build/Release-iphoneos/BookonDebug.build/Objects-normal/arm64/BookonDebug.SwiftFileList -sdk /Applications/Xcode_15.4.app/Contents/Developer/Platforms/iPhoneOS.platform/Developer/SDKs/iPhoneOS17.5.sdk -target arm64-apple-ios17.0 -enable-bare-slash-regex -g -module-cache-path /Users/runner/Library/Developer/Xcode/DerivedData/ModuleCache.noindex -Xfrontend -serialize-debugging-options -swift-version 5 -I /Users/runner/Library/Developer/Xcode/DerivedData/BookonDebug-ehazsigvxemoqzdtqumqzfgyfpkz/Build/Intermediates.noindex/ArchiveIntermediates/BookonDebug/BuildProductsPath/Release-iphoneos -F /Users/runner/Library/Developer/Xcode/DerivedData/BookonDebug-ehazsigvxemoqzdtqumqzfgyfpkz/Build/Intermediates.noindex/ArchiveIntermediates/BookonDebug/BuildProductsPath/Release-iphoneos/PackageFrameworks -F /Users/runner/Library/Developer/Xcode/DerivedData/BookonDebug-ehazsigvxemoqzdtqumqzfgyfpkz/Build/Intermediates.noindex/ArchiveIntermediates/BookonDebug/BuildProductsPath/Release-iphoneos/PackageFrameworks -F /Users/runner/Library/Developer/Xcode/DerivedData/BookonDebug-ehazsigvxemoqzdtqumqzfgyfpkz/Build/Intermediates.noindex/ArchiveIntermediates/BookonDebug/BuildProductsPath/Release-iphoneos/PackageFrameworks -F /Users/runner/Library/Developer/Xcode/DerivedData/BookonDebug-ehazsigvxemoqzdtqumqzfgyfpkz/Build/Intermediates.noindex/ArchiveIntermediates/BookonDebug/BuildProductsPath/Release-iphoneos -c -num-threads 3 -Xcc -ivfsstatcache -Xcc /Users/runner/Library/Developer/Xcode/DerivedData/SDKStatCaches.noindex/iphoneos17.5-21F77-f0fa7969d082b13145125136a829df3a.sdkstatcache -output-file-map /Users/runner/Library/Developer/Xcode/DerivedData/BookonDebug-ehazsigvxemoqzdtqumqzfgyfpkz/Build/Intermediates.noindex/ArchiveIntermediates/BookonDebug/IntermediateBuildFilesPath/BookonDebug.build/Release-iphoneos/BookonDebug.build/Objects-normal/arm64/BookonDebug-OutputFileMap.json -use-frontend-parseable-output -save-temps -no-color-diagnostics -serialize-diagnostics -emit-dependencies -emit-module -emit-module-path /Users/runner/Library/Developer/Xcode/DerivedData/BookonDebug-ehazsigvxemoqzdtqumqzfgyfpkz/Build/Intermediates.noindex/ArchiveIntermediates/BookonDebug/IntermediateBuildFilesPath/BookonDebug.build/Release-iphoneos/BookonDebug.build/Objects-normal/arm64/BookonDebug.swiftmodule -validate-clang-modules-once -clang-build-session-file /Users/runner/Library/Developer/Xcode/DerivedData/ModuleCache.noindex/Session.modulevalidation -Xcc -I/Users/runner/Library/Developer/Xcode/DerivedData/BookonDebug-ehazsigvxemoqzdtqumqzfgyfpkz/Build/Intermediates.noindex/ArchiveIntermediates/BookonDebug/IntermediateBuildFilesPath/BookonDebug.build/Release-iphoneos/BookonDebug.build/swift-overrides.hmap -emit-const-values -Xfrontend -const-gather-protocols-file -Xfrontend /Users/runner/Library/Developer/Xcode/DerivedData/BookonDebug-ehazsigvxemoqzdtqumqzfgyfpkz/Build/Intermediates.noindex/ArchiveIntermediates/BookonDebug/IntermediateBuildFilesPath/BookonDebug.build/Release-iphoneos/BookonDebug.build/Objects-normal/arm64/BookonDebug_const_extract_protocols.json -Xcc -iquote -Xcc /Users/runner/Library/Developer/Xcode/DerivedData/BookonDebug-ehazsigvxemoqzdtqumqzfgyfpkz/Build/Intermediates.noindex/ArchiveIntermediates/BookonDebug/IntermediateBuildFilesPath/BookonDebug.build/Release-iphoneos/BookonDebug.build/BookonDebug-generated-files.hmap -Xcc -I/Users/runner/Library/Developer/Xcode/DerivedData/BookonDebug-ehazsigvxemoqzdtqumqzfgyfpkz/Build/Intermediates.noindex/ArchiveIntermediates/BookonDebug/IntermediateBuildFilesPath/BookonDebug.build/Release-iphoneos/BookonDebug.build/BookonDebug-own-target-headers.hmap -Xcc -I/Users/runner/Library/Developer/Xcode/DerivedData/BookonDebug-ehazsigvxemoqzdtqumqzfgyfpkz/Build/Intermediates.noindex/ArchiveIntermediates/BookonDebug/IntermediateBuildFilesPath/BookonDebug.build/Release-iphoneos/BookonDebug.build/BookonDebug-all-non-framework-target-headers.hmap -Xcc -ivfsoverlay -Xcc /Users/runner/Library/Developer/Xcode/DerivedData/BookonDebug-ehazsigvxemoqzdtqumqzfgyfpkz/Build/Intermediates.noindex/ArchiveIntermediates/BookonDebug/IntermediateBuildFilesPath/BookonDebug.build/Release-iphoneos/BookonDebug.build/all-product-headers.yaml -Xcc -iquote -Xcc /Users/runner/Library/Developer/Xcode/DerivedData/BookonDebug-ehazsigvxemoqzdtqumqzfgyfpkz/Build/Intermediates.noindex/ArchiveIntermediates/BookonDebug/IntermediateBuildFilesPath/BookonDebug.build/Release-iphoneos/BookonDebug.build/BookonDebug-project-headers.hmap -Xcc -I/Users/runner/Library/Developer/Xcode/DerivedData/BookonDebug-ehazsigvxemoqzdtqumqzfgyfpkz/Build/Intermediates.noindex/ArchiveIntermediates/BookonDebug/BuildProductsPath/Release-iphoneos/include -Xcc -I/Users/runner/Library/Developer/Xcode/DerivedData/BookonDebug-ehazsigvxemoqzdtqumqzfgyfpkz/Build/Intermediates.noindex/ArchiveIntermediates/BookonDebug/IntermediateBuildFilesPath/BookonDebug.build/Release-iphoneos/BookonDebug.build/DerivedSources-normal/arm64 -Xcc -I/Users/runner/Library/Developer/Xcode/DerivedData/BookonDebug-ehazsigvxemoqzdtqumqzfgyfpkz/Build/Intermediates.noindex/ArchiveIntermediates/BookonDebug/IntermediateBuildFilesPath/BookonDebug.build/Release-iphoneos/BookonDebug.build/DerivedSources/arm64 -Xcc -I/Users/runner/Library/Developer/Xcode/DerivedData/BookonDebug-ehazsigvxemoqzdtqumqzfgyfpkz/Build/Intermediates.noindex/ArchiveIntermediates/BookonDebug/IntermediateBuildFilesPath/BookonDebug.build/Release-iphoneos/BookonDebug.build/DerivedSources -emit-objc-header -emit-objc-header-path /Users/runner/Library/Developer/Xcode/DerivedData/BookonDebug-ehazsigvxemoqzdtqumqzfgyfpkz/Build/Intermediates.noindex/ArchiveIntermediates/BookonDebug/IntermediateBuildFilesPath/BookonDebug.build/Release-iphoneos/BookonDebug.build/Objects-normal/arm64/BookonDebug-Swift.h -working-directory /Users/runner/work/bookon/bookon -no-emit-module-separately-wmo
2026-10-06T13:00:50.7519530Z 
2026-10-06T13:00:50.7524010Z SwiftCompile normal arm64 Compiling\ BookonDebugApp.swift,\ ContentView.swift,\ DebugView.swift,\ LogHistoryView.swift,\ SettingsView.swift,\ SourceListView.swift /Users/runner/work/bookon/bookon/App/BookonDebugApp.swift /Users/runner/work/bookon/bookon/App/ContentView.swift /Users/runner/work/bookon/bookon/App/DebugView.swift /Users/runner/work/bookon/bookon/App/LogHistoryView.swift /Users/runner/work/bookon/bookon/App/SettingsView.swift /Users/runner/work/bookon/bookon/App/SourceListView.swift (in target 'BookonDebug' from project 'BookonDebug')
2026-10-06T13:00:50.7529410Z     cd /Users/runner/work/bookon/bookon
2026-10-06T13:00:50.7603260Z     builtin-swiftTaskExecution -- /Applications/Xcode_15.4.app/Contents/Developer/Toolchains/XcodeDefault.xctoolchain/usr/bin/swift-frontend -frontend -c /Users/runner/work/bookon/bookon/App/BookonDebugApp.swift /Users/runner/work/bookon/bookon/App/ContentView.swift /Users/runner/work/bookon/bookon/App/DebugView.swift /Users/runner/work/bookon/bookon/App/LogHistoryView.swift /Users/runner/work/bookon/bookon/App/SettingsView.swift /Users/runner/work/bookon/bookon/App/SourceListView.swift -supplementary-output-file-map /Users/runner/Library/Developer/Xcode/DerivedData/BookonDebug-ehazsigvxemoqzdtqumqzfgyfpkz/Build/Intermediates.noindex/ArchiveIntermediates/BookonDebug/IntermediateBuildFilesPath/BookonDebug.build/Release-iphoneos/BookonDebug.build/Objects-normal/arm64/supplementaryOutputs-4 -target arm64-apple-ios17.0 -Xllvm -aarch64-use-tbi -enable-objc-interop -stack-check -sdk /Applications/Xcode_15.4.app/Contents/Developer/Platforms/iPhoneOS.platform/Developer/SDKs/iPhoneOS17.5.sdk -I /Users/runner/Library/Developer/Xcode/DerivedData/BookonDebug-ehazsigvxemoqzdtqumqzfgyfpkz/Build/Intermediates.noindex/ArchiveIntermediates/BookonDebug/BuildProductsPath/Release-iphoneos -F /Users/runner/Library/Developer/Xcode/DerivedData/BookonDebug-ehazsigvxemoqzdtqumqzfgyfpkz/Build/Intermediates.noindex/ArchiveIntermediates/BookonDebug/BuildProductsPath/Release-iphoneos/PackageFrameworks -F /Users/runner/Library/Developer/Xcode/DerivedData/BookonDebug-ehazsigvxemoqzdtqumqzfgyfpkz/Build/Intermediates.noindex/ArchiveIntermediates/BookonDebug/BuildProductsPath/Release-iphoneos/PackageFrameworks -F /Users/runner/Library/Developer/Xcode/DerivedData/BookonDebug-ehazsigvxemoqzdtqumqzfgyfpkz/Build/Intermediates.noindex/ArchiveIntermediates/BookonDebug/BuildProductsPath/Release-iphoneos/PackageFrameworks -F /Users/runner/Library/Developer/Xcode/DerivedData/BookonDebug-ehazsigvxemoqzdtqumqzfgyfpkz/Build/Intermediates.noindex/ArchiveIntermediates/BookonDebug/BuildProductsPath/Release-iphoneos -no-color-diagnostics -g -module-cache-path /Users/runner/Library/Developer/Xcode/DerivedData/ModuleCache.noindex -swift-version 5 -enforce-exclusivity\=checked -O -serialize-debugging-options -const-gather-protocols-file /Users/runner/Library/Developer/Xcode/DerivedData/BookonDebug-ehazsigvxemoqzdtqumqzfgyfpkz/Build/Intermediates.noindex/ArchiveIntermediates/BookonDebug/IntermediateBuildFilesPath/BookonDebug.build/Release-iphoneos/BookonDebug.build/Objects-normal/arm64/BookonDebug_const_extract_protocols.json -enable-bare-slash-regex -empty-abi-descriptor -validate-clang-modules-once -clang-build-session-file /Users/runner/Library/Developer/Xcode/DerivedData/ModuleCache.noindex/Session.modulevalidation -Xcc -working-directory -Xcc /Users/runner/work/bookon/bookon -resource-dir /Applications/Xcode_15.4.app/Contents/Developer/Toolchains/XcodeDefault.xctoolchain/usr/lib/swift -Xcc -ivfsstatcache -Xcc /Users/runner/Library/Developer/Xcode/DerivedData/SDKStatCaches.noindex/iphoneos17.5-21F77-f0fa7969d082b13145125136a829df3a.sdkstatcache -Xcc -I/Users/runner/Library/Developer/Xcode/DerivedData/BookonDebug-ehazsigvxemoqzdtqumqzfgyfpkz/Build/Intermediates.noindex/ArchiveIntermediates/BookonDebug/IntermediateBuildFilesPath/BookonDebug.build/Release-iphoneos/BookonDebug.build/swift-overrides.hmap -Xcc -iquote -Xcc /Users/runner/Library/Developer/Xcode/DerivedData/BookonDebug-ehazsigvxemoqzdtqumqzfgyfpkz/Build/Intermediates.noindex/ArchiveIntermediates/BookonDebug/IntermediateBuildFilesPath/BookonDebug.build/Release-iphoneos/BookonDebug.build/BookonDebug-generated-files.hmap -Xcc -I/Users/runner/Library/Developer/Xcode/DerivedData/BookonDebug-ehazsigvxemoqzdtqumqzfgyfpkz/Build/Intermediates.noindex/ArchiveIntermediates/BookonDebug/IntermediateBuildFilesPath/BookonDebug.build/Release-iphoneos/BookonDebug.build/BookonDebug-own-target-headers.hmap -Xcc -I/Users/runner/Library/Developer/Xcode/DerivedData/BookonDebug-ehazsigvxemoqzdtqumqzfgyfpkz/Build/Intermediates.noindex/ArchiveIntermediates/BookonDebug/IntermediateBuildFilesPath/BookonDebug.build/Release-iphoneos/BookonDebug.build/BookonDebug-all-non-framework-target-headers.hmap -Xcc -ivfsoverlay -Xcc /Users/runner/Library/Developer/Xcode/DerivedData/BookonDebug-ehazsigvxemoqzdtqumqzfgyfpkz/Build/Intermediates.noindex/ArchiveIntermediates/BookonDebug/IntermediateBuildFilesPath/BookonDebug.build/Release-iphoneos/BookonDebug.build/all-product-headers.yaml -Xcc -iquote -Xcc /Users/runner/Library/Developer/Xcode/DerivedData/BookonDebug-ehazsigvxemoqzdtqumqzfgyfpkz/Build/Intermediates.noindex/ArchiveIntermediates/BookonDebug/IntermediateBuildFilesPath/BookonDebug.build/Release-iphoneos/BookonDebug.build/BookonDebug-project-headers.hmap -Xcc -I/Users/runner/Library/Developer/Xcode/DerivedData/BookonDebug-ehazsigvxemoqzdtqumqzfgyfpkz/Build/Intermediates.noindex/ArchiveIntermediates/BookonDebug/BuildProductsPath/Release-iphoneos/include -Xcc -I/Users/runner/Library/Developer/Xcode/DerivedData/BookonDebug-ehazsigvxemoqzdtqumqzfgyfpkz/Build/Intermediates.noindex/ArchiveIntermediates/BookonDebug/IntermediateBuildFilesPath/BookonDebug.build/Release-iphoneos/BookonDebug.build/DerivedSources-normal/arm64 -Xcc -I/Users/runner/Library/Developer/Xcode/DerivedData/BookonDebug-ehazsigvxemoqzdtqumqzfgyfpkz/Build/Intermediates.noindex/ArchiveIntermediates/BookonDebug/IntermediateBuildFilesPath/BookonDebug.build/Release-iphoneos/BookonDebug.build/DerivedSources/arm64 -Xcc -I/Users/runner/Library/Developer/Xcode/DerivedData/BookonDebug-ehazsigvxemoqzdtqumqzfgyfpkz/Build/Intermediates.noindex/ArchiveIntermediates/BookonDebug/IntermediateBuildFilesPath/BookonDebug.build/Release-iphoneos/BookonDebug.build/DerivedSources -module-name BookonDebug -frontend-parseable-output -disable-clang-spi -target-sdk-version 17.5 -target-sdk-name iphoneos17.5 -external-plugin-path /Applications/Xcode_15.4.app/Contents/Developer/Platforms/iPhoneOS.platform/Developer/SDKs/iPhoneOS17.5.sdk/usr/lib/swift/host/plugins\#/Applications/Xcode_15.4.app/Contents/Developer/Platforms/iPhoneOS.platform/Developer/SDKs/iPhoneOS17.5.sdk/usr/bin/swift-plugin-server -external-plugin-path /Applications/Xcode_15.4.app/Contents/Developer/Platforms/iPhoneOS.platform/Developer/SDKs/iPhoneOS17.5.sdk/usr/local/lib/swift/host/plugins\#/Applications/Xcode_15.4.app/Contents/Developer/Platforms/iPhoneOS.platform/Developer/SDKs/iPhoneOS17.5.sdk/usr/bin/swift-plugin-server -external-plugin-path /Applications/Xcode_15.4.app/Contents/Developer/Platforms/iPhoneOS.platform/Developer/usr/lib/swift/host/plugins\#/Applications/Xcode_15.4.app/Contents/Developer/Platforms/iPhoneOS.platform/Developer/usr/bin/swift-plugin-server -external-plugin-path /Applications/Xcode_15.4.app/Contents/Developer/Platforms/iPhoneOS.platform/Developer/usr/local/lib/swift/host/plugins\#/Applications/Xcode_15.4.app/Contents/Developer/Platforms/iPhoneOS.platform/Developer/usr/bin/swift-plugin-server -plugin-path /Applications/Xcode_15.4.app/Contents/Developer/Toolchains/XcodeDefault.xctoolchain/usr/lib/swift/host/plugins -plugin-path /Applications/Xcode_15.4.app/Contents/Developer/Toolchains/XcodeDefault.xctoolchain/usr/local/lib/swift/host/plugins -enable-default-cmo -num-threads 3 -o /Users/runner/Library/Developer/Xcode/DerivedData/BookonDebug-ehazsigvxemoqzdtqumqzfgyfpkz/Build/Intermediates.noindex/ArchiveIntermediates/BookonDebug/IntermediateBuildFilesPath/BookonDebug.build/Release-iphoneos/BookonDebug.build/Objects-normal/arm64/BookonDebugApp.o -o /Users/runner/Library/Developer/Xcode/DerivedData/BookonDebug-ehazsigvxemoqzdtqumqzfgyfpkz/Build/Intermediates.noindex/ArchiveIntermediates/BookonDebug/IntermediateBuildFilesPath/BookonDebug.build/Release-iphoneos/BookonDebug.build/Objects-normal/arm64/ContentView.o -o /Users/runner/Library/Developer/Xcode/DerivedData/BookonDebug-ehazsigvxemoqzdtqumqzfgyfpkz/Build/Intermediates.noindex/ArchiveIntermediates/BookonDebug/IntermediateBuildFilesPath/BookonDebug.build/Release-iphoneos/BookonDebug.build/Objects-normal/arm64/DebugView.o -o /Users/runner/Library/Developer/Xcode/DerivedData/BookonDebug-ehazsigvxemoqzdtqumqzfgyfpkz/Build/Intermediates.noindex/ArchiveIntermediates/BookonDebug/IntermediateBuildFilesPath/BookonDebug.build/Release-iphoneos/BookonDebug.build/Objects-normal/arm64/LogHistoryView.o -o /Users/runner/Library/Developer/Xcode/DerivedData/BookonDebug-ehazsigvxemoqzdtqumqzfgyfpkz/Build/Intermediates.noindex/ArchiveIntermediates/BookonDebug/IntermediateBuildFilesPath/BookonDebug.build/Release-iphoneos/BookonDebug.build/Objects-normal/arm64/SettingsView.o -o /Users/runner/Library/Developer/Xcode/DerivedData/BookonDebug-ehazsigvxemoqzdtqumqzfgyfpkz/Build/Intermediates.noindex/ArchiveIntermediates/BookonDebug/IntermediateBuildFilesPath/BookonDebug.build/Release-iphoneos/BookonDebug.build/Objects-normal/arm64/SourceListView.o -index-unit-output-path /BookonDebug.build/Release-iphoneos/BookonDebug.build/Objects-normal/arm64/BookonDebugApp.o -index-unit-output-path /BookonDebug.build/Release-iphoneos/BookonDebug.build/Objects-normal/arm64/ContentView.o -index-unit-output-path /BookonDebug.build/Release-iphoneos/BookonDebug.build/Objects-normal/arm64/DebugView.o -index-unit-output-path /BookonDebug.build/Release-iphoneos/BookonDebug.build/Objects-normal/arm64/LogHistoryView.o -index-unit-output-path /BookonDebug.build/Release-iphoneos/BookonDebug.build/Objects-normal/arm64/SettingsView.o -index-unit-output-path /BookonDebug.build/Release-iphoneos/BookonDebug.build/Objects-normal/arm64/SourceListView.o
2026-10-06T13:00:50.7650480Z 
2026-10-06T13:00:50.7651180Z CompileSwift normal arm64 (in target 'BookonDebug' from project 'BookonDebug')
2026-10-06T13:00:50.7652210Z     cd /Users/runner/work/bookon/bookon
2026-10-06T13:00:50.7686430Z     /Applications/Xcode_15.4.app/Contents/Developer/Toolchains/XcodeDefault.xctoolchain/usr/bin/swift-frontend -c /Users/runner/work/bookon/bookon/App/BookonDebugApp.swift /Users/runner/work/bookon/bookon/App/ContentView.swift /Users/runner/work/bookon/bookon/App/DebugView.swift /Users/runner/work/bookon/bookon/App/LogHistoryView.swift /Users/runner/work/bookon/bookon/App/SettingsView.swift /Users/runner/work/bookon/bookon/App/SourceListView.swift -supplementary-output-file-map /Users/runner/Library/Developer/Xcode/DerivedData/BookonDebug-ehazsigvxemoqzdtqumqzfgyfpkz/Build/Intermediates.noindex/ArchiveIntermediates/BookonDebug/IntermediateBuildFilesPath/BookonDebug.build/Release-iphoneos/BookonDebug.build/Objects-normal/arm64/supplementaryOutputs-4 -target arm64-apple-ios17.0 -Xllvm -aarch64-use-tbi -enable-objc-interop -stack-check -sdk /Applications/Xcode_15.4.app/Contents/Developer/Platforms/iPhoneOS.platform/Developer/SDKs/iPhoneOS17.5.sdk -I /Users/runner/Library/Developer/Xcode/DerivedData/BookonDebug-ehazsigvxemoqzdtqumqzfgyfpkz/Build/Intermediates.noindex/ArchiveIntermediates/BookonDebug/BuildProductsPath/Release-iphoneos -F /Users/runner/Library/Developer/Xcode/DerivedData/BookonDebug-ehazsigvxemoqzdtqumqzfgyfpkz/Build/Intermediates.noindex/ArchiveIntermediates/BookonDebug/BuildProductsPath/Release-iphoneos/PackageFrameworks -F /Users/runner/Library/Developer/Xcode/DerivedData/BookonDebug-ehazsigvxemoqzdtqumqzfgyfpkz/Build/Intermediates.noindex/ArchiveIntermediates/BookonDebug/BuildProductsPath/Release-iphoneos/PackageFrameworks -F /Users/runner/Library/Developer/Xcode/DerivedData/BookonDebug-ehazsigvxemoqzdtqumqzfgyfpkz/Build/Intermediates.noindex/ArchiveIntermediates/BookonDebug/BuildProductsPath/Release-iphoneos/PackageFrameworks -F /Users/runner/Library/Developer/Xcode/DerivedData/BookonDebug-ehazsigvxemoqzdtqumqzfgyfpkz/Build/Intermediates.noindex/ArchiveIntermediates/BookonDebug/BuildProductsPath/Release-iphoneos -no-color-diagnostics -g -module-cache-path /Users/runner/Library/Developer/Xcode/DerivedData/ModuleCache.noindex -swift-version 5 -enforce-exclusivity\=checked -O -serialize-debugging-options -const-gather-protocols-file /Users/runner/Library/Developer/Xcode/DerivedData/BookonDebug-ehazsigvxemoqzdtqumqzfgyfpkz/Build/Intermediates.noindex/ArchiveIntermediates/BookonDebug/IntermediateBuildFilesPath/BookonDebug.build/Release-iphoneos/BookonDebug.build/Objects-normal/arm64/BookonDebug_const_extract_protocols.json -enable-bare-slash-regex -empty-abi-descriptor -validate-clang-modules-once -clang-build-session-file /Users/runner/Library/Developer/Xcode/DerivedData/ModuleCache.noindex/Session.modulevalidation -Xcc -working-directory -Xcc /Users/runner/work/bookon/bookon -resource-dir /Applications/Xcode_15.4.app/Contents/Developer/Toolchains/XcodeDefault.xctoolchain/usr/lib/swift -Xcc -ivfsstatcache -Xcc /Users/runner/Library/Developer/Xcode/DerivedData/SDKStatCaches.noindex/iphoneos17.5-21F77-f0fa7969d082b13145125136a829df3a.sdkstatcache -Xcc -I/Users/runner/Library/Developer/Xcode/DerivedData/BookonDebug-ehazsigvxemoqzdtqumqzfgyfpkz/Build/Intermediates.noindex/ArchiveIntermediates/BookonDebug/IntermediateBuildFilesPath/BookonDebug.build/Release-iphoneos/BookonDebug.build/swift-overrides.hmap -Xcc -iquote -Xcc /Users/runner/Library/Developer/Xcode/DerivedData/BookonDebug-ehazsigvxemoqzdtqumqzfgyfpkz/Build/Intermediates.noindex/ArchiveIntermediates/BookonDebug/IntermediateBuildFilesPath/BookonDebug.build/Release-iphoneos/BookonDebug.build/BookonDebug-generated-files.hmap -Xcc -I/Users/runner/Library/Developer/Xcode/DerivedData/BookonDebug-ehazsigvxemoqzdtqumqzfgyfpkz/Build/Intermediates.noindex/ArchiveIntermediates/BookonDebug/IntermediateBuildFilesPath/BookonDebug.build/Release-iphoneos/BookonDebug.build/BookonDebug-own-target-headers.hmap -Xcc -I/Users/runner/Library/Developer/Xcode/DerivedData/BookonDebug-ehazsigvxemoqzdtqumqzfgyfpkz/Build/Intermediates.noindex/ArchiveIntermediates/BookonDebug/IntermediateBuildFilesPath/BookonDebug.build/Release-iphoneos/BookonDebug.build/BookonDebug-all-non-framework-target-headers.hmap -Xcc -ivfsoverlay -Xcc /Users/runner/Library/Developer/Xcode/DerivedData/BookonDebug-ehazsigvxemoqzdtqumqzfgyfpkz/Build/Intermediates.noindex/ArchiveIntermediates/BookonDebug/IntermediateBuildFilesPath/BookonDebug.build/Release-iphoneos/BookonDebug.build/all-product-headers.yaml -Xcc -iquote -Xcc /Users/runner/Library/Developer/Xcode/DerivedData/BookonDebug-ehazsigvxemoqzdtqumqzfgyfpkz/Build/Intermediates.noindex/ArchiveIntermediates/BookonDebug/IntermediateBuildFilesPath/BookonDebug.build/Release-iphoneos/BookonDebug.build/BookonDebug-project-headers.hmap -Xcc -I/Users/runner/Library/Developer/Xcode/DerivedData/BookonDebug-ehazsigvxemoqzdtqumqzfgyfpkz/Build/Intermediates.noindex/ArchiveIntermediates/BookonDebug/BuildProductsPath/Release-iphoneos/include -Xcc -I/Users/runner/Library/Developer/Xcode/DerivedData/BookonDebug-ehazsigvxemoqzdtqumqzfgyfpkz/Build/Intermediates.noindex/ArchiveIntermediates/BookonDebug/IntermediateBuildFilesPath/BookonDebug.build/Release-iphoneos/BookonDebug.build/DerivedSources-normal/arm64 -Xcc -I/Users/runner/Library/Developer/Xcode/DerivedData/BookonDebug-ehazsigvxemoqzdtqumqzfgyfpkz/Build/Intermediates.noindex/ArchiveIntermediates/BookonDebug/IntermediateBuildFilesPath/BookonDebug.build/Release-iphoneos/BookonDebug.build/DerivedSources/arm64 -Xcc -I/Users/runner/Library/Developer/Xcode/DerivedData/BookonDebug-ehazsigvxemoqzdtqumqzfgyfpkz/Build/Intermediates.noindex/ArchiveIntermediates/BookonDebug/IntermediateBuildFilesPath/BookonDebug.build/Release-iphoneos/BookonDebug.build/DerivedSources -module-name BookonDebug -frontend-parseable-output -disable-clang-spi -target-sdk-version 17.5 -target-sdk-name iphoneos17.5 -external-plugin-path /Applications/Xcode_15.4.app/Contents/Developer/Platforms/iPhoneOS.platform/Developer/SDKs/iPhoneOS17.5.sdk/usr/lib/swift/host/plugins\#/Applications/Xcode_15.4.app/Contents/Developer/Platforms/iPhoneOS.platform/Developer/SDKs/iPhoneOS17.5.sdk/usr/bin/swift-plugin-server -external-plugin-path /Applications/Xcode_15.4.app/Contents/Developer/Platforms/iPhoneOS.platform/Developer/SDKs/iPhoneOS17.5.sdk/usr/local/lib/swift/host/plugins\#/Applications/Xcode_15.4.app/Contents/Developer/Platforms/iPhoneOS.platform/Developer/SDKs/iPhoneOS17.5.sdk/usr/bin/swift-plugin-server -external-plugin-path /Applications/Xcode_15.4.app/Contents/Developer/Platforms/iPhoneOS.platform/Developer/usr/lib/swift/host/plugins\#/Applications/Xcode_15.4.app/Contents/Developer/Platforms/iPhoneOS.platform/Developer/usr/bin/swift-plugin-server -external-plugin-path /Applications/Xcode_15.4.app/Contents/Developer/Platforms/iPhoneOS.platform/Developer/usr/local/lib/swift/host/plugins\#/Applications/Xcode_15.4.app/Contents/Developer/Platforms/iPhoneOS.platform/Developer/usr/bin/swift-plugin-server -plugin-path /Applications/Xcode_15.4.app/Contents/Developer/Toolchains/XcodeDefault.xctoolchain/usr/lib/swift/host/plugins -plugin-path /Applications/Xcode_15.4.app/Contents/Developer/Toolchains/XcodeDefault.xctoolchain/usr/local/lib/swift/host/plugins -enable-default-cmo -num-threads 3 -o /Users/runner/Library/Developer/Xcode/DerivedData/BookonDebug-ehazsigvxemoqzdtqumqzfgyfpkz/Build/Intermediates.noindex/ArchiveIntermediates/BookonDebug/IntermediateBuildFilesPath/BookonDebug.build/Release-iphoneos/BookonDebug.build/Objects-normal/arm64/BookonDebugApp.o -o /Users/runner/Library/Developer/Xcode/DerivedData/BookonDebug-ehazsigvxemoqzdtqumqzfgyfpkz/Build/Intermediates.noindex/ArchiveIntermediates/BookonDebug/IntermediateBuildFilesPath/BookonDebug.build/Release-iphoneos/BookonDebug.build/Objects-normal/arm64/ContentView.o -o /Users/runner/Library/Developer/Xcode/DerivedData/BookonDebug-ehazsigvxemoqzdtqumqzfgyfpkz/Build/Intermediates.noindex/ArchiveIntermediates/BookonDebug/IntermediateBuildFilesPath/BookonDebug.build/Release-iphoneos/BookonDebug.build/Objects-normal/arm64/DebugView.o -o /Users/runner/Library/Developer/Xcode/DerivedData/BookonDebug-ehazsigvxemoqzdtqumqzfgyfpkz/Build/Intermediates.noindex/ArchiveIntermediates/BookonDebug/IntermediateBuildFilesPath/BookonDebug.build/Release-iphoneos/BookonDebug.build/Objects-normal/arm64/LogHistoryView.o -o /Users/runner/Library/Developer/Xcode/DerivedData/BookonDebug-ehazsigvxemoqzdtqumqzfgyfpkz/Build/Intermediates.noindex/ArchiveIntermediates/BookonDebug/IntermediateBuildFilesPath/BookonDebug.build/Release-iphoneos/BookonDebug.build/Objects-normal/arm64/SettingsView.o -o /Users/runner/Library/Developer/Xcode/DerivedData/BookonDebug-ehazsigvxemoqzdtqumqzfgyfpkz/Build/Intermediates.noindex/ArchiveIntermediates/BookonDebug/IntermediateBuildFilesPath/BookonDebug.build/Release-iphoneos/BookonDebug.build/Objects-normal/arm64/SourceListView.o -index-unit-output-path /BookonDebug.build/Release-iphoneos/BookonDebug.build/Objects-normal/arm64/BookonDebugApp.o -index-unit-output-path /BookonDebug.build/Release-iphoneos/BookonDebug.build/Objects-normal/arm64/ContentView.o -index-unit-output-path /BookonDebug.build/Release-iphoneos/BookonDebug.build/Objects-normal/arm64/DebugView.o -index-unit-output-path /BookonDebug.build/Release-iphoneos/BookonDebug.build/Objects-normal/arm64/LogHistoryView.o -index-unit-output-path /BookonDebug.build/Release-iphoneos/BookonDebug.build/Objects-normal/arm64/SettingsView.o -index-unit-output-path /BookonDebug.build/Release-iphoneos/BookonDebug.build/Objects-normal/arm64/SourceListView.o
2026-10-06T13:00:56.8840800Z /Users/runner/work/bookon/bookon/App/SettingsView.swift:36:44: error: cannot find 'DebugVerbosity' in scope
2026-10-06T13:00:56.8847320Z                         Text("普通").tag(DebugVerbosity.normal)
2026-10-06T13:00:56.8848490Z /Users/runner/work/bookon/bookon/App/SettingsView.swift:37:47: error: cannot find 'DebugVerbosity' in scope
2026-10-06T13:00:56.8849400Z                         Text("仅错误").tag(DebugVerbosity.errorsOnly)
2026-10-06T13:00:56.8850370Z 
2026-10-06T13:00:56.9033260Z SetOwnerAndGroup runner:staff /Users/runner/Library/Developer/Xcode/DerivedData/BookonDebug-ehazsigvxemoqzdtqumqzfgyfpkz/Build/Intermediates.noindex/ArchiveIntermediates/BookonDebug/IntermediateBuildFilesPath/UninstalledProducts/iphoneos/BookonDebugKit.o (in target 'BookonDebugKit' from project 'LegadoBookSource')
2026-10-06T13:00:56.9035330Z     cd /Users/runner/work/bookon/bookon
2026-10-06T13:00:56.9036290Z     /usr/sbin/chown -RH runner:staff /Users/runner/Library/Developer/Xcode/DerivedData/BookonDebug-ehazsigvxemoqzdtqumqzfgyfpkz/Build/Intermediates.noindex/ArchiveIntermediates/BookonDebug/IntermediateBuildFilesPath/UninstalledProducts/iphoneos/BookonDebugKit.o
2026-10-06T13:00:56.9037200Z 
2026-10-06T13:00:56.9038430Z SetMode u+w,go-w,a+rX /Users/runner/Library/Developer/Xcode/DerivedData/BookonDebug-ehazsigvxemoqzdtqumqzfgyfpkz/Build/Intermediates.noindex/ArchiveIntermediates/BookonDebug/IntermediateBuildFilesPath/UninstalledProducts/iphoneos/BookonDebugKit.o (in target 'BookonDebugKit' from project 'LegadoBookSource')
2026-10-06T13:00:56.9041330Z     cd /Users/runner/work/bookon/bookon
2026-10-06T13:00:56.9042330Z     /bin/chmod -RH u+w,go-w,a+rX /Users/runner/Library/Developer/Xcode/DerivedData/BookonDebug-ehazsigvxemoqzdtqumqzfgyfpkz/Build/Intermediates.noindex/ArchiveIntermediates/BookonDebug/IntermediateBuildFilesPath/UninstalledProducts/iphoneos/BookonDebugKit.o
2026-10-06T13:00:56.9043240Z 
2026-10-06T13:00:56.9044440Z RegisterExecutionPolicyException /Users/runner/Library/Developer/Xcode/DerivedData/BookonDebug-ehazsigvxemoqzdtqumqzfgyfpkz/Build/Intermediates.noindex/ArchiveIntermediates/BookonDebug/IntermediateBuildFilesPath/UninstalledProducts/iphoneos/BookonDebugKit.o (in target 'BookonDebugKit' from project 'LegadoBookSource')
2026-10-06T13:00:56.9045700Z     cd /Users/runner/work/bookon/bookon
2026-10-06T13:00:56.9046820Z     builtin-RegisterExecutionPolicyException /Users/runner/Library/Developer/Xcode/DerivedData/BookonDebug-ehazsigvxemoqzdtqumqzfgyfpkz/Build/Intermediates.noindex/ArchiveIntermediates/BookonDebug/IntermediateBuildFilesPath/UninstalledProducts/iphoneos/BookonDebugKit.o
2026-10-06T13:00:56.9047780Z 
2026-10-06T13:00:56.9048920Z WriteAuxiliaryFile /Users/runner/Library/Developer/Xcode/DerivedData/BookonDebug-ehazsigvxemoqzdtqumqzfgyfpkz/Build/Intermediates.noindex/ArchiveIntermediates/BookonDebug/IntermediateBuildFilesPath/BookonDebug.build/Release-iphoneos/BookonDebug.build/Objects-normal/arm64/BookonDebug.LinkFileList (in target 'BookonDebug' from project 'BookonDebug')
2026-10-06T13:00:56.9050280Z     cd /Users/runner/work/bookon/bookon
2026-10-06T13:00:56.9051440Z     write-file /Users/runner/Library/Developer/Xcode/DerivedData/BookonDebug-ehazsigvxemoqzdtqumqzfgyfpkz/Build/Intermediates.noindex/ArchiveIntermediates/BookonDebug/IntermediateBuildFilesPath/BookonDebug.build/Release-iphoneos/BookonDebug.build/Objects-normal/arm64/BookonDebug.LinkFileList
2026-10-06T13:00:56.9052460Z 
2026-10-06T13:00:56.9054200Z Copy /Users/runner/Library/Developer/Xcode/DerivedData/BookonDebug-ehazsigvxemoqzdtqumqzfgyfpkz/Build/Intermediates.noindex/ArchiveIntermediates/BookonDebug/InstallationBuildProductsLocation/Applications/BookonDebug.app/LegadoBookSource_LegadoBookSource.bundle /Users/runner/Library/Developer/Xcode/DerivedData/BookonDebug-ehazsigvxemoqzdtqumqzfgyfpkz/Build/Intermediates.noindex/ArchiveIntermediates/BookonDebug/BuildProductsPath/Release-iphoneos/LegadoBookSource_LegadoBookSource.bundle (in target 'BookonDebug' from project 'BookonDebug')
2026-10-06T13:00:56.9056520Z     cd /Users/runner/work/bookon/bookon
2026-10-06T13:00:56.9058740Z     builtin-copy -exclude .DS_Store -exclude CVS -exclude .svn -exclude .git -exclude .hg -resolve-src-symlinks /Users/runner/Library/Developer/Xcode/DerivedData/BookonDebug-ehazsigvxemoqzdtqumqzfgyfpkz/Build/Intermediates.noindex/ArchiveIntermediates/BookonDebug/BuildProductsPath/Release-iphoneos/LegadoBookSource_LegadoBookSource.bundle /Users/runner/Library/Developer/Xcode/DerivedData/BookonDebug-ehazsigvxemoqzdtqumqzfgyfpkz/Build/Intermediates.noindex/ArchiveIntermediates/BookonDebug/InstallationBuildProductsLocation/Applications/BookonDebug.app
2026-10-06T13:00:56.9060970Z 
2026-10-06T13:00:56.9062110Z ProcessInfoPlistFile /Users/runner/Library/Developer/Xcode/DerivedData/BookonDebug-ehazsigvxemoqzdtqumqzfgyfpkz/Build/Intermediates.noindex/ArchiveIntermediates/BookonDebug/InstallationBuildProductsLocation/Applications/BookonDebug.app/Info.plist /Users/runner/work/bookon/bookon/App/Info.plist (in target 'BookonDebug' from project 'BookonDebug')
2026-10-06T13:00:56.9063310Z     cd /Users/runner/work/bookon/bookon
2026-10-06T13:00:56.9066610Z     builtin-infoPlistUtility /Users/runner/work/bookon/bookon/App/Info.plist -producttype com.apple.product-type.application -genpkginfo /Users/runner/Library/Developer/Xcode/DerivedData/BookonDebug-ehazsigvxemoqzdtqumqzfgyfpkz/Build/Intermediates.noindex/ArchiveIntermediates/BookonDebug/InstallationBuildProductsLocation/Applications/BookonDebug.app/PkgInfo -expandbuildsettings -format binary -platform iphoneos -scanforprivacyfile /Users/runner/Library/Developer/Xcode/DerivedData/BookonDebug-ehazsigvxemoqzdtqumqzfgyfpkz/Build/Intermediates.noindex/ArchiveIntermediates/BookonDebug/InstallationBuildProductsLocation/Applications/BookonDebug.app/LegadoBookSource_LegadoBookSource.bundle -requiredArchitecture arm64 -o /Users/runner/Library/Developer/Xcode/DerivedData/BookonDebug-ehazsigvxemoqzdtqumqzfgyfpkz/Build/Intermediates.noindex/ArchiveIntermediates/BookonDebug/InstallationBuildProductsLocation/Applications/BookonDebug.app/Info.plist
2026-10-06T13:00:56.9069810Z 
2026-10-06T13:00:56.9324180Z ** ARCHIVE FAILED **
2026-10-06T13:00:56.9329420Z 
2026-10-06T13:00:56.9329640Z 
2026-10-06T13:00:56.9330050Z The following build commands failed:
2026-10-06T13:00:56.9330790Z 	CompileSwift normal arm64 (in target 'BookonDebug' from project 'BookonDebug')
2026-10-06T13:00:56.9334520Z 	SwiftCompile normal arm64 Compiling\ BookonDebugApp.swift,\ ContentView.swift,\ DebugView.swift,\ LogHistoryView.swift,\ SettingsView.swift,\ SourceListView.swift /Users/runner/work/bookon/bookon/App/BookonDebugApp.swift /Users/runner/work/bookon/bookon/App/ContentView.swift /Users/runner/work/bookon/bookon/App/DebugView.swift /Users/runner/work/bookon/bookon/App/LogHistoryView.swift /Users/runner/work/bookon/bookon/App/SettingsView.swift /Users/runner/work/bookon/bookon/App/SourceListView.swift (in target 'BookonDebug' from project 'BookonDebug')
2026-10-06T13:00:56.9338190Z (2 failures)
2026-10-06T13:00:56.9949050Z ##[error]Process completed with exit code 65.
2026-10-06T13:00:57.0431810Z Post job cleanup.
2026-10-06T13:00:57.6434450Z [command]/opt/homebrew/bin/git version
2026-10-06T13:00:57.6761590Z git version 2.55.0
2026-10-06T13:00:57.6793440Z Copying '/Users/runner/.gitconfig' to '/Users/runner/work/_temp/9286d983-5d0a-4c90-a8fc-21087e027e30/.gitconfig'
2026-10-06T13:00:57.6805520Z Temporarily overriding HOME='/Users/runner/work/_temp/9286d983-5d0a-4c90-a8fc-21087e027e30' before making global git config changes
2026-10-06T13:00:57.6829110Z Adding repository directory to the temporary git global config as a safe directory
2026-10-06T13:00:57.6829700Z [command]/opt/homebrew/bin/git config --global --add safe.directory /Users/runner/work/bookon/bookon
2026-10-06T13:00:57.6982680Z [command]/opt/homebrew/bin/git config --local --name-only --get-regexp core\.sshCommand
2026-10-06T13:00:57.7047640Z [command]/opt/homebrew/bin/git submodule foreach --recursive sh -c "git config --local --name-only --get-regexp 'core\.sshCommand' && git config --local --unset-all 'core.sshCommand' || :"
2026-10-06T13:00:57.8338970Z [command]/opt/homebrew/bin/git config --local --name-only --get-regexp http\.https\:\/\/github\.com\/\.extraheader
2026-10-06T13:00:57.8412870Z http.https://github.com/.extraheader
2026-10-06T13:00:57.8426380Z [command]/opt/homebrew/bin/git config --local --unset-all http.https://github.com/.extraheader
2026-10-06T13:00:57.8516450Z [command]/opt/homebrew/bin/git submodule foreach --recursive sh -c "git config --local --name-only --get-regexp 'http\.https\:\/\/github\.com\/\.extraheader' && git config --local --unset-all 'http.https://github.com/.extraheader' || :"
2026-10-06T13:00:57.9732460Z [command]/opt/homebrew/bin/git config --local --name-only --get-regexp ^includeIf\.gitdir:
2026-10-06T13:00:57.9814790Z [command]/opt/homebrew/bin/git submodule foreach --recursive git config --local --show-origin --name-only --get-regexp remote.origin.url
2026-10-06T13:00:58.1226730Z Cleaning up orphan processes
2026-10-06T13:00:59.1489270Z ##[warning]Node.js 20 is deprecated. The following actions target Node.js 20 but are being forced to run on Node.js 24: actions/checkout@v4. For more information see: https://github.blog/changelog/2025-09-19-deprecation-of-node-20-on-github-actions-runners/
