2026-10-05T12:37:54.8610870Z Current runner version: '2.337.0'
2026-10-05T12:37:54.8643520Z ##[group]Runner Image Provisioner
2026-10-05T12:37:54.8645970Z Hosted Compute Agent
2026-10-05T12:37:54.8647710Z Version: 20260828.587
2026-10-05T12:37:54.8648860Z Commit: abac92662cab4cc7352de4f9f9d2e2419aad9c29
2026-10-05T12:37:54.8650120Z Build Date: 2026-08-28T16:44:25Z
2026-10-05T12:37:54.8651400Z Worker ID: {5d1a7ec4-7fa5-4dbc-a4a7-d6cb0206642e}
2026-10-05T12:37:54.8652680Z Azure Region: westus
2026-10-05T12:37:54.8653710Z ##[endgroup]
2026-10-05T12:37:54.8655830Z ##[group]Operating System
2026-10-05T12:37:54.8656380Z macOS
2026-10-05T12:37:54.8656760Z 14.8.9
2026-10-05T12:37:54.8657100Z 23J631
2026-10-05T12:37:54.8657460Z ##[endgroup]
2026-10-05T12:37:54.8657850Z ##[group]Runner Image
2026-10-05T12:37:54.8659530Z Image: macos-14-arm64
2026-10-05T12:37:54.8660010Z Version: 20260831.0302.1
2026-10-05T12:37:54.8660950Z Included Software: https://github.com/actions/runner-images/blob/macos-14-arm64/20260831.0302/images/macos/macos-14-arm64-Readme.md
2026-10-05T12:37:54.8662100Z Image Release: https://github.com/actions/runner-images/releases/tag/macos-14-arm64%2F20260831.0302
2026-10-05T12:37:54.8662780Z ##[endgroup]
2026-10-05T12:37:54.8664470Z ##[group]GITHUB_TOKEN Permissions
2026-10-05T12:37:54.8668200Z Contents: read
2026-10-05T12:37:54.8668640Z Metadata: read
2026-10-05T12:37:54.8669420Z Packages: read
2026-10-05T12:37:54.8669840Z ##[endgroup]
2026-10-05T12:37:54.8672590Z Secret source: Actions
2026-10-05T12:37:54.8673260Z Cache mode: write
2026-10-05T12:37:54.8673820Z Prepare workflow directory
2026-10-05T12:37:54.8998730Z Prepare all required actions
2026-10-05T12:37:54.9065870Z Getting action download info
2026-10-05T12:37:55.3173710Z Download action repository 'actions/checkout@v4' (SHA:11d5960a326750d5838078e36cf38b85af677262)
2026-10-05T12:37:55.6181510Z Download action repository 'actions/upload-artifact@v4' (SHA:ea165f8d65b6e75b540449e92b4886f43607fa02)
2026-10-05T12:37:55.8775050Z Complete job name: build-ipa
2026-10-05T12:37:55.9391630Z ##[group]Run actions/checkout@v4
2026-10-05T12:37:55.9392400Z with:
2026-10-05T12:37:55.9392740Z   repository: zhuof725/bookon
2026-10-05T12:37:55.9395540Z   token: ***
2026-10-05T12:37:55.9395870Z   ssh-strict: true
2026-10-05T12:37:55.9396200Z   ssh-user: git
2026-10-05T12:37:55.9396530Z   persist-credentials: true
2026-10-05T12:37:55.9396900Z   clean: true
2026-10-05T12:37:55.9397240Z   sparse-checkout-cone-mode: true
2026-10-05T12:37:55.9397620Z   fetch-depth: 1
2026-10-05T12:37:55.9397960Z   fetch-tags: false
2026-10-05T12:37:55.9398310Z   show-progress: true
2026-10-05T12:37:55.9398650Z   lfs: false
2026-10-05T12:37:55.9399040Z   submodules: false
2026-10-05T12:37:55.9399400Z   set-safe-directory: true
2026-10-05T12:37:55.9399870Z   allow-unsafe-pr-checkout: false
2026-10-05T12:37:55.9400520Z ##[endgroup]
2026-10-05T12:37:56.1059140Z Syncing repository: zhuof725/bookon
2026-10-05T12:37:56.1060530Z ##[group]Getting Git version info
2026-10-05T12:37:56.1061170Z Working directory is '/Users/runner/work/bookon/bookon'
2026-10-05T12:37:56.1061970Z [command]/opt/homebrew/bin/git version
2026-10-05T12:37:56.1397220Z git version 2.55.0
2026-10-05T12:37:56.1413430Z ##[endgroup]
2026-10-05T12:37:56.1419790Z Copying '/Users/runner/.gitconfig' to '/Users/runner/work/_temp/c0c993ee-dafd-413e-b62d-8040c3181791/.gitconfig'
2026-10-05T12:37:56.1424280Z Temporarily overriding HOME='/Users/runner/work/_temp/c0c993ee-dafd-413e-b62d-8040c3181791' before making global git config changes
2026-10-05T12:37:56.1432600Z Adding repository directory to the temporary git global config as a safe directory
2026-10-05T12:37:56.1440560Z [command]/opt/homebrew/bin/git config --global --add safe.directory /Users/runner/work/bookon/bookon
2026-10-05T12:37:56.1593080Z Deleting the contents of '/Users/runner/work/bookon/bookon'
2026-10-05T12:37:56.1602970Z ##[group]Initializing the repository
2026-10-05T12:37:56.1611670Z [command]/opt/homebrew/bin/git init /Users/runner/work/bookon/bookon
2026-10-05T12:37:56.1926320Z hint: Using 'master' as the name for the initial branch. This default branch name
2026-10-05T12:37:56.1928050Z hint: will change to "main" in Git 3.0. To configure the initial branch name
2026-10-05T12:37:56.1928750Z hint: to use in all of your new repositories, which will suppress this warning,
2026-10-05T12:37:56.1929360Z hint: call:
2026-10-05T12:37:56.1929690Z hint:
2026-10-05T12:37:56.1930150Z hint: 	git config --global init.defaultBranch <name>
2026-10-05T12:37:56.1932360Z hint:
2026-10-05T12:37:56.1933730Z hint: Names commonly chosen instead of 'master' are 'main', 'trunk' and
2026-10-05T12:37:56.1935650Z hint: 'development'. The just-created branch can be renamed via this command:
2026-10-05T12:37:56.1937130Z hint:
2026-10-05T12:37:56.1938130Z hint: 	git branch -m <name>
2026-10-05T12:37:56.1939560Z hint:
2026-10-05T12:37:56.1940290Z hint: Disable this message with "git config set advice.defaultBranchName false"
2026-10-05T12:37:56.1941370Z Initialized empty Git repository in /Users/runner/work/bookon/bookon/.git/
2026-10-05T12:37:56.1949170Z [command]/opt/homebrew/bin/git remote add origin https://github.com/zhuof725/bookon
2026-10-05T12:37:56.2064510Z ##[endgroup]
2026-10-05T12:37:56.2065420Z ##[group]Disabling automatic garbage collection
2026-10-05T12:37:56.2069750Z [command]/opt/homebrew/bin/git config --local gc.auto 0
2026-10-05T12:37:56.2121810Z ##[endgroup]
2026-10-05T12:37:56.2126820Z ##[group]Setting up auth
2026-10-05T12:37:56.2127810Z [command]/opt/homebrew/bin/git config --local --name-only --get-regexp core\.sshCommand
2026-10-05T12:37:56.2199340Z [command]/opt/homebrew/bin/git submodule foreach --recursive sh -c "git config --local --name-only --get-regexp 'core\.sshCommand' && git config --local --unset-all 'core.sshCommand' || :"
2026-10-05T12:37:56.3207470Z [command]/opt/homebrew/bin/git config --local --name-only --get-regexp http\.https\:\/\/github\.com\/\.extraheader
2026-10-05T12:37:56.3275730Z [command]/opt/homebrew/bin/git submodule foreach --recursive sh -c "git config --local --name-only --get-regexp 'http\.https\:\/\/github\.com\/\.extraheader' && git config --local --unset-all 'http.https://github.com/.extraheader' || :"
2026-10-05T12:37:56.4171220Z [command]/opt/homebrew/bin/git config --local --name-only --get-regexp ^includeIf\.gitdir:
2026-10-05T12:37:56.4271210Z [command]/opt/homebrew/bin/git submodule foreach --recursive git config --local --show-origin --name-only --get-regexp remote.origin.url
2026-10-05T12:37:56.5066350Z [command]/opt/homebrew/bin/git config --local http.https://github.com/.extraheader AUTHORIZATION: basic ***
2026-10-05T12:37:56.5137020Z ##[endgroup]
2026-10-05T12:37:56.5138820Z ##[group]Fetching the repository
2026-10-05T12:37:56.5145120Z [command]/opt/homebrew/bin/git -c protocol.version=2 fetch --no-tags --prune --no-recurse-submodules --depth=1 origin +7ad1589fe73266d7db5ef244c6ef3c7cda0167fa:refs/remotes/origin/step7-debug-app
2026-10-05T12:37:57.8174960Z From https://github.com/zhuof725/bookon
2026-10-05T12:37:57.8187820Z  * [new ref]         7ad1589fe73266d7db5ef244c6ef3c7cda0167fa -> origin/step7-debug-app
2026-10-05T12:37:57.8275420Z ##[endgroup]
2026-10-05T12:37:57.8279370Z ##[group]Determining the checkout info
2026-10-05T12:37:57.8280160Z ##[endgroup]
2026-10-05T12:37:57.8280980Z [command]/opt/homebrew/bin/git sparse-checkout disable
2026-10-05T12:37:57.8329990Z [command]/opt/homebrew/bin/git config --local --unset-all extensions.worktreeConfig
2026-10-05T12:37:57.8410380Z ##[group]Checking out the ref
2026-10-05T12:37:57.8426550Z [command]/opt/homebrew/bin/git checkout --progress --force -B step7-debug-app refs/remotes/origin/step7-debug-app
2026-10-05T12:37:58.1109680Z Switched to a new branch 'step7-debug-app'
2026-10-05T12:37:58.1120110Z branch 'step7-debug-app' set up to track 'origin/step7-debug-app'.
2026-10-05T12:37:58.1155780Z ##[endgroup]
2026-10-05T12:37:58.1310200Z [command]/opt/homebrew/bin/git log -1 --format=%H
2026-10-05T12:37:58.1388120Z 7ad1589fe73266d7db5ef244c6ef3c7cda0167fa
2026-10-05T12:37:58.1630890Z ##[group]Run brew install xcodegen
2026-10-05T12:37:58.1631960Z [36;1mbrew install xcodegen[0m
2026-10-05T12:37:58.1737130Z shell: /bin/bash -e {0}
2026-10-05T12:37:58.1737620Z ##[endgroup]
2026-10-05T12:38:01.5464440Z [32m==>[0m [1mDownloading bottle manifests[0m
2026-10-05T12:38:01.5600420Z ✔︎ Bottle Manifest xcodegen (2.46.0)
2026-10-05T12:38:01.5603440Z [34m==>[0m [1mWould install 1 formula:[0m
2026-10-05T12:38:01.5605720Z xcodegen
2026-10-05T12:38:01.5644330Z [32m==>[0m [1mFetching downloads for: [32mxcodegen[39m[0m
2026-10-05T12:38:01.9799440Z ✔︎ Bottle xcodegen (2.46.0)
2026-10-05T12:38:02.0478870Z [34m==>[0m [1mPouring xcodegen--2.46.0.arm64_sonoma.bottle.1.tar.gz[0m
2026-10-05T12:38:02.1929820Z 🍺  /opt/homebrew/Cellar/xcodegen/2.46.0: 38 files, 7.6MB
2026-10-05T12:38:02.2134170Z ##[group]Run bash scripts/build_ipa.sh
2026-10-05T12:38:02.2134660Z [36;1mbash scripts/build_ipa.sh[0m
2026-10-05T12:38:02.2230960Z shell: /bin/bash -e {0}
2026-10-05T12:38:02.2231330Z env:
2026-10-05T12:38:02.2231730Z   GIT_COMMIT: 7ad1589fe73266d7db5ef244c6ef3c7cda0167fa
2026-10-05T12:38:02.2232260Z   CI_RUN_ID: 37310649613
2026-10-05T12:38:02.2232700Z ##[endgroup]
2026-10-05T12:38:02.2767210Z == 1/4 生成 Xcode 工程 ==
2026-10-05T12:38:02.2941210Z ⚙️  Generating plists...
2026-10-05T12:38:02.2943480Z ⚙️  Generating project...
2026-10-05T12:38:02.3043140Z ⚙️  Writing project...
2026-10-05T12:38:02.3167800Z Created project at /Users/runner/work/bookon/bookon/BookonDebug.xcodeproj
2026-10-05T12:38:02.3403790Z [verify_xcodeproj_format] Xcode=15.4 (major=15 minor=4) objectVersion=63 (需要 Xcode 15.3+)
2026-10-05T12:38:02.3406180Z [verify_xcodeproj_format] OK: objectVersion 63 is compatible with Xcode 15.4
2026-10-05T12:38:02.3408740Z == 2/4 归档（Release，无签名）==
2026-10-05T12:38:03.3816310Z Command line invocation:
2026-10-05T12:38:03.3819970Z     /Applications/Xcode_15.4.app/Contents/Developer/usr/bin/xcodebuild archive -project BookonDebug.xcodeproj -scheme BookonDebug -configuration Release -archivePath build/BookonDebug.xcarchive -destination generic/platform=iOS CODE_SIGNING_ALLOWED=NO CODE_SIGNING_REQUIRED=NO GIT_COMMIT=7ad1589fe73266d7db5ef244c6ef3c7cda0167fa CI_RUN_ID=37310649613
2026-10-05T12:38:03.3826180Z 
2026-10-05T12:38:03.3826550Z User defaults from command line:
2026-10-05T12:38:03.3849690Z     IDEArchivePathOverride = /Users/runner/work/bookon/bookon/build/BookonDebug.xcarchive
2026-10-05T12:38:03.3866040Z     IDEPackageSupportUseBuiltinSCM = YES
2026-10-05T12:38:03.3867350Z 
2026-10-05T12:38:03.3867560Z Build settings from command line:
2026-10-05T12:38:03.3867880Z     CI_RUN_ID = 37310649613
2026-10-05T12:38:03.3868170Z     CODE_SIGNING_ALLOWED = NO
2026-10-05T12:38:03.3868480Z     CODE_SIGNING_REQUIRED = NO
2026-10-05T12:38:03.3868880Z     GIT_COMMIT = 7ad1589fe73266d7db5ef244c6ef3c7cda0167fa
2026-10-05T12:38:03.3869180Z 
2026-10-05T12:38:13.8559870Z Resolve Package Graph
2026-10-05T12:38:25.7778850Z 
2026-10-05T12:38:25.7782810Z Fetching from https://github.com/scinfu/SwiftSoup.git
2026-10-05T12:38:26.6278400Z 
2026-10-05T12:38:27.4635140Z Creating working copy of package ‘SwiftSoup’
2026-10-05T12:38:27.5448220Z 
2026-10-05T12:38:27.5450380Z Checking out 2.9.6 of package ‘SwiftSoup’
2026-10-05T12:38:27.6522550Z 
2026-10-05T12:38:28.2953210Z Invalid Resource 'Resources/golden': File not found.
2026-10-05T12:38:28.2954340Z Resolved source packages:
2026-10-05T12:38:28.2955130Z   SwiftSoup: https://github.com/scinfu/SwiftSoup.git @ 2.9.6
2026-10-05T12:38:28.2957490Z   LegadoBookSource: /Users/runner/work/bookon/bookon
2026-10-05T12:38:28.2958340Z 
2026-10-05T12:38:28.4937860Z Prepare packages
2026-10-05T12:38:28.5039210Z 
2026-10-05T12:38:29.2814170Z ComputeTargetDependencyGraph
2026-10-05T12:38:29.3838190Z note: Building targets in dependency order
2026-10-05T12:38:29.3937280Z note: Target dependency graph (8 targets)
2026-10-05T12:38:29.4025850Z     Target 'BookonDebug' in project 'BookonDebug'
2026-10-05T12:38:29.4098760Z         ➜ Explicit dependency on target 'BookonDebugKit' in project 'LegadoBookSource'
2026-10-05T12:38:29.4196680Z         ➜ Explicit dependency on target 'LegadoBookSource' in project 'LegadoBookSource'
2026-10-05T12:38:29.4233630Z     Target 'LegadoBookSource' in project 'LegadoBookSource'
2026-10-05T12:38:29.4285320Z         ➜ Explicit dependency on target 'LegadoBookSource' in project 'LegadoBookSource'
2026-10-05T12:38:29.4334320Z         ➜ Explicit dependency on target 'LegadoBookSource_LegadoBookSource' in project 'LegadoBookSource'
2026-10-05T12:38:29.4374770Z         ➜ Explicit dependency on target 'SwiftSoup' in project 'SwiftSoup'
2026-10-05T12:38:29.4401850Z     Target 'BookonDebugKit' in project 'LegadoBookSource'
2026-10-05T12:38:29.4408610Z         ➜ Explicit dependency on target 'BookonDebugKit' in project 'LegadoBookSource'
2026-10-05T12:38:29.4418680Z         ➜ Explicit dependency on target 'LegadoBookSource' in project 'LegadoBookSource'
2026-10-05T12:38:29.4423120Z         ➜ Explicit dependency on target 'SwiftSoup' in project 'SwiftSoup'
2026-10-05T12:38:29.4423680Z     Target 'BookonDebugKit' in project 'LegadoBookSource'
2026-10-05T12:38:29.4424260Z         ➜ Explicit dependency on target 'LegadoBookSource' in project 'LegadoBookSource'
2026-10-05T12:38:29.4424780Z         ➜ Explicit dependency on target 'SwiftSoup' in project 'SwiftSoup'
2026-10-05T12:38:29.4425400Z     Target 'LegadoBookSource' in project 'LegadoBookSource'
2026-10-05T12:38:29.4428560Z         ➜ Explicit dependency on target 'LegadoBookSource_LegadoBookSource' in project 'LegadoBookSource'
2026-10-05T12:38:29.4429350Z         ➜ Explicit dependency on target 'SwiftSoup' in project 'SwiftSoup'
2026-10-05T12:38:29.4429720Z     Target 'SwiftSoup' in project 'SwiftSoup'
2026-10-05T12:38:29.4432930Z         ➜ Explicit dependency on target 'SwiftSoup' in project 'SwiftSoup'
2026-10-05T12:38:29.4433710Z     Target 'SwiftSoup' in project 'SwiftSoup' (no dependencies)
2026-10-05T12:38:29.4434280Z     Target 'LegadoBookSource_LegadoBookSource' in project 'LegadoBookSource' (no dependencies)
2026-10-05T12:38:29.4434700Z 
2026-10-05T12:38:29.4434830Z GatherProvisioningInputs
2026-10-05T12:38:29.4434960Z 
2026-10-05T12:38:29.4435080Z CreateBuildDescription
2026-10-05T12:38:29.5674050Z 
2026-10-05T12:38:29.5775660Z ExecuteExternalTool /Applications/Xcode_15.4.app/Contents/Developer/Toolchains/XcodeDefault.xctoolchain/usr/bin/swiftc -v
2026-10-05T12:38:30.0890060Z 
2026-10-05T12:38:30.0994330Z ExecuteExternalTool /Applications/Xcode_15.4.app/Contents/Developer/Toolchains/XcodeDefault.xctoolchain/usr/bin/clang -v -E -dM -isysroot /Applications/Xcode_15.4.app/Contents/Developer/Platforms/iPhoneOS.platform/Developer/SDKs/iPhoneOS17.5.sdk -x c -c /dev/null
2026-10-05T12:38:30.5053540Z 
2026-10-05T12:38:30.5212640Z ExecuteExternalTool /Applications/Xcode_15.4.app/Contents/Developer/Toolchains/XcodeDefault.xctoolchain/usr/bin/ld -version_details
2026-10-05T12:38:30.5352150Z 
2026-10-05T12:38:30.6184570Z Build description signature: b204bd58fcb805b1f99a98f824d029c0
2026-10-05T12:38:30.6186300Z Build description path: /Users/runner/Library/Developer/Xcode/DerivedData/BookonDebug-ehazsigvxemoqzdtqumqzfgyfpkz/Build/Intermediates.noindex/ArchiveIntermediates/BookonDebug/IntermediateBuildFilesPath/XCBuildData/b204bd58fcb805b1f99a98f824d029c0.xcbuilddata
2026-10-05T12:38:30.6453840Z CreateBuildDirectory /Users/runner/Library/Developer/Xcode/DerivedData/BookonDebug-ehazsigvxemoqzdtqumqzfgyfpkz/Build/Intermediates.noindex/ArchiveIntermediates/BookonDebug/InstallationBuildProductsLocation
2026-10-05T12:38:30.6556810Z     cd /Users/runner/work/bookon/bookon/BookonDebug.xcodeproj
2026-10-05T12:38:30.6649040Z     builtin-create-build-directory /Users/runner/Library/Developer/Xcode/DerivedData/BookonDebug-ehazsigvxemoqzdtqumqzfgyfpkz/Build/Intermediates.noindex/ArchiveIntermediates/BookonDebug/InstallationBuildProductsLocation
2026-10-05T12:38:30.6652950Z 
2026-10-05T12:38:30.6655440Z CreateBuildDirectory /Users/runner/Library/Developer/Xcode/DerivedData/BookonDebug-ehazsigvxemoqzdtqumqzfgyfpkz/Build/Intermediates.noindex/ArchiveIntermediates/BookonDebug/IntermediateBuildFilesPath
2026-10-05T12:38:30.6658210Z     cd /Users/runner/work/bookon/bookon/BookonDebug.xcodeproj
2026-10-05T12:38:30.6663010Z     builtin-create-build-directory /Users/runner/Library/Developer/Xcode/DerivedData/BookonDebug-ehazsigvxemoqzdtqumqzfgyfpkz/Build/Intermediates.noindex/ArchiveIntermediates/BookonDebug/IntermediateBuildFilesPath
2026-10-05T12:38:30.6665430Z 
2026-10-05T12:38:30.6666510Z CreateBuildDirectory /Users/runner/Library/Developer/Xcode/DerivedData/BookonDebug-ehazsigvxemoqzdtqumqzfgyfpkz/Build/Intermediates.noindex/ArchiveIntermediates/BookonDebug/BuildProductsPath
2026-10-05T12:38:30.6670790Z     cd /Users/runner/work/bookon/bookon/BookonDebug.xcodeproj
2026-10-05T12:38:30.6682630Z     builtin-create-build-directory /Users/runner/Library/Developer/Xcode/DerivedData/BookonDebug-ehazsigvxemoqzdtqumqzfgyfpkz/Build/Intermediates.noindex/ArchiveIntermediates/BookonDebug/BuildProductsPath
2026-10-05T12:38:30.6741900Z 
2026-10-05T12:38:30.6744360Z ClangStatCache /Applications/Xcode_15.4.app/Contents/Developer/Toolchains/XcodeDefault.xctoolchain/usr/bin/clang-stat-cache /Applications/Xcode_15.4.app/Contents/Developer/Platforms/iPhoneOS.platform/Developer/SDKs/iPhoneOS17.5.sdk /Users/runner/Library/Developer/Xcode/DerivedData/SDKStatCaches.noindex/iphoneos17.5-21F77-f0fa7969d082b13145125136a829df3a.sdkstatcache
2026-10-05T12:38:30.6746130Z     cd /Users/runner/work/bookon/bookon/BookonDebug.xcodeproj
2026-10-05T12:38:30.6748150Z     /Applications/Xcode_15.4.app/Contents/Developer/Toolchains/XcodeDefault.xctoolchain/usr/bin/clang-stat-cache /Applications/Xcode_15.4.app/Contents/Developer/Platforms/iPhoneOS.platform/Developer/SDKs/iPhoneOS17.5.sdk -o /Users/runner/Library/Developer/Xcode/DerivedData/SDKStatCaches.noindex/iphoneos17.5-21F77-f0fa7969d082b13145125136a829df3a.sdkstatcache
2026-10-05T12:38:33.0853830Z 
2026-10-05T12:38:33.0874880Z CreateBuildDirectory /Users/runner/Library/Developer/Xcode/DerivedData/BookonDebug-ehazsigvxemoqzdtqumqzfgyfpkz/Build/Intermediates.noindex/ArchiveIntermediates/BookonDebug/BuildProductsPath/Release-iphoneos
2026-10-05T12:38:33.0888000Z     cd /Users/runner/work/bookon/bookon/BookonDebug.xcodeproj
2026-10-05T12:38:33.0889250Z     builtin-create-build-directory /Users/runner/Library/Developer/Xcode/DerivedData/BookonDebug-ehazsigvxemoqzdtqumqzfgyfpkz/Build/Intermediates.noindex/ArchiveIntermediates/BookonDebug/BuildProductsPath/Release-iphoneos
2026-10-05T12:38:33.0890100Z 
2026-10-05T12:38:33.0890900Z CreateBuildDirectory /Users/runner/Library/Developer/Xcode/DerivedData/BookonDebug-ehazsigvxemoqzdtqumqzfgyfpkz/Build/Intermediates.noindex/ArchiveIntermediates/BookonDebug/IntermediateBuildFilesPath/EagerLinkingTBDs/Release-iphoneos
2026-10-05T12:38:33.0892110Z     cd /Users/runner/work/bookon/bookon/BookonDebug.xcodeproj
2026-10-05T12:38:33.0893300Z     builtin-create-build-directory /Users/runner/Library/Developer/Xcode/DerivedData/BookonDebug-ehazsigvxemoqzdtqumqzfgyfpkz/Build/Intermediates.noindex/ArchiveIntermediates/BookonDebug/IntermediateBuildFilesPath/EagerLinkingTBDs/Release-iphoneos
2026-10-05T12:38:33.0894300Z 
2026-10-05T12:38:33.0895260Z SymLink /Users/runner/Library/Developer/Xcode/DerivedData/BookonDebug-ehazsigvxemoqzdtqumqzfgyfpkz/Build/Intermediates.noindex/ArchiveIntermediates/BookonDebug/BuildProductsPath/Release-iphoneos/SwiftSoup.o ../../IntermediateBuildFilesPath/UninstalledProducts/iphoneos/SwiftSoup.o (in target 'SwiftSoup' from project 'SwiftSoup')
2026-10-05T12:38:33.0899410Z     cd /Users/runner/Library/Developer/Xcode/DerivedData/BookonDebug-ehazsigvxemoqzdtqumqzfgyfpkz/SourcePackages/checkouts/SwiftSoup
2026-10-05T12:38:33.0902470Z     /bin/ln -sfh ../../IntermediateBuildFilesPath/UninstalledProducts/iphoneos/SwiftSoup.o /Users/runner/Library/Developer/Xcode/DerivedData/BookonDebug-ehazsigvxemoqzdtqumqzfgyfpkz/Build/Intermediates.noindex/ArchiveIntermediates/BookonDebug/BuildProductsPath/Release-iphoneos/SwiftSoup.o
2026-10-05T12:38:33.0903470Z 
2026-10-05T12:38:33.0904740Z SymLink /Users/runner/Library/Developer/Xcode/DerivedData/BookonDebug-ehazsigvxemoqzdtqumqzfgyfpkz/Build/Intermediates.noindex/ArchiveIntermediates/BookonDebug/BuildProductsPath/Release-iphoneos/LegadoBookSource_LegadoBookSource.bundle ../../IntermediateBuildFilesPath/UninstalledProducts/iphoneos/LegadoBookSource_LegadoBookSource.bundle (in target 'LegadoBookSource_LegadoBookSource' from project 'LegadoBookSource')
2026-10-05T12:38:33.0908130Z     cd /Users/runner/work/bookon/bookon
2026-10-05T12:38:33.0910700Z     /bin/ln -sfh ../../IntermediateBuildFilesPath/UninstalledProducts/iphoneos/LegadoBookSource_LegadoBookSource.bundle /Users/runner/Library/Developer/Xcode/DerivedData/BookonDebug-ehazsigvxemoqzdtqumqzfgyfpkz/Build/Intermediates.noindex/ArchiveIntermediates/BookonDebug/BuildProductsPath/Release-iphoneos/LegadoBookSource_LegadoBookSource.bundle
2026-10-05T12:38:33.0914100Z 
2026-10-05T12:38:33.0915150Z MkDir /Users/runner/Library/Developer/Xcode/DerivedData/BookonDebug-ehazsigvxemoqzdtqumqzfgyfpkz/Build/Intermediates.noindex/ArchiveIntermediates/BookonDebug/IntermediateBuildFilesPath/UninstalledProducts/iphoneos/LegadoBookSource_LegadoBookSource.bundle (in target 'LegadoBookSource_LegadoBookSource' from project 'LegadoBookSource')
2026-10-05T12:38:33.0916360Z     cd /Users/runner/work/bookon/bookon
2026-10-05T12:38:33.0917500Z     /bin/mkdir -p /Users/runner/Library/Developer/Xcode/DerivedData/BookonDebug-ehazsigvxemoqzdtqumqzfgyfpkz/Build/Intermediates.noindex/ArchiveIntermediates/BookonDebug/IntermediateBuildFilesPath/UninstalledProducts/iphoneos/LegadoBookSource_LegadoBookSource.bundle
2026-10-05T12:38:33.0918500Z 
2026-10-05T12:38:33.0919620Z SymLink /Users/runner/Library/Developer/Xcode/DerivedData/BookonDebug-ehazsigvxemoqzdtqumqzfgyfpkz/Build/Intermediates.noindex/ArchiveIntermediates/BookonDebug/BuildProductsPath/Release-iphoneos/LegadoBookSource.o ../../IntermediateBuildFilesPath/UninstalledProducts/iphoneos/LegadoBookSource.o (in target 'LegadoBookSource' from project 'LegadoBookSource')
2026-10-05T12:38:33.0920990Z     cd /Users/runner/work/bookon/bookon
2026-10-05T12:38:33.0922270Z     /bin/ln -sfh ../../IntermediateBuildFilesPath/UninstalledProducts/iphoneos/LegadoBookSource.o /Users/runner/Library/Developer/Xcode/DerivedData/BookonDebug-ehazsigvxemoqzdtqumqzfgyfpkz/Build/Intermediates.noindex/ArchiveIntermediates/BookonDebug/BuildProductsPath/Release-iphoneos/LegadoBookSource.o
2026-10-05T12:38:33.0923480Z 
2026-10-05T12:38:33.0928280Z SymLink /Users/runner/Library/Developer/Xcode/DerivedData/BookonDebug-ehazsigvxemoqzdtqumqzfgyfpkz/Build/Intermediates.noindex/ArchiveIntermediates/BookonDebug/BuildProductsPath/Release-iphoneos/BookonDebugKit.o ../../IntermediateBuildFilesPath/UninstalledProducts/iphoneos/BookonDebugKit.o (in target 'BookonDebugKit' from project 'LegadoBookSource')
2026-10-05T12:38:33.0932370Z     cd /Users/runner/work/bookon/bookon
2026-10-05T12:38:33.0933540Z     /bin/ln -sfh ../../IntermediateBuildFilesPath/UninstalledProducts/iphoneos/BookonDebugKit.o /Users/runner/Library/Developer/Xcode/DerivedData/BookonDebug-ehazsigvxemoqzdtqumqzfgyfpkz/Build/Intermediates.noindex/ArchiveIntermediates/BookonDebug/BuildProductsPath/Release-iphoneos/BookonDebugKit.o
2026-10-05T12:38:33.0934580Z 
2026-10-05T12:38:33.0935550Z SymLink /Users/runner/Library/Developer/Xcode/DerivedData/BookonDebug-ehazsigvxemoqzdtqumqzfgyfpkz/Build/Intermediates.noindex/ArchiveIntermediates/BookonDebug/BuildProductsPath/Release-iphoneos/BookonDebug.app ../../InstallationBuildProductsLocation/Applications/BookonDebug.app (in target 'BookonDebug' from project 'BookonDebug')
2026-10-05T12:38:33.0936890Z     cd /Users/runner/work/bookon/bookon
2026-10-05T12:38:33.0938040Z     /bin/ln -sfh ../../InstallationBuildProductsLocation/Applications/BookonDebug.app /Users/runner/Library/Developer/Xcode/DerivedData/BookonDebug-ehazsigvxemoqzdtqumqzfgyfpkz/Build/Intermediates.noindex/ArchiveIntermediates/BookonDebug/BuildProductsPath/Release-iphoneos/BookonDebug.app
2026-10-05T12:38:33.0938930Z 
2026-10-05T12:38:33.0939890Z MkDir /Users/runner/Library/Developer/Xcode/DerivedData/BookonDebug-ehazsigvxemoqzdtqumqzfgyfpkz/Build/Intermediates.noindex/ArchiveIntermediates/BookonDebug/InstallationBuildProductsLocation/Applications/BookonDebug.app (in target 'BookonDebug' from project 'BookonDebug')
2026-10-05T12:38:33.0941340Z     cd /Users/runner/work/bookon/bookon
2026-10-05T12:38:33.0942310Z     /bin/mkdir -p /Users/runner/Library/Developer/Xcode/DerivedData/BookonDebug-ehazsigvxemoqzdtqumqzfgyfpkz/Build/Intermediates.noindex/ArchiveIntermediates/BookonDebug/InstallationBuildProductsLocation/Applications/BookonDebug.app
2026-10-05T12:38:33.0943220Z 
2026-10-05T12:38:33.0944110Z CreateBuildDirectory /Users/runner/Library/Developer/Xcode/DerivedData/BookonDebug-ehazsigvxemoqzdtqumqzfgyfpkz/Build/Intermediates.noindex/ArchiveIntermediates/BookonDebug/BuildProductsPath/Release-iphoneos/PackageFrameworks
2026-10-05T12:38:33.0945160Z     cd /Users/runner/work/bookon/bookon/BookonDebug.xcodeproj
2026-10-05T12:38:33.0946240Z     builtin-create-build-directory /Users/runner/Library/Developer/Xcode/DerivedData/BookonDebug-ehazsigvxemoqzdtqumqzfgyfpkz/Build/Intermediates.noindex/ArchiveIntermediates/BookonDebug/BuildProductsPath/Release-iphoneos/PackageFrameworks
2026-10-05T12:38:33.0947130Z 
2026-10-05T12:38:33.0948080Z WriteAuxiliaryFile /Users/runner/Library/Developer/Xcode/DerivedData/BookonDebug-ehazsigvxemoqzdtqumqzfgyfpkz/Build/Intermediates.noindex/ArchiveIntermediates/BookonDebug/IntermediateBuildFilesPath/SwiftSoup.build/Release-iphoneos/SwiftSoup.build/SwiftSoup.modulemap (in target 'SwiftSoup' from project 'SwiftSoup')
2026-10-05T12:38:33.0949620Z     cd /Users/runner/Library/Developer/Xcode/DerivedData/BookonDebug-ehazsigvxemoqzdtqumqzfgyfpkz/SourcePackages/checkouts/SwiftSoup
2026-10-05T12:38:33.0950830Z     write-file /Users/runner/Library/Developer/Xcode/DerivedData/BookonDebug-ehazsigvxemoqzdtqumqzfgyfpkz/Build/Intermediates.noindex/ArchiveIntermediates/BookonDebug/IntermediateBuildFilesPath/SwiftSoup.build/Release-iphoneos/SwiftSoup.build/SwiftSoup.modulemap
2026-10-05T12:38:33.0951710Z 
2026-10-05T12:38:33.0952930Z WriteAuxiliaryFile /Users/runner/Library/Developer/Xcode/DerivedData/BookonDebug-ehazsigvxemoqzdtqumqzfgyfpkz/Build/Intermediates.noindex/ArchiveIntermediates/BookonDebug/IntermediateBuildFilesPath/LegadoBookSource.build/Release-iphoneos/LegadoBookSource_LegadoBookSource.build/empty-LegadoBookSource_LegadoBookSource.plist (in target 'LegadoBookSource_LegadoBookSource' from project 'LegadoBookSource')
2026-10-05T12:38:33.0954410Z     cd /Users/runner/work/bookon/bookon
2026-10-05T12:38:33.0955860Z     write-file /Users/runner/Library/Developer/Xcode/DerivedData/BookonDebug-ehazsigvxemoqzdtqumqzfgyfpkz/Build/Intermediates.noindex/ArchiveIntermediates/BookonDebug/IntermediateBuildFilesPath/LegadoBookSource.build/Release-iphoneos/LegadoBookSource_LegadoBookSource.build/empty-LegadoBookSource_LegadoBookSource.plist
2026-10-05T12:38:33.0958180Z 
2026-10-05T12:38:33.0960150Z CpResource /Users/runner/Library/Developer/Xcode/DerivedData/BookonDebug-ehazsigvxemoqzdtqumqzfgyfpkz/Build/Intermediates.noindex/ArchiveIntermediates/BookonDebug/IntermediateBuildFilesPath/UninstalledProducts/iphoneos/LegadoBookSource_LegadoBookSource.bundle/t2s_exclude.txt /Users/runner/work/bookon/bookon/Sources/LegadoBookSource/Resources/Chinese/t2s_exclude.txt (in target 'LegadoBookSource_LegadoBookSource' from project 'LegadoBookSource')
2026-10-05T12:38:33.0961770Z     cd /Users/runner/work/bookon/bookon
2026-10-05T12:38:33.0963930Z     builtin-copy -exclude .DS_Store -exclude CVS -exclude .svn -exclude .git -exclude .hg -strip-unsigned-binaries -strip-deterministic -strip-tool /Applications/Xcode_15.4.app/Contents/Developer/Toolchains/XcodeDefault.xctoolchain/usr/bin/strip -resolve-src-symlinks /Users/runner/work/bookon/bookon/Sources/LegadoBookSource/Resources/Chinese/t2s_exclude.txt /Users/runner/Library/Developer/Xcode/DerivedData/BookonDebug-ehazsigvxemoqzdtqumqzfgyfpkz/Build/Intermediates.noindex/ArchiveIntermediates/BookonDebug/IntermediateBuildFilesPath/UninstalledProducts/iphoneos/LegadoBookSource_LegadoBookSource.bundle
2026-10-05T12:38:33.0966340Z 
2026-10-05T12:38:33.0968350Z CpResource /Users/runner/Library/Developer/Xcode/DerivedData/BookonDebug-ehazsigvxemoqzdtqumqzfgyfpkz/Build/Intermediates.noindex/ArchiveIntermediates/BookonDebug/IntermediateBuildFilesPath/UninstalledProducts/iphoneos/LegadoBookSource_LegadoBookSource.bundle/t2s.txt /Users/runner/work/bookon/bookon/Sources/LegadoBookSource/Resources/Chinese/t2s.txt (in target 'LegadoBookSource_LegadoBookSource' from project 'LegadoBookSource')
2026-10-05T12:38:33.0971640Z     cd /Users/runner/work/bookon/bookon
2026-10-05T12:38:33.0973940Z     builtin-copy -exclude .DS_Store -exclude CVS -exclude .svn -exclude .git -exclude .hg -strip-unsigned-binaries -strip-deterministic -strip-tool /Applications/Xcode_15.4.app/Contents/Developer/Toolchains/XcodeDefault.xctoolchain/usr/bin/strip -resolve-src-symlinks /Users/runner/work/bookon/bookon/Sources/LegadoBookSource/Resources/Chinese/t2s.txt /Users/runner/Library/Developer/Xcode/DerivedData/BookonDebug-ehazsigvxemoqzdtqumqzfgyfpkz/Build/Intermediates.noindex/ArchiveIntermediates/BookonDebug/IntermediateBuildFilesPath/UninstalledProducts/iphoneos/LegadoBookSource_LegadoBookSource.bundle
2026-10-05T12:38:33.0975750Z 
2026-10-05T12:38:33.0977370Z Copy /Users/runner/Library/Developer/Xcode/DerivedData/BookonDebug-ehazsigvxemoqzdtqumqzfgyfpkz/Build/Intermediates.noindex/ArchiveIntermediates/BookonDebug/IntermediateBuildFilesPath/GeneratedModuleMaps-iphoneos/SwiftSoup.modulemap /Users/runner/Library/Developer/Xcode/DerivedData/BookonDebug-ehazsigvxemoqzdtqumqzfgyfpkz/Build/Intermediates.noindex/ArchiveIntermediates/BookonDebug/IntermediateBuildFilesPath/SwiftSoup.build/Release-iphoneos/SwiftSoup.build/SwiftSoup.modulemap (in target 'SwiftSoup' from project 'SwiftSoup')
2026-10-05T12:38:33.0979700Z     cd /Users/runner/Library/Developer/Xcode/DerivedData/BookonDebug-ehazsigvxemoqzdtqumqzfgyfpkz/SourcePackages/checkouts/SwiftSoup
2026-10-05T12:38:33.0985810Z     builtin-copy -exclude .DS_Store -exclude CVS -exclude .svn -exclude .git -exclude .hg -strip-unsigned-binaries -strip-deterministic -strip-tool /Applications/Xcode_15.4.app/Contents/Developer/Toolchains/XcodeDefault.xctoolchain/usr/bin/strip -resolve-src-symlinks /Users/runner/Library/Developer/Xcode/DerivedData/BookonDebug-ehazsigvxemoqzdtqumqzfgyfpkz/Build/Intermediates.noindex/ArchiveIntermediates/BookonDebug/IntermediateBuildFilesPath/SwiftSoup.build/Release-iphoneos/SwiftSoup.build/SwiftSoup.modulemap /Users/runner/Library/Developer/Xcode/DerivedData/BookonDebug-ehazsigvxemoqzdtqumqzfgyfpkz/Build/Intermediates.noindex/ArchiveIntermediates/BookonDebug/IntermediateBuildFilesPath/GeneratedModuleMaps-iphoneos
2026-10-05T12:38:33.0992210Z 
2026-10-05T12:38:33.0997780Z ProcessInfoPlistFile /Users/runner/Library/Developer/Xcode/DerivedData/BookonDebug-ehazsigvxemoqzdtqumqzfgyfpkz/Build/Intermediates.noindex/ArchiveIntermediates/BookonDebug/IntermediateBuildFilesPath/UninstalledProducts/iphoneos/LegadoBookSource_LegadoBookSource.bundle/Info.plist /Users/runner/Library/Developer/Xcode/DerivedData/BookonDebug-ehazsigvxemoqzdtqumqzfgyfpkz/Build/Intermediates.noindex/ArchiveIntermediates/BookonDebug/IntermediateBuildFilesPath/LegadoBookSource.build/Release-iphoneos/LegadoBookSource_LegadoBookSource.build/empty-LegadoBookSource_LegadoBookSource.plist (in target 'LegadoBookSource_LegadoBookSource' from project 'LegadoBookSource')
2026-10-05T12:38:33.1004070Z     cd /Users/runner/work/bookon/bookon
2026-10-05T12:38:33.1008390Z     builtin-infoPlistUtility /Users/runner/Library/Developer/Xcode/DerivedData/BookonDebug-ehazsigvxemoqzdtqumqzfgyfpkz/Build/Intermediates.noindex/ArchiveIntermediates/BookonDebug/IntermediateBuildFilesPath/LegadoBookSource.build/Release-iphoneos/LegadoBookSource_LegadoBookSource.build/empty-LegadoBookSource_LegadoBookSource.plist -producttype com.apple.product-type.bundle -expandbuildsettings -format binary -platform iphoneos -requiredArchitecture arm64 -o /Users/runner/Library/Developer/Xcode/DerivedData/BookonDebug-ehazsigvxemoqzdtqumqzfgyfpkz/Build/Intermediates.noindex/ArchiveIntermediates/BookonDebug/IntermediateBuildFilesPath/UninstalledProducts/iphoneos/LegadoBookSource_LegadoBookSource.bundle/Info.plist
2026-10-05T12:38:33.1018840Z 
2026-10-05T12:38:33.1020260Z CpResource /Users/runner/Library/Developer/Xcode/DerivedData/BookonDebug-ehazsigvxemoqzdtqumqzfgyfpkz/Build/Intermediates.noindex/ArchiveIntermediates/BookonDebug/IntermediateBuildFilesPath/UninstalledProducts/iphoneos/LegadoBookSource_LegadoBookSource.bundle/s2t.txt /Users/runner/work/bookon/bookon/Sources/LegadoBookSource/Resources/Chinese/s2t.txt (in target 'LegadoBookSource_LegadoBookSource' from project 'LegadoBookSource')
2026-10-05T12:38:33.1024440Z     cd /Users/runner/work/bookon/bookon
2026-10-05T12:38:33.1031360Z     builtin-copy -exclude .DS_Store -exclude CVS -exclude .svn -exclude .git -exclude .hg -strip-unsigned-binaries -strip-deterministic -strip-tool /Applications/Xcode_15.4.app/Contents/Developer/Toolchains/XcodeDefault.xctoolchain/usr/bin/strip -resolve-src-symlinks /Users/runner/work/bookon/bookon/Sources/LegadoBookSource/Resources/Chinese/s2t.txt /Users/runner/Library/Developer/Xcode/DerivedData/BookonDebug-ehazsigvxemoqzdtqumqzfgyfpkz/Build/Intermediates.noindex/ArchiveIntermediates/BookonDebug/IntermediateBuildFilesPath/UninstalledProducts/iphoneos/LegadoBookSource_LegadoBookSource.bundle
2026-10-05T12:38:33.1036730Z 
2026-10-05T12:38:33.1039380Z CpResource /Users/runner/Library/Developer/Xcode/DerivedData/BookonDebug-ehazsigvxemoqzdtqumqzfgyfpkz/Build/Intermediates.noindex/ArchiveIntermediates/BookonDebug/IntermediateBuildFilesPath/UninstalledProducts/iphoneos/LegadoBookSource_LegadoBookSource.bundle/PROVENANCE.md /Users/runner/work/bookon/bookon/Sources/LegadoBookSource/Resources/Chinese/PROVENANCE.md (in target 'LegadoBookSource_LegadoBookSource' from project 'LegadoBookSource')
2026-10-05T12:38:33.1040910Z     cd /Users/runner/work/bookon/bookon
2026-10-05T12:38:33.1044060Z     builtin-copy -exclude .DS_Store -exclude CVS -exclude .svn -exclude .git -exclude .hg -strip-unsigned-binaries -strip-deterministic -strip-tool /Applications/Xcode_15.4.app/Contents/Developer/Toolchains/XcodeDefault.xctoolchain/usr/bin/strip -resolve-src-symlinks /Users/runner/work/bookon/bookon/Sources/LegadoBookSource/Resources/Chinese/PROVENANCE.md /Users/runner/Library/Developer/Xcode/DerivedData/BookonDebug-ehazsigvxemoqzdtqumqzfgyfpkz/Build/Intermediates.noindex/ArchiveIntermediates/BookonDebug/IntermediateBuildFilesPath/UninstalledProducts/iphoneos/LegadoBookSource_LegadoBookSource.bundle
2026-10-05T12:38:33.1049040Z 
2026-10-05T12:38:33.1053150Z WriteAuxiliaryFile /Users/runner/Library/Developer/Xcode/DerivedData/BookonDebug-ehazsigvxemoqzdtqumqzfgyfpkz/Build/Intermediates.noindex/ArchiveIntermediates/BookonDebug/IntermediateBuildFilesPath/SwiftSoup.build/Release-iphoneos/SwiftSoup.build/Objects-normal/arm64/SwiftSoup.LinkFileList (in target 'SwiftSoup' from project 'SwiftSoup')
2026-10-05T12:38:33.1061110Z     cd /Users/runner/Library/Developer/Xcode/DerivedData/BookonDebug-ehazsigvxemoqzdtqumqzfgyfpkz/SourcePackages/checkouts/SwiftSoup
2026-10-05T12:38:33.1062670Z     write-file /Users/runner/Library/Developer/Xcode/DerivedData/BookonDebug-ehazsigvxemoqzdtqumqzfgyfpkz/Build/Intermediates.noindex/ArchiveIntermediates/BookonDebug/IntermediateBuildFilesPath/SwiftSoup.build/Release-iphoneos/SwiftSoup.build/Objects-normal/arm64/SwiftSoup.LinkFileList
2026-10-05T12:38:33.1063820Z 
2026-10-05T12:38:33.1064860Z WriteAuxiliaryFile /Users/runner/Library/Developer/Xcode/DerivedData/BookonDebug-ehazsigvxemoqzdtqumqzfgyfpkz/Build/Intermediates.noindex/ArchiveIntermediates/BookonDebug/IntermediateBuildFilesPath/SwiftSoup.build/Release-iphoneos/SwiftSoup.build/Objects-normal/arm64/SwiftSoup_const_extract_protocols.json (in target 'SwiftSoup' from project 'SwiftSoup')
2026-10-05T12:38:33.1066810Z     cd /Users/runner/Library/Developer/Xcode/DerivedData/BookonDebug-ehazsigvxemoqzdtqumqzfgyfpkz/SourcePackages/checkouts/SwiftSoup
2026-10-05T12:38:33.1068410Z     write-file /Users/runner/Library/Developer/Xcode/DerivedData/BookonDebug-ehazsigvxemoqzdtqumqzfgyfpkz/Build/Intermediates.noindex/ArchiveIntermediates/BookonDebug/IntermediateBuildFilesPath/SwiftSoup.build/Release-iphoneos/SwiftSoup.build/Objects-normal/arm64/SwiftSoup_const_extract_protocols.json
2026-10-05T12:38:33.1070110Z 
2026-10-05T12:38:33.1071080Z WriteAuxiliaryFile /Users/runner/Library/Developer/Xcode/DerivedData/BookonDebug-ehazsigvxemoqzdtqumqzfgyfpkz/Build/Intermediates.noindex/ArchiveIntermediates/BookonDebug/IntermediateBuildFilesPath/SwiftSoup.build/Release-iphoneos/SwiftSoup.build/Objects-normal/arm64/SwiftSoup.SwiftFileList (in target 'SwiftSoup' from project 'SwiftSoup')
2026-10-05T12:38:33.1072840Z     cd /Users/runner/Library/Developer/Xcode/DerivedData/BookonDebug-ehazsigvxemoqzdtqumqzfgyfpkz/SourcePackages/checkouts/SwiftSoup
2026-10-05T12:38:33.1077220Z     write-file /Users/runner/Library/Developer/Xcode/DerivedData/BookonDebug-ehazsigvxemoqzdtqumqzfgyfpkz/Build/Intermediates.noindex/ArchiveIntermediates/BookonDebug/IntermediateBuildFilesPath/SwiftSoup.build/Release-iphoneos/SwiftSoup.build/Objects-normal/arm64/SwiftSoup.SwiftFileList
2026-10-05T12:38:33.1079830Z 
2026-10-05T12:38:33.1082800Z WriteAuxiliaryFile /Users/runner/Library/Developer/Xcode/DerivedData/BookonDebug-ehazsigvxemoqzdtqumqzfgyfpkz/Build/Intermediates.noindex/ArchiveIntermediates/BookonDebug/IntermediateBuildFilesPath/SwiftSoup.build/Release-iphoneos/SwiftSoup.build/Objects-normal/arm64/SwiftSoup-OutputFileMap.json (in target 'SwiftSoup' from project 'SwiftSoup')
2026-10-05T12:38:33.1087650Z     cd /Users/runner/Library/Developer/Xcode/DerivedData/BookonDebug-ehazsigvxemoqzdtqumqzfgyfpkz/SourcePackages/checkouts/SwiftSoup
2026-10-05T12:38:33.1089360Z     write-file /Users/runner/Library/Developer/Xcode/DerivedData/BookonDebug-ehazsigvxemoqzdtqumqzfgyfpkz/Build/Intermediates.noindex/ArchiveIntermediates/BookonDebug/IntermediateBuildFilesPath/SwiftSoup.build/Release-iphoneos/SwiftSoup.build/Objects-normal/arm64/SwiftSoup-OutputFileMap.json
2026-10-05T12:38:33.1090990Z 
2026-10-05T12:38:33.1092030Z SetOwnerAndGroup runner:staff /Users/runner/Library/Developer/Xcode/DerivedData/BookonDebug-ehazsigvxemoqzdtqumqzfgyfpkz/Build/Intermediates.noindex/ArchiveIntermediates/BookonDebug/IntermediateBuildFilesPath/UninstalledProducts/iphoneos/LegadoBookSource_LegadoBookSource.bundle (in target 'LegadoBookSource_LegadoBookSource' from project 'LegadoBookSource')
2026-10-05T12:38:33.1093380Z     cd /Users/runner/work/bookon/bookon
2026-10-05T12:38:33.1094920Z     /usr/sbin/chown -RH runner:staff /Users/runner/Library/Developer/Xcode/DerivedData/BookonDebug-ehazsigvxemoqzdtqumqzfgyfpkz/Build/Intermediates.noindex/ArchiveIntermediates/BookonDebug/IntermediateBuildFilesPath/UninstalledProducts/iphoneos/LegadoBookSource_LegadoBookSource.bundle
2026-10-05T12:38:33.1098190Z 
2026-10-05T12:38:33.1101270Z SetMode u+w,go-w,a+rX /Users/runner/Library/Developer/Xcode/DerivedData/BookonDebug-ehazsigvxemoqzdtqumqzfgyfpkz/Build/Intermediates.noindex/ArchiveIntermediates/BookonDebug/IntermediateBuildFilesPath/UninstalledProducts/iphoneos/LegadoBookSource_LegadoBookSource.bundle (in target 'LegadoBookSource_LegadoBookSource' from project 'LegadoBookSource')
2026-10-05T12:38:33.1105130Z     cd /Users/runner/work/bookon/bookon
2026-10-05T12:38:33.1107950Z     /bin/chmod -RH u+w,go-w,a+rX /Users/runner/Library/Developer/Xcode/DerivedData/BookonDebug-ehazsigvxemoqzdtqumqzfgyfpkz/Build/Intermediates.noindex/ArchiveIntermediates/BookonDebug/IntermediateBuildFilesPath/UninstalledProducts/iphoneos/LegadoBookSource_LegadoBookSource.bundle
2026-10-05T12:38:33.1111640Z 
2026-10-05T12:38:33.1116370Z RegisterExecutionPolicyException /Users/runner/Library/Developer/Xcode/DerivedData/BookonDebug-ehazsigvxemoqzdtqumqzfgyfpkz/Build/Intermediates.noindex/ArchiveIntermediates/BookonDebug/IntermediateBuildFilesPath/UninstalledProducts/iphoneos/LegadoBookSource_LegadoBookSource.bundle (in target 'LegadoBookSource_LegadoBookSource' from project 'LegadoBookSource')
2026-10-05T12:38:33.1120150Z     cd /Users/runner/work/bookon/bookon
2026-10-05T12:38:33.1123010Z     builtin-RegisterExecutionPolicyException /Users/runner/Library/Developer/Xcode/DerivedData/BookonDebug-ehazsigvxemoqzdtqumqzfgyfpkz/Build/Intermediates.noindex/ArchiveIntermediates/BookonDebug/IntermediateBuildFilesPath/UninstalledProducts/iphoneos/LegadoBookSource_LegadoBookSource.bundle
2026-10-05T12:38:33.1126860Z 
2026-10-05T12:38:33.1129920Z Touch /Users/runner/Library/Developer/Xcode/DerivedData/BookonDebug-ehazsigvxemoqzdtqumqzfgyfpkz/Build/Intermediates.noindex/ArchiveIntermediates/BookonDebug/IntermediateBuildFilesPath/UninstalledProducts/iphoneos/LegadoBookSource_LegadoBookSource.bundle (in target 'LegadoBookSource_LegadoBookSource' from project 'LegadoBookSource')
2026-10-05T12:38:33.1134230Z     cd /Users/runner/work/bookon/bookon
2026-10-05T12:38:33.1137090Z     /usr/bin/touch -c /Users/runner/Library/Developer/Xcode/DerivedData/BookonDebug-ehazsigvxemoqzdtqumqzfgyfpkz/Build/Intermediates.noindex/ArchiveIntermediates/BookonDebug/IntermediateBuildFilesPath/UninstalledProducts/iphoneos/LegadoBookSource_LegadoBookSource.bundle
2026-10-05T12:38:33.1139810Z 
2026-10-05T12:38:33.1140680Z SwiftDriver SwiftSoup normal arm64 com.apple.xcode.tools.swift.compiler (in target 'SwiftSoup' from project 'SwiftSoup')
2026-10-05T12:38:33.1142980Z     cd /Users/runner/Library/Developer/Xcode/DerivedData/BookonDebug-ehazsigvxemoqzdtqumqzfgyfpkz/SourcePackages/checkouts/SwiftSoup
2026-10-05T12:38:33.1159650Z     builtin-SwiftDriver -- /Applications/Xcode_15.4.app/Contents/Developer/Toolchains/XcodeDefault.xctoolchain/usr/bin/swiftc -module-name SwiftSoup -O -whole-module-optimization -enforce-exclusivity\=checked @/Users/runner/Library/Developer/Xcode/DerivedData/BookonDebug-ehazsigvxemoqzdtqumqzfgyfpkz/Build/Intermediates.noindex/ArchiveIntermediates/BookonDebug/IntermediateBuildFilesPath/SwiftSoup.build/Release-iphoneos/SwiftSoup.build/Objects-normal/arm64/SwiftSoup.SwiftFileList -DSWIFT_PACKAGE -DXcode -sdk /Applications/Xcode_15.4.app/Contents/Developer/Platforms/iPhoneOS.platform/Developer/SDKs/iPhoneOS17.5.sdk -target arm64-apple-ios13.0 -g -module-cache-path /Users/runner/Library/Developer/Xcode/DerivedData/ModuleCache.noindex -Xfrontend -serialize-debugging-options -suppress-warnings -swift-version 5 -I /Users/runner/Library/Developer/Xcode/DerivedData/BookonDebug-ehazsigvxemoqzdtqumqzfgyfpkz/Build/Intermediates.noindex/ArchiveIntermediates/BookonDebug/BuildProductsPath/Release-iphoneos -I /Applications/Xcode_15.4.app/Contents/Developer/Platforms/iPhoneOS.platform/Developer/usr/lib -F /Users/runner/Library/Developer/Xcode/DerivedData/BookonDebug-ehazsigvxemoqzdtqumqzfgyfpkz/Build/Intermediates.noindex/ArchiveIntermediates/BookonDebug/BuildProductsPath/Release-iphoneos -F /Applications/Xcode_15.4.app/Contents/Developer/Platforms/iPhoneOS.platform/Developer/Library/Frameworks -F /Applications/Xcode_15.4.app/Contents/Developer/Platforms/iPhoneOS.platform/Developer/SDKs/iPhoneOS17.5.sdk/Developer/Library/Frameworks -c -num-threads 3 -Xcc -ivfsstatcache -Xcc /Users/runner/Library/Developer/Xcode/DerivedData/SDKStatCaches.noindex/iphoneos17.5-21F77-f0fa7969d082b13145125136a829df3a.sdkstatcache -output-file-map /Users/runner/Library/Developer/Xcode/DerivedData/BookonDebug-ehazsigvxemoqzdtqumqzfgyfpkz/Build/Intermediates.noindex/ArchiveIntermediates/BookonDebug/IntermediateBuildFilesPath/SwiftSoup.build/Release-iphoneos/SwiftSoup.build/Objects-normal/arm64/SwiftSoup-OutputFileMap.json -use-frontend-parseable-output -save-temps -no-color-diagnostics -serialize-diagnostics -emit-dependencies -emit-module -emit-module-path /Users/runner/Library/Developer/Xcode/DerivedData/BookonDebug-ehazsigvxemoqzdtqumqzfgyfpkz/Build/Intermediates.noindex/ArchiveIntermediates/BookonDebug/IntermediateBuildFilesPath/SwiftSoup.build/Release-iphoneos/SwiftSoup.build/Objects-normal/arm64/SwiftSoup.swiftmodule -validate-clang-modules-once -clang-build-session-file /Users/runner/Library/Developer/Xcode/DerivedData/ModuleCache.noindex/Session.modulevalidation -Xfrontend -package-name -Xfrontend swiftsoup -Xcc -I/Users/runner/Library/Developer/Xcode/DerivedData/BookonDebug-ehazsigvxemoqzdtqumqzfgyfpkz/Build/Intermediates.noindex/ArchiveIntermediates/BookonDebug/IntermediateBuildFilesPath/SwiftSoup.build/Release-iphoneos/SwiftSoup.build/swift-overrides.hmap -emit-const-values -Xfrontend -const-gather-protocols-file -Xfrontend /Users/runner/Library/Developer/Xcode/DerivedData/BookonDebug-ehazsigvxemoqzdtqumqzfgyfpkz/Build/Intermediates.noindex/ArchiveIntermediates/BookonDebug/IntermediateBuildFilesPath/SwiftSoup.build/Release-iphoneos/SwiftSoup.build/Objects-normal/arm64/SwiftSoup_const_extract_protocols.json -Xcc -I/Users/runner/Library/Developer/Xcode/DerivedData/BookonDebug-ehazsigvxemoqzdtqumqzfgyfpkz/Build/Intermediates.noindex/ArchiveIntermediates/BookonDebug/BuildProductsPath/Release-iphoneos/include -Xcc -I/Users/runner/Library/Developer/Xcode/DerivedData/BookonDebug-ehazsigvxemoqzdtqumqzfgyfpkz/Build/Intermediates.noindex/ArchiveIntermediates/BookonDebug/IntermediateBuildFilesPath/SwiftSoup.build/Release-iphoneos/SwiftSoup.build/DerivedSources-normal/arm64 -Xcc -I/Users/runner/Library/Developer/Xcode/DerivedData/BookonDebug-ehazsigvxemoqzdtqumqzfgyfpkz/Build/Intermediates.noindex/ArchiveIntermediates/BookonDebug/IntermediateBuildFilesPath/SwiftSoup.build/Release-iphoneos/SwiftSoup.build/DerivedSources/arm64 -Xcc -I/Users/runner/Library/Developer/Xcode/DerivedData/BookonDebug-ehazsigvxemoqzdtqumqzfgyfpkz/Build/Intermediates.noindex/ArchiveIntermediates/BookonDebug/IntermediateBuildFilesPath/SwiftSoup.build/Release-iphoneos/SwiftSoup.build/DerivedSources -Xcc -DSWIFT_PACKAGE -emit-objc-header -emit-objc-header-path /Users/runner/Library/Developer/Xcode/DerivedData/BookonDebug-ehazsigvxemoqzdtqumqzfgyfpkz/Build/Intermediates.noindex/ArchiveIntermediates/BookonDebug/IntermediateBuildFilesPath/SwiftSoup.build/Release-iphoneos/SwiftSoup.build/Objects-normal/arm64/SwiftSoup-Swift.h -working-directory /Users/runner/Library/Developer/Xcode/DerivedData/BookonDebug-ehazsigvxemoqzdtqumqzfgyfpkz/SourcePackages/checkouts/SwiftSoup -no-emit-module-separately-wmo
2026-10-05T12:38:33.1710670Z 
2026-10-05T12:38:33.1754130Z SwiftDriver\ Compilation SwiftSoup normal arm64 com.apple.xcode.tools.swift.compiler (in target 'SwiftSoup' from project 'SwiftSoup')
2026-10-05T12:38:33.1756460Z     cd /Users/runner/Library/Developer/Xcode/DerivedData/BookonDebug-ehazsigvxemoqzdtqumqzfgyfpkz/SourcePackages/checkouts/SwiftSoup
2026-10-05T12:38:33.1789270Z     builtin-Swift-Compilation -- /Applications/Xcode_15.4.app/Contents/Developer/Toolchains/XcodeDefault.xctoolchain/usr/bin/swiftc -module-name SwiftSoup -O -whole-module-optimization -enforce-exclusivity\=checked @/Users/runner/Library/Developer/Xcode/DerivedData/BookonDebug-ehazsigvxemoqzdtqumqzfgyfpkz/Build/Intermediates.noindex/ArchiveIntermediates/BookonDebug/IntermediateBuildFilesPath/SwiftSoup.build/Release-iphoneos/SwiftSoup.build/Objects-normal/arm64/SwiftSoup.SwiftFileList -DSWIFT_PACKAGE -DXcode -sdk /Applications/Xcode_15.4.app/Contents/Developer/Platforms/iPhoneOS.platform/Developer/SDKs/iPhoneOS17.5.sdk -target arm64-apple-ios13.0 -g -module-cache-path /Users/runner/Library/Developer/Xcode/DerivedData/ModuleCache.noindex -Xfrontend -serialize-debugging-options -suppress-warnings -swift-version 5 -I /Users/runner/Library/Developer/Xcode/DerivedData/BookonDebug-ehazsigvxemoqzdtqumqzfgyfpkz/Build/Intermediates.noindex/ArchiveIntermediates/BookonDebug/BuildProductsPath/Release-iphoneos -I /Applications/Xcode_15.4.app/Contents/Developer/Platforms/iPhoneOS.platform/Developer/usr/lib -F /Users/runner/Library/Developer/Xcode/DerivedData/BookonDebug-ehazsigvxemoqzdtqumqzfgyfpkz/Build/Intermediates.noindex/ArchiveIntermediates/BookonDebug/BuildProductsPath/Release-iphoneos -F /Applications/Xcode_15.4.app/Contents/Developer/Platforms/iPhoneOS.platform/Developer/Library/Frameworks -F /Applications/Xcode_15.4.app/Contents/Developer/Platforms/iPhoneOS.platform/Developer/SDKs/iPhoneOS17.5.sdk/Developer/Library/Frameworks -c -num-threads 3 -Xcc -ivfsstatcache -Xcc /Users/runner/Library/Developer/Xcode/DerivedData/SDKStatCaches.noindex/iphoneos17.5-21F77-f0fa7969d082b13145125136a829df3a.sdkstatcache -output-file-map /Users/runner/Library/Developer/Xcode/DerivedData/BookonDebug-ehazsigvxemoqzdtqumqzfgyfpkz/Build/Intermediates.noindex/ArchiveIntermediates/BookonDebug/IntermediateBuildFilesPath/SwiftSoup.build/Release-iphoneos/SwiftSoup.build/Objects-normal/arm64/SwiftSoup-OutputFileMap.json -use-frontend-parseable-output -save-temps -no-color-diagnostics -serialize-diagnostics -emit-dependencies -emit-module -emit-module-path /Users/runner/Library/Developer/Xcode/DerivedData/BookonDebug-ehazsigvxemoqzdtqumqzfgyfpkz/Build/Intermediates.noindex/ArchiveIntermediates/BookonDebug/IntermediateBuildFilesPath/SwiftSoup.build/Release-iphoneos/SwiftSoup.build/Objects-normal/arm64/SwiftSoup.swiftmodule -validate-clang-modules-once -clang-build-session-file /Users/runner/Library/Developer/Xcode/DerivedData/ModuleCache.noindex/Session.modulevalidation -Xfrontend -package-name -Xfrontend swiftsoup -Xcc -I/Users/runner/Library/Developer/Xcode/DerivedData/BookonDebug-ehazsigvxemoqzdtqumqzfgyfpkz/Build/Intermediates.noindex/ArchiveIntermediates/BookonDebug/IntermediateBuildFilesPath/SwiftSoup.build/Release-iphoneos/SwiftSoup.build/swift-overrides.hmap -emit-const-values -Xfrontend -const-gather-protocols-file -Xfrontend /Users/runner/Library/Developer/Xcode/DerivedData/BookonDebug-ehazsigvxemoqzdtqumqzfgyfpkz/Build/Intermediates.noindex/ArchiveIntermediates/BookonDebug/IntermediateBuildFilesPath/SwiftSoup.build/Release-iphoneos/SwiftSoup.build/Objects-normal/arm64/SwiftSoup_const_extract_protocols.json -Xcc -I/Users/runner/Library/Developer/Xcode/DerivedData/BookonDebug-ehazsigvxemoqzdtqumqzfgyfpkz/Build/Intermediates.noindex/ArchiveIntermediates/BookonDebug/BuildProductsPath/Release-iphoneos/include -Xcc -I/Users/runner/Library/Developer/Xcode/DerivedData/BookonDebug-ehazsigvxemoqzdtqumqzfgyfpkz/Build/Intermediates.noindex/ArchiveIntermediates/BookonDebug/IntermediateBuildFilesPath/SwiftSoup.build/Release-iphoneos/SwiftSoup.build/DerivedSources-normal/arm64 -Xcc -I/Users/runner/Library/Developer/Xcode/DerivedData/BookonDebug-ehazsigvxemoqzdtqumqzfgyfpkz/Build/Intermediates.noindex/ArchiveIntermediates/BookonDebug/IntermediateBuildFilesPath/SwiftSoup.build/Release-iphoneos/SwiftSoup.build/DerivedSources/arm64 -Xcc -I/Users/runner/Library/Developer/Xcode/DerivedData/BookonDebug-ehazsigvxemoqzdtqumqzfgyfpkz/Build/Intermediates.noindex/ArchiveIntermediates/BookonDebug/IntermediateBuildFilesPath/SwiftSoup.build/Release-iphoneos/SwiftSoup.build/DerivedSources -Xcc -DSWIFT_PACKAGE -emit-objc-header -emit-objc-header-path /Users/runner/Library/Developer/Xcode/DerivedData/BookonDebug-ehazsigvxemoqzdtqumqzfgyfpkz/Build/Intermediates.noindex/ArchiveIntermediates/BookonDebug/IntermediateBuildFilesPath/SwiftSoup.build/Release-iphoneos/SwiftSoup.build/Objects-normal/arm64/SwiftSoup-Swift.h -working-directory /Users/runner/Library/Developer/Xcode/DerivedData/BookonDebug-ehazsigvxemoqzdtqumqzfgyfpkz/SourcePackages/checkouts/SwiftSoup -no-emit-module-separately-wmo
2026-10-05T12:38:33.1818070Z 
2026-10-05T12:38:33.1853750Z SwiftCompile normal arm64 Compiling\ ArrayExt.swift,\ Attribute.swift,\ Attributes.swift,\ BinarySearch.swift,\ BooleanAttribute.swift,\ CharacterExt.swift,\ CharacterReader.swift,\ Cleaner.swift,\ Collector.swift,\ CombiningEvaluator.swift,\ Comment.swift,\ Connection.swift,\ CssSelector.swift,\ DataNode.swift,\ DataUtil.swift,\ Document.swift,\ DocumentType.swift,\ Element.swift,\ Elements.swift,\ Entities.swift,\ Evaluator.swift,\ Exception.swift,\ FormElement.swift,\ HtmlTreeBuilder.swift,\ HtmlTreeBuilderState.swift,\ HttpStatusException.swift,\ Mutex.swift,\ Node.swift,\ NodeTraversor.swift,\ NodeVisitor.swift,\ OrderedSet.swift,\ ParseError.swift,\ ParseErrorList.swift,\ ParseSettings.swift,\ Parser.swift,\ ParsingStrings.swift,\ Pattern.swift,\ QueryParser.swift,\ SerializationException.swift,\ SimpleDictionary.swift,\ StreamReader.swift,\ String.swift,\ StringBuilder.swift,\ StringUtil.swift,\ StructuralEvaluator.swift,\ SwiftSoup.swift,\ Tag.swift,\ TextNode.swift,\ Token.swift,\ TokenQueue.swift,\ Tokeniser.swift,\ TokeniserState.swift,\ TreeBuilder.swift,\ UTF8Arrays.swift,\ UnfairLock.swift,\ UnicodeScalar.swift,\ Validate.swift,\ Whitelist.swift,\ XmlDeclaration.swift,\ XmlTreeBuilder.swift /Users/runner/Library/Developer/Xcode/DerivedData/BookonDebug-ehazsigvxemoqzdtqumqzfgyfpkz/SourcePackages/checkouts/SwiftSoup/Sources/ArrayExt.swift /Users/runner/Library/Developer/Xcode/DerivedData/BookonDebug-ehazsigvxemoqzdtqumqzfgyfpkz/SourcePackages/checkouts/SwiftSoup/Sources/Attribute.swift /Users/runner/Library/Developer/Xcode/DerivedData/BookonDebug-ehazsigvxemoqzdtqumqzfgyfpkz/SourcePackages/checkouts/SwiftSoup/Sources/Attributes.swift /Users/runner/Library/Developer/Xcode/DerivedData/BookonDebug-ehazsigvxemoqzdtqumqzfgyfpkz/SourcePackages/checkouts/SwiftSoup/Sources/BinarySearch.swift /Users/runner/Library/Developer/Xcode/DerivedData/BookonDebug-ehazsigvxemoqzdtqumqzfgyfpkz/SourcePackages/checkouts/SwiftSoup/Sources/BooleanAttribute.swift /Users/runner/Library/Developer/Xcode/DerivedData/BookonDebug-ehazsigvxemoqzdtqumqzfgyfpkz/SourcePackages/checkouts/SwiftSoup/Sources/CharacterExt.swift /Users/runner/Library/Developer/Xcode/DerivedData/BookonDebug-ehazsigvxemoqzdtqumqzfgyfpkz/SourcePackages/checkouts/SwiftSoup/Sources/CharacterReader.swift /Users/runner/Library/Developer/Xcode/DerivedData/BookonDebug-ehazsigvxemoqzdtqumqzfgyfpkz/SourcePackages/checkouts/SwiftSoup/Sources/Cleaner.swift /Users/runner/Library/Developer/Xcode/DerivedData/BookonDebug-ehazsigvxemoqzdtqumqzfgyfpkz/SourcePackages/checkouts/SwiftSoup/Sources/Collector.swift /Users/runner/Library/Developer/Xcode/DerivedData/BookonDebug-ehazsigvxemoqzdtqumqzfgyfpkz/SourcePackages/checkouts/SwiftSoup/Sources/CombiningEvaluator.swift /Users/runner/Library/Developer/Xcode/DerivedData/BookonDebug-ehazsigvxemoqzdtqumqzfgyfpkz/SourcePackages/checkouts/SwiftSoup/Sources/Comment.swift /Users/runner/Library/Developer/Xcode/DerivedData/BookonDebug-ehazsigvxemoqzdtqumqzfgyfpkz/SourcePackages/checkouts/SwiftSoup/Sources/Connection.swift /Users/runner/Library/Developer/Xcode/DerivedData/BookonDebug-ehazsigvxemoqzdtqumqzfgyfpkz/SourcePackages/checkouts/SwiftSoup/Sources/CssSelector.swift /Users/runner/Library/Developer/Xcode/DerivedData/BookonDebug-ehazsigvxemoqzdtqumqzfgyfpkz/SourcePackages/checkouts/SwiftSoup/Sources/DataNode.swift /Users/runner/Library/Developer/Xcode/DerivedData/BookonDebug-ehazsigvxemoqzdtqumqzfgyfpkz/SourcePackages/checkouts/SwiftSoup/Sources/DataUtil.swift /Users/runner/Library/Developer/Xcode/DerivedData/BookonDebug-ehazsigvxemoqzdtqumqzfgyfpkz/SourcePackages/checkouts/SwiftSoup/Sources/Document.swift /Users/runner/Library/Developer/Xcode/DerivedData/BookonDebug-ehazsigvxemoqzdtqumqzfgyfpkz/SourcePackages/checkouts/SwiftSoup/Sources/DocumentType.swift /Users/runner/Library/Developer/Xcode/DerivedData/BookonDebug-ehazsigvxemoqzdtqumqzfgyfpkz/SourcePackages/checkouts/SwiftSoup/Sources/Element.swift /Users/runner/Library/Developer/Xcode/DerivedData/BookonDebug-ehazsigvxemoqzdtqumqzfgyfpkz/SourcePackages/checkouts/SwiftSoup/Sources/Elements.swift /Users/runner/Library/Developer/Xcode/DerivedData/BookonDebug-ehazsigvxemoqzdtqumqzfgyfpkz/SourcePackages/checkouts/SwiftSoup/Sources/Entities.swift /Users/runner/Library/Developer/Xcode/DerivedData/BookonDebug-ehazsigvxemoqzdtqumqzfgyfpkz/SourcePackages/checkouts/SwiftSoup/Sources/Evaluator.swift /Users/runner/Library/Developer/Xcode/DerivedData/BookonDebug-ehazsigvxemoqzdtqumqzfgyfpkz/SourcePackages/checkouts/SwiftSoup/Sources/Exception.swift /Users/runner/Library/Developer/Xcode/DerivedData/BookonDebug-ehazsigvxemoqzdtqumqzfgyfpkz/SourcePackages/checkouts/SwiftSoup/Sources/FormElement.swift /Users/runner/Library/Developer/Xcode/DerivedData/BookonDebug-ehazsigvxemoqzdtqumqzfgyfpkz/SourcePackages/checkouts/SwiftSoup/Sources/HtmlTreeBuilder.swift /Users/runner/Library/Developer/Xcode/DerivedData/BookonDebug-ehazsigvxemoqzdtqumqzfgyfpkz/SourcePackages/checkouts/SwiftSoup/Sources/HtmlTreeBuilderState.swift /Users/runner/Library/Developer/Xcode/DerivedData/BookonDebug-ehazsigvxemoqzdtqumqzfgyfpkz/SourcePackages/checkouts/SwiftSoup/Sources/HttpStatusException.swift /Users/runner/Library/Developer/Xcode/DerivedData/BookonDebug-ehazsigvxemoqzdtqumqzfgyfpkz/SourcePackages/checkouts/SwiftSoup/Sources/Mutex.swift /Users/runner/Library/Developer/Xcode/DerivedData/BookonDebug-ehazsigvxemoqzdtqumqzfgyfpkz/SourcePackages/checkouts/SwiftSoup/Sources/Node.swift /Users/runner/Library/Developer/Xcode/DerivedData/BookonDebug-ehazsigvxemoqzdtqumqzfgyfpkz/SourcePackages/checkouts/SwiftSoup/Sources/NodeTraversor.swift /Users/runner/Library/Developer/Xcode/DerivedData/BookonDebug-ehazsigvxemoqzdtqumqzfgyfpkz/SourcePackages/checkouts/SwiftSoup/Sources/NodeVisitor.swift /Users/runner/Library/Developer/Xcode/DerivedData/BookonDebug-ehazsigvxemoqzdtqumqzfgyfpkz/SourcePackages/checkouts/SwiftSoup/Sources/OrderedSet.swift /Users/runner/Library/Developer/Xcode/DerivedData/BookonDebug-ehazsigvxemoqzdtqumqzfgyfpkz/SourcePackages/checkouts/SwiftSoup/Sources/ParseError.swift /Users/runner/Library/Developer/Xcode/DerivedData/BookonDebug-ehazsigvxemoqzdtqumqzfgyfpkz/SourcePackages/checkouts/SwiftSoup/Sources/ParseErrorList.swift /Users/runner/Library/Developer/Xcode/DerivedData/BookonDebug-ehazsigvxemoqzdtqumqzfgyfpkz/SourcePackages/checkouts/SwiftSoup/Sources/ParseSettings.swift /Users/runner/Library/Developer/Xcode/DerivedData/BookonDebug-ehazsigvxemoqzdtqumqzfgyfpkz/SourcePackages/checkouts/SwiftSoup/Sources/Parser.swift /Users/runner/Library/Developer/Xcode/DerivedData/BookonDebug-ehazsigvxemoqzdtqumqzfgyfpkz/SourcePackages/checkouts/SwiftSoup/Sources/ParsingStrings.swift /Users/runner/Library/Developer/Xcode/DerivedData/BookonDebug-ehazsigvxemoqzdtqumqzfgyfpkz/SourcePackages/checkouts/SwiftSoup/Sources/Pattern.swift /Users/runner/Library/Developer/Xcode/DerivedData/BookonDebug-ehazsigvxemoqzdtqumqzfgyfpkz/SourcePackages/checkouts/SwiftSoup/Sources/QueryParser.swift /Users/runner/Library/Developer/Xcode/DerivedData/BookonDebug-ehazsigvxemoqzdtqumqzfgyfpkz/SourcePackages/checkouts/SwiftSoup/Sources/SerializationException.swift /Users/runner/Library/Developer/Xcode/DerivedData/BookonDebug-ehazsigvxemoqzdtqumqzfgyfpkz/SourcePackages/checkouts/SwiftSoup/Sources/SimpleDictionary.swift /Users/runner/Library/Developer/Xcode/DerivedData/BookonDebug-ehazsigvxemoqzdtqumqzfgyfpkz/SourcePackages/checkouts/SwiftSoup/Sources/StreamReader.swift /Users/runner/Library/Developer/Xcode/DerivedData/BookonDebug-ehazsigvxemoqzdtqumqzfgyfpkz/SourcePackages/checkouts/SwiftSoup/Sources/String.swift /Users/runner/Library/Developer/Xcode/DerivedData/BookonDebug-ehazsigvxemoqzdtqumqzfgyfpkz/SourcePackages/checkouts/SwiftSoup/Sources/StringBuilder.swift /Users/runner/Library/Developer/Xcode/DerivedData/BookonDebug-ehazsigvxemoqzdtqumqzfgyfpkz/SourcePackages/checkouts/SwiftSoup/Sources/StringUtil.swift /Users/runner/Library/Developer/Xcode/DerivedData/BookonDebug-ehazsigvxemoqzdtqumqzfgyfpkz/SourcePackages/checkouts/SwiftSoup/Sources/StructuralEvaluator.swift /Users/runner/Library/Developer/Xcode/DerivedData/BookonDebug-ehazsigvxemoqzdtqumqzfgyfpkz/SourcePackages/checkouts/SwiftSoup/Sources/SwiftSoup.swift /Users/runner/Library/Developer/Xcode/DerivedData/BookonDebug-ehazsigvxemoqzdtqumqzfgyfpkz/SourcePackages/checkouts/SwiftSoup/Sources/Tag.swift /Users/runner/Library/Developer/Xcode/DerivedData/BookonDebug-ehazsigvxemoqzdtqumqzfgyfpkz/SourcePackages/checkouts/SwiftSoup/Sources/TextNode.swift /Users/runner/Library/Developer/Xcode/DerivedData/BookonDebug-ehazsigvxemoqzdtqumqzfgyfpkz/SourcePackages/checkouts/SwiftSoup/Sources/Token.swift /Users/runner/Library/Developer/Xcode/DerivedData/BookonDebug-ehazsigvxemoqzdtqumqzfgyfpkz/SourcePackages/checkouts/SwiftSoup/Sources/TokenQueue.swift /Users/runner/Library/Developer/Xcode/DerivedData/BookonDebug-ehazsigvxemoqzdtqumqzfgyfpkz/SourcePackages/checkouts/SwiftSoup/Sources/Tokeniser.swift /Users/runner/Library/Developer/Xcode/DerivedData/BookonDebug-ehazsigvxemoqzdtqumqzfgyfpkz/SourcePackages/checkouts/SwiftSoup/Sources/TokeniserState.swift /Users/runner/Library/Developer/Xcode/DerivedData/BookonDebug-ehazsigvxemoqzdtqumqzfgyfpkz/SourcePackages/checkouts/SwiftSoup/Sources/TreeBuilder.swift /Users/runner/Library/Developer/Xcode/DerivedData/BookonDebug-ehazsigvxemoqzdtqumqzfgyfpkz/SourcePackages/checkouts/SwiftSoup/Sources/UTF8Arrays.swift /Users/runner/Library/Developer/Xcode/DerivedData/BookonDebug-ehazsigvxemoqzdtqumqzfgyfpkz/SourcePackages/checkouts/SwiftSoup/Sources/UnfairLock.swift /Users/runner/Library/Developer/Xcode/DerivedData/BookonDebug-ehazsigvxemoqzdtqumqzfgyfpkz/SourcePackages/checkouts/SwiftSoup/Sources/UnicodeScalar.swift /Users/runner/Library/Developer/Xcode/DerivedData/BookonDebug-ehazsigvxemoqzdtqumqzfgyfpkz/SourcePackages/checkouts/SwiftSoup/Sources/Validate.swift /Users/runner/Library/Developer/Xcode/DerivedData/BookonDebug-ehazsigvxemoqzdtqumqzfgyfpkz/SourcePackages/checkouts/SwiftSoup/Sources/Whitelist.swift /Users/runner/Library/Developer/Xcode/DerivedData/BookonDebug-ehazsigvxemoqzdtqumqzfgyfpkz/SourcePackages/checkouts/SwiftSoup/Sources/XmlDeclaration.swift /Users/runner/Library/Developer/Xcode/DerivedData/BookonDebug-ehazsigvxemoqzdtqumqzfgyfpkz/SourcePackages/checkouts/SwiftSoup/Sources/XmlTreeBuilder.swift (in target 'SwiftSoup' from project 'SwiftSoup')
2026-10-05T12:38:33.1888860Z     cd /Users/runner/Library/Developer/Xcode/DerivedData/BookonDebug-ehazsigvxemoqzdtqumqzfgyfpkz/SourcePackages/checkouts/SwiftSoup
2026-10-05T12:38:33.2066560Z     builtin-swiftTaskExecution -- /Applications/Xcode_15.4.app/Contents/Developer/Toolchains/XcodeDefault.xctoolchain/usr/bin/swift-frontend -frontend -c /Users/runner/Library/Developer/Xcode/DerivedData/BookonDebug-ehazsigvxemoqzdtqumqzfgyfpkz/SourcePackages/checkouts/SwiftSoup/Sources/ArrayExt.swift /Users/runner/Library/Developer/Xcode/DerivedData/BookonDebug-ehazsigvxemoqzdtqumqzfgyfpkz/SourcePackages/checkouts/SwiftSoup/Sources/Attribute.swift /Users/runner/Library/Developer/Xcode/DerivedData/BookonDebug-ehazsigvxemoqzdtqumqzfgyfpkz/SourcePackages/checkouts/SwiftSoup/Sources/Attributes.swift /Users/runner/Library/Developer/Xcode/DerivedData/BookonDebug-ehazsigvxemoqzdtqumqzfgyfpkz/SourcePackages/checkouts/SwiftSoup/Sources/BinarySearch.swift /Users/runner/Library/Developer/Xcode/DerivedData/BookonDebug-ehazsigvxemoqzdtqumqzfgyfpkz/SourcePackages/checkouts/SwiftSoup/Sources/BooleanAttribute.swift /Users/runner/Library/Developer/Xcode/DerivedData/BookonDebug-ehazsigvxemoqzdtqumqzfgyfpkz/SourcePackages/checkouts/SwiftSoup/Sources/CharacterExt.swift /Users/runner/Library/Developer/Xcode/DerivedData/BookonDebug-ehazsigvxemoqzdtqumqzfgyfpkz/SourcePackages/checkouts/SwiftSoup/Sources/CharacterReader.swift /Users/runner/Library/Developer/Xcode/DerivedData/BookonDebug-ehazsigvxemoqzdtqumqzfgyfpkz/SourcePackages/checkouts/SwiftSoup/Sources/Cleaner.swift /Users/runner/Library/Developer/Xcode/DerivedData/BookonDebug-ehazsigvxemoqzdtqumqzfgyfpkz/SourcePackages/checkouts/SwiftSoup/Sources/Collector.swift /Users/runner/Library/Developer/Xcode/DerivedData/BookonDebug-ehazsigvxemoqzdtqumqzfgyfpkz/SourcePackages/checkouts/SwiftSoup/Sources/CombiningEvaluator.swift /Users/runner/Library/Developer/Xcode/DerivedData/BookonDebug-ehazsigvxemoqzdtqumqzfgyfpkz/SourcePackages/checkouts/SwiftSoup/Sources/Comment.swift /Users/runner/Library/Developer/Xcode/DerivedData/BookonDebug-ehazsigvxemoqzdtqumqzfgyfpkz/SourcePackages/checkouts/SwiftSoup/Sources/Connection.swift /Users/runner/Library/Developer/Xcode/DerivedData/BookonDebug-ehazsigvxemoqzdtqumqzfgyfpkz/SourcePackages/checkouts/SwiftSoup/Sources/CssSelector.swift /Users/runner/Library/Developer/Xcode/DerivedData/BookonDebug-ehazsigvxemoqzdtqumqzfgyfpkz/SourcePackages/checkouts/SwiftSoup/Sources/DataNode.swift /Users/runner/Library/Developer/Xcode/DerivedData/BookonDebug-ehazsigvxemoqzdtqumqzfgyfpkz/SourcePackages/checkouts/SwiftSoup/Sources/DataUtil.swift /Users/runner/Library/Developer/Xcode/DerivedData/BookonDebug-ehazsigvxemoqzdtqumqzfgyfpkz/SourcePackages/checkouts/SwiftSoup/Sources/Document.swift /Users/runner/Library/Developer/Xcode/DerivedData/BookonDebug-ehazsigvxemoqzdtqumqzfgyfpkz/SourcePackages/checkouts/SwiftSoup/Sources/DocumentType.swift /Users/runner/Library/Developer/Xcode/DerivedData/BookonDebug-ehazsigvxemoqzdtqumqzfgyfpkz/SourcePackages/checkouts/SwiftSoup/Sources/Element.swift /Users/runner/Library/Developer/Xcode/DerivedData/BookonDebug-ehazsigvxemoqzdtqumqzfgyfpkz/SourcePackages/checkouts/SwiftSoup/Sources/Elements.swift /Users/runner/Library/Developer/Xcode/DerivedData/BookonDebug-ehazsigvxemoqzdtqumqzfgyfpkz/SourcePackages/checkouts/SwiftSoup/Sources/Entities.swift /Users/runner/Library/Developer/Xcode/DerivedData/BookonDebug-ehazsigvxemoqzdtqumqzfgyfpkz/SourcePackages/checkouts/SwiftSoup/Sources/Evaluator.swift /Users/runner/Library/Developer/Xcode/DerivedData/BookonDebug-ehazsigvxemoqzdtqumqzfgyfpkz/SourcePackages/checkouts/SwiftSoup/Sources/Exception.swift /Users/runner/Library/Developer/Xcode/DerivedData/BookonDebug-ehazsigvxemoqzdtqumqzfgyfpkz/SourcePackages/checkouts/SwiftSoup/Sources/FormElement.swift /Users/runner/Library/Developer/Xcode/DerivedData/BookonDebug-ehazsigvxemoqzdtqumqzfgyfpkz/SourcePackages/checkouts/SwiftSoup/Sources/HtmlTreeBuilder.swift /Users/runner/Library/Developer/Xcode/DerivedData/BookonDebug-ehazsigvxemoqzdtqumqzfgyfpkz/SourcePackages/checkouts/SwiftSoup/Sources/HtmlTreeBuilderState.swift /Users/runner/Library/Developer/Xcode/DerivedData/BookonDebug-ehazsigvxemoqzdtqumqzfgyfpkz/SourcePackages/checkouts/SwiftSoup/Sources/HttpStatusException.swift /Users/runner/Library/Developer/Xcode/DerivedData/BookonDebug-ehazsigvxemoqzdtqumqzfgyfpkz/SourcePackages/checkouts/SwiftSoup/Sources/Mutex.swift /Users/runner/Library/Developer/Xcode/DerivedData/BookonDebug-ehazsigvxemoqzdtqumqzfgyfpkz/SourcePackages/checkouts/SwiftSoup/Sources/Node.swift /Users/runner/Library/Developer/Xcode/DerivedData/BookonDebug-ehazsigvxemoqzdtqumqzfgyfpkz/SourcePackages/checkouts/SwiftSoup/Sources/NodeTraversor.swift /Users/runner/Library/Developer/Xcode/DerivedData/BookonDebug-ehazsigvxemoqzdtqumqzfgyfpkz/SourcePackages/checkouts/SwiftSoup/Sources/NodeVisitor.swift /Users/runner/Library/Developer/Xcode/DerivedData/BookonDebug-ehazsigvxemoqzdtqumqzfgyfpkz/SourcePackages/checkouts/SwiftSoup/Sources/OrderedSet.swift /Users/runner/Library/Developer/Xcode/DerivedData/BookonDebug-ehazsigvxemoqzdtqumqzfgyfpkz/SourcePackages/checkouts/SwiftSoup/Sources/ParseError.swift /Users/runner/Library/Developer/Xcode/DerivedData/BookonDebug-ehazsigvxemoqzdtqumqzfgyfpkz/SourcePackages/checkouts/SwiftSoup/Sources/ParseErrorList.swift /Users/runner/Library/Developer/Xcode/DerivedData/BookonDebug-ehazsigvxemoqzdtqumqzfgyfpkz/SourcePackages/checkouts/SwiftSoup/Sources/ParseSettings.swift /Users/runner/Library/Developer/Xcode/DerivedData/BookonDebug-ehazsigvxemoqzdtqumqzfgyfpkz/SourcePackages/checkouts/SwiftSoup/Sources/Parser.swift /Users/runner/Library/Developer/Xcode/DerivedData/BookonDebug-ehazsigvxemoqzdtqumqzfgyfpkz/SourcePackages/checkouts/SwiftSoup/Sources/ParsingStrings.swift /Users/runner/Library/Developer/Xcode/DerivedData/BookonDebug-ehazsigvxemoqzdtqumqzfgyfpkz/SourcePackages/checkouts/SwiftSoup/Sources/Pattern.swift /Users/runner/Library/Developer/Xcode/DerivedData/BookonDebug-ehazsigvxemoqzdtqumqzfgyfpkz/SourcePackages/checkouts/SwiftSoup/Sources/QueryParser.swift /Users/runner/Library/Developer/Xcode/DerivedData/BookonDebug-ehazsigvxemoqzdtqumqzfgyfpkz/SourcePackages/checkouts/SwiftSoup/Sources/SerializationException.swift /Users/runner/Library/Developer/Xcode/DerivedData/BookonDebug-ehazsigvxemoqzdtqumqzfgyfpkz/SourcePackages/checkouts/SwiftSoup/Sources/SimpleDictionary.swift /Users/runner/Library/Developer/Xcode/DerivedData/BookonDebug-ehazsigvxemoqzdtqumqzfgyfpkz/SourcePackages/checkouts/SwiftSoup/Sources/StreamReader.swift /Users/runner/Library/Developer/Xcode/DerivedData/BookonDebug-ehazsigvxemoqzdtqumqzfgyfpkz/SourcePackages/checkouts/SwiftSoup/Sources/String.swift /Users/runner/Library/Developer/Xcode/DerivedData/BookonDebug-ehazsigvxemoqzdtqumqzfgyfpkz/SourcePackages/checkouts/SwiftSoup/Sources/StringBuilder.swift /Users/runner/Library/Developer/Xcode/DerivedData/BookonDebug-ehazsigvxemoqzdtqumqzfgyfpkz/SourcePackages/checkouts/SwiftSoup/Sources/StringUtil.swift /Users/runner/Library/Developer/Xcode/DerivedData/BookonDebug-ehazsigvxemoqzdtqumqzfgyfpkz/SourcePackages/checkouts/SwiftSoup/Sources/StructuralEvaluator.swift /Users/runner/Library/Developer/Xcode/DerivedData/BookonDebug-ehazsigvxemoqzdtqumqzfgyfpkz/SourcePackages/checkouts/SwiftSoup/Sources/SwiftSoup.swift /Users/runner/Library/Developer/Xcode/DerivedData/BookonDebug-ehazsigvxemoqzdtqumqzfgyfpkz/SourcePackages/checkouts/SwiftSoup/Sources/Tag.swift /Users/runner/Library/Developer/Xcode/DerivedData/BookonDebug-ehazsigvxemoqzdtqumqzfgyfpkz/SourcePackages/checkouts/SwiftSoup/Sources/TextNode.swift /Users/runner/Library/Developer/Xcode/DerivedData/BookonDebug-ehazsigvxemoqzdtqumqzfgyfpkz/SourcePackages/checkouts/SwiftSoup/Sources/Token.swift /Users/runner/Library/Developer/Xcode/DerivedData/BookonDebug-ehazsigvxemoqzdtqumqzfgyfpkz/SourcePackages/checkouts/SwiftSoup/Sources/TokenQueue.swift /Users/runner/Library/Developer/Xcode/DerivedData/BookonDebug-ehazsigvxemoqzdtqumqzfgyfpkz/SourcePackages/checkouts/SwiftSoup/Sources/Tokeniser.swift /Users/runner/Library/Developer/Xcode/DerivedData/BookonDebug-ehazsigvxemoqzdtqumqzfgyfpkz/SourcePackages/checkouts/SwiftSoup/Sources/TokeniserState.swift /Users/runner/Library/Developer/Xcode/DerivedData/BookonDebug-ehazsigvxemoqzdtqumqzfgyfpkz/SourcePackages/checkouts/SwiftSoup/Sources/TreeBuilder.swift /Users/runner/Library/Developer/Xcode/DerivedData/BookonDebug-ehazsigvxemoqzdtqumqzfgyfpkz/SourcePackages/checkouts/SwiftSoup/Sources/UTF8Arrays.swift /Users/runner/Library/Developer/Xcode/DerivedData/BookonDebug-ehazsigvxemoqzdtqumqzfgyfpkz/SourcePackages/checkouts/SwiftSoup/Sources/UnfairLock.swift /Users/runner/Library/Developer/Xcode/DerivedData/BookonDebug-ehazsigvxemoqzdtqumqzfgyfpkz/SourcePackages/checkouts/SwiftSoup/Sources/UnicodeScalar.swift /Users/runner/Library/Developer/Xcode/DerivedData/BookonDebug-ehazsigvxemoqzdtqumqzfgyfpkz/SourcePackages/checkouts/SwiftSoup/Sources/Validate.swift /Users/runner/Library/Developer/Xcode/DerivedData/BookonDebug-ehazsigvxemoqzdtqumqzfgyfpkz/SourcePackages/checkouts/SwiftSoup/Sources/Whitelist.swift /Users/runner/Library/Developer/Xcode/DerivedData/BookonDebug-ehazsigvxemoqzdtqumqzfgyfpkz/SourcePackages/checkouts/SwiftSoup/Sources/XmlDeclaration.swift /Users/runner/Library/Developer/Xcode/DerivedData/BookonDebug-ehazsigvxemoqzdtqumqzfgyfpkz/SourcePackages/checkouts/SwiftSoup/Sources/XmlTreeBuilder.swift -supplementary-output-file-map /Users/runner/Library/Developer/Xcode/DerivedData/BookonDebug-ehazsigvxemoqzdtqumqzfgyfpkz/Build/Intermediates.noindex/ArchiveIntermediates/BookonDebug/IntermediateBuildFilesPath/SwiftSoup.build/Release-iphoneos/SwiftSoup.build/Objects-normal/arm64/supplementaryOutputs-1 -target arm64-apple-ios13.0 -Xllvm -aarch64-use-tbi -enable-objc-interop -stack-check -sdk /Applications/Xcode_15.4.app/Contents/Developer/Platforms/iPhoneOS.platform/Developer/SDKs/iPhoneOS17.5.sdk -I /Users/runner/Library/Developer/Xcode/DerivedData/BookonDebug-ehazsigvxemoqzdtqumqzfgyfpkz/Build/Intermediates.noindex/ArchiveIntermediates/BookonDebug/BuildProductsPath/Release-iphoneos -I /Applications/Xcode_15.4.app/Contents/Developer/Platforms/iPhoneOS.platform/Developer/usr/lib -F /Users/runner/Library/Developer/Xcode/DerivedData/BookonDebug-ehazsigvxemoqzdtqumqzfgyfpkz/Build/Intermediates.noindex/ArchiveIntermediates/BookonDebug/BuildProductsPath/Release-iphoneos -F /Applications/Xcode_15.4.app/Contents/Developer/Platforms/iPhoneOS.platform/Developer/Library/Frameworks -F /Applications/Xcode_15.4.app/Contents/Developer/Platforms/iPhoneOS.platform/Developer/SDKs/iPhoneOS17.5.sdk/Developer/Library/Frameworks -no-color-diagnostics -g -module-cache-path /Users/runner/Library/Developer/Xcode/DerivedData/ModuleCache.noindex -suppress-warnings -swift-version 5 -enforce-exclusivity\=checked -O -D SWIFT_PACKAGE -D Xcode -serialize-debugging-options -package-name swiftsoup -const-gather-protocols-file /Users/runner/Library/Developer/Xcode/DerivedData/BookonDebug-ehazsigvxemoqzdtqumqzfgyfpkz/Build/Intermediates.noindex/ArchiveIntermediates/BookonDebug/IntermediateBuildFilesPath/SwiftSoup.build/Release-iphoneos/SwiftSoup.build/Objects-normal/arm64/SwiftSoup_const_extract_protocols.json -empty-abi-descriptor -validate-clang-modules-once -clang-build-session-file /Users/runner/Library/Developer/Xcode/DerivedData/ModuleCache.noindex/Session.modulevalidation -Xcc -working-directory -Xcc /Users/runner/Library/Developer/Xcode/DerivedData/BookonDebug-ehazsigvxemoqzdtqumqzfgyfpkz/SourcePackages/checkouts/SwiftSoup -resource-dir /Applications/Xcode_15.4.app/Contents/Developer/Toolchains/XcodeDefault.xctoolchain/usr/lib/swift -Xcc -ivfsstatcache -Xcc /Users/runner/Library/Developer/Xcode/DerivedData/SDKStatCaches.noindex/iphoneos17.5-21F77-f0fa7969d082b13145125136a829df3a.sdkstatcache -Xcc -I/Users/runner/Library/Developer/Xcode/DerivedData/BookonDebug-ehazsigvxemoqzdtqumqzfgyfpkz/Build/Intermediates.noindex/ArchiveIntermediates/BookonDebug/IntermediateBuildFilesPath/SwiftSoup.build/Release-iphoneos/SwiftSoup.build/swift-overrides.hmap -Xcc -I/Users/runner/Library/Developer/Xcode/DerivedData/BookonDebug-ehazsigvxemoqzdtqumqzfgyfpkz/Build/Intermediates.noindex/ArchiveIntermediates/BookonDebug/BuildProductsPath/Release-iphoneos/include -Xcc -I/Users/runner/Library/Developer/Xcode/DerivedData/BookonDebug-ehazsigvxemoqzdtqumqzfgyfpkz/Build/Intermediates.noindex/ArchiveIntermediates/BookonDebug/IntermediateBuildFilesPath/SwiftSoup.build/Release-iphoneos/SwiftSoup.build/DerivedSources-normal/arm64 -Xcc -I/Users/runner/Library/Developer/Xcode/DerivedData/BookonDebug-ehazsigvxemoqzdtqumqzfgyfpkz/Build/Intermediates.noindex/ArchiveIntermediates/BookonDebug/IntermediateBuildFilesPath/SwiftSoup.build/Release-iphoneos/SwiftSoup.build/DerivedSources/arm64 -Xcc -I/Users/runner/Library/Developer/Xcode/DerivedData/BookonDebug-ehazsigvxemoqzdtqumqzfgyfpkz/Build/Intermediates.noindex/ArchiveIntermediates/BookonDebug/IntermediateBuildFilesPath/SwiftSoup.build/Release-iphoneos/SwiftSoup.build/DerivedSources -Xcc -DSWIFT_PACKAGE -module-name SwiftSoup -frontend-parseable-output -disable-clang-spi -target-sdk-version 17.5 -target-sdk-name iphoneos17.5 -external-plugin-path /Applications/Xcode_15.4.app/Contents/Developer/Platforms/iPhoneOS.platform/Developer/SDKs/iPhoneOS17.5.sdk/usr/lib/swift/host/plugins\#/Applications/Xcode_15.4.app/Contents/Developer/Platforms/iPhoneOS.platform/Developer/SDKs/iPhoneOS17.5.sdk/usr/bin/swift-plugin-server -external-plugin-path /Applications/Xcode_15.4.app/Contents/Developer/Platforms/iPhoneOS.platform/Developer/SDKs/iPhoneOS17.5.sdk/usr/local/lib/swift/host/plugins\#/Applications/Xcode_15.4.app/Contents/Developer/Platforms/iPhoneOS.platform/Developer/SDKs/iPhoneOS17.5.sdk/usr/bin/swift-plugin-server -external-plugin-path /Applications/Xcode_15.4.app/Contents/Developer/Platforms/iPhoneOS.platform/Developer/usr/lib/swift/host/plugins\#/Applications/Xcode_15.4.app/Contents/Developer/Platforms/iPhoneOS.platform/Developer/usr/bin/swift-plugin-server -external-plugin-path /Applications/Xcode_15.4.app/Contents/Developer/Platforms/iPhoneOS.platform/Developer/usr/local/lib/swift/host/plugins\#/Applications/Xcode_15.4.app/Contents/Developer/Platforms/iPhoneOS.platform/Developer/usr/bin/swift-plugin-server -plugin-path /Applications/Xcode_15.4.app/Contents/Developer/Toolchains/XcodeDefault.xctoolchain/usr/lib/swift/host/plugins -plugin-path /Applications/Xcode_15.4.app/Contents/Developer/Toolchains/XcodeDefault.xctoolchain/usr/local/lib/swift/host/plugins -enable-default-cmo -num-threads 3 -o /Users/runner/Library/Developer/Xcode/DerivedData/BookonDebug-ehazsigvxemoqzdtqumqzfgyfpkz/Build/Intermediates.noindex/ArchiveIntermediates/BookonDebug/IntermediateBuildFilesPath/SwiftSoup.build/Release-iphoneos/SwiftSoup.build/Objects-normal/arm64/ArrayExt.o -o /Users/runner/Library/Developer/Xcode/DerivedData/BookonDebug-ehazsigvxemoqzdtqumqzfgyfpkz/Build/Intermediates.noindex/ArchiveIntermediates/BookonDebug/IntermediateBuildFilesPath/SwiftSoup.build/Release-iphoneos/SwiftSoup.build/Objects-normal/arm64/Attribute.o -o /Users/runner/Library/Developer/Xcode/DerivedData/BookonDebug-ehazsigvxemoqzdtqumqzfgyfpkz/Build/Intermediates.noindex/ArchiveIntermediates/BookonDebug/IntermediateBuildFilesPath/SwiftSoup.build/Release-iphoneos/SwiftSoup.build/Objects-normal/arm64/Attributes.o -o /Users/runner/Library/Developer/Xcode/DerivedData/BookonDebug-ehazsigvxemoqzdtqumqzfgyfpkz/Build/Intermediates.noindex/ArchiveIntermediates/BookonDebug/IntermediateBuildFilesPath/SwiftSoup.build/Release-iphoneos/SwiftSoup.build/Objects-normal/arm64/BinarySearch.o -o /Users/runner/Library/Developer/Xcode/DerivedData/BookonDebug-ehazsigvxemoqzdtqumqzfgyfpkz/Build/Intermediates.noindex/ArchiveIntermediates/BookonDebug/IntermediateBuildFilesPath/SwiftSoup.build/Release-iphoneos/SwiftSoup.build/Objects-normal/arm64/BooleanAttribute.o -o /Users/runner/Library/Developer/Xcode/DerivedData/BookonDebug-ehazsigvxemoqzdtqumqzfgyfpkz/Build/Intermediates.noindex/ArchiveIntermediates/BookonDebug/IntermediateBuildFilesPath/SwiftSoup.build/Release-iphoneos/SwiftSoup.build/Objects-normal/arm64/CharacterExt.o -o /Users/runner/Library/Developer/Xcode/DerivedData/BookonDebug-ehazsigvxemoqzdtqumqzfgyfpkz/Build/Intermediates.noindex/ArchiveIntermediates/BookonDebug/IntermediateBuildFilesPath/SwiftSoup.build/Release-iphoneos/SwiftSoup.build/Objects-normal/arm64/CharacterReader.o -o /Users/runner/Library/Developer/Xcode/DerivedData/BookonDebug-ehazsigvxemoqzdtqumqzfgyfpkz/Build/Intermediates.noindex/ArchiveIntermediates/BookonDebug/IntermediateBuildFilesPath/SwiftSoup.build/Release-iphoneos/SwiftSoup.build/Objects-normal/arm64/Cleaner.o -o /Users/runner/Library/Developer/Xcode/DerivedData/BookonDebug-ehazsigvxemoqzdtqumqzfgyfpkz/Build/Intermediates.noindex/ArchiveIntermediates/BookonDebug/IntermediateBuildFilesPath/SwiftSoup.build/Release-iphoneos/SwiftSoup.build/Objects-normal/arm64/Collector.o -o /Users/runner/Library/Developer/Xcode/DerivedData/BookonDebug-ehazsigvxemoqzdtqumqzfgyfpkz/Build/Intermediates.noindex/ArchiveIntermediates/BookonDebug/IntermediateBuildFilesPath/SwiftSoup.build/Release-iphoneos/SwiftSoup.build/Objects-normal/arm64/CombiningEvaluator.o -o /Users/runner/Library/Developer/Xcode/DerivedData/BookonDebug-ehazsigvxemoqzdtqumqzfgyfpkz/Build/Intermediates.noindex/ArchiveIntermediates/BookonDebug/IntermediateBuildFilesPath/SwiftSoup.build/Release-iphoneos/SwiftSoup.build/Objects-normal/arm64/Comment.o -o /Users/runner/Library/Developer/Xcode/DerivedData/BookonDebug-ehazsigvxemoqzdtqumqzfgyfpkz/Build/Intermediates.noindex/ArchiveIntermediates/BookonDebug/IntermediateBuildFilesPath/SwiftSoup.build/Release-iphoneos/SwiftSoup.build/Objects-normal/arm64/Connection.o -o /Users/runner/Library/Developer/Xcode/DerivedData/BookonDebug-ehazsigvxemoqzdtqumqzfgyfpkz/Build/Intermediates.noindex/ArchiveIntermediates/BookonDebug/IntermediateBuildFilesPath/SwiftSoup.build/Release-iphoneos/SwiftSoup.build/Objects-normal/arm64/CssSelector.o -o /Users/runner/Library/Developer/Xcode/DerivedData/BookonDebug-ehazsigvxemoqzdtqumqzfgyfpkz/Build/Intermediates.noindex/ArchiveIntermediates/BookonDebug/IntermediateBuildFilesPath/SwiftSoup.build/Release-iphoneos/SwiftSoup.build/Objects-normal/arm64/DataNode.o -o /Users/runner/Library/Developer/Xcode/DerivedData/BookonDebug-ehazsigvxemoqzdtqumqzfgyfpkz/Build/Intermediates.noindex/ArchiveIntermediates/BookonDebug/IntermediateBuildFilesPath/SwiftSoup.build/Release-iphoneos/SwiftSoup.build/Objects-normal/arm64/DataUtil.o -o /Users/runner/Library/Developer/Xcode/DerivedData/BookonDebug-ehazsigvxemoqzdtqumqzfgyfpkz/Build/Intermediates.noindex/ArchiveIntermediates/BookonDebug/IntermediateBuildFilesPath/SwiftSoup.build/Release-iphoneos/SwiftSoup.build/Objects-normal/arm64/Document.o -o /Users/runner/Library/Developer/Xcode/DerivedData/BookonDebug-ehazsigvxemoqzdtqumqzfgyfpkz/Build/Intermediates.noindex/ArchiveIntermediates/BookonDebug/IntermediateBuildFilesPath/SwiftSoup.build/Release-iphoneos/SwiftSoup.build/Objects-normal/arm64/DocumentType.o -o /Users/runner/Library/Developer/Xcode/DerivedData/BookonDebug-ehazsigvxemoqzdtqumqzfgyfpkz/Build/Intermediates.noindex/ArchiveIntermediates/BookonDebug/IntermediateBuildFilesPath/SwiftSoup.build/Release-iphoneos/SwiftSoup.build/Objects-normal/arm64/Element.o -o /Users/runner/Library/Developer/Xcode/DerivedData/BookonDebug-ehazsigvxemoqzdtqumqzfgyfpkz/Build/Intermediates.noindex/ArchiveIntermediates/BookonDebug/IntermediateBuildFilesPath/SwiftSoup.build/Release-iphoneos/SwiftSoup.build/Objects-normal/arm64/Elements.o -o /Users/runner/Library/Developer/Xcode/DerivedData/BookonDebug-ehazsigvxemoqzdtqumqzfgyfpkz/Build/Intermediates.noindex/ArchiveIntermediates/BookonDebug/IntermediateBuildFilesPath/SwiftSoup.build/Release-iphoneos/SwiftSoup.build/Objects-normal/arm64/Entities.o -o /Users/runner/Library/Developer/Xcode/DerivedData/BookonDebug-ehazsigvxemoqzdtqumqzfgyfpkz/Build/Intermediates.noindex/ArchiveIntermediates/BookonDebug/IntermediateBuildFilesPath/SwiftSoup.build/Release-iphoneos/SwiftSoup.build/Objects-normal/arm64/Evaluator.o -o /Users/runner/Library/Developer/Xcode/DerivedData/BookonDebug-ehazsigvxemoqzdtqumqzfgyfpkz/Build/Intermediates.noindex/ArchiveIntermediates/BookonDebug/IntermediateBuildFilesPath/SwiftSoup.build/Release-iphoneos/SwiftSoup.build/Objects-normal/arm64/Exception.o -o /Users/runner/Library/Developer/Xcode/DerivedData/BookonDebug-ehazsigvxemoqzdtqumqzfgyfpkz/Build/Intermediates.noindex/ArchiveIntermediates/BookonDebug/IntermediateBuildFilesPath/SwiftSoup.build/Release-iphoneos/SwiftSoup.build/Objects-normal/arm64/FormElement.o -o /Users/runner/Library/Developer/Xcode/DerivedData/BookonDebug-ehazsigvxemoqzdtqumqzfgyfpkz/Build/Intermediates.noindex/ArchiveIntermediates/BookonDebug/IntermediateBuildFilesPath/SwiftSoup.build/Release-iphoneos/SwiftSoup.build/Objects-normal/arm64/HtmlTreeBuilder.o -o /Users/runner/Library/Developer/Xcode/DerivedData/BookonDebug-ehazsigvxemoqzdtqumqzfgyfpkz/Build/Intermediates.noindex/ArchiveIntermediates/BookonDebug/IntermediateBuildFilesPath/SwiftSoup.build/Release-iphoneos/SwiftSoup.build/Objects-normal/arm64/HtmlTreeBuilderState.o -o /Users/runner/Library/Developer/Xcode/DerivedData/BookonDebug-ehazsigvxemoqzdtqumqzfgyfpkz/Build/Intermediates.noindex/ArchiveIntermediates/BookonDebug/IntermediateBuildFilesPath/SwiftSoup.build/Release-iphoneos/SwiftSoup.build/Objects-normal/arm64/HttpStatusException.o -o /Users/runner/Library/Developer/Xcode/DerivedData/BookonDebug-ehazsigvxemoqzdtqumqzfgyfpkz/Build/Intermediates.noindex/ArchiveIntermediates/BookonDebug/IntermediateBuildFilesPath/SwiftSoup.build/Release-iphoneos/SwiftSoup.build/Objects-normal/arm64/Mutex.o -o /Users/runner/Library/Developer/Xcode/DerivedData/BookonDebug-ehazsigvxemoqzdtqumqzfgyfpkz/Build/Intermediates.noindex/ArchiveIntermediates/BookonDebug/IntermediateBuildFilesPath/SwiftSoup.build/Release-iphoneos/SwiftSoup.build/Objects-normal/arm64/Node.o -o /Users/runner/Library/Developer/Xcode/DerivedData/BookonDebug-ehazsigvxemoqzdtqumqzfgyfpkz/Build/Intermediates.noindex/ArchiveIntermediates/BookonDebug/IntermediateBuildFilesPath/SwiftSoup.build/Release-iphoneos/SwiftSoup.build/Objects-normal/arm64/NodeTraversor.o -o /Users/runner/Library/Developer/Xcode/DerivedData/BookonDebug-ehazsigvxemoqzdtqumqzfgyfpkz/Build/Intermediates.noindex/ArchiveIntermediates/BookonDebug/IntermediateBuildFilesPath/SwiftSoup.build/Release-iphoneos/SwiftSoup.build/Objects-normal/arm64/NodeVisitor.o -o /Users/runner/Library/Developer/Xcode/DerivedData/BookonDebug-ehazsigvxemoqzdtqumqzfgyfpkz/Build/Intermediates.noindex/ArchiveIntermediates/BookonDebug/IntermediateBuildFilesPath/SwiftSoup.build/Release-iphoneos/SwiftSoup.build/Objects-normal/arm64/OrderedSet.o -o /Users/runner/Library/Developer/Xcode/DerivedData/BookonDebug-ehazsigvxemoqzdtqumqzfgyfpkz/Build/Intermediates.noindex/ArchiveIntermediates/BookonDebug/IntermediateBuildFilesPath/SwiftSoup.build/Release-iphoneos/SwiftSoup.build/Objects-normal/arm64/ParseError.o -o /Users/runner/Library/Developer/Xcode/DerivedData/BookonDebug-ehazsigvxemoqzdtqumqzfgyfpkz/Build/Intermediates.noindex/ArchiveIntermediates/BookonDebug/IntermediateBuildFilesPath/SwiftSoup.build/Release-iphoneos/SwiftSoup.build/Objects-normal/arm64/ParseErrorList.o -o /Users/runner/Library/Developer/Xcode/DerivedData/BookonDebug-ehazsigvxemoqzdtqumqzfgyfpkz/Build/Intermediates.noindex/ArchiveIntermediates/BookonDebug/IntermediateBuildFilesPath/SwiftSoup.build/Release-iphoneos/SwiftSoup.build/Objects-normal/arm64/ParseSettings.o -o /Users/runner/Library/Developer/Xcode/DerivedData/BookonDebug-ehazsigvxemoqzdtqumqzfgyfpkz/Build/Intermediates.noindex/ArchiveIntermediates/BookonDebug/IntermediateBuildFilesPath/SwiftSoup.build/Release-iphoneos/SwiftSoup.build/Objects-normal/arm64/Parser.o -o /Users/runner/Library/Developer/Xcode/DerivedData/BookonDebug-ehazsigvxemoqzdtqumqzfgyfpkz/Build/Intermediates.noindex/ArchiveIntermediates/BookonDebug/IntermediateBuildFilesPath/SwiftSoup.build/Release-iphoneos/SwiftSoup.build/Objects-normal/arm64/ParsingStrings.o -o /Users/runner/Library/Developer/Xcode/DerivedData/BookonDebug-ehazsigvxemoqzdtqumqzfgyfpkz/Build/Intermediates.noindex/ArchiveIntermediates/BookonDebug/IntermediateBuildFilesPath/SwiftSoup.build/Release-iphoneos/SwiftSoup.build/Objects-normal/arm64/Pattern.o -o /Users/runner/Library/Developer/Xcode/DerivedData/BookonDebug-ehazsigvxemoqzdtqumqzfgyfpkz/Build/Intermediates.noindex/ArchiveIntermediates/BookonDebug/IntermediateBuildFilesPath/SwiftSoup.build/Release-iphoneos/SwiftSoup.build/Objects-normal/arm64/QueryParser.o -o /Users/runner/Library/Developer/Xcode/DerivedData/BookonDebug-ehazsigvxemoqzdtqumqzfgyfpkz/Build/Intermediates.noindex/ArchiveIntermediates/BookonDebug/IntermediateBuildFilesPath/SwiftSoup.build/Release-iphoneos/SwiftSoup.build/Objects-normal/arm64/SerializationException.o -o /Users/runner/Library/Developer/Xcode/DerivedData/BookonDebug-ehazsigvxemoqzdtqumqzfgyfpkz/Build/Intermediates.noindex/ArchiveIntermediates/BookonDebug/IntermediateBuildFilesPath/SwiftSoup.build/Release-iphoneos/SwiftSoup.build/Objects-normal/arm64/SimpleDictionary.o -o /Users/runner/Library/Developer/Xcode/DerivedData/BookonDebug-ehazsigvxemoqzdtqumqzfgyfpkz/Build/Intermediates.noindex/ArchiveIntermediates/BookonDebug/IntermediateBuildFilesPath/SwiftSoup.build/Release-iphoneos/SwiftSoup.build/Objects-normal/arm64/StreamReader.o -o /Users/runner/Library/Developer/Xcode/DerivedData/BookonDebug-ehazsigvxemoqzdtqumqzfgyfpkz/Build/Intermediates.noindex/ArchiveIntermediates/BookonDebug/IntermediateBuildFilesPath/SwiftSoup.build/Release-iphoneos/SwiftSoup.build/Objects-normal/arm64/String.o -o /Users/runner/Library/Developer/Xcode/DerivedData/BookonDebug-ehazsigvxemoqzdtqumqzfgyfpkz/Build/Intermediates.noindex/ArchiveIntermediates/BookonDebug/IntermediateBuildFilesPath/SwiftSoup.build/Release-iphoneos/SwiftSoup.build/Objects-normal/arm64/StringBuilder.o -o /Users/runner/Library/Developer/Xcode/DerivedData/BookonDebug-ehazsigvxemoqzdtqumqzfgyfpkz/Build/Intermediates.noindex/ArchiveIntermediates/BookonDebug/IntermediateBuildFilesPath/SwiftSoup.build/Release-iphoneos/SwiftSoup.build/Objects-normal/arm64/StringUtil.o -o /Users/runner/Library/Developer/Xcode/DerivedData/BookonDebug-ehazsigvxemoqzdtqumqzfgyfpkz/Build/Intermediates.noindex/ArchiveIntermediates/BookonDebug/IntermediateBuildFilesPath/SwiftSoup.build/Release-iphoneos/SwiftSoup.build/Objects-normal/arm64/StructuralEvaluator.o -o /Users/runner/Library/Developer/Xcode/DerivedData/BookonDebug-ehazsigvxemoqzdtqumqzfgyfpkz/Build/Intermediates.noindex/ArchiveIntermediates/BookonDebug/IntermediateBuildFilesPath/SwiftSoup.build/Release-iphoneos/SwiftSoup.build/Objects-normal/arm64/SwiftSoup.o -o /Users/runner/Library/Developer/Xcode/DerivedData/BookonDebug-ehazsigvxemoqzdtqumqzfgyfpkz/Build/Intermediates.noindex/ArchiveIntermediates/BookonDebug/IntermediateBuildFilesPath/SwiftSoup.build/Release-iphoneos/SwiftSoup.build/Objects-normal/arm64/Tag.o -o /Users/runner/Library/Developer/Xcode/DerivedData/BookonDebug-ehazsigvxemoqzdtqumqzfgyfpkz/Build/Intermediates.noindex/ArchiveIntermediates/BookonDebug/IntermediateBuildFilesPath/SwiftSoup.build/Release-iphoneos/SwiftSoup.build/Objects-normal/arm64/TextNode.o -o /Users/runner/Library/Developer/Xcode/DerivedData/BookonDebug-ehazsigvxemoqzdtqumqzfgyfpkz/Build/Intermediates.noindex/ArchiveIntermediates/BookonDebug/IntermediateBuildFilesPath/SwiftSoup.build/Release-iphoneos/SwiftSoup.build/Objects-normal/arm64/Token.o -o /Users/runner/Library/Developer/Xcode/DerivedData/BookonDebug-ehazsigvxemoqzdtqumqzfgyfpkz/Build/Intermediates.noindex/ArchiveIntermediates/BookonDebug/IntermediateBuildFilesPath/SwiftSoup.build/Release-iphoneos/SwiftSoup.build/Objects-normal/arm64/TokenQueue.o -o /Users/runner/Library/Developer/Xcode/DerivedData/BookonDebug-ehazsigvxemoqzdtqumqzfgyfpkz/Build/Intermediates.noindex/ArchiveIntermediates/BookonDebug/IntermediateBuildFilesPath/SwiftSoup.build/Release-iphoneos/SwiftSoup.build/Objects-normal/arm64/Tokeniser.o -o /Users/runner/Library/Developer/Xcode/DerivedData/BookonDebug-ehazsigvxemoqzdtqumqzfgyfpkz/Build/Intermediates.noindex/ArchiveIntermediates/BookonDebug/IntermediateBuildFilesPath/SwiftSoup.build/Release-iphoneos/SwiftSoup.build/Objects-normal/arm64/TokeniserState.o -o /Users/runner/Library/Developer/Xcode/DerivedData/BookonDebug-ehazsigvxemoqzdtqumqzfgyfpkz/Build/Intermediates.noindex/ArchiveIntermediates/BookonDebug/IntermediateBuildFilesPath/SwiftSoup.build/Release-iphoneos/SwiftSoup.build/Objects-normal/arm64/TreeBuilder.o -o /Users/runner/Library/Developer/Xcode/DerivedData/BookonDebug-ehazsigvxemoqzdtqumqzfgyfpkz/Build/Intermediates.noindex/ArchiveIntermediates/BookonDebug/IntermediateBuildFilesPath/SwiftSoup.build/Release-iphoneos/SwiftSoup.build/Objects-normal/arm64/UTF8Arrays.o -o /Users/runner/Library/Developer/Xcode/DerivedData/BookonDebug-ehazsigvxemoqzdtqumqzfgyfpkz/Build/Intermediates.noindex/ArchiveIntermediates/BookonDebug/IntermediateBuildFilesPath/SwiftSoup.build/Release-iphoneos/SwiftSoup.build/Objects-normal/arm64/UnfairLock.o -o /Users/runner/Library/Developer/Xcode/DerivedData/BookonDebug-ehazsigvxemoqzdtqumqzfgyfpkz/Build/Intermediates.noindex/ArchiveIntermediates/BookonDebug/IntermediateBuildFilesPath/SwiftSoup.build/Release-iphoneos/SwiftSoup.build/Objects-normal/arm64/UnicodeScalar.o -o /Users/runner/Library/Developer/Xcode/DerivedData/BookonDebug-ehazsigvxemoqzdtqumqzfgyfpkz/Build/Intermediates.noindex/ArchiveIntermediates/BookonDebug/IntermediateBuildFilesPath/SwiftSoup.build/Release-iphoneos/SwiftSoup.build/Objects-normal/arm64/Validate.o -o /Users/runner/Library/Developer/Xcode/DerivedData/BookonDebug-ehazsigvxemoqzdtqumqzfgyfpkz/Build/Intermediates.noindex/ArchiveIntermediates/BookonDebug/IntermediateBuildFilesPath/SwiftSoup.build/Release-iphoneos/SwiftSoup.build/Objects-normal/arm64/Whitelist.o -o /Users/runner/Library/Developer/Xcode/DerivedData/BookonDebug-ehazsigvxemoqzdtqumqzfgyfpkz/Build/Intermediates.noindex/ArchiveIntermediates/BookonDebug/IntermediateBuildFilesPath/SwiftSoup.build/Release-iphoneos/SwiftSoup.build/Objects-normal/arm64/XmlDeclaration.o -o /Users/runner/Library/Developer/Xcode/DerivedData/BookonDebug-ehazsigvxemoqzdtqumqzfgyfpkz/Build/Intermediates.noindex/ArchiveIntermediates/BookonDebug/IntermediateBuildFilesPath/SwiftSoup.build/Release-iphoneos/SwiftSoup.build/Objects-normal/arm64/XmlTreeBuilder.o -index-unit-output-path /SwiftSoup.build/Release-iphoneos/SwiftSoup.build/Objects-normal/arm64/ArrayExt.o -index-unit-output-path /SwiftSoup.build/Release-iphoneos/SwiftSoup.build/Objects-normal/arm64/Attribute.o -index-unit-output-path /SwiftSoup.build/Release-iphoneos/SwiftSoup.build/Objects-normal/arm64/Attributes.o -index-unit-output-path /SwiftSoup.build/Release-iphoneos/SwiftSoup.build/Objects-normal/arm64/BinarySearch.o -index-unit-output-path /SwiftSoup.build/Release-iphoneos/SwiftSoup.build/Objects-normal/arm64/BooleanAttribute.o -index-unit-output-path /SwiftSoup.build/Release-iphoneos/SwiftSoup.build/Objects-normal/arm64/CharacterExt.o -index-unit-output-path /SwiftSoup.build/Release-iphoneos/SwiftSoup.build/Objects-normal/arm64/CharacterReader.o -index-unit-output-path /SwiftSoup.build/Release-iphoneos/SwiftSoup.build/Objects-normal/arm64/Cleaner.o -index-unit-output-path /SwiftSoup.build/Release-iphoneos/SwiftSoup.build/Objects-normal/arm64/Collector.o -index-unit-output-path /SwiftSoup.build/Release-iphoneos/SwiftSoup.build/Objects-normal/arm64/CombiningEvaluator.o -index-unit-output-path /SwiftSoup.build/Release-iphoneos/SwiftSoup.build/Objects-normal/arm64/Comment.o -index-unit-output-path /SwiftSoup.build/Release-iphoneos/SwiftSoup.build/Objects-normal/arm64/Connection.o -index-unit-output-path /SwiftSoup.build/Release-iphoneos/SwiftSoup.build/Objects-normal/arm64/CssSelector.o -index-unit-output-path /SwiftSoup.build/Release-iphoneos/SwiftSoup.build/Objects-normal/arm64/DataNode.o -index-unit-output-path /SwiftSoup.build/Release-iphoneos/SwiftSoup.build/Objects-normal/arm64/DataUtil.o -index-unit-output-path /SwiftSoup.build/Release-iphoneos/SwiftSoup.build/Objects-normal/arm64/Document.o -index-unit-output-path /SwiftSoup.build/Release-iphoneos/SwiftSoup.build/Objects-normal/arm64/DocumentType.o -index-unit-output-path /SwiftSoup.build/Release-iphoneos/SwiftSoup.build/Objects-normal/arm64/Element.o -index-unit-output-path /SwiftSoup.build/Release-iphoneos/SwiftSoup.build/Objects-normal/arm64/Elements.o -index-unit-output-path /SwiftSoup.build/Release-iphoneos/SwiftSoup.build/Objects-normal/arm64/Entities.o -index-unit-output-path /SwiftSoup.build/Release-iphoneos/SwiftSoup.build/Objects-normal/arm64/Evaluator.o -index-unit-output-path /SwiftSoup.build/Release-iphoneos/SwiftSoup.build/Objects-normal/arm64/Exception.o -index-unit-output-path /SwiftSoup.build/Release-iphoneos/SwiftSoup.build/Objects-normal/arm64/FormElement.o -index-unit-output-path /SwiftSoup.build/Release-iphoneos/SwiftSoup.build/Objects-normal/arm64/HtmlTreeBuilder.o -index-unit-output-path /SwiftSoup.build/Release-iphoneos/SwiftSoup.build/Objects-normal/arm64/HtmlTreeBuilderState.o -index-unit-output-path /SwiftSoup.build/Release-iphoneos/SwiftSoup.build/Objects-normal/arm64/HttpStatusException.o -index-unit-output-path /SwiftSoup.build/Release-iphoneos/SwiftSoup.build/Objects-normal/arm64/Mutex.o -index-unit-output-path /SwiftSoup.build/Release-iphoneos/SwiftSoup.build/Objects-normal/arm64/Node.o -index-unit-output-path /SwiftSoup.build/Release-iphoneos/SwiftSoup.build/Objects-normal/arm64/NodeTraversor.o -index-unit-output-path /SwiftSoup.build/Release-iphoneos/SwiftSoup.build/Objects-normal/arm64/NodeVisitor.o -index-unit-output-path /SwiftSoup.build/Release-iphoneos/SwiftSoup.build/Objects-normal/arm64/OrderedSet.o -index-unit-output-path /SwiftSoup.build/Release-iphoneos/SwiftSoup.build/Objects-normal/arm64/ParseError.o -index-unit-output-path /SwiftSoup.build/Release-iphoneos/SwiftSoup.build/Objects-normal/arm64/ParseErrorList.o -index-unit-output-path /SwiftSoup.build/Release-iphoneos/SwiftSoup.build/Objects-normal/arm64/ParseSettings.o -index-unit-output-path /SwiftSoup.build/Release-iphoneos/SwiftSoup.build/Objects-normal/arm64/Parser.o -index-unit-output-path /SwiftSoup.build/Release-iphoneos/SwiftSoup.build/Objects-normal/arm64/ParsingStrings.o -index-unit-output-path /SwiftSoup.build/Release-iphoneos/SwiftSoup.build/Objects-normal/arm64/Pattern.o -index-unit-output-path /SwiftSoup.build/Release-iphoneos/SwiftSoup.build/Objects-normal/arm64/QueryParser.o -index-unit-output-path /SwiftSoup.build/Release-iphoneos/SwiftSoup.build/Objects-normal/arm64/SerializationException.o -index-unit-output-path /SwiftSoup.build/Release-iphoneos/SwiftSoup.build/Objects-normal/arm64/SimpleDictionary.o -index-unit-output-path /SwiftSoup.build/Release-iphoneos/SwiftSoup.build/Objects-normal/arm64/StreamReader.o -index-unit-output-path /SwiftSoup.build/Release-iphoneos/SwiftSoup.build/Objects-normal/arm64/String.o -index-unit-output-path /SwiftSoup.build/Release-iphoneos/SwiftSoup.build/Objects-normal/arm64/StringBuilder.o -index-unit-output-path /SwiftSoup.build/Release-iphoneos/SwiftSoup.build/Objects-normal/arm64/StringUtil.o -index-unit-output-path /SwiftSoup.build/Release-iphoneos/SwiftSoup.build/Objects-normal/arm64/StructuralEvaluator.o -index-unit-output-path /SwiftSoup.build/Release-iphoneos/SwiftSoup.build/Objects-normal/arm64/SwiftSoup.o -index-unit-output-path /SwiftSoup.build/Release-iphoneos/SwiftSoup.build/Objects-normal/arm64/Tag.o -index-unit-output-path /SwiftSoup.build/Release-iphoneos/SwiftSoup.build/Objects-normal/arm64/TextNode.o -index-unit-output-path /SwiftSoup.build/Release-iphoneos/SwiftSoup.build/Objects-normal/arm64/Token.o -index-unit-output-path /SwiftSoup.build/Release-iphoneos/SwiftSoup.build/Objects-normal/arm64/TokenQueue.o -index-unit-output-path /SwiftSoup.build/Release-iphoneos/SwiftSoup.build/Objects-normal/arm64/Tokeniser.o -index-unit-output-path /SwiftSoup.build/Release-iphoneos/SwiftSoup.build/Objects-normal/arm64/TokeniserState.o -index-unit-output-path /SwiftSoup.build/Release-iphoneos/SwiftSoup.build/Objects-normal/arm64/TreeBuilder.o -index-unit-output-path /SwiftSoup.build/Release-iphoneos/SwiftSoup.build/Objects-normal/arm64/UTF8Arrays.o -index-unit-output-path /SwiftSoup.build/Release-iphoneos/SwiftSoup.build/Objects-normal/arm64/UnfairLock.o -index-unit-output-path /SwiftSoup.build/Release-iphoneos/SwiftSoup.build/Objects-normal/arm64/UnicodeScalar.o -index-unit-output-path /SwiftSoup.build/Release-iphoneos/SwiftSoup.build/Objects-normal/arm64/Validate.o -index-unit-output-path /SwiftSoup.build/Release-iphoneos/SwiftSoup.build/Objects-normal/arm64/Whitelist.o -index-unit-output-path /SwiftSoup.build/Release-iphoneos/SwiftSoup.build/Objects-normal/arm64/XmlDeclaration.o -index-unit-output-path /SwiftSoup.build/Release-iphoneos/SwiftSoup.build/Objects-normal/arm64/XmlTreeBuilder.o
2026-10-05T12:38:33.2536130Z 
2026-10-05T12:38:33.2536800Z CompileSwift normal arm64 (in target 'SwiftSoup' from project 'SwiftSoup')
2026-10-05T12:38:33.2537740Z     cd /Users/runner/Library/Developer/Xcode/DerivedData/BookonDebug-ehazsigvxemoqzdtqumqzfgyfpkz/SourcePackages/checkouts/SwiftSoup
2026-10-05T12:38:33.2706010Z     /Applications/Xcode_15.4.app/Contents/Developer/Toolchains/XcodeDefault.xctoolchain/usr/bin/swift-frontend -c /Users/runner/Library/Developer/Xcode/DerivedData/BookonDebug-ehazsigvxemoqzdtqumqzfgyfpkz/SourcePackages/checkouts/SwiftSoup/Sources/ArrayExt.swift /Users/runner/Library/Developer/Xcode/DerivedData/BookonDebug-ehazsigvxemoqzdtqumqzfgyfpkz/SourcePackages/checkouts/SwiftSoup/Sources/Attribute.swift /Users/runner/Library/Developer/Xcode/DerivedData/BookonDebug-ehazsigvxemoqzdtqumqzfgyfpkz/SourcePackages/checkouts/SwiftSoup/Sources/Attributes.swift /Users/runner/Library/Developer/Xcode/DerivedData/BookonDebug-ehazsigvxemoqzdtqumqzfgyfpkz/SourcePackages/checkouts/SwiftSoup/Sources/BinarySearch.swift /Users/runner/Library/Developer/Xcode/DerivedData/BookonDebug-ehazsigvxemoqzdtqumqzfgyfpkz/SourcePackages/checkouts/SwiftSoup/Sources/BooleanAttribute.swift /Users/runner/Library/Developer/Xcode/DerivedData/BookonDebug-ehazsigvxemoqzdtqumqzfgyfpkz/SourcePackages/checkouts/SwiftSoup/Sources/CharacterExt.swift /Users/runner/Library/Developer/Xcode/DerivedData/BookonDebug-ehazsigvxemoqzdtqumqzfgyfpkz/SourcePackages/checkouts/SwiftSoup/Sources/CharacterReader.swift /Users/runner/Library/Developer/Xcode/DerivedData/BookonDebug-ehazsigvxemoqzdtqumqzfgyfpkz/SourcePackages/checkouts/SwiftSoup/Sources/Cleaner.swift /Users/runner/Library/Developer/Xcode/DerivedData/BookonDebug-ehazsigvxemoqzdtqumqzfgyfpkz/SourcePackages/checkouts/SwiftSoup/Sources/Collector.swift /Users/runner/Library/Developer/Xcode/DerivedData/BookonDebug-ehazsigvxemoqzdtqumqzfgyfpkz/SourcePackages/checkouts/SwiftSoup/Sources/CombiningEvaluator.swift /Users/runner/Library/Developer/Xcode/DerivedData/BookonDebug-ehazsigvxemoqzdtqumqzfgyfpkz/SourcePackages/checkouts/SwiftSoup/Sources/Comment.swift /Users/runner/Library/Developer/Xcode/DerivedData/BookonDebug-ehazsigvxemoqzdtqumqzfgyfpkz/SourcePackages/checkouts/SwiftSoup/Sources/Connection.swift /Users/runner/Library/Developer/Xcode/DerivedData/BookonDebug-ehazsigvxemoqzdtqumqzfgyfpkz/SourcePackages/checkouts/SwiftSoup/Sources/CssSelector.swift /Users/runner/Library/Developer/Xcode/DerivedData/BookonDebug-ehazsigvxemoqzdtqumqzfgyfpkz/SourcePackages/checkouts/SwiftSoup/Sources/DataNode.swift /Users/runner/Library/Developer/Xcode/DerivedData/BookonDebug-ehazsigvxemoqzdtqumqzfgyfpkz/SourcePackages/checkouts/SwiftSoup/Sources/DataUtil.swift /Users/runner/Library/Developer/Xcode/DerivedData/BookonDebug-ehazsigvxemoqzdtqumqzfgyfpkz/SourcePackages/checkouts/SwiftSoup/Sources/Document.swift /Users/runner/Library/Developer/Xcode/DerivedData/BookonDebug-ehazsigvxemoqzdtqumqzfgyfpkz/SourcePackages/checkouts/SwiftSoup/Sources/DocumentType.swift /Users/runner/Library/Developer/Xcode/DerivedData/BookonDebug-ehazsigvxemoqzdtqumqzfgyfpkz/SourcePackages/checkouts/SwiftSoup/Sources/Element.swift /Users/runner/Library/Developer/Xcode/DerivedData/BookonDebug-ehazsigvxemoqzdtqumqzfgyfpkz/SourcePackages/checkouts/SwiftSoup/Sources/Elements.swift /Users/runner/Library/Developer/Xcode/DerivedData/BookonDebug-ehazsigvxemoqzdtqumqzfgyfpkz/SourcePackages/checkouts/SwiftSoup/Sources/Entities.swift /Users/runner/Library/Developer/Xcode/DerivedData/BookonDebug-ehazsigvxemoqzdtqumqzfgyfpkz/SourcePackages/checkouts/SwiftSoup/Sources/Evaluator.swift /Users/runner/Library/Developer/Xcode/DerivedData/BookonDebug-ehazsigvxemoqzdtqumqzfgyfpkz/SourcePackages/checkouts/SwiftSoup/Sources/Exception.swift /Users/runner/Library/Developer/Xcode/DerivedData/BookonDebug-ehazsigvxemoqzdtqumqzfgyfpkz/SourcePackages/checkouts/SwiftSoup/Sources/FormElement.swift /Users/runner/Library/Developer/Xcode/DerivedData/BookonDebug-ehazsigvxemoqzdtqumqzfgyfpkz/SourcePackages/checkouts/SwiftSoup/Sources/HtmlTreeBuilder.swift /Users/runner/Library/Developer/Xcode/DerivedData/BookonDebug-ehazsigvxemoqzdtqumqzfgyfpkz/SourcePackages/checkouts/SwiftSoup/Sources/HtmlTreeBuilderState.swift /Users/runner/Library/Developer/Xcode/DerivedData/BookonDebug-ehazsigvxemoqzdtqumqzfgyfpkz/SourcePackages/checkouts/SwiftSoup/Sources/HttpStatusException.swift /Users/runner/Library/Developer/Xcode/DerivedData/BookonDebug-ehazsigvxemoqzdtqumqzfgyfpkz/SourcePackages/checkouts/SwiftSoup/Sources/Mutex.swift /Users/runner/Library/Developer/Xcode/DerivedData/BookonDebug-ehazsigvxemoqzdtqumqzfgyfpkz/SourcePackages/checkouts/SwiftSoup/Sources/Node.swift /Users/runner/Library/Developer/Xcode/DerivedData/BookonDebug-ehazsigvxemoqzdtqumqzfgyfpkz/SourcePackages/checkouts/SwiftSoup/Sources/NodeTraversor.swift /Users/runner/Library/Developer/Xcode/DerivedData/BookonDebug-ehazsigvxemoqzdtqumqzfgyfpkz/SourcePackages/checkouts/SwiftSoup/Sources/NodeVisitor.swift /Users/runner/Library/Developer/Xcode/DerivedData/BookonDebug-ehazsigvxemoqzdtqumqzfgyfpkz/SourcePackages/checkouts/SwiftSoup/Sources/OrderedSet.swift /Users/runner/Library/Developer/Xcode/DerivedData/BookonDebug-ehazsigvxemoqzdtqumqzfgyfpkz/SourcePackages/checkouts/SwiftSoup/Sources/ParseError.swift /Users/runner/Library/Developer/Xcode/DerivedData/BookonDebug-ehazsigvxemoqzdtqumqzfgyfpkz/SourcePackages/checkouts/SwiftSoup/Sources/ParseErrorList.swift /Users/runner/Library/Developer/Xcode/DerivedData/BookonDebug-ehazsigvxemoqzdtqumqzfgyfpkz/SourcePackages/checkouts/SwiftSoup/Sources/ParseSettings.swift /Users/runner/Library/Developer/Xcode/DerivedData/BookonDebug-ehazsigvxemoqzdtqumqzfgyfpkz/SourcePackages/checkouts/SwiftSoup/Sources/Parser.swift /Users/runner/Library/Developer/Xcode/DerivedData/BookonDebug-ehazsigvxemoqzdtqumqzfgyfpkz/SourcePackages/checkouts/SwiftSoup/Sources/ParsingStrings.swift /Users/runner/Library/Developer/Xcode/DerivedData/BookonDebug-ehazsigvxemoqzdtqumqzfgyfpkz/SourcePackages/checkouts/SwiftSoup/Sources/Pattern.swift /Users/runner/Library/Developer/Xcode/DerivedData/BookonDebug-ehazsigvxemoqzdtqumqzfgyfpkz/SourcePackages/checkouts/SwiftSoup/Sources/QueryParser.swift /Users/runner/Library/Developer/Xcode/DerivedData/BookonDebug-ehazsigvxemoqzdtqumqzfgyfpkz/SourcePackages/checkouts/SwiftSoup/Sources/SerializationException.swift /Users/runner/Library/Developer/Xcode/DerivedData/BookonDebug-ehazsigvxemoqzdtqumqzfgyfpkz/SourcePackages/checkouts/SwiftSoup/Sources/SimpleDictionary.swift /Users/runner/Library/Developer/Xcode/DerivedData/BookonDebug-ehazsigvxemoqzdtqumqzfgyfpkz/SourcePackages/checkouts/SwiftSoup/Sources/StreamReader.swift /Users/runner/Library/Developer/Xcode/DerivedData/BookonDebug-ehazsigvxemoqzdtqumqzfgyfpkz/SourcePackages/checkouts/SwiftSoup/Sources/String.swift /Users/runner/Library/Developer/Xcode/DerivedData/BookonDebug-ehazsigvxemoqzdtqumqzfgyfpkz/SourcePackages/checkouts/SwiftSoup/Sources/StringBuilder.swift /Users/runner/Library/Developer/Xcode/DerivedData/BookonDebug-ehazsigvxemoqzdtqumqzfgyfpkz/SourcePackages/checkouts/SwiftSoup/Sources/StringUtil.swift /Users/runner/Library/Developer/Xcode/DerivedData/BookonDebug-ehazsigvxemoqzdtqumqzfgyfpkz/SourcePackages/checkouts/SwiftSoup/Sources/StructuralEvaluator.swift /Users/runner/Library/Developer/Xcode/DerivedData/BookonDebug-ehazsigvxemoqzdtqumqzfgyfpkz/SourcePackages/checkouts/SwiftSoup/Sources/SwiftSoup.swift /Users/runner/Library/Developer/Xcode/DerivedData/BookonDebug-ehazsigvxemoqzdtqumqzfgyfpkz/SourcePackages/checkouts/SwiftSoup/Sources/Tag.swift /Users/runner/Library/Developer/Xcode/DerivedData/BookonDebug-ehazsigvxemoqzdtqumqzfgyfpkz/SourcePackages/checkouts/SwiftSoup/Sources/TextNode.swift /Users/runner/Library/Developer/Xcode/DerivedData/BookonDebug-ehazsigvxemoqzdtqumqzfgyfpkz/SourcePackages/checkouts/SwiftSoup/Sources/Token.swift /Users/runner/Library/Developer/Xcode/DerivedData/BookonDebug-ehazsigvxemoqzdtqumqzfgyfpkz/SourcePackages/checkouts/SwiftSoup/Sources/TokenQueue.swift /Users/runner/Library/Developer/Xcode/DerivedData/BookonDebug-ehazsigvxemoqzdtqumqzfgyfpkz/SourcePackages/checkouts/SwiftSoup/Sources/Tokeniser.swift /Users/runner/Library/Developer/Xcode/DerivedData/BookonDebug-ehazsigvxemoqzdtqumqzfgyfpkz/SourcePackages/checkouts/SwiftSoup/Sources/TokeniserState.swift /Users/runner/Library/Developer/Xcode/DerivedData/BookonDebug-ehazsigvxemoqzdtqumqzfgyfpkz/SourcePackages/checkouts/SwiftSoup/Sources/TreeBuilder.swift /Users/runner/Library/Developer/Xcode/DerivedData/BookonDebug-ehazsigvxemoqzdtqumqzfgyfpkz/SourcePackages/checkouts/SwiftSoup/Sources/UTF8Arrays.swift /Users/runner/Library/Developer/Xcode/DerivedData/BookonDebug-ehazsigvxemoqzdtqumqzfgyfpkz/SourcePackages/checkouts/SwiftSoup/Sources/UnfairLock.swift /Users/runner/Library/Developer/Xcode/DerivedData/BookonDebug-ehazsigvxemoqzdtqumqzfgyfpkz/SourcePackages/checkouts/SwiftSoup/Sources/UnicodeScalar.swift /Users/runner/Library/Developer/Xcode/DerivedData/BookonDebug-ehazsigvxemoqzdtqumqzfgyfpkz/SourcePackages/checkouts/SwiftSoup/Sources/Validate.swift /Users/runner/Library/Developer/Xcode/DerivedData/BookonDebug-ehazsigvxemoqzdtqumqzfgyfpkz/SourcePackages/checkouts/SwiftSoup/Sources/Whitelist.swift /Users/runner/Library/Developer/Xcode/DerivedData/BookonDebug-ehazsigvxemoqzdtqumqzfgyfpkz/SourcePackages/checkouts/SwiftSoup/Sources/XmlDeclaration.swift /Users/runner/Library/Developer/Xcode/DerivedData/BookonDebug-ehazsigvxemoqzdtqumqzfgyfpkz/SourcePackages/checkouts/SwiftSoup/Sources/XmlTreeBuilder.swift -supplementary-output-file-map /Users/runner/Library/Developer/Xcode/DerivedData/BookonDebug-ehazsigvxemoqzdtqumqzfgyfpkz/Build/Intermediates.noindex/ArchiveIntermediates/BookonDebug/IntermediateBuildFilesPath/SwiftSoup.build/Release-iphoneos/SwiftSoup.build/Objects-normal/arm64/supplementaryOutputs-1 -target arm64-apple-ios13.0 -Xllvm -aarch64-use-tbi -enable-objc-interop -stack-check -sdk /Applications/Xcode_15.4.app/Contents/Developer/Platforms/iPhoneOS.platform/Developer/SDKs/iPhoneOS17.5.sdk -I /Users/runner/Library/Developer/Xcode/DerivedData/BookonDebug-ehazsigvxemoqzdtqumqzfgyfpkz/Build/Intermediates.noindex/ArchiveIntermediates/BookonDebug/BuildProductsPath/Release-iphoneos -I /Applications/Xcode_15.4.app/Contents/Developer/Platforms/iPhoneOS.platform/Developer/usr/lib -F /Users/runner/Library/Developer/Xcode/DerivedData/BookonDebug-ehazsigvxemoqzdtqumqzfgyfpkz/Build/Intermediates.noindex/ArchiveIntermediates/BookonDebug/BuildProductsPath/Release-iphoneos -F /Applications/Xcode_15.4.app/Contents/Developer/Platforms/iPhoneOS.platform/Developer/Library/Frameworks -F /Applications/Xcode_15.4.app/Contents/Developer/Platforms/iPhoneOS.platform/Developer/SDKs/iPhoneOS17.5.sdk/Developer/Library/Frameworks -no-color-diagnostics -g -module-cache-path /Users/runner/Library/Developer/Xcode/DerivedData/ModuleCache.noindex -suppress-warnings -swift-version 5 -enforce-exclusivity\=checked -O -D SWIFT_PACKAGE -D Xcode -serialize-debugging-options -package-name swiftsoup -const-gather-protocols-file /Users/runner/Library/Developer/Xcode/DerivedData/BookonDebug-ehazsigvxemoqzdtqumqzfgyfpkz/Build/Intermediates.noindex/ArchiveIntermediates/BookonDebug/IntermediateBuildFilesPath/SwiftSoup.build/Release-iphoneos/SwiftSoup.build/Objects-normal/arm64/SwiftSoup_const_extract_protocols.json -empty-abi-descriptor -validate-clang-modules-once -clang-build-session-file /Users/runner/Library/Developer/Xcode/DerivedData/ModuleCache.noindex/Session.modulevalidation -Xcc -working-directory -Xcc /Users/runner/Library/Developer/Xcode/DerivedData/BookonDebug-ehazsigvxemoqzdtqumqzfgyfpkz/SourcePackages/checkouts/SwiftSoup -resource-dir /Applications/Xcode_15.4.app/Contents/Developer/Toolchains/XcodeDefault.xctoolchain/usr/lib/swift -Xcc -ivfsstatcache -Xcc /Users/runner/Library/Developer/Xcode/DerivedData/SDKStatCaches.noindex/iphoneos17.5-21F77-f0fa7969d082b13145125136a829df3a.sdkstatcache -Xcc -I/Users/runner/Library/Developer/Xcode/DerivedData/BookonDebug-ehazsigvxemoqzdtqumqzfgyfpkz/Build/Intermediates.noindex/ArchiveIntermediates/BookonDebug/IntermediateBuildFilesPath/SwiftSoup.build/Release-iphoneos/SwiftSoup.build/swift-overrides.hmap -Xcc -I/Users/runner/Library/Developer/Xcode/DerivedData/BookonDebug-ehazsigvxemoqzdtqumqzfgyfpkz/Build/Intermediates.noindex/ArchiveIntermediates/BookonDebug/BuildProductsPath/Release-iphoneos/include -Xcc -I/Users/runner/Library/Developer/Xcode/DerivedData/BookonDebug-ehazsigvxemoqzdtqumqzfgyfpkz/Build/Intermediates.noindex/ArchiveIntermediates/BookonDebug/IntermediateBuildFilesPath/SwiftSoup.build/Release-iphoneos/SwiftSoup.build/DerivedSources-normal/arm64 -Xcc -I/Users/runner/Library/Developer/Xcode/DerivedData/BookonDebug-ehazsigvxemoqzdtqumqzfgyfpkz/Build/Intermediates.noindex/ArchiveIntermediates/BookonDebug/IntermediateBuildFilesPath/SwiftSoup.build/Release-iphoneos/SwiftSoup.build/DerivedSources/arm64 -Xcc -I/Users/runner/Library/Developer/Xcode/DerivedData/BookonDebug-ehazsigvxemoqzdtqumqzfgyfpkz/Build/Intermediates.noindex/ArchiveIntermediates/BookonDebug/IntermediateBuildFilesPath/SwiftSoup.build/Release-iphoneos/SwiftSoup.build/DerivedSources -Xcc -DSWIFT_PACKAGE -module-name SwiftSoup -frontend-parseable-output -disable-clang-spi -target-sdk-version 17.5 -target-sdk-name iphoneos17.5 -external-plugin-path /Applications/Xcode_15.4.app/Contents/Developer/Platforms/iPhoneOS.platform/Developer/SDKs/iPhoneOS17.5.sdk/usr/lib/swift/host/plugins\#/Applications/Xcode_15.4.app/Contents/Developer/Platforms/iPhoneOS.platform/Developer/SDKs/iPhoneOS17.5.sdk/usr/bin/swift-plugin-server -external-plugin-path /Applications/Xcode_15.4.app/Contents/Developer/Platforms/iPhoneOS.platform/Developer/SDKs/iPhoneOS17.5.sdk/usr/local/lib/swift/host/plugins\#/Applications/Xcode_15.4.app/Contents/Developer/Platforms/iPhoneOS.platform/Developer/SDKs/iPhoneOS17.5.sdk/usr/bin/swift-plugin-server -external-plugin-path /Applications/Xcode_15.4.app/Contents/Developer/Platforms/iPhoneOS.platform/Developer/usr/lib/swift/host/plugins\#/Applications/Xcode_15.4.app/Contents/Developer/Platforms/iPhoneOS.platform/Developer/usr/bin/swift-plugin-server -external-plugin-path /Applications/Xcode_15.4.app/Contents/Developer/Platforms/iPhoneOS.platform/Developer/usr/local/lib/swift/host/plugins\#/Applications/Xcode_15.4.app/Contents/Developer/Platforms/iPhoneOS.platform/Developer/usr/bin/swift-plugin-server -plugin-path /Applications/Xcode_15.4.app/Contents/Developer/Toolchains/XcodeDefault.xctoolchain/usr/lib/swift/host/plugins -plugin-path /Applications/Xcode_15.4.app/Contents/Developer/Toolchains/XcodeDefault.xctoolchain/usr/local/lib/swift/host/plugins -enable-default-cmo -num-threads 3 -o /Users/runner/Library/Developer/Xcode/DerivedData/BookonDebug-ehazsigvxemoqzdtqumqzfgyfpkz/Build/Intermediates.noindex/ArchiveIntermediates/BookonDebug/IntermediateBuildFilesPath/SwiftSoup.build/Release-iphoneos/SwiftSoup.build/Objects-normal/arm64/ArrayExt.o -o /Users/runner/Library/Developer/Xcode/DerivedData/BookonDebug-ehazsigvxemoqzdtqumqzfgyfpkz/Build/Intermediates.noindex/ArchiveIntermediates/BookonDebug/IntermediateBuildFilesPath/SwiftSoup.build/Release-iphoneos/SwiftSoup.build/Objects-normal/arm64/Attribute.o -o /Users/runner/Library/Developer/Xcode/DerivedData/BookonDebug-ehazsigvxemoqzdtqumqzfgyfpkz/Build/Intermediates.noindex/ArchiveIntermediates/BookonDebug/IntermediateBuildFilesPath/SwiftSoup.build/Release-iphoneos/SwiftSoup.build/Objects-normal/arm64/Attributes.o -o /Users/runner/Library/Developer/Xcode/DerivedData/BookonDebug-ehazsigvxemoqzdtqumqzfgyfpkz/Build/Intermediates.noindex/ArchiveIntermediates/BookonDebug/IntermediateBuildFilesPath/SwiftSoup.build/Release-iphoneos/SwiftSoup.build/Objects-normal/arm64/BinarySearch.o -o /Users/runner/Library/Developer/Xcode/DerivedData/BookonDebug-ehazsigvxemoqzdtqumqzfgyfpkz/Build/Intermediates.noindex/ArchiveIntermediates/BookonDebug/IntermediateBuildFilesPath/SwiftSoup.build/Release-iphoneos/SwiftSoup.build/Objects-normal/arm64/BooleanAttribute.o -o /Users/runner/Library/Developer/Xcode/DerivedData/BookonDebug-ehazsigvxemoqzdtqumqzfgyfpkz/Build/Intermediates.noindex/ArchiveIntermediates/BookonDebug/IntermediateBuildFilesPath/SwiftSoup.build/Release-iphoneos/SwiftSoup.build/Objects-normal/arm64/CharacterExt.o -o /Users/runner/Library/Developer/Xcode/DerivedData/BookonDebug-ehazsigvxemoqzdtqumqzfgyfpkz/Build/Intermediates.noindex/ArchiveIntermediates/BookonDebug/IntermediateBuildFilesPath/SwiftSoup.build/Release-iphoneos/SwiftSoup.build/Objects-normal/arm64/CharacterReader.o -o /Users/runner/Library/Developer/Xcode/DerivedData/BookonDebug-ehazsigvxemoqzdtqumqzfgyfpkz/Build/Intermediates.noindex/ArchiveIntermediates/BookonDebug/IntermediateBuildFilesPath/SwiftSoup.build/Release-iphoneos/SwiftSoup.build/Objects-normal/arm64/Cleaner.o -o /Users/runner/Library/Developer/Xcode/DerivedData/BookonDebug-ehazsigvxemoqzdtqumqzfgyfpkz/Build/Intermediates.noindex/ArchiveIntermediates/BookonDebug/IntermediateBuildFilesPath/SwiftSoup.build/Release-iphoneos/SwiftSoup.build/Objects-normal/arm64/Collector.o -o /Users/runner/Library/Developer/Xcode/DerivedData/BookonDebug-ehazsigvxemoqzdtqumqzfgyfpkz/Build/Intermediates.noindex/ArchiveIntermediates/BookonDebug/IntermediateBuildFilesPath/SwiftSoup.build/Release-iphoneos/SwiftSoup.build/Objects-normal/arm64/CombiningEvaluator.o -o /Users/runner/Library/Developer/Xcode/DerivedData/BookonDebug-ehazsigvxemoqzdtqumqzfgyfpkz/Build/Intermediates.noindex/ArchiveIntermediates/BookonDebug/IntermediateBuildFilesPath/SwiftSoup.build/Release-iphoneos/SwiftSoup.build/Objects-normal/arm64/Comment.o -o /Users/runner/Library/Developer/Xcode/DerivedData/BookonDebug-ehazsigvxemoqzdtqumqzfgyfpkz/Build/Intermediates.noindex/ArchiveIntermediates/BookonDebug/IntermediateBuildFilesPath/SwiftSoup.build/Release-iphoneos/SwiftSoup.build/Objects-normal/arm64/Connection.o -o /Users/runner/Library/Developer/Xcode/DerivedData/BookonDebug-ehazsigvxemoqzdtqumqzfgyfpkz/Build/Intermediates.noindex/ArchiveIntermediates/BookonDebug/IntermediateBuildFilesPath/SwiftSoup.build/Release-iphoneos/SwiftSoup.build/Objects-normal/arm64/CssSelector.o -o /Users/runner/Library/Developer/Xcode/DerivedData/BookonDebug-ehazsigvxemoqzdtqumqzfgyfpkz/Build/Intermediates.noindex/ArchiveIntermediates/BookonDebug/IntermediateBuildFilesPath/SwiftSoup.build/Release-iphoneos/SwiftSoup.build/Objects-normal/arm64/DataNode.o -o /Users/runner/Library/Developer/Xcode/DerivedData/BookonDebug-ehazsigvxemoqzdtqumqzfgyfpkz/Build/Intermediates.noindex/ArchiveIntermediates/BookonDebug/IntermediateBuildFilesPath/SwiftSoup.build/Release-iphoneos/SwiftSoup.build/Objects-normal/arm64/DataUtil.o -o /Users/runner/Library/Developer/Xcode/DerivedData/BookonDebug-ehazsigvxemoqzdtqumqzfgyfpkz/Build/Intermediates.noindex/ArchiveIntermediates/BookonDebug/IntermediateBuildFilesPath/SwiftSoup.build/Release-iphoneos/SwiftSoup.build/Objects-normal/arm64/Document.o -o /Users/runner/Library/Developer/Xcode/DerivedData/BookonDebug-ehazsigvxemoqzdtqumqzfgyfpkz/Build/Intermediates.noindex/ArchiveIntermediates/BookonDebug/IntermediateBuildFilesPath/SwiftSoup.build/Release-iphoneos/SwiftSoup.build/Objects-normal/arm64/DocumentType.o -o /Users/runner/Library/Developer/Xcode/DerivedData/BookonDebug-ehazsigvxemoqzdtqumqzfgyfpkz/Build/Intermediates.noindex/ArchiveIntermediates/BookonDebug/IntermediateBuildFilesPath/SwiftSoup.build/Release-iphoneos/SwiftSoup.build/Objects-normal/arm64/Element.o -o /Users/runner/Library/Developer/Xcode/DerivedData/BookonDebug-ehazsigvxemoqzdtqumqzfgyfpkz/Build/Intermediates.noindex/ArchiveIntermediates/BookonDebug/IntermediateBuildFilesPath/SwiftSoup.build/Release-iphoneos/SwiftSoup.build/Objects-normal/arm64/Elements.o -o /Users/runner/Library/Developer/Xcode/DerivedData/BookonDebug-ehazsigvxemoqzdtqumqzfgyfpkz/Build/Intermediates.noindex/ArchiveIntermediates/BookonDebug/IntermediateBuildFilesPath/SwiftSoup.build/Release-iphoneos/SwiftSoup.build/Objects-normal/arm64/Entities.o -o /Users/runner/Library/Developer/Xcode/DerivedData/BookonDebug-ehazsigvxemoqzdtqumqzfgyfpkz/Build/Intermediates.noindex/ArchiveIntermediates/BookonDebug/IntermediateBuildFilesPath/SwiftSoup.build/Release-iphoneos/SwiftSoup.build/Objects-normal/arm64/Evaluator.o -o /Users/runner/Library/Developer/Xcode/DerivedData/BookonDebug-ehazsigvxemoqzdtqumqzfgyfpkz/Build/Intermediates.noindex/ArchiveIntermediates/BookonDebug/IntermediateBuildFilesPath/SwiftSoup.build/Release-iphoneos/SwiftSoup.build/Objects-normal/arm64/Exception.o -o /Users/runner/Library/Developer/Xcode/DerivedData/BookonDebug-ehazsigvxemoqzdtqumqzfgyfpkz/Build/Intermediates.noindex/ArchiveIntermediates/BookonDebug/IntermediateBuildFilesPath/SwiftSoup.build/Release-iphoneos/SwiftSoup.build/Objects-normal/arm64/FormElement.o -o /Users/runner/Library/Developer/Xcode/DerivedData/BookonDebug-ehazsigvxemoqzdtqumqzfgyfpkz/Build/Intermediates.noindex/ArchiveIntermediates/BookonDebug/IntermediateBuildFilesPath/SwiftSoup.build/Release-iphoneos/SwiftSoup.build/Objects-normal/arm64/HtmlTreeBuilder.o -o /Users/runner/Library/Developer/Xcode/DerivedData/BookonDebug-ehazsigvxemoqzdtqumqzfgyfpkz/Build/Intermediates.noindex/ArchiveIntermediates/BookonDebug/IntermediateBuildFilesPath/SwiftSoup.build/Release-iphoneos/SwiftSoup.build/Objects-normal/arm64/HtmlTreeBuilderState.o -o /Users/runner/Library/Developer/Xcode/DerivedData/BookonDebug-ehazsigvxemoqzdtqumqzfgyfpkz/Build/Intermediates.noindex/ArchiveIntermediates/BookonDebug/IntermediateBuildFilesPath/SwiftSoup.build/Release-iphoneos/SwiftSoup.build/Objects-normal/arm64/HttpStatusException.o -o /Users/runner/Library/Developer/Xcode/DerivedData/BookonDebug-ehazsigvxemoqzdtqumqzfgyfpkz/Build/Intermediates.noindex/ArchiveIntermediates/BookonDebug/IntermediateBuildFilesPath/SwiftSoup.build/Release-iphoneos/SwiftSoup.build/Objects-normal/arm64/Mutex.o -o /Users/runner/Library/Developer/Xcode/DerivedData/BookonDebug-ehazsigvxemoqzdtqumqzfgyfpkz/Build/Intermediates.noindex/ArchiveIntermediates/BookonDebug/IntermediateBuildFilesPath/SwiftSoup.build/Release-iphoneos/SwiftSoup.build/Objects-normal/arm64/Node.o -o /Users/runner/Library/Developer/Xcode/DerivedData/BookonDebug-ehazsigvxemoqzdtqumqzfgyfpkz/Build/Intermediates.noindex/ArchiveIntermediates/BookonDebug/IntermediateBuildFilesPath/SwiftSoup.build/Release-iphoneos/SwiftSoup.build/Objects-normal/arm64/NodeTraversor.o -o /Users/runner/Library/Developer/Xcode/DerivedData/BookonDebug-ehazsigvxemoqzdtqumqzfgyfpkz/Build/Intermediates.noindex/ArchiveIntermediates/BookonDebug/IntermediateBuildFilesPath/SwiftSoup.build/Release-iphoneos/SwiftSoup.build/Objects-normal/arm64/NodeVisitor.o -o /Users/runner/Library/Developer/Xcode/DerivedData/BookonDebug-ehazsigvxemoqzdtqumqzfgyfpkz/Build/Intermediates.noindex/ArchiveIntermediates/BookonDebug/IntermediateBuildFilesPath/SwiftSoup.build/Release-iphoneos/SwiftSoup.build/Objects-normal/arm64/OrderedSet.o -o /Users/runner/Library/Developer/Xcode/DerivedData/BookonDebug-ehazsigvxemoqzdtqumqzfgyfpkz/Build/Intermediates.noindex/ArchiveIntermediates/BookonDebug/IntermediateBuildFilesPath/SwiftSoup.build/Release-iphoneos/SwiftSoup.build/Objects-normal/arm64/ParseError.o -o /Users/runner/Library/Developer/Xcode/DerivedData/BookonDebug-ehazsigvxemoqzdtqumqzfgyfpkz/Build/Intermediates.noindex/ArchiveIntermediates/BookonDebug/IntermediateBuildFilesPath/SwiftSoup.build/Release-iphoneos/SwiftSoup.build/Objects-normal/arm64/ParseErrorList.o -o /Users/runner/Library/Developer/Xcode/DerivedData/BookonDebug-ehazsigvxemoqzdtqumqzfgyfpkz/Build/Intermediates.noindex/ArchiveIntermediates/BookonDebug/IntermediateBuildFilesPath/SwiftSoup.build/Release-iphoneos/SwiftSoup.build/Objects-normal/arm64/ParseSettings.o -o /Users/runner/Library/Developer/Xcode/DerivedData/BookonDebug-ehazsigvxemoqzdtqumqzfgyfpkz/Build/Intermediates.noindex/ArchiveIntermediates/BookonDebug/IntermediateBuildFilesPath/SwiftSoup.build/Release-iphoneos/SwiftSoup.build/Objects-normal/arm64/Parser.o -o /Users/runner/Library/Developer/Xcode/DerivedData/BookonDebug-ehazsigvxemoqzdtqumqzfgyfpkz/Build/Intermediates.noindex/ArchiveIntermediates/BookonDebug/IntermediateBuildFilesPath/SwiftSoup.build/Release-iphoneos/SwiftSoup.build/Objects-normal/arm64/ParsingStrings.o -o /Users/runner/Library/Developer/Xcode/DerivedData/BookonDebug-ehazsigvxemoqzdtqumqzfgyfpkz/Build/Intermediates.noindex/ArchiveIntermediates/BookonDebug/IntermediateBuildFilesPath/SwiftSoup.build/Release-iphoneos/SwiftSoup.build/Objects-normal/arm64/Pattern.o -o /Users/runner/Library/Developer/Xcode/DerivedData/BookonDebug-ehazsigvxemoqzdtqumqzfgyfpkz/Build/Intermediates.noindex/ArchiveIntermediates/BookonDebug/IntermediateBuildFilesPath/SwiftSoup.build/Release-iphoneos/SwiftSoup.build/Objects-normal/arm64/QueryParser.o -o /Users/runner/Library/Developer/Xcode/DerivedData/BookonDebug-ehazsigvxemoqzdtqumqzfgyfpkz/Build/Intermediates.noindex/ArchiveIntermediates/BookonDebug/IntermediateBuildFilesPath/SwiftSoup.build/Release-iphoneos/SwiftSoup.build/Objects-normal/arm64/SerializationException.o -o /Users/runner/Library/Developer/Xcode/DerivedData/BookonDebug-ehazsigvxemoqzdtqumqzfgyfpkz/Build/Intermediates.noindex/ArchiveIntermediates/BookonDebug/IntermediateBuildFilesPath/SwiftSoup.build/Release-iphoneos/SwiftSoup.build/Objects-normal/arm64/SimpleDictionary.o -o /Users/runner/Library/Developer/Xcode/DerivedData/BookonDebug-ehazsigvxemoqzdtqumqzfgyfpkz/Build/Intermediates.noindex/ArchiveIntermediates/BookonDebug/IntermediateBuildFilesPath/SwiftSoup.build/Release-iphoneos/SwiftSoup.build/Objects-normal/arm64/StreamReader.o -o /Users/runner/Library/Developer/Xcode/DerivedData/BookonDebug-ehazsigvxemoqzdtqumqzfgyfpkz/Build/Intermediates.noindex/ArchiveIntermediates/BookonDebug/IntermediateBuildFilesPath/SwiftSoup.build/Release-iphoneos/SwiftSoup.build/Objects-normal/arm64/String.o -o /Users/runner/Library/Developer/Xcode/DerivedData/BookonDebug-ehazsigvxemoqzdtqumqzfgyfpkz/Build/Intermediates.noindex/ArchiveIntermediates/BookonDebug/IntermediateBuildFilesPath/SwiftSoup.build/Release-iphoneos/SwiftSoup.build/Objects-normal/arm64/StringBuilder.o -o /Users/runner/Library/Developer/Xcode/DerivedData/BookonDebug-ehazsigvxemoqzdtqumqzfgyfpkz/Build/Intermediates.noindex/ArchiveIntermediates/BookonDebug/IntermediateBuildFilesPath/SwiftSoup.build/Release-iphoneos/SwiftSoup.build/Objects-normal/arm64/StringUtil.o -o /Users/runner/Library/Developer/Xcode/DerivedData/BookonDebug-ehazsigvxemoqzdtqumqzfgyfpkz/Build/Intermediates.noindex/ArchiveIntermediates/BookonDebug/IntermediateBuildFilesPath/SwiftSoup.build/Release-iphoneos/SwiftSoup.build/Objects-normal/arm64/StructuralEvaluator.o -o /Users/runner/Library/Developer/Xcode/DerivedData/BookonDebug-ehazsigvxemoqzdtqumqzfgyfpkz/Build/Intermediates.noindex/ArchiveIntermediates/BookonDebug/IntermediateBuildFilesPath/SwiftSoup.build/Release-iphoneos/SwiftSoup.build/Objects-normal/arm64/SwiftSoup.o -o /Users/runner/Library/Developer/Xcode/DerivedData/BookonDebug-ehazsigvxemoqzdtqumqzfgyfpkz/Build/Intermediates.noindex/ArchiveIntermediates/BookonDebug/IntermediateBuildFilesPath/SwiftSoup.build/Release-iphoneos/SwiftSoup.build/Objects-normal/arm64/Tag.o -o /Users/runner/Library/Developer/Xcode/DerivedData/BookonDebug-ehazsigvxemoqzdtqumqzfgyfpkz/Build/Intermediates.noindex/ArchiveIntermediates/BookonDebug/IntermediateBuildFilesPath/SwiftSoup.build/Release-iphoneos/SwiftSoup.build/Objects-normal/arm64/TextNode.o -o /Users/runner/Library/Developer/Xcode/DerivedData/BookonDebug-ehazsigvxemoqzdtqumqzfgyfpkz/Build/Intermediates.noindex/ArchiveIntermediates/BookonDebug/IntermediateBuildFilesPath/SwiftSoup.build/Release-iphoneos/SwiftSoup.build/Objects-normal/arm64/Token.o -o /Users/runner/Library/Developer/Xcode/DerivedData/BookonDebug-ehazsigvxemoqzdtqumqzfgyfpkz/Build/Intermediates.noindex/ArchiveIntermediates/BookonDebug/IntermediateBuildFilesPath/SwiftSoup.build/Release-iphoneos/SwiftSoup.build/Objects-normal/arm64/TokenQueue.o -o /Users/runner/Library/Developer/Xcode/DerivedData/BookonDebug-ehazsigvxemoqzdtqumqzfgyfpkz/Build/Intermediates.noindex/ArchiveIntermediates/BookonDebug/IntermediateBuildFilesPath/SwiftSoup.build/Release-iphoneos/SwiftSoup.build/Objects-normal/arm64/Tokeniser.o -o /Users/runner/Library/Developer/Xcode/DerivedData/BookonDebug-ehazsigvxemoqzdtqumqzfgyfpkz/Build/Intermediates.noindex/ArchiveIntermediates/BookonDebug/IntermediateBuildFilesPath/SwiftSoup.build/Release-iphoneos/SwiftSoup.build/Objects-normal/arm64/TokeniserState.o -o /Users/runner/Library/Developer/Xcode/DerivedData/BookonDebug-ehazsigvxemoqzdtqumqzfgyfpkz/Build/Intermediates.noindex/ArchiveIntermediates/BookonDebug/IntermediateBuildFilesPath/SwiftSoup.build/Release-iphoneos/SwiftSoup.build/Objects-normal/arm64/TreeBuilder.o -o /Users/runner/Library/Developer/Xcode/DerivedData/BookonDebug-ehazsigvxemoqzdtqumqzfgyfpkz/Build/Intermediates.noindex/ArchiveIntermediates/BookonDebug/IntermediateBuildFilesPath/SwiftSoup.build/Release-iphoneos/SwiftSoup.build/Objects-normal/arm64/UTF8Arrays.o -o /Users/runner/Library/Developer/Xcode/DerivedData/BookonDebug-ehazsigvxemoqzdtqumqzfgyfpkz/Build/Intermediates.noindex/ArchiveIntermediates/BookonDebug/IntermediateBuildFilesPath/SwiftSoup.build/Release-iphoneos/SwiftSoup.build/Objects-normal/arm64/UnfairLock.o -o /Users/runner/Library/Developer/Xcode/DerivedData/BookonDebug-ehazsigvxemoqzdtqumqzfgyfpkz/Build/Intermediates.noindex/ArchiveIntermediates/BookonDebug/IntermediateBuildFilesPath/SwiftSoup.build/Release-iphoneos/SwiftSoup.build/Objects-normal/arm64/UnicodeScalar.o -o /Users/runner/Library/Developer/Xcode/DerivedData/BookonDebug-ehazsigvxemoqzdtqumqzfgyfpkz/Build/Intermediates.noindex/ArchiveIntermediates/BookonDebug/IntermediateBuildFilesPath/SwiftSoup.build/Release-iphoneos/SwiftSoup.build/Objects-normal/arm64/Validate.o -o /Users/runner/Library/Developer/Xcode/DerivedData/BookonDebug-ehazsigvxemoqzdtqumqzfgyfpkz/Build/Intermediates.noindex/ArchiveIntermediates/BookonDebug/IntermediateBuildFilesPath/SwiftSoup.build/Release-iphoneos/SwiftSoup.build/Objects-normal/arm64/Whitelist.o -o /Users/runner/Library/Developer/Xcode/DerivedData/BookonDebug-ehazsigvxemoqzdtqumqzfgyfpkz/Build/Intermediates.noindex/ArchiveIntermediates/BookonDebug/IntermediateBuildFilesPath/SwiftSoup.build/Release-iphoneos/SwiftSoup.build/Objects-normal/arm64/XmlDeclaration.o -o /Users/runner/Library/Developer/Xcode/DerivedData/BookonDebug-ehazsigvxemoqzdtqumqzfgyfpkz/Build/Intermediates.noindex/ArchiveIntermediates/BookonDebug/IntermediateBuildFilesPath/SwiftSoup.build/Release-iphoneos/SwiftSoup.build/Objects-normal/arm64/XmlTreeBuilder.o -index-unit-output-path /SwiftSoup.build/Release-iphoneos/SwiftSoup.build/Objects-normal/arm64/ArrayExt.o -index-unit-output-path /SwiftSoup.build/Release-iphoneos/SwiftSoup.build/Objects-normal/arm64/Attribute.o -index-unit-output-path /SwiftSoup.build/Release-iphoneos/SwiftSoup.build/Objects-normal/arm64/Attributes.o -index-unit-output-path /SwiftSoup.build/Release-iphoneos/SwiftSoup.build/Objects-normal/arm64/BinarySearch.o -index-unit-output-path /SwiftSoup.build/Release-iphoneos/SwiftSoup.build/Objects-normal/arm64/BooleanAttribute.o -index-unit-output-path /SwiftSoup.build/Release-iphoneos/SwiftSoup.build/Objects-normal/arm64/CharacterExt.o -index-unit-output-path /SwiftSoup.build/Release-iphoneos/SwiftSoup.build/Objects-normal/arm64/CharacterReader.o -index-unit-output-path /SwiftSoup.build/Release-iphoneos/SwiftSoup.build/Objects-normal/arm64/Cleaner.o -index-unit-output-path /SwiftSoup.build/Release-iphoneos/SwiftSoup.build/Objects-normal/arm64/Collector.o -index-unit-output-path /SwiftSoup.build/Release-iphoneos/SwiftSoup.build/Objects-normal/arm64/CombiningEvaluator.o -index-unit-output-path /SwiftSoup.build/Release-iphoneos/SwiftSoup.build/Objects-normal/arm64/Comment.o -index-unit-output-path /SwiftSoup.build/Release-iphoneos/SwiftSoup.build/Objects-normal/arm64/Connection.o -index-unit-output-path /SwiftSoup.build/Release-iphoneos/SwiftSoup.build/Objects-normal/arm64/CssSelector.o -index-unit-output-path /SwiftSoup.build/Release-iphoneos/SwiftSoup.build/Objects-normal/arm64/DataNode.o -index-unit-output-path /SwiftSoup.build/Release-iphoneos/SwiftSoup.build/Objects-normal/arm64/DataUtil.o -index-unit-output-path /SwiftSoup.build/Release-iphoneos/SwiftSoup.build/Objects-normal/arm64/Document.o -index-unit-output-path /SwiftSoup.build/Release-iphoneos/SwiftSoup.build/Objects-normal/arm64/DocumentType.o -index-unit-output-path /SwiftSoup.build/Release-iphoneos/SwiftSoup.build/Objects-normal/arm64/Element.o -index-unit-output-path /SwiftSoup.build/Release-iphoneos/SwiftSoup.build/Objects-normal/arm64/Elements.o -index-unit-output-path /SwiftSoup.build/Release-iphoneos/SwiftSoup.build/Objects-normal/arm64/Entities.o -index-unit-output-path /SwiftSoup.build/Release-iphoneos/SwiftSoup.build/Objects-normal/arm64/Evaluator.o -index-unit-output-path /SwiftSoup.build/Release-iphoneos/SwiftSoup.build/Objects-normal/arm64/Exception.o -index-unit-output-path /SwiftSoup.build/Release-iphoneos/SwiftSoup.build/Objects-normal/arm64/FormElement.o -index-unit-output-path /SwiftSoup.build/Release-iphoneos/SwiftSoup.build/Objects-normal/arm64/HtmlTreeBuilder.o -index-unit-output-path /SwiftSoup.build/Release-iphoneos/SwiftSoup.build/Objects-normal/arm64/HtmlTreeBuilderState.o -index-unit-output-path /SwiftSoup.build/Release-iphoneos/SwiftSoup.build/Objects-normal/arm64/HttpStatusException.o -index-unit-output-path /SwiftSoup.build/Release-iphoneos/SwiftSoup.build/Objects-normal/arm64/Mutex.o -index-unit-output-path /SwiftSoup.build/Release-iphoneos/SwiftSoup.build/Objects-normal/arm64/Node.o -index-unit-output-path /SwiftSoup.build/Release-iphoneos/SwiftSoup.build/Objects-normal/arm64/NodeTraversor.o -index-unit-output-path /SwiftSoup.build/Release-iphoneos/SwiftSoup.build/Objects-normal/arm64/NodeVisitor.o -index-unit-output-path /SwiftSoup.build/Release-iphoneos/SwiftSoup.build/Objects-normal/arm64/OrderedSet.o -index-unit-output-path /SwiftSoup.build/Release-iphoneos/SwiftSoup.build/Objects-normal/arm64/ParseError.o -index-unit-output-path /SwiftSoup.build/Release-iphoneos/SwiftSoup.build/Objects-normal/arm64/ParseErrorList.o -index-unit-output-path /SwiftSoup.build/Release-iphoneos/SwiftSoup.build/Objects-normal/arm64/ParseSettings.o -index-unit-output-path /SwiftSoup.build/Release-iphoneos/SwiftSoup.build/Objects-normal/arm64/Parser.o -index-unit-output-path /SwiftSoup.build/Release-iphoneos/SwiftSoup.build/Objects-normal/arm64/ParsingStrings.o -index-unit-output-path /SwiftSoup.build/Release-iphoneos/SwiftSoup.build/Objects-normal/arm64/Pattern.o -index-unit-output-path /SwiftSoup.build/Release-iphoneos/SwiftSoup.build/Objects-normal/arm64/QueryParser.o -index-unit-output-path /SwiftSoup.build/Release-iphoneos/SwiftSoup.build/Objects-normal/arm64/SerializationException.o -index-unit-output-path /SwiftSoup.build/Release-iphoneos/SwiftSoup.build/Objects-normal/arm64/SimpleDictionary.o -index-unit-output-path /SwiftSoup.build/Release-iphoneos/SwiftSoup.build/Objects-normal/arm64/StreamReader.o -index-unit-output-path /SwiftSoup.build/Release-iphoneos/SwiftSoup.build/Objects-normal/arm64/String.o -index-unit-output-path /SwiftSoup.build/Release-iphoneos/SwiftSoup.build/Objects-normal/arm64/StringBuilder.o -index-unit-output-path /SwiftSoup.build/Release-iphoneos/SwiftSoup.build/Objects-normal/arm64/StringUtil.o -index-unit-output-path /SwiftSoup.build/Release-iphoneos/SwiftSoup.build/Objects-normal/arm64/StructuralEvaluator.o -index-unit-output-path /SwiftSoup.build/Release-iphoneos/SwiftSoup.build/Objects-normal/arm64/SwiftSoup.o -index-unit-output-path /SwiftSoup.build/Release-iphoneos/SwiftSoup.build/Objects-normal/arm64/Tag.o -index-unit-output-path /SwiftSoup.build/Release-iphoneos/SwiftSoup.build/Objects-normal/arm64/TextNode.o -index-unit-output-path /SwiftSoup.build/Release-iphoneos/SwiftSoup.build/Objects-normal/arm64/Token.o -index-unit-output-path /SwiftSoup.build/Release-iphoneos/SwiftSoup.build/Objects-normal/arm64/TokenQueue.o -index-unit-output-path /SwiftSoup.build/Release-iphoneos/SwiftSoup.build/Objects-normal/arm64/Tokeniser.o -index-unit-output-path /SwiftSoup.build/Release-iphoneos/SwiftSoup.build/Objects-normal/arm64/TokeniserState.o -index-unit-output-path /SwiftSoup.build/Release-iphoneos/SwiftSoup.build/Objects-normal/arm64/TreeBuilder.o -index-unit-output-path /SwiftSoup.build/Release-iphoneos/SwiftSoup.build/Objects-normal/arm64/UTF8Arrays.o -index-unit-output-path /SwiftSoup.build/Release-iphoneos/SwiftSoup.build/Objects-normal/arm64/UnfairLock.o -index-unit-output-path /SwiftSoup.build/Release-iphoneos/SwiftSoup.build/Objects-normal/arm64/UnicodeScalar.o -index-unit-output-path /SwiftSoup.build/Release-iphoneos/SwiftSoup.build/Objects-normal/arm64/Validate.o -index-unit-output-path /SwiftSoup.build/Release-iphoneos/SwiftSoup.build/Objects-normal/arm64/Whitelist.o -index-unit-output-path /SwiftSoup.build/Release-iphoneos/SwiftSoup.build/Objects-normal/arm64/XmlDeclaration.o -index-unit-output-path /SwiftSoup.build/Release-iphoneos/SwiftSoup.build/Objects-normal/arm64/XmlTreeBuilder.o
2026-10-05T12:39:02.5080850Z 
2026-10-05T12:39:02.5189830Z SwiftDriverJobDiscovery normal arm64 Compiling ArrayExt.swift, Attribute.swift, Attributes.swift, BinarySearch.swift, BooleanAttribute.swift, CharacterExt.swift, CharacterReader.swift, Cleaner.swift, Collector.swift, CombiningEvaluator.swift, Comment.swift, Connection.swift, CssSelector.swift, DataNode.swift, DataUtil.swift, Document.swift, DocumentType.swift, Element.swift, Elements.swift, Entities.swift, Evaluator.swift, Exception.swift, FormElement.swift, HtmlTreeBuilder.swift, HtmlTreeBuilderState.swift, HttpStatusException.swift, Mutex.swift, Node.swift, NodeTraversor.swift, NodeVisitor.swift, OrderedSet.swift, ParseError.swift, ParseErrorList.swift, ParseSettings.swift, Parser.swift, ParsingStrings.swift, Pattern.swift, QueryParser.swift, SerializationException.swift, SimpleDictionary.swift, StreamReader.swift, String.swift, StringBuilder.swift, StringUtil.swift, StructuralEvaluator.swift, SwiftSoup.swift, Tag.swift, TextNode.swift, Token.swift, TokenQueue.swift, Tokeniser.swift, TokeniserState.swift, TreeBuilder.swift, UTF8Arrays.swift, UnfairLock.swift, UnicodeScalar.swift, Validate.swift, Whitelist.swift, XmlDeclaration.swift, XmlTreeBuilder.swift (in target 'SwiftSoup' from project 'SwiftSoup')
2026-10-05T12:39:02.5284970Z 
2026-10-05T12:39:02.5394030Z SwiftDriver\ Compilation\ Requirements SwiftSoup normal arm64 com.apple.xcode.tools.swift.compiler (in target 'SwiftSoup' from project 'SwiftSoup')
2026-10-05T12:39:02.5496860Z     cd /Users/runner/Library/Developer/Xcode/DerivedData/BookonDebug-ehazsigvxemoqzdtqumqzfgyfpkz/SourcePackages/checkouts/SwiftSoup
2026-10-05T12:39:02.5684960Z     builtin-Swift-Compilation-Requirements -- /Applications/Xcode_15.4.app/Contents/Developer/Toolchains/XcodeDefault.xctoolchain/usr/bin/swiftc -module-name SwiftSoup -O -whole-module-optimization -enforce-exclusivity\=checked @/Users/runner/Library/Developer/Xcode/DerivedData/BookonDebug-ehazsigvxemoqzdtqumqzfgyfpkz/Build/Intermediates.noindex/ArchiveIntermediates/BookonDebug/IntermediateBuildFilesPath/SwiftSoup.build/Release-iphoneos/SwiftSoup.build/Objects-normal/arm64/SwiftSoup.SwiftFileList -DSWIFT_PACKAGE -DXcode -sdk /Applications/Xcode_15.4.app/Contents/Developer/Platforms/iPhoneOS.platform/Developer/SDKs/iPhoneOS17.5.sdk -target arm64-apple-ios13.0 -g -module-cache-path /Users/runner/Library/Developer/Xcode/DerivedData/ModuleCache.noindex -Xfrontend -serialize-debugging-options -suppress-warnings -swift-version 5 -I /Users/runner/Library/Developer/Xcode/DerivedData/BookonDebug-ehazsigvxemoqzdtqumqzfgyfpkz/Build/Intermediates.noindex/ArchiveIntermediates/BookonDebug/BuildProductsPath/Release-iphoneos -I /Applications/Xcode_15.4.app/Contents/Developer/Platforms/iPhoneOS.platform/Developer/usr/lib -F /Users/runner/Library/Developer/Xcode/DerivedData/BookonDebug-ehazsigvxemoqzdtqumqzfgyfpkz/Build/Intermediates.noindex/ArchiveIntermediates/BookonDebug/BuildProductsPath/Release-iphoneos -F /Applications/Xcode_15.4.app/Contents/Developer/Platforms/iPhoneOS.platform/Developer/Library/Frameworks -F /Applications/Xcode_15.4.app/Contents/Developer/Platforms/iPhoneOS.platform/Developer/SDKs/iPhoneOS17.5.sdk/Developer/Library/Frameworks -c -num-threads 3 -Xcc -ivfsstatcache -Xcc /Users/runner/Library/Developer/Xcode/DerivedData/SDKStatCaches.noindex/iphoneos17.5-21F77-f0fa7969d082b13145125136a829df3a.sdkstatcache -output-file-map /Users/runner/Library/Developer/Xcode/DerivedData/BookonDebug-ehazsigvxemoqzdtqumqzfgyfpkz/Build/Intermediates.noindex/ArchiveIntermediates/BookonDebug/IntermediateBuildFilesPath/SwiftSoup.build/Release-iphoneos/SwiftSoup.build/Objects-normal/arm64/SwiftSoup-OutputFileMap.json -use-frontend-parseable-output -save-temps -no-color-diagnostics -serialize-diagnostics -emit-dependencies -emit-module -emit-module-path /Users/runner/Library/Developer/Xcode/DerivedData/BookonDebug-ehazsigvxemoqzdtqumqzfgyfpkz/Build/Intermediates.noindex/ArchiveIntermediates/BookonDebug/IntermediateBuildFilesPath/SwiftSoup.build/Release-iphoneos/SwiftSoup.build/Objects-normal/arm64/SwiftSoup.swiftmodule -validate-clang-modules-once -clang-build-session-file /Users/runner/Library/Developer/Xcode/DerivedData/ModuleCache.noindex/Session.modulevalidation -Xfrontend -package-name -Xfrontend swiftsoup -Xcc -I/Users/runner/Library/Developer/Xcode/DerivedData/BookonDebug-ehazsigvxemoqzdtqumqzfgyfpkz/Build/Intermediates.noindex/ArchiveIntermediates/BookonDebug/IntermediateBuildFilesPath/SwiftSoup.build/Release-iphoneos/SwiftSoup.build/swift-overrides.hmap -emit-const-values -Xfrontend -const-gather-protocols-file -Xfrontend /Users/runner/Library/Developer/Xcode/DerivedData/BookonDebug-ehazsigvxemoqzdtqumqzfgyfpkz/Build/Intermediates.noindex/ArchiveIntermediates/BookonDebug/IntermediateBuildFilesPath/SwiftSoup.build/Release-iphoneos/SwiftSoup.build/Objects-normal/arm64/SwiftSoup_const_extract_protocols.json -Xcc -I/Users/runner/Library/Developer/Xcode/DerivedData/BookonDebug-ehazsigvxemoqzdtqumqzfgyfpkz/Build/Intermediates.noindex/ArchiveIntermediates/BookonDebug/BuildProductsPath/Release-iphoneos/include -Xcc -I/Users/runner/Library/Developer/Xcode/DerivedData/BookonDebug-ehazsigvxemoqzdtqumqzfgyfpkz/Build/Intermediates.noindex/ArchiveIntermediates/BookonDebug/IntermediateBuildFilesPath/SwiftSoup.build/Release-iphoneos/SwiftSoup.build/DerivedSources-normal/arm64 -Xcc -I/Users/runner/Library/Developer/Xcode/DerivedData/BookonDebug-ehazsigvxemoqzdtqumqzfgyfpkz/Build/Intermediates.noindex/ArchiveIntermediates/BookonDebug/IntermediateBuildFilesPath/SwiftSoup.build/Release-iphoneos/SwiftSoup.build/DerivedSources/arm64 -Xcc -I/Users/runner/Library/Developer/Xcode/DerivedData/BookonDebug-ehazsigvxemoqzdtqumqzfgyfpkz/Build/Intermediates.noindex/ArchiveIntermediates/BookonDebug/IntermediateBuildFilesPath/SwiftSoup.build/Release-iphoneos/SwiftSoup.build/DerivedSources -Xcc -DSWIFT_PACKAGE -emit-objc-header -emit-objc-header-path /Users/runner/Library/Developer/Xcode/DerivedData/BookonDebug-ehazsigvxemoqzdtqumqzfgyfpkz/Build/Intermediates.noindex/ArchiveIntermediates/BookonDebug/IntermediateBuildFilesPath/SwiftSoup.build/Release-iphoneos/SwiftSoup.build/Objects-normal/arm64/SwiftSoup-Swift.h -working-directory /Users/runner/Library/Developer/Xcode/DerivedData/BookonDebug-ehazsigvxemoqzdtqumqzfgyfpkz/SourcePackages/checkouts/SwiftSoup -no-emit-module-separately-wmo
2026-10-05T12:39:02.5712720Z 
2026-10-05T12:39:02.5917920Z SwiftMergeGeneratedHeaders /Users/runner/Library/Developer/Xcode/DerivedData/BookonDebug-ehazsigvxemoqzdtqumqzfgyfpkz/Build/Intermediates.noindex/ArchiveIntermediates/BookonDebug/IntermediateBuildFilesPath/GeneratedModuleMaps-iphoneos/SwiftSoup-Swift.h /Users/runner/Library/Developer/Xcode/DerivedData/BookonDebug-ehazsigvxemoqzdtqumqzfgyfpkz/Build/Intermediates.noindex/ArchiveIntermediates/BookonDebug/IntermediateBuildFilesPath/SwiftSoup.build/Release-iphoneos/SwiftSoup.build/Objects-normal/arm64/SwiftSoup-Swift.h (in target 'SwiftSoup' from project 'SwiftSoup')
2026-10-05T12:39:02.6026690Z     cd /Users/runner/Library/Developer/Xcode/DerivedData/BookonDebug-ehazsigvxemoqzdtqumqzfgyfpkz/SourcePackages/checkouts/SwiftSoup
2026-10-05T12:39:02.6069660Z     builtin-swiftHeaderTool -arch arm64 /Users/runner/Library/Developer/Xcode/DerivedData/BookonDebug-ehazsigvxemoqzdtqumqzfgyfpkz/Build/Intermediates.noindex/ArchiveIntermediates/BookonDebug/IntermediateBuildFilesPath/SwiftSoup.build/Release-iphoneos/SwiftSoup.build/Objects-normal/arm64/SwiftSoup-Swift.h -o /Users/runner/Library/Developer/Xcode/DerivedData/BookonDebug-ehazsigvxemoqzdtqumqzfgyfpkz/Build/Intermediates.noindex/ArchiveIntermediates/BookonDebug/IntermediateBuildFilesPath/GeneratedModuleMaps-iphoneos/SwiftSoup-Swift.h
2026-10-05T12:39:02.6240370Z 
2026-10-05T12:39:02.6363870Z Copy /Users/runner/Library/Developer/Xcode/DerivedData/BookonDebug-ehazsigvxemoqzdtqumqzfgyfpkz/Build/Intermediates.noindex/ArchiveIntermediates/BookonDebug/BuildProductsPath/Release-iphoneos/SwiftSoup.swiftmodule/arm64-apple-ios.swiftmodule /Users/runner/Library/Developer/Xcode/DerivedData/BookonDebug-ehazsigvxemoqzdtqumqzfgyfpkz/Build/Intermediates.noindex/ArchiveIntermediates/BookonDebug/IntermediateBuildFilesPath/SwiftSoup.build/Release-iphoneos/SwiftSoup.build/Objects-normal/arm64/SwiftSoup.swiftmodule (in target 'SwiftSoup' from project 'SwiftSoup')
2026-10-05T12:39:02.6436870Z     cd /Users/runner/Library/Developer/Xcode/DerivedData/BookonDebug-ehazsigvxemoqzdtqumqzfgyfpkz/SourcePackages/checkouts/SwiftSoup
2026-10-05T12:39:02.6550750Z     builtin-copy -exclude .DS_Store -exclude CVS -exclude .svn -exclude .git -exclude .hg -strip-unsigned-binaries -strip-deterministic -strip-tool /Applications/Xcode_15.4.app/Contents/Developer/Toolchains/XcodeDefault.xctoolchain/usr/bin/strip -resolve-src-symlinks -rename /Users/runner/Library/Developer/Xcode/DerivedData/BookonDebug-ehazsigvxemoqzdtqumqzfgyfpkz/Build/Intermediates.noindex/ArchiveIntermediates/BookonDebug/IntermediateBuildFilesPath/SwiftSoup.build/Release-iphoneos/SwiftSoup.build/Objects-normal/arm64/SwiftSoup.swiftmodule /Users/runner/Library/Developer/Xcode/DerivedData/BookonDebug-ehazsigvxemoqzdtqumqzfgyfpkz/Build/Intermediates.noindex/ArchiveIntermediates/BookonDebug/BuildProductsPath/Release-iphoneos/SwiftSoup.swiftmodule/arm64-apple-ios.swiftmodule
2026-10-05T12:39:02.6633540Z 
2026-10-05T12:39:02.6712020Z Copy /Users/runner/Library/Developer/Xcode/DerivedData/BookonDebug-ehazsigvxemoqzdtqumqzfgyfpkz/Build/Intermediates.noindex/ArchiveIntermediates/BookonDebug/BuildProductsPath/Release-iphoneos/SwiftSoup.swiftmodule/arm64-apple-ios.swiftdoc /Users/runner/Library/Developer/Xcode/DerivedData/BookonDebug-ehazsigvxemoqzdtqumqzfgyfpkz/Build/Intermediates.noindex/ArchiveIntermediates/BookonDebug/IntermediateBuildFilesPath/SwiftSoup.build/Release-iphoneos/SwiftSoup.build/Objects-normal/arm64/SwiftSoup.swiftdoc (in target 'SwiftSoup' from project 'SwiftSoup')
2026-10-05T12:39:02.6749710Z     cd /Users/runner/Library/Developer/Xcode/DerivedData/BookonDebug-ehazsigvxemoqzdtqumqzfgyfpkz/SourcePackages/checkouts/SwiftSoup
2026-10-05T12:39:02.6767910Z     builtin-copy -exclude .DS_Store -exclude CVS -exclude .svn -exclude .git -exclude .hg -strip-unsigned-binaries -strip-deterministic -strip-tool /Applications/Xcode_15.4.app/Contents/Developer/Toolchains/XcodeDefault.xctoolchain/usr/bin/strip -resolve-src-symlinks -rename /Users/runner/Library/Developer/Xcode/DerivedData/BookonDebug-ehazsigvxemoqzdtqumqzfgyfpkz/Build/Intermediates.noindex/ArchiveIntermediates/BookonDebug/IntermediateBuildFilesPath/SwiftSoup.build/Release-iphoneos/SwiftSoup.build/Objects-normal/arm64/SwiftSoup.swiftdoc /Users/runner/Library/Developer/Xcode/DerivedData/BookonDebug-ehazsigvxemoqzdtqumqzfgyfpkz/Build/Intermediates.noindex/ArchiveIntermediates/BookonDebug/BuildProductsPath/Release-iphoneos/SwiftSoup.swiftmodule/arm64-apple-ios.swiftdoc
2026-10-05T12:39:02.6783230Z 
2026-10-05T12:39:02.6809250Z Copy /Users/runner/Library/Developer/Xcode/DerivedData/BookonDebug-ehazsigvxemoqzdtqumqzfgyfpkz/Build/Intermediates.noindex/ArchiveIntermediates/BookonDebug/BuildProductsPath/Release-iphoneos/SwiftSoup.swiftmodule/arm64-apple-ios.abi.json /Users/runner/Library/Developer/Xcode/DerivedData/BookonDebug-ehazsigvxemoqzdtqumqzfgyfpkz/Build/Intermediates.noindex/ArchiveIntermediates/BookonDebug/IntermediateBuildFilesPath/SwiftSoup.build/Release-iphoneos/SwiftSoup.build/Objects-normal/arm64/SwiftSoup.abi.json (in target 'SwiftSoup' from project 'SwiftSoup')
2026-10-05T12:39:02.6845100Z     cd /Users/runner/Library/Developer/Xcode/DerivedData/BookonDebug-ehazsigvxemoqzdtqumqzfgyfpkz/SourcePackages/checkouts/SwiftSoup
2026-10-05T12:39:02.6953280Z     builtin-copy -exclude .DS_Store -exclude CVS -exclude .svn -exclude .git -exclude .hg -strip-unsigned-binaries -strip-deterministic -strip-tool /Applications/Xcode_15.4.app/Contents/Developer/Toolchains/XcodeDefault.xctoolchain/usr/bin/strip -resolve-src-symlinks -rename /Users/runner/Library/Developer/Xcode/DerivedData/BookonDebug-ehazsigvxemoqzdtqumqzfgyfpkz/Build/Intermediates.noindex/ArchiveIntermediates/BookonDebug/IntermediateBuildFilesPath/SwiftSoup.build/Release-iphoneos/SwiftSoup.build/Objects-normal/arm64/SwiftSoup.abi.json /Users/runner/Library/Developer/Xcode/DerivedData/BookonDebug-ehazsigvxemoqzdtqumqzfgyfpkz/Build/Intermediates.noindex/ArchiveIntermediates/BookonDebug/BuildProductsPath/Release-iphoneos/SwiftSoup.swiftmodule/arm64-apple-ios.abi.json
2026-10-05T12:39:02.7058360Z 
2026-10-05T12:39:02.7159830Z Ld /Users/runner/Library/Developer/Xcode/DerivedData/BookonDebug-ehazsigvxemoqzdtqumqzfgyfpkz/Build/Intermediates.noindex/ArchiveIntermediates/BookonDebug/IntermediateBuildFilesPath/UninstalledProducts/iphoneos/SwiftSoup.o normal (in target 'SwiftSoup' from project 'SwiftSoup')
2026-10-05T12:39:02.7229780Z     cd /Users/runner/Library/Developer/Xcode/DerivedData/BookonDebug-ehazsigvxemoqzdtqumqzfgyfpkz/SourcePackages/checkouts/SwiftSoup
2026-10-05T12:39:02.7249010Z     /Applications/Xcode_15.4.app/Contents/Developer/Toolchains/XcodeDefault.xctoolchain/usr/bin/clang -Xlinker -reproducible -target arm64-apple-ios13.0 -r -isysroot /Applications/Xcode_15.4.app/Contents/Developer/Platforms/iPhoneOS.platform/Developer/SDKs/iPhoneOS17.5.sdk -Os -w -L/Users/runner/Library/Developer/Xcode/DerivedData/BookonDebug-ehazsigvxemoqzdtqumqzfgyfpkz/Build/Intermediates.noindex/ArchiveIntermediates/BookonDebug/IntermediateBuildFilesPath/EagerLinkingTBDs/Release-iphoneos -L/Users/runner/Library/Developer/Xcode/DerivedData/BookonDebug-ehazsigvxemoqzdtqumqzfgyfpkz/Build/Intermediates.noindex/ArchiveIntermediates/BookonDebug/BuildProductsPath/Release-iphoneos -L/Applications/Xcode_15.4.app/Contents/Developer/Platforms/iPhoneOS.platform/Developer/usr/lib -F/Users/runner/Library/Developer/Xcode/DerivedData/BookonDebug-ehazsigvxemoqzdtqumqzfgyfpkz/Build/Intermediates.noindex/ArchiveIntermediates/BookonDebug/IntermediateBuildFilesPath/EagerLinkingTBDs/Release-iphoneos -F/Users/runner/Library/Developer/Xcode/DerivedData/BookonDebug-ehazsigvxemoqzdtqumqzfgyfpkz/Build/Intermediates.noindex/ArchiveIntermediates/BookonDebug/BuildProductsPath/Release-iphoneos -iframework /Applications/Xcode_15.4.app/Contents/Developer/Platforms/iPhoneOS.platform/Developer/Library/Frameworks -iframework /Applications/Xcode_15.4.app/Contents/Developer/Platforms/iPhoneOS.platform/Developer/SDKs/iPhoneOS17.5.sdk/Developer/Library/Frameworks -filelist /Users/runner/Library/Developer/Xcode/DerivedData/BookonDebug-ehazsigvxemoqzdtqumqzfgyfpkz/Build/Intermediates.noindex/ArchiveIntermediates/BookonDebug/IntermediateBuildFilesPath/SwiftSoup.build/Release-iphoneos/SwiftSoup.build/Objects-normal/arm64/SwiftSoup.LinkFileList -nostdlib -Xlinker -object_path_lto -Xlinker /Users/runner/Library/Developer/Xcode/DerivedData/BookonDebug-ehazsigvxemoqzdtqumqzfgyfpkz/Build/Intermediates.noindex/ArchiveIntermediates/BookonDebug/IntermediateBuildFilesPath/SwiftSoup.build/Release-iphoneos/SwiftSoup.build/Objects-normal/arm64/SwiftSoup_lto.o -fobjc-link-runtime -L/Applications/Xcode_15.4.app/Contents/Developer/Toolchains/XcodeDefault.xctoolchain/usr/lib/swift/iphoneos -L/usr/lib/swift -Xlinker -add_ast_path -Xlinker /Users/runner/Library/Developer/Xcode/DerivedData/BookonDebug-ehazsigvxemoqzdtqumqzfgyfpkz/Build/Intermediates.noindex/ArchiveIntermediates/BookonDebug/IntermediateBuildFilesPath/SwiftSoup.build/Release-iphoneos/SwiftSoup.build/Objects-normal/arm64/SwiftSoup.swiftmodule -Xlinker -dependency_info -Xlinker /Users/runner/Library/Developer/Xcode/DerivedData/BookonDebug-ehazsigvxemoqzdtqumqzfgyfpkz/Build/Intermediates.noindex/ArchiveIntermediates/BookonDebug/IntermediateBuildFilesPath/SwiftSoup.build/Release-iphoneos/SwiftSoup.build/Objects-normal/arm64/SwiftSoup_dependency_info.dat -o /Users/runner/Library/Developer/Xcode/DerivedData/BookonDebug-ehazsigvxemoqzdtqumqzfgyfpkz/Build/Intermediates.noindex/ArchiveIntermediates/BookonDebug/IntermediateBuildFilesPath/UninstalledProducts/iphoneos/SwiftSoup.o
2026-10-05T12:39:02.7320840Z 
2026-10-05T12:39:02.7418460Z WriteAuxiliaryFile /Users/runner/Library/Developer/Xcode/DerivedData/BookonDebug-ehazsigvxemoqzdtqumqzfgyfpkz/Build/Intermediates.noindex/ArchiveIntermediates/BookonDebug/IntermediateBuildFilesPath/LegadoBookSource.build/Release-iphoneos/LegadoBookSource.build/LegadoBookSource.modulemap (in target 'LegadoBookSource' from project 'LegadoBookSource')
2026-10-05T12:39:02.7420850Z     cd /Users/runner/work/bookon/bookon
2026-10-05T12:39:02.7425740Z     write-file /Users/runner/Library/Developer/Xcode/DerivedData/BookonDebug-ehazsigvxemoqzdtqumqzfgyfpkz/Build/Intermediates.noindex/ArchiveIntermediates/BookonDebug/IntermediateBuildFilesPath/LegadoBookSource.build/Release-iphoneos/LegadoBookSource.build/LegadoBookSource.modulemap
2026-10-05T12:39:02.7429500Z 
2026-10-05T12:39:02.7433830Z Copy /Users/runner/Library/Developer/Xcode/DerivedData/BookonDebug-ehazsigvxemoqzdtqumqzfgyfpkz/Build/Intermediates.noindex/ArchiveIntermediates/BookonDebug/IntermediateBuildFilesPath/GeneratedModuleMaps-iphoneos/LegadoBookSource.modulemap /Users/runner/Library/Developer/Xcode/DerivedData/BookonDebug-ehazsigvxemoqzdtqumqzfgyfpkz/Build/Intermediates.noindex/ArchiveIntermediates/BookonDebug/IntermediateBuildFilesPath/LegadoBookSource.build/Release-iphoneos/LegadoBookSource.build/LegadoBookSource.modulemap (in target 'LegadoBookSource' from project 'LegadoBookSource')
2026-10-05T12:39:02.7436630Z     cd /Users/runner/work/bookon/bookon
2026-10-05T12:39:02.7440040Z     builtin-copy -exclude .DS_Store -exclude CVS -exclude .svn -exclude .git -exclude .hg -strip-unsigned-binaries -strip-deterministic -strip-tool /Applications/Xcode_15.4.app/Contents/Developer/Toolchains/XcodeDefault.xctoolchain/usr/bin/strip -resolve-src-symlinks /Users/runner/Library/Developer/Xcode/DerivedData/BookonDebug-ehazsigvxemoqzdtqumqzfgyfpkz/Build/Intermediates.noindex/ArchiveIntermediates/BookonDebug/IntermediateBuildFilesPath/LegadoBookSource.build/Release-iphoneos/LegadoBookSource.build/LegadoBookSource.modulemap /Users/runner/Library/Developer/Xcode/DerivedData/BookonDebug-ehazsigvxemoqzdtqumqzfgyfpkz/Build/Intermediates.noindex/ArchiveIntermediates/BookonDebug/IntermediateBuildFilesPath/GeneratedModuleMaps-iphoneos
2026-10-05T12:39:02.7447330Z 
2026-10-05T12:39:02.7448920Z WriteAuxiliaryFile /Users/runner/Library/Developer/Xcode/DerivedData/BookonDebug-ehazsigvxemoqzdtqumqzfgyfpkz/Build/Intermediates.noindex/ArchiveIntermediates/BookonDebug/IntermediateBuildFilesPath/LegadoBookSource.build/Release-iphoneos/LegadoBookSource.build/Objects-normal/arm64/LegadoBookSource_const_extract_protocols.json (in target 'LegadoBookSource' from project 'LegadoBookSource')
2026-10-05T12:39:02.7450930Z     cd /Users/runner/work/bookon/bookon
2026-10-05T12:39:02.7457010Z     write-file /Users/runner/Library/Developer/Xcode/DerivedData/BookonDebug-ehazsigvxemoqzdtqumqzfgyfpkz/Build/Intermediates.noindex/ArchiveIntermediates/BookonDebug/IntermediateBuildFilesPath/LegadoBookSource.build/Release-iphoneos/LegadoBookSource.build/Objects-normal/arm64/LegadoBookSource_const_extract_protocols.json
2026-10-05T12:39:02.7459180Z 
2026-10-05T12:39:02.7463270Z WriteAuxiliaryFile /Users/runner/Library/Developer/Xcode/DerivedData/BookonDebug-ehazsigvxemoqzdtqumqzfgyfpkz/Build/Intermediates.noindex/ArchiveIntermediates/BookonDebug/IntermediateBuildFilesPath/LegadoBookSource.build/Release-iphoneos/LegadoBookSource.build/Objects-normal/arm64/LegadoBookSource.SwiftFileList (in target 'LegadoBookSource' from project 'LegadoBookSource')
2026-10-05T12:39:02.7467110Z     cd /Users/runner/work/bookon/bookon
2026-10-05T12:39:02.7468790Z     write-file /Users/runner/Library/Developer/Xcode/DerivedData/BookonDebug-ehazsigvxemoqzdtqumqzfgyfpkz/Build/Intermediates.noindex/ArchiveIntermediates/BookonDebug/IntermediateBuildFilesPath/LegadoBookSource.build/Release-iphoneos/LegadoBookSource.build/Objects-normal/arm64/LegadoBookSource.SwiftFileList
2026-10-05T12:39:02.7469830Z 
2026-10-05T12:39:02.7471080Z WriteAuxiliaryFile /Users/runner/Library/Developer/Xcode/DerivedData/BookonDebug-ehazsigvxemoqzdtqumqzfgyfpkz/Build/Intermediates.noindex/ArchiveIntermediates/BookonDebug/IntermediateBuildFilesPath/LegadoBookSource.build/Release-iphoneos/LegadoBookSource.build/Objects-normal/arm64/LegadoBookSource-OutputFileMap.json (in target 'LegadoBookSource' from project 'LegadoBookSource')
2026-10-05T12:39:02.7472830Z     cd /Users/runner/work/bookon/bookon
2026-10-05T12:39:02.7474120Z     write-file /Users/runner/Library/Developer/Xcode/DerivedData/BookonDebug-ehazsigvxemoqzdtqumqzfgyfpkz/Build/Intermediates.noindex/ArchiveIntermediates/BookonDebug/IntermediateBuildFilesPath/LegadoBookSource.build/Release-iphoneos/LegadoBookSource.build/Objects-normal/arm64/LegadoBookSource-OutputFileMap.json
2026-10-05T12:39:02.7475380Z 
2026-10-05T12:39:02.7476650Z WriteAuxiliaryFile /Users/runner/Library/Developer/Xcode/DerivedData/BookonDebug-ehazsigvxemoqzdtqumqzfgyfpkz/Build/Intermediates.noindex/ArchiveIntermediates/BookonDebug/IntermediateBuildFilesPath/LegadoBookSource.build/Release-iphoneos/LegadoBookSource.build/DerivedSources/resource_bundle_accessor.swift (in target 'LegadoBookSource' from project 'LegadoBookSource')
2026-10-05T12:39:02.7478300Z     cd /Users/runner/work/bookon/bookon
2026-10-05T12:39:02.7479530Z     write-file /Users/runner/Library/Developer/Xcode/DerivedData/BookonDebug-ehazsigvxemoqzdtqumqzfgyfpkz/Build/Intermediates.noindex/ArchiveIntermediates/BookonDebug/IntermediateBuildFilesPath/LegadoBookSource.build/Release-iphoneos/LegadoBookSource.build/DerivedSources/resource_bundle_accessor.swift
2026-10-05T12:39:02.7480490Z 
2026-10-05T12:39:02.7480960Z SwiftDriver LegadoBookSource normal arm64 com.apple.xcode.tools.swift.compiler (in target 'LegadoBookSource' from project 'LegadoBookSource')
2026-10-05T12:39:02.7482750Z     cd /Users/runner/work/bookon/bookon
2026-10-05T12:39:02.7508740Z     builtin-SwiftDriver -- /Applications/Xcode_15.4.app/Contents/Developer/Toolchains/XcodeDefault.xctoolchain/usr/bin/swiftc -module-name LegadoBookSource -O -whole-module-optimization -enforce-exclusivity\=checked @/Users/runner/Library/Developer/Xcode/DerivedData/BookonDebug-ehazsigvxemoqzdtqumqzfgyfpkz/Build/Intermediates.noindex/ArchiveIntermediates/BookonDebug/IntermediateBuildFilesPath/LegadoBookSource.build/Release-iphoneos/LegadoBookSource.build/Objects-normal/arm64/LegadoBookSource.SwiftFileList -DSWIFT_PACKAGE -DXcode -sdk /Applications/Xcode_15.4.app/Contents/Developer/Platforms/iPhoneOS.platform/Developer/SDKs/iPhoneOS17.5.sdk -target arm64-apple-ios17.0 -g -module-cache-path /Users/runner/Library/Developer/Xcode/DerivedData/ModuleCache.noindex -Xfrontend -serialize-debugging-options -swift-version 5 -I /Users/runner/Library/Developer/Xcode/DerivedData/BookonDebug-ehazsigvxemoqzdtqumqzfgyfpkz/Build/Intermediates.noindex/ArchiveIntermediates/BookonDebug/BuildProductsPath/Release-iphoneos -I /Applications/Xcode_15.4.app/Contents/Developer/Platforms/iPhoneOS.platform/Developer/usr/lib -F /Users/runner/Library/Developer/Xcode/DerivedData/BookonDebug-ehazsigvxemoqzdtqumqzfgyfpkz/Build/Intermediates.noindex/ArchiveIntermediates/BookonDebug/BuildProductsPath/Release-iphoneos/PackageFrameworks -F /Users/runner/Library/Developer/Xcode/DerivedData/BookonDebug-ehazsigvxemoqzdtqumqzfgyfpkz/Build/Intermediates.noindex/ArchiveIntermediates/BookonDebug/BuildProductsPath/Release-iphoneos -F /Applications/Xcode_15.4.app/Contents/Developer/Platforms/iPhoneOS.platform/Developer/Library/Frameworks -F /Applications/Xcode_15.4.app/Contents/Developer/Platforms/iPhoneOS.platform/Developer/SDKs/iPhoneOS17.5.sdk/Developer/Library/Frameworks -c -num-threads 3 -Xcc -ivfsstatcache -Xcc /Users/runner/Library/Developer/Xcode/DerivedData/SDKStatCaches.noindex/iphoneos17.5-21F77-f0fa7969d082b13145125136a829df3a.sdkstatcache -output-file-map /Users/runner/Library/Developer/Xcode/DerivedData/BookonDebug-ehazsigvxemoqzdtqumqzfgyfpkz/Build/Intermediates.noindex/ArchiveIntermediates/BookonDebug/IntermediateBuildFilesPath/LegadoBookSource.build/Release-iphoneos/LegadoBookSource.build/Objects-normal/arm64/LegadoBookSource-OutputFileMap.json -use-frontend-parseable-output -save-temps -no-color-diagnostics -serialize-diagnostics -emit-dependencies -emit-module -emit-module-path /Users/runner/Library/Developer/Xcode/DerivedData/BookonDebug-ehazsigvxemoqzdtqumqzfgyfpkz/Build/Intermediates.noindex/ArchiveIntermediates/BookonDebug/IntermediateBuildFilesPath/LegadoBookSource.build/Release-iphoneos/LegadoBookSource.build/Objects-normal/arm64/LegadoBookSource.swiftmodule -validate-clang-modules-once -clang-build-session-file /Users/runner/Library/Developer/Xcode/DerivedData/ModuleCache.noindex/Session.modulevalidation -Xfrontend -package-name -Xfrontend bookon -Xcc -I/Users/runner/Library/Developer/Xcode/DerivedData/BookonDebug-ehazsigvxemoqzdtqumqzfgyfpkz/Build/Intermediates.noindex/ArchiveIntermediates/BookonDebug/IntermediateBuildFilesPath/LegadoBookSource.build/Release-iphoneos/LegadoBookSource.build/swift-overrides.hmap -emit-const-values -Xfrontend -const-gather-protocols-file -Xfrontend /Users/runner/Library/Developer/Xcode/DerivedData/BookonDebug-ehazsigvxemoqzdtqumqzfgyfpkz/Build/Intermediates.noindex/ArchiveIntermediates/BookonDebug/IntermediateBuildFilesPath/LegadoBookSource.build/Release-iphoneos/LegadoBookSource.build/Objects-normal/arm64/LegadoBookSource_const_extract_protocols.json -Xcc -I/Users/runner/Library/Developer/Xcode/DerivedData/BookonDebug-ehazsigvxemoqzdtqumqzfgyfpkz/Build/Intermediates.noindex/ArchiveIntermediates/BookonDebug/BuildProductsPath/Release-iphoneos/include -Xcc -I/Users/runner/Library/Developer/Xcode/DerivedData/BookonDebug-ehazsigvxemoqzdtqumqzfgyfpkz/Build/Intermediates.noindex/ArchiveIntermediates/BookonDebug/IntermediateBuildFilesPath/LegadoBookSource.build/Release-iphoneos/LegadoBookSource.build/DerivedSources-normal/arm64 -Xcc -I/Users/runner/Library/Developer/Xcode/DerivedData/BookonDebug-ehazsigvxemoqzdtqumqzfgyfpkz/Build/Intermediates.noindex/ArchiveIntermediates/BookonDebug/IntermediateBuildFilesPath/LegadoBookSource.build/Release-iphoneos/LegadoBookSource.build/DerivedSources/arm64 -Xcc -I/Users/runner/Library/Developer/Xcode/DerivedData/BookonDebug-ehazsigvxemoqzdtqumqzfgyfpkz/Build/Intermediates.noindex/ArchiveIntermediates/BookonDebug/IntermediateBuildFilesPath/LegadoBookSource.build/Release-iphoneos/LegadoBookSource.build/DerivedSources -Xcc -DSWIFT_PACKAGE -emit-objc-header -emit-objc-header-path /Users/runner/Library/Developer/Xcode/DerivedData/BookonDebug-ehazsigvxemoqzdtqumqzfgyfpkz/Build/Intermediates.noindex/ArchiveIntermediates/BookonDebug/IntermediateBuildFilesPath/LegadoBookSource.build/Release-iphoneos/LegadoBookSource.build/Objects-normal/arm64/LegadoBookSource-Swift.h -working-directory /Users/runner/work/bookon/bookon -no-emit-module-separately-wmo
2026-10-05T12:39:02.7529690Z 
2026-10-05T12:39:02.7530240Z SwiftDriver\ Compilation LegadoBookSource normal arm64 com.apple.xcode.tools.swift.compiler (in target 'LegadoBookSource' from project 'LegadoBookSource')
2026-10-05T12:39:02.7531080Z     cd /Users/runner/work/bookon/bookon
2026-10-05T12:39:02.7556060Z     builtin-Swift-Compilation -- /Applications/Xcode_15.4.app/Contents/Developer/Toolchains/XcodeDefault.xctoolchain/usr/bin/swiftc -module-name LegadoBookSource -O -whole-module-optimization -enforce-exclusivity\=checked @/Users/runner/Library/Developer/Xcode/DerivedData/BookonDebug-ehazsigvxemoqzdtqumqzfgyfpkz/Build/Intermediates.noindex/ArchiveIntermediates/BookonDebug/IntermediateBuildFilesPath/LegadoBookSource.build/Release-iphoneos/LegadoBookSource.build/Objects-normal/arm64/LegadoBookSource.SwiftFileList -DSWIFT_PACKAGE -DXcode -sdk /Applications/Xcode_15.4.app/Contents/Developer/Platforms/iPhoneOS.platform/Developer/SDKs/iPhoneOS17.5.sdk -target arm64-apple-ios17.0 -g -module-cache-path /Users/runner/Library/Developer/Xcode/DerivedData/ModuleCache.noindex -Xfrontend -serialize-debugging-options -swift-version 5 -I /Users/runner/Library/Developer/Xcode/DerivedData/BookonDebug-ehazsigvxemoqzdtqumqzfgyfpkz/Build/Intermediates.noindex/ArchiveIntermediates/BookonDebug/BuildProductsPath/Release-iphoneos -I /Applications/Xcode_15.4.app/Contents/Developer/Platforms/iPhoneOS.platform/Developer/usr/lib -F /Users/runner/Library/Developer/Xcode/DerivedData/BookonDebug-ehazsigvxemoqzdtqumqzfgyfpkz/Build/Intermediates.noindex/ArchiveIntermediates/BookonDebug/BuildProductsPath/Release-iphoneos/PackageFrameworks -F /Users/runner/Library/Developer/Xcode/DerivedData/BookonDebug-ehazsigvxemoqzdtqumqzfgyfpkz/Build/Intermediates.noindex/ArchiveIntermediates/BookonDebug/BuildProductsPath/Release-iphoneos -F /Applications/Xcode_15.4.app/Contents/Developer/Platforms/iPhoneOS.platform/Developer/Library/Frameworks -F /Applications/Xcode_15.4.app/Contents/Developer/Platforms/iPhoneOS.platform/Developer/SDKs/iPhoneOS17.5.sdk/Developer/Library/Frameworks -c -num-threads 3 -Xcc -ivfsstatcache -Xcc /Users/runner/Library/Developer/Xcode/DerivedData/SDKStatCaches.noindex/iphoneos17.5-21F77-f0fa7969d082b13145125136a829df3a.sdkstatcache -output-file-map /Users/runner/Library/Developer/Xcode/DerivedData/BookonDebug-ehazsigvxemoqzdtqumqzfgyfpkz/Build/Intermediates.noindex/ArchiveIntermediates/BookonDebug/IntermediateBuildFilesPath/LegadoBookSource.build/Release-iphoneos/LegadoBookSource.build/Objects-normal/arm64/LegadoBookSource-OutputFileMap.json -use-frontend-parseable-output -save-temps -no-color-diagnostics -serialize-diagnostics -emit-dependencies -emit-module -emit-module-path /Users/runner/Library/Developer/Xcode/DerivedData/BookonDebug-ehazsigvxemoqzdtqumqzfgyfpkz/Build/Intermediates.noindex/ArchiveIntermediates/BookonDebug/IntermediateBuildFilesPath/LegadoBookSource.build/Release-iphoneos/LegadoBookSource.build/Objects-normal/arm64/LegadoBookSource.swiftmodule -validate-clang-modules-once -clang-build-session-file /Users/runner/Library/Developer/Xcode/DerivedData/ModuleCache.noindex/Session.modulevalidation -Xfrontend -package-name -Xfrontend bookon -Xcc -I/Users/runner/Library/Developer/Xcode/DerivedData/BookonDebug-ehazsigvxemoqzdtqumqzfgyfpkz/Build/Intermediates.noindex/ArchiveIntermediates/BookonDebug/IntermediateBuildFilesPath/LegadoBookSource.build/Release-iphoneos/LegadoBookSource.build/swift-overrides.hmap -emit-const-values -Xfrontend -const-gather-protocols-file -Xfrontend /Users/runner/Library/Developer/Xcode/DerivedData/BookonDebug-ehazsigvxemoqzdtqumqzfgyfpkz/Build/Intermediates.noindex/ArchiveIntermediates/BookonDebug/IntermediateBuildFilesPath/LegadoBookSource.build/Release-iphoneos/LegadoBookSource.build/Objects-normal/arm64/LegadoBookSource_const_extract_protocols.json -Xcc -I/Users/runner/Library/Developer/Xcode/DerivedData/BookonDebug-ehazsigvxemoqzdtqumqzfgyfpkz/Build/Intermediates.noindex/ArchiveIntermediates/BookonDebug/BuildProductsPath/Release-iphoneos/include -Xcc -I/Users/runner/Library/Developer/Xcode/DerivedData/BookonDebug-ehazsigvxemoqzdtqumqzfgyfpkz/Build/Intermediates.noindex/ArchiveIntermediates/BookonDebug/IntermediateBuildFilesPath/LegadoBookSource.build/Release-iphoneos/LegadoBookSource.build/DerivedSources-normal/arm64 -Xcc -I/Users/runner/Library/Developer/Xcode/DerivedData/BookonDebug-ehazsigvxemoqzdtqumqzfgyfpkz/Build/Intermediates.noindex/ArchiveIntermediates/BookonDebug/IntermediateBuildFilesPath/LegadoBookSource.build/Release-iphoneos/LegadoBookSource.build/DerivedSources/arm64 -Xcc -I/Users/runner/Library/Developer/Xcode/DerivedData/BookonDebug-ehazsigvxemoqzdtqumqzfgyfpkz/Build/Intermediates.noindex/ArchiveIntermediates/BookonDebug/IntermediateBuildFilesPath/LegadoBookSource.build/Release-iphoneos/LegadoBookSource.build/DerivedSources -Xcc -DSWIFT_PACKAGE -emit-objc-header -emit-objc-header-path /Users/runner/Library/Developer/Xcode/DerivedData/BookonDebug-ehazsigvxemoqzdtqumqzfgyfpkz/Build/Intermediates.noindex/ArchiveIntermediates/BookonDebug/IntermediateBuildFilesPath/LegadoBookSource.build/Release-iphoneos/LegadoBookSource.build/Objects-normal/arm64/LegadoBookSource-Swift.h -working-directory /Users/runner/work/bookon/bookon -no-emit-module-separately-wmo
2026-10-05T12:39:02.7588630Z 
2026-10-05T12:39:02.7644470Z SwiftCompile normal arm64 Compiling\ resource_bundle_accessor.swift,\ BaseBook.swift,\ BaseSource.swift,\ Book.swift,\ BookChapter.swift,\ BookSource.swift,\ BookSourceImporter.swift,\ BookSourceType.swift,\ BookType.swift,\ LegadoJSON.swift,\ LenientDecoding.swift,\ AnalyzeUrl.swift,\ CacheManager.swift,\ CharsetDetector.swift,\ CharsetMatch.swift,\ CharsetRecog2022.swift,\ CharsetRecogMBCS.swift,\ CharsetRecogSBCS.swift,\ CharsetRecogUTF8.swift,\ CharsetRecogUnicode.swift,\ CharsetRecognizer.swift,\ CharsetTables.swift,\ EncodingDetect.swift,\ ConcurrentRateLimiter.swift,\ CookieManager.swift,\ CookieStore.swift,\ GsonJSON.swift,\ HTTPTypes.swift,\ HttpUrl.swift,\ NetworkUtilsEncoding.swift,\ RealAjaxProvider.swift,\ RealJsNetworkExtensionsProvider.swift,\ URLSessionHTTPClient.swift,\ UrlOption.swift,\ BookInfoRule.swift,\ BookListRule.swift,\ ContentRule.swift,\ ExploreKind.swift,\ ExploreRule.swift,\ FlexChildStyle.swift,\ ReviewRule.swift,\ RowUi.swift,\ SearchRule.swift,\ TocRule.swift,\ AnalyzeByJSonPath.swift,\ AnalyzeByJSoup+Elements.swift,\ AnalyzeByJSoup.swift,\ AnalyzeByJSoupRules.swift,\ AnalyzeByRegex.swift,\ AnalyzeByXPath.swift,\ AnalyzeRule+Dispatch.swift,\ AnalyzeRule+JS.swift,\ AnalyzeRule+Rules.swift,\ AnalyzeRule.swift,\ AnalyzeRuleDependencies.swift,\ DebugLogger.swift,\ DefaultJSONPathEvaluator.swift,\ HtmlEntities.swift,\ HtmlFormatter.swift,\ HtmlUnescape.swift,\ JSEngine.swift,\ JSJavaBridge.swift,\ JSONPathEvaluator.swift,\ JSONPathParser.swift,\ JavaDoubleFormat.swift,\ JavaURLResolver.swift,\ JsExtensionsCatalog.swift,\ JsExtensionsCore.swift,\ JsExtensionsRuntime.swift,\ JsNumberFormat.swift,\ JsoupCompatSerializer.swift,\ JsoupJSBridge.swift,\ LegadoStringExtensions.swift,\ NetworkUtils.swift,\ OrderedJSONParser.swift,\ RegexTemplate.swift,\ RuleAnalyzer.swift,\ RuleEngineDiagnostics.swift,\ RuleEngineError.swift,\ RuleValue.swift,\ SourceRule.swift,\ StringUtils.swift,\ SwiftSoupElementsCompat.swift,\ SwiftSoupTextNormalizeFix.swift,\ SwiftSoupXPathEvaluator.swift,\ SwiftSoupXPathFunctions.swift,\ SwiftSoupXPathParser.swift,\ SwiftSoupXPathPredicate.swift,\ SwiftSoupXPathStepParser.swift,\ XPathEvaluator.swift,\ SearchBook.swift,\ StringOrObject.swift,\ BookChapterList.swift,\ BookContent.swift,\ BookInfo.swift,\ BookList.swift,\ Debug.swift,\ WebBook.swift,\ WebBookNetwork.swift,\ WebBookOptions.swift,\ WebBookSupport.swift /Users/runner/Library/Developer/Xcode/DerivedData/BookonDebug-ehazsigvxemoqzdtqumqzfgyfpkz/Build/Intermediates.noindex/ArchiveIntermediates/BookonDebug/IntermediateBuildFilesPath/LegadoBookSource.build/Release-iphoneos/LegadoBookSource.build/DerivedSources/resource_bundle_accessor.swift /Users/runner/work/bookon/bookon/Sources/LegadoBookSource/BaseBook.swift /Users/runner/work/bookon/bookon/Sources/LegadoBookSource/BaseSource.swift /Users/runner/work/bookon/bookon/Sources/LegadoBookSource/Book.swift /Users/runner/work/bookon/bookon/Sources/LegadoBookSource/BookChapter.swift /Users/runner/work/bookon/bookon/Sources/LegadoBookSource/BookSource.swift /Users/runner/work/bookon/bookon/Sources/LegadoBookSource/BookSourceImporter.swift /Users/runner/work/bookon/bookon/Sources/LegadoBookSource/Constant/BookSourceType.swift /Users/runner/work/bookon/bookon/Sources/LegadoBookSource/Constant/BookType.swift /Users/runner/work/bookon/bookon/Sources/LegadoBookSource/LegadoJSON.swift /Users/runner/work/bookon/bookon/Sources/LegadoBookSource/LenientDecoding.swift /Users/runner/work/bookon/bookon/Sources/LegadoBookSource/Network/AnalyzeUrl.swift /Users/runner/work/bookon/bookon/Sources/LegadoBookSource/Network/CacheManager.swift /Users/runner/work/bookon/bookon/Sources/LegadoBookSource/Network/CharsetDetector/CharsetDetector.swift /Users/runner/work/bookon/bookon/Sources/LegadoBookSource/Network/CharsetDetector/CharsetMatch.swift /Users/runner/work/bookon/bookon/Sources/LegadoBookSource/Network/CharsetDetector/CharsetRecog2022.swift /Users/runner/work/bookon/bookon/Sources/LegadoBookSource/Network/CharsetDetector/CharsetRecogMBCS.swift /Users/runner/work/bookon/bookon/Sources/LegadoBookSource/Network/CharsetDetector/CharsetRecogSBCS.swift /Users/runner/work/bookon/bookon/Sources/LegadoBookSource/Network/CharsetDetector/CharsetRecogUTF8.swift /Users/runner/work/bookon/bookon/Sources/LegadoBookSource/Network/CharsetDetector/CharsetRecogUnicode.swift /Users/runner/work/bookon/bookon/Sources/LegadoBookSource/Network/CharsetDetector/CharsetRecognizer.swift /Users/runner/work/bookon/bookon/Sources/LegadoBookSource/Network/CharsetDetector/CharsetTables.swift /Users/runner/work/bookon/bookon/Sources/LegadoBookSource/Network/CharsetDetector/EncodingDetect.swift /Users/runner/work/bookon/bookon/Sources/LegadoBookSource/Network/ConcurrentRateLimiter.swift /Users/runner/work/bookon/bookon/Sources/LegadoBookSource/Network/CookieManager.swift /Users/runner/work/bookon/bookon/Sources/LegadoBookSource/Network/CookieStore.swift /Users/runner/work/bookon/bookon/Sources/LegadoBookSource/Network/GsonJSON.swift /Users/runner/work/bookon/bookon/Sources/LegadoBookSource/Network/HTTPTypes.swift /Users/runner/work/bookon/bookon/Sources/LegadoBookSource/Network/HttpUrl.swift /Users/runner/work/bookon/bookon/Sources/LegadoBookSource/Network/NetworkUtilsEncoding.swift /Users/runner/work/bookon/bookon/Sources/LegadoBookSource/Network/RealAjaxProvider.swift /Users/runner/work/bookon/bookon/Sources/LegadoBookSource/Network/RealJsNetworkExtensionsProvider.swift /Users/runner/work/bookon/bookon/Sources/LegadoBookSource/Network/URLSessionHTTPClient.swift /Users/runner/work/bookon/bookon/Sources/LegadoBookSource/Network/UrlOption.swift /Users/runner/work/bookon/bookon/Sources/LegadoBookSource/Rule/BookInfoRule.swift /Users/runner/work/bookon/bookon/Sources/LegadoBookSource/Rule/BookListRule.swift /Users/runner/work/bookon/bookon/Sources/LegadoBookSource/Rule/ContentRule.swift /Users/runner/work/bookon/bookon/Sources/LegadoBookSource/Rule/ExploreKind.swift /Users/runner/work/bookon/bookon/Sources/LegadoBookSource/Rule/ExploreRule.swift /Users/runner/work/bookon/bookon/Sources/LegadoBookSource/Rule/FlexChildStyle.swift /Users/runner/work/bookon/bookon/Sources/LegadoBookSource/Rule/ReviewRule.swift /Users/runner/work/bookon/bookon/Sources/LegadoBookSource/Rule/RowUi.swift /Users/runner/work/bookon/bookon/Sources/LegadoBookSource/Rule/SearchRule.swift /Users/runner/work/bookon/bookon/Sources/LegadoBookSource/Rule/TocRule.swift /Users/runner/work/bookon/bookon/Sources/LegadoBookSource/RuleEngine/AnalyzeByJSonPath.swift /Users/runner/work/bookon/bookon/Sources/LegadoBookSource/RuleEngine/AnalyzeByJSoup+Elements.swift /Users/runner/work/bookon/bookon/Sources/LegadoBookSource/RuleEngine/AnalyzeByJSoup.swift /Users/runner/work/bookon/bookon/Sources/LegadoBookSource/RuleEngine/AnalyzeByJSoupRules.swift /Users/runner/work/bookon/bookon/Sources/LegadoBookSource/RuleEngine/AnalyzeByRegex.swift /Users/runner/work/bookon/bookon/Sources/LegadoBookSource/RuleEngine/AnalyzeByXPath.swift /Users/runner/work/bookon/bookon/Sources/LegadoBookSource/RuleEngine/AnalyzeRule+Dispatch.swift /Users/runner/work/bookon/bookon/Sources/LegadoBookSource/RuleEngine/AnalyzeRule+JS.swift /Users/runner/work/bookon/bookon/Sources/LegadoBookSource/RuleEngine/AnalyzeRule+Rules.swift /Users/runner/work/bookon/bookon/Sources/LegadoBookSource/RuleEngine/AnalyzeRule.swift /Users/runner/work/bookon/bookon/Sources/LegadoBookSource/RuleEngine/AnalyzeRuleDependencies.swift /Users/runner/work/bookon/bookon/Sources/LegadoBookSource/RuleEngine/DebugLogger.swift /Users/runner/work/bookon/bookon/Sources/LegadoBookSource/RuleEngine/DefaultJSONPathEvaluator.swift /Users/runner/work/bookon/bookon/Sources/LegadoBookSource/RuleEngine/HtmlEntities.swift /Users/runner/work/bookon/bookon/Sources/LegadoBookSource/RuleEngine/HtmlFormatter.swift /Users/runner/work/bookon/bookon/Sources/LegadoBookSource/RuleEngine/HtmlUnescape.swift /Users/runner/work/bookon/bookon/Sources/LegadoBookSource/RuleEngine/JSEngine.swift /Users/runner/work/bookon/bookon/Sources/LegadoBookSource/RuleEngine/JSJavaBridge.swift /Users/runner/work/bookon/bookon/Sources/LegadoBookSource/RuleEngine/JSONPathEvaluator.swift /Users/runner/work/bookon/bookon/Sources/LegadoBookSource/RuleEngine/JSONPathParser.swift /Users/runner/work/bookon/bookon/Sources/LegadoBookSource/RuleEngine/JavaDoubleFormat.swift /Users/runner/work/bookon/bookon/Sources/LegadoBookSource/RuleEngine/JavaURLResolver.swift /Users/runner/work/bookon/bookon/Sources/LegadoBookSource/RuleEngine/JsExtensionsCatalog.swift /Users/runner/work/bookon/bookon/Sources/LegadoBookSource/RuleEngine/JsExtensionsCore.swift /Users/runner/work/bookon/bookon/Sources/LegadoBookSource/RuleEngine/JsExtensionsRuntime.swift /Users/runner/work/bookon/bookon/Sources/LegadoBookSource/RuleEngine/JsNumberFormat.swift /Users/runner/work/bookon/bookon/Sources/LegadoBookSource/RuleEngine/JsoupCompatSerializer.swift /Users/runner/work/bookon/bookon/Sources/LegadoBookSource/RuleEngine/JsoupJSBridge.swift /Users/runner/work/bookon/bookon/Sources/LegadoBookSource/RuleEngine/LegadoStringExtensions.swift /Users/runner/work/bookon/bookon/Sources/LegadoBookSource/RuleEngine/NetworkUtils.swift /Users/runner/work/bookon/bookon/Sources/LegadoBookSource/RuleEngine/OrderedJSONParser.swift /Users/runner/work/bookon/bookon/Sources/LegadoBookSource/RuleEngine/RegexTemplate.swift /Users/runner/work/bookon/bookon/Sources/LegadoBookSource/RuleEngine/RuleAnalyzer.swift /Users/runner/work/bookon/bookon/Sources/LegadoBookSource/RuleEngine/RuleEngineDiagnostics.swift /Users/runner/work/bookon/bookon/Sources/LegadoBookSource/RuleEngine/RuleEngineError.swift /Users/runner/work/bookon/bookon/Sources/LegadoBookSource/RuleEngine/RuleValue.swift /Users/runner/work/bookon/bookon/Sources/LegadoBookSource/RuleEngine/SourceRule.swift /Users/runner/work/bookon/bookon/Sources/LegadoBookSource/RuleEngine/StringUtils.swift /Users/runner/work/bookon/bookon/Sources/LegadoBookSource/RuleEngine/SwiftSoupElementsCompat.swift /Users/runner/work/bookon/bookon/Sources/LegadoBookSource/RuleEngine/SwiftSoupTextNormalizeFix.swift /Users/runner/work/bookon/bookon/Sources/LegadoBookSource/RuleEngine/SwiftSoupXPathEvaluator.swift /Users/runner/work/bookon/bookon/Sources/LegadoBookSource/RuleEngine/SwiftSoupXPathFunctions.swift /Users/runner/work/bookon/bookon/Sources/LegadoBookSource/RuleEngine/SwiftSoupXPathParser.swift /Users/runner/work/bookon/bookon/Sources/LegadoBookSource/RuleEngine/SwiftSoupXPathPredicate.swift /Users/runner/work/bookon/bookon/Sources/LegadoBookSource/RuleEngine/SwiftSoupXPathStepParser.swift /Users/runner/work/bookon/bookon/Sources/LegadoBookSource/RuleEngine/XPathEvaluator.swift /Users/runner/work/bookon/bookon/Sources/LegadoBookSource/SearchBook.swift /Users/runner/work/bookon/bookon/Sources/LegadoBookSource/StringOrObject.swift /Users/runner/work/bookon/bookon/Sources/LegadoBookSource/WebBook/BookChapterList.swift /Users/runner/work/bookon/bookon/Sources/LegadoBookSource/WebBook/BookContent.swift /Users/runner/work/bookon/bookon/Sources/LegadoBookSource/WebBook/BookInfo.swift /Users/runner/work/bookon/bookon/Sources/LegadoBookSource/WebBook/BookList.swift /Users/runner/work/bookon/bookon/Sources/LegadoBookSource/WebBook/Debug.swift /Users/runner/work/bookon/bookon/Sources/LegadoBookSource/WebBook/WebBook.swift /Users/runner/work/bookon/bookon/Sources/LegadoBookSource/WebBook/WebBookNetwork.swift /Users/runner/work/bookon/bookon/Sources/LegadoBookSource/WebBook/WebBookOptions.swift /Users/runner/work/bookon/bookon/Sources/LegadoBookSource/WebBook/WebBookSupport.swift (in target 'LegadoBookSource' from project 'LegadoBookSource')
2026-10-05T12:39:02.7701350Z     cd /Users/runner/work/bookon/bookon
2026-10-05T12:39:02.7962010Z     builtin-swiftTaskExecution -- /Applications/Xcode_15.4.app/Contents/Developer/Toolchains/XcodeDefault.xctoolchain/usr/bin/swift-frontend -frontend -c /Users/runner/Library/Developer/Xcode/DerivedData/BookonDebug-ehazsigvxemoqzdtqumqzfgyfpkz/Build/Intermediates.noindex/ArchiveIntermediates/BookonDebug/IntermediateBuildFilesPath/LegadoBookSource.build/Release-iphoneos/LegadoBookSource.build/DerivedSources/resource_bundle_accessor.swift /Users/runner/work/bookon/bookon/Sources/LegadoBookSource/BaseBook.swift /Users/runner/work/bookon/bookon/Sources/LegadoBookSource/BaseSource.swift /Users/runner/work/bookon/bookon/Sources/LegadoBookSource/Book.swift /Users/runner/work/bookon/bookon/Sources/LegadoBookSource/BookChapter.swift /Users/runner/work/bookon/bookon/Sources/LegadoBookSource/BookSource.swift /Users/runner/work/bookon/bookon/Sources/LegadoBookSource/BookSourceImporter.swift /Users/runner/work/bookon/bookon/Sources/LegadoBookSource/Constant/BookSourceType.swift /Users/runner/work/bookon/bookon/Sources/LegadoBookSource/Constant/BookType.swift /Users/runner/work/bookon/bookon/Sources/LegadoBookSource/LegadoJSON.swift /Users/runner/work/bookon/bookon/Sources/LegadoBookSource/LenientDecoding.swift /Users/runner/work/bookon/bookon/Sources/LegadoBookSource/Network/AnalyzeUrl.swift /Users/runner/work/bookon/bookon/Sources/LegadoBookSource/Network/CacheManager.swift /Users/runner/work/bookon/bookon/Sources/LegadoBookSource/Network/CharsetDetector/CharsetDetector.swift /Users/runner/work/bookon/bookon/Sources/LegadoBookSource/Network/CharsetDetector/CharsetMatch.swift /Users/runner/work/bookon/bookon/Sources/LegadoBookSource/Network/CharsetDetector/CharsetRecog2022.swift /Users/runner/work/bookon/bookon/Sources/LegadoBookSource/Network/CharsetDetector/CharsetRecogMBCS.swift /Users/runner/work/bookon/bookon/Sources/LegadoBookSource/Network/CharsetDetector/CharsetRecogSBCS.swift /Users/runner/work/bookon/bookon/Sources/LegadoBookSource/Network/CharsetDetector/CharsetRecogUTF8.swift /Users/runner/work/bookon/bookon/Sources/LegadoBookSource/Network/CharsetDetector/CharsetRecogUnicode.swift /Users/runner/work/bookon/bookon/Sources/LegadoBookSource/Network/CharsetDetector/CharsetRecognizer.swift /Users/runner/work/bookon/bookon/Sources/LegadoBookSource/Network/CharsetDetector/CharsetTables.swift /Users/runner/work/bookon/bookon/Sources/LegadoBookSource/Network/CharsetDetector/EncodingDetect.swift /Users/runner/work/bookon/bookon/Sources/LegadoBookSource/Network/ConcurrentRateLimiter.swift /Users/runner/work/bookon/bookon/Sources/LegadoBookSource/Network/CookieManager.swift /Users/runner/work/bookon/bookon/Sources/LegadoBookSource/Network/CookieStore.swift /Users/runner/work/bookon/bookon/Sources/LegadoBookSource/Network/GsonJSON.swift /Users/runner/work/bookon/bookon/Sources/LegadoBookSource/Network/HTTPTypes.swift /Users/runner/work/bookon/bookon/Sources/LegadoBookSource/Network/HttpUrl.swift /Users/runner/work/bookon/bookon/Sources/LegadoBookSource/Network/NetworkUtilsEncoding.swift /Users/runner/work/bookon/bookon/Sources/LegadoBookSource/Network/RealAjaxProvider.swift /Users/runner/work/bookon/bookon/Sources/LegadoBookSource/Network/RealJsNetworkExtensionsProvider.swift /Users/runner/work/bookon/bookon/Sources/LegadoBookSource/Network/URLSessionHTTPClient.swift /Users/runner/work/bookon/bookon/Sources/LegadoBookSource/Network/UrlOption.swift /Users/runner/work/bookon/bookon/Sources/LegadoBookSource/Rule/BookInfoRule.swift /Users/runner/work/bookon/bookon/Sources/LegadoBookSource/Rule/BookListRule.swift /Users/runner/work/bookon/bookon/Sources/LegadoBookSource/Rule/ContentRule.swift /Users/runner/work/bookon/bookon/Sources/LegadoBookSource/Rule/ExploreKind.swift /Users/runner/work/bookon/bookon/Sources/LegadoBookSource/Rule/ExploreRule.swift /Users/runner/work/bookon/bookon/Sources/LegadoBookSource/Rule/FlexChildStyle.swift /Users/runner/work/bookon/bookon/Sources/LegadoBookSource/Rule/ReviewRule.swift /Users/runner/work/bookon/bookon/Sources/LegadoBookSource/Rule/RowUi.swift /Users/runner/work/bookon/bookon/Sources/LegadoBookSource/Rule/SearchRule.swift /Users/runner/work/bookon/bookon/Sources/LegadoBookSource/Rule/TocRule.swift /Users/runner/work/bookon/bookon/Sources/LegadoBookSource/RuleEngine/AnalyzeByJSonPath.swift /Users/runner/work/bookon/bookon/Sources/LegadoBookSource/RuleEngine/AnalyzeByJSoup+Elements.swift /Users/runner/work/bookon/bookon/Sources/LegadoBookSource/RuleEngine/AnalyzeByJSoup.swift /Users/runner/work/bookon/bookon/Sources/LegadoBookSource/RuleEngine/AnalyzeByJSoupRules.swift /Users/runner/work/bookon/bookon/Sources/LegadoBookSource/RuleEngine/AnalyzeByRegex.swift /Users/runner/work/bookon/bookon/Sources/LegadoBookSource/RuleEngine/AnalyzeByXPath.swift /Users/runner/work/bookon/bookon/Sources/LegadoBookSource/RuleEngine/AnalyzeRule+Dispatch.swift /Users/runner/work/bookon/bookon/Sources/LegadoBookSource/RuleEngine/AnalyzeRule+JS.swift /Users/runner/work/bookon/bookon/Sources/LegadoBookSource/RuleEngine/AnalyzeRule+Rules.swift /Users/runner/work/bookon/bookon/Sources/LegadoBookSource/RuleEngine/AnalyzeRule.swift /Users/runner/work/bookon/bookon/Sources/LegadoBookSource/RuleEngine/AnalyzeRuleDependencies.swift /Users/runner/work/bookon/bookon/Sources/LegadoBookSource/RuleEngine/DebugLogger.swift /Users/runner/work/bookon/bookon/Sources/LegadoBookSource/RuleEngine/DefaultJSONPathEvaluator.swift /Users/runner/work/bookon/bookon/Sources/LegadoBookSource/RuleEngine/HtmlEntities.swift /Users/runner/work/bookon/bookon/Sources/LegadoBookSource/RuleEngine/HtmlFormatter.swift /Users/runner/work/bookon/bookon/Sources/LegadoBookSource/RuleEngine/HtmlUnescape.swift /Users/runner/work/bookon/bookon/Sources/LegadoBookSource/RuleEngine/JSEngine.swift /Users/runner/work/bookon/bookon/Sources/LegadoBookSource/RuleEngine/JSJavaBridge.swift /Users/runner/work/bookon/bookon/Sources/LegadoBookSource/RuleEngine/JSONPathEvaluator.swift /Users/runner/work/bookon/bookon/Sources/LegadoBookSource/RuleEngine/JSONPathParser.swift /Users/runner/work/bookon/bookon/Sources/LegadoBookSource/RuleEngine/JavaDoubleFormat.swift /Users/runner/work/bookon/bookon/Sources/LegadoBookSource/RuleEngine/JavaURLResolver.swift /Users/runner/work/bookon/bookon/Sources/LegadoBookSource/RuleEngine/JsExtensionsCatalog.swift /Users/runner/work/bookon/bookon/Sources/LegadoBookSource/RuleEngine/JsExtensionsCore.swift /Users/runner/work/bookon/bookon/Sources/LegadoBookSource/RuleEngine/JsExtensionsRuntime.swift /Users/runner/work/bookon/bookon/Sources/LegadoBookSource/RuleEngine/JsNumberFormat.swift /Users/runner/work/bookon/bookon/Sources/LegadoBookSource/RuleEngine/JsoupCompatSerializer.swift /Users/runner/work/bookon/bookon/Sources/LegadoBookSource/RuleEngine/JsoupJSBridge.swift /Users/runner/work/bookon/bookon/Sources/LegadoBookSource/RuleEngine/LegadoStringExtensions.swift /Users/runner/work/bookon/bookon/Sources/LegadoBookSource/RuleEngine/NetworkUtils.swift /Users/runner/work/bookon/bookon/Sources/LegadoBookSource/RuleEngine/OrderedJSONParser.swift /Users/runner/work/bookon/bookon/Sources/LegadoBookSource/RuleEngine/RegexTemplate.swift /Users/runner/work/bookon/bookon/Sources/LegadoBookSource/RuleEngine/RuleAnalyzer.swift /Users/runner/work/bookon/bookon/Sources/LegadoBookSource/RuleEngine/RuleEngineDiagnostics.swift /Users/runner/work/bookon/bookon/Sources/LegadoBookSource/RuleEngine/RuleEngineError.swift /Users/runner/work/bookon/bookon/Sources/LegadoBookSource/RuleEngine/RuleValue.swift /Users/runner/work/bookon/bookon/Sources/LegadoBookSource/RuleEngine/SourceRule.swift /Users/runner/work/bookon/bookon/Sources/LegadoBookSource/RuleEngine/StringUtils.swift /Users/runner/work/bookon/bookon/Sources/LegadoBookSource/RuleEngine/SwiftSoupElementsCompat.swift /Users/runner/work/bookon/bookon/Sources/LegadoBookSource/RuleEngine/SwiftSoupTextNormalizeFix.swift /Users/runner/work/bookon/bookon/Sources/LegadoBookSource/RuleEngine/SwiftSoupXPathEvaluator.swift /Users/runner/work/bookon/bookon/Sources/LegadoBookSource/RuleEngine/SwiftSoupXPathFunctions.swift /Users/runner/work/bookon/bookon/Sources/LegadoBookSource/RuleEngine/SwiftSoupXPathParser.swift /Users/runner/work/bookon/bookon/Sources/LegadoBookSource/RuleEngine/SwiftSoupXPathPredicate.swift /Users/runner/work/bookon/bookon/Sources/LegadoBookSource/RuleEngine/SwiftSoupXPathStepParser.swift /Users/runner/work/bookon/bookon/Sources/LegadoBookSource/RuleEngine/XPathEvaluator.swift /Users/runner/work/bookon/bookon/Sources/LegadoBookSource/SearchBook.swift /Users/runner/work/bookon/bookon/Sources/LegadoBookSource/StringOrObject.swift /Users/runner/work/bookon/bookon/Sources/LegadoBookSource/WebBook/BookChapterList.swift /Users/runner/work/bookon/bookon/Sources/LegadoBookSource/WebBook/BookContent.swift /Users/runner/work/bookon/bookon/Sources/LegadoBookSource/WebBook/BookInfo.swift /Users/runner/work/bookon/bookon/Sources/LegadoBookSource/WebBook/BookList.swift /Users/runner/work/bookon/bookon/Sources/LegadoBookSource/WebBook/Debug.swift /Users/runner/work/bookon/bookon/Sources/LegadoBookSource/WebBook/WebBook.swift /Users/runner/work/bookon/bookon/Sources/LegadoBookSource/WebBook/WebBookNetwork.swift /Users/runner/work/bookon/bookon/Sources/LegadoBookSource/WebBook/WebBookOptions.swift /Users/runner/work/bookon/bookon/Sources/LegadoBookSource/WebBook/WebBookSupport.swift -supplementary-output-file-map /Users/runner/Library/Developer/Xcode/DerivedData/BookonDebug-ehazsigvxemoqzdtqumqzfgyfpkz/Build/Intermediates.noindex/ArchiveIntermediates/BookonDebug/IntermediateBuildFilesPath/LegadoBookSource.build/Release-iphoneos/LegadoBookSource.build/Objects-normal/arm64/supplementaryOutputs-2 -target arm64-apple-ios17.0 -Xllvm -aarch64-use-tbi -enable-objc-interop -stack-check -sdk /Applications/Xcode_15.4.app/Contents/Developer/Platforms/iPhoneOS.platform/Developer/SDKs/iPhoneOS17.5.sdk -I /Users/runner/Library/Developer/Xcode/DerivedData/BookonDebug-ehazsigvxemoqzdtqumqzfgyfpkz/Build/Intermediates.noindex/ArchiveIntermediates/BookonDebug/BuildProductsPath/Release-iphoneos -I /Applications/Xcode_15.4.app/Contents/Developer/Platforms/iPhoneOS.platform/Developer/usr/lib -F /Users/runner/Library/Developer/Xcode/DerivedData/BookonDebug-ehazsigvxemoqzdtqumqzfgyfpkz/Build/Intermediates.noindex/ArchiveIntermediates/BookonDebug/BuildProductsPath/Release-iphoneos/PackageFrameworks -F /Users/runner/Library/Developer/Xcode/DerivedData/BookonDebug-ehazsigvxemoqzdtqumqzfgyfpkz/Build/Intermediates.noindex/ArchiveIntermediates/BookonDebug/BuildProductsPath/Release-iphoneos -F /Applications/Xcode_15.4.app/Contents/Developer/Platforms/iPhoneOS.platform/Developer/Library/Frameworks -F /Applications/Xcode_15.4.app/Contents/Developer/Platforms/iPhoneOS.platform/Developer/SDKs/iPhoneOS17.5.sdk/Developer/Library/Frameworks -no-color-diagnostics -g -module-cache-path /Users/runner/Library/Developer/Xcode/DerivedData/ModuleCache.noindex -swift-version 5 -enforce-exclusivity\=checked -O -D SWIFT_PACKAGE -D Xcode -serialize-debugging-options -package-name bookon -const-gather-protocols-file /Users/runner/Library/Developer/Xcode/DerivedData/BookonDebug-ehazsigvxemoqzdtqumqzfgyfpkz/Build/Intermediates.noindex/ArchiveIntermediates/BookonDebug/IntermediateBuildFilesPath/LegadoBookSource.build/Release-iphoneos/LegadoBookSource.build/Objects-normal/arm64/LegadoBookSource_const_extract_protocols.json -empty-abi-descriptor -validate-clang-modules-once -clang-build-session-file /Users/runner/Library/Developer/Xcode/DerivedData/ModuleCache.noindex/Session.modulevalidation -Xcc -working-directory -Xcc /Users/runner/work/bookon/bookon -resource-dir /Applications/Xcode_15.4.app/Contents/Developer/Toolchains/XcodeDefault.xctoolchain/usr/lib/swift -Xcc -ivfsstatcache -Xcc /Users/runner/Library/Developer/Xcode/DerivedData/SDKStatCaches.noindex/iphoneos17.5-21F77-f0fa7969d082b13145125136a829df3a.sdkstatcache -Xcc -I/Users/runner/Library/Developer/Xcode/DerivedData/BookonDebug-ehazsigvxemoqzdtqumqzfgyfpkz/Build/Intermediates.noindex/ArchiveIntermediates/BookonDebug/IntermediateBuildFilesPath/LegadoBookSource.build/Release-iphoneos/LegadoBookSource.build/swift-overrides.hmap -Xcc -I/Users/runner/Library/Developer/Xcode/DerivedData/BookonDebug-ehazsigvxemoqzdtqumqzfgyfpkz/Build/Intermediates.noindex/ArchiveIntermediates/BookonDebug/BuildProductsPath/Release-iphoneos/include -Xcc -I/Users/runner/Library/Developer/Xcode/DerivedData/BookonDebug-ehazsigvxemoqzdtqumqzfgyfpkz/Build/Intermediates.noindex/ArchiveIntermediates/BookonDebug/IntermediateBuildFilesPath/LegadoBookSource.build/Release-iphoneos/LegadoBookSource.build/DerivedSources-normal/arm64 -Xcc -I/Users/runner/Library/Developer/Xcode/DerivedData/BookonDebug-ehazsigvxemoqzdtqumqzfgyfpkz/Build/Intermediates.noindex/ArchiveIntermediates/BookonDebug/IntermediateBuildFilesPath/LegadoBookSource.build/Release-iphoneos/LegadoBookSource.build/DerivedSources/arm64 -Xcc -I/Users/runner/Library/Developer/Xcode/DerivedData/BookonDebug-ehazsigvxemoqzdtqumqzfgyfpkz/Build/Intermediates.noindex/ArchiveIntermediates/BookonDebug/IntermediateBuildFilesPath/LegadoBookSource.build/Release-iphoneos/LegadoBookSource.build/DerivedSources -Xcc -DSWIFT_PACKAGE -module-name LegadoBookSource -frontend-parseable-output -disable-clang-spi -target-sdk-version 17.5 -target-sdk-name iphoneos17.5 -external-plugin-path /Applications/Xcode_15.4.app/Contents/Developer/Platforms/iPhoneOS.platform/Developer/SDKs/iPhoneOS17.5.sdk/usr/lib/swift/host/plugins\#/Applications/Xcode_15.4.app/Contents/Developer/Platforms/iPhoneOS.platform/Developer/SDKs/iPhoneOS17.5.sdk/usr/bin/swift-plugin-server -external-plugin-path /Applications/Xcode_15.4.app/Contents/Developer/Platforms/iPhoneOS.platform/Developer/SDKs/iPhoneOS17.5.sdk/usr/local/lib/swift/host/plugins\#/Applications/Xcode_15.4.app/Contents/Developer/Platforms/iPhoneOS.platform/Developer/SDKs/iPhoneOS17.5.sdk/usr/bin/swift-plugin-server -external-plugin-path /Applications/Xcode_15.4.app/Contents/Developer/Platforms/iPhoneOS.platform/Developer/usr/lib/swift/host/plugins\#/Applications/Xcode_15.4.app/Contents/Developer/Platforms/iPhoneOS.platform/Developer/usr/bin/swift-plugin-server -external-plugin-path /Applications/Xcode_15.4.app/Contents/Developer/Platforms/iPhoneOS.platform/Developer/usr/local/lib/swift/host/plugins\#/Applications/Xcode_15.4.app/Contents/Developer/Platforms/iPhoneOS.platform/Developer/usr/bin/swift-plugin-server -plugin-path /Applications/Xcode_15.4.app/Contents/Developer/Toolchains/XcodeDefault.xctoolchain/usr/lib/swift/host/plugins -plugin-path /Applications/Xcode_15.4.app/Contents/Developer/Toolchains/XcodeDefault.xctoolchain/usr/local/lib/swift/host/plugins -enable-default-cmo -num-threads 3 -o /Users/runner/Library/Developer/Xcode/DerivedData/BookonDebug-ehazsigvxemoqzdtqumqzfgyfpkz/Build/Intermediates.noindex/ArchiveIntermediates/BookonDebug/IntermediateBuildFilesPath/LegadoBookSource.build/Release-iphoneos/LegadoBookSource.build/Objects-normal/arm64/resource_bundle_accessor.o -o /Users/runner/Library/Developer/Xcode/DerivedData/BookonDebug-ehazsigvxemoqzdtqumqzfgyfpkz/Build/Intermediates.noindex/ArchiveIntermediates/BookonDebug/IntermediateBuildFilesPath/LegadoBookSource.build/Release-iphoneos/LegadoBookSource.build/Objects-normal/arm64/BaseBook.o -o /Users/runner/Library/Developer/Xcode/DerivedData/BookonDebug-ehazsigvxemoqzdtqumqzfgyfpkz/Build/Intermediates.noindex/ArchiveIntermediates/BookonDebug/IntermediateBuildFilesPath/LegadoBookSource.build/Release-iphoneos/LegadoBookSource.build/Objects-normal/arm64/BaseSource.o -o /Users/runner/Library/Developer/Xcode/DerivedData/BookonDebug-ehazsigvxemoqzdtqumqzfgyfpkz/Build/Intermediates.noindex/ArchiveIntermediates/BookonDebug/IntermediateBuildFilesPath/LegadoBookSource.build/Release-iphoneos/LegadoBookSource.build/Objects-normal/arm64/Book.o -o /Users/runner/Library/Developer/Xcode/DerivedData/BookonDebug-ehazsigvxemoqzdtqumqzfgyfpkz/Build/Intermediates.noindex/ArchiveIntermediates/BookonDebug/IntermediateBuildFilesPath/LegadoBookSource.build/Release-iphoneos/LegadoBookSource.build/Objects-normal/arm64/BookChapter.o -o /Users/runner/Library/Developer/Xcode/DerivedData/BookonDebug-ehazsigvxemoqzdtqumqzfgyfpkz/Build/Intermediates.noindex/ArchiveIntermediates/BookonDebug/IntermediateBuildFilesPath/LegadoBookSource.build/Release-iphoneos/LegadoBookSource.build/Objects-normal/arm64/BookSource.o -o /Users/runner/Library/Developer/Xcode/DerivedData/BookonDebug-ehazsigvxemoqzdtqumqzfgyfpkz/Build/Intermediates.noindex/ArchiveIntermediates/BookonDebug/IntermediateBuildFilesPath/LegadoBookSource.build/Release-iphoneos/LegadoBookSource.build/Objects-normal/arm64/BookSourceImporter.o -o /Users/runner/Library/Developer/Xcode/DerivedData/BookonDebug-ehazsigvxemoqzdtqumqzfgyfpkz/Build/Intermediates.noindex/ArchiveIntermediates/BookonDebug/IntermediateBuildFilesPath/LegadoBookSource.build/Release-iphoneos/LegadoBookSource.build/Objects-normal/arm64/BookSourceType.o -o /Users/runner/Library/Developer/Xcode/DerivedData/BookonDebug-ehazsigvxemoqzdtqumqzfgyfpkz/Build/Intermediates.noindex/ArchiveIntermediates/BookonDebug/IntermediateBuildFilesPath/LegadoBookSource.build/Release-iphoneos/LegadoBookSource.build/Objects-normal/arm64/BookType.o -o /Users/runner/Library/Developer/Xcode/DerivedData/BookonDebug-ehazsigvxemoqzdtqumqzfgyfpkz/Build/Intermediates.noindex/ArchiveIntermediates/BookonDebug/IntermediateBuildFilesPath/LegadoBookSource.build/Release-iphoneos/LegadoBookSource.build/Objects-normal/arm64/LegadoJSON.o -o /Users/runner/Library/Developer/Xcode/DerivedData/BookonDebug-ehazsigvxemoqzdtqumqzfgyfpkz/Build/Intermediates.noindex/ArchiveIntermediates/BookonDebug/IntermediateBuildFilesPath/LegadoBookSource.build/Release-iphoneos/LegadoBookSource.build/Objects-normal/arm64/LenientDecoding.o -o /Users/runner/Library/Developer/Xcode/DerivedData/BookonDebug-ehazsigvxemoqzdtqumqzfgyfpkz/Build/Intermediates.noindex/ArchiveIntermediates/BookonDebug/IntermediateBuildFilesPath/LegadoBookSource.build/Release-iphoneos/LegadoBookSource.build/Objects-normal/arm64/AnalyzeUrl.o -o /Users/runner/Library/Developer/Xcode/DerivedData/BookonDebug-ehazsigvxemoqzdtqumqzfgyfpkz/Build/Intermediates.noindex/ArchiveIntermediates/BookonDebug/IntermediateBuildFilesPath/LegadoBookSource.build/Release-iphoneos/LegadoBookSource.build/Objects-normal/arm64/CacheManager.o -o /Users/runner/Library/Developer/Xcode/DerivedData/BookonDebug-ehazsigvxemoqzdtqumqzfgyfpkz/Build/Intermediates.noindex/ArchiveIntermediates/BookonDebug/IntermediateBuildFilesPath/LegadoBookSource.build/Release-iphoneos/LegadoBookSource.build/Objects-normal/arm64/CharsetDetector.o -o /Users/runner/Library/Developer/Xcode/DerivedData/BookonDebug-ehazsigvxemoqzdtqumqzfgyfpkz/Build/Intermediates.noindex/ArchiveIntermediates/BookonDebug/IntermediateBuildFilesPath/LegadoBookSource.build/Release-iphoneos/LegadoBookSource.build/Objects-normal/arm64/CharsetMatch.o -o /Users/runner/Library/Developer/Xcode/DerivedData/BookonDebug-ehazsigvxemoqzdtqumqzfgyfpkz/Build/Intermediates.noindex/ArchiveIntermediates/BookonDebug/IntermediateBuildFilesPath/LegadoBookSource.build/Release-iphoneos/LegadoBookSource.build/Objects-normal/arm64/CharsetRecog2022.o -o /Users/runner/Library/Developer/Xcode/DerivedData/BookonDebug-ehazsigvxemoqzdtqumqzfgyfpkz/Build/Intermediates.noindex/ArchiveIntermediates/BookonDebug/IntermediateBuildFilesPath/LegadoBookSource.build/Release-iphoneos/LegadoBookSource.build/Objects-normal/arm64/CharsetRecogMBCS.o -o /Users/runner/Library/Developer/Xcode/DerivedData/BookonDebug-ehazsigvxemoqzdtqumqzfgyfpkz/Build/Intermediates.noindex/ArchiveIntermediates/BookonDebug/IntermediateBuildFilesPath/LegadoBookSource.build/Release-iphoneos/LegadoBookSource.build/Objects-normal/arm64/CharsetRecogSBCS.o -o /Users/runner/Library/Developer/Xcode/DerivedData/BookonDebug-ehazsigvxemoqzdtqumqzfgyfpkz/Build/Intermediates.noindex/ArchiveIntermediates/BookonDebug/IntermediateBuildFilesPath/LegadoBookSource.build/Release-iphoneos/LegadoBookSource.build/Objects-normal/arm64/CharsetRecogUTF8.o -o /Users/runner/Library/Developer/Xcode/DerivedData/BookonDebug-ehazsigvxemoqzdtqumqzfgyfpkz/Build/Intermediates.noindex/ArchiveIntermediates/BookonDebug/IntermediateBuildFilesPath/LegadoBookSource.build/Release-iphoneos/LegadoBookSource.build/Objects-normal/arm64/CharsetRecogUnicode.o -o /Users/runner/Library/Developer/Xcode/DerivedData/BookonDebug-ehazsigvxemoqzdtqumqzfgyfpkz/Build/Intermediates.noindex/ArchiveIntermediates/BookonDebug/IntermediateBuildFilesPath/LegadoBookSource.build/Release-iphoneos/LegadoBookSource.build/Objects-normal/arm64/CharsetRecognizer.o -o /Users/runner/Library/Developer/Xcode/DerivedData/BookonDebug-ehazsigvxemoqzdtqumqzfgyfpkz/Build/Intermediates.noindex/ArchiveIntermediates/BookonDebug/IntermediateBuildFilesPath/LegadoBookSource.build/Release-iphoneos/LegadoBookSource.build/Objects-normal/arm64/CharsetTables.o -o /Users/runner/Library/Developer/Xcode/DerivedData/BookonDebug-ehazsigvxemoqzdtqumqzfgyfpkz/Build/Intermediates.noindex/ArchiveIntermediates/BookonDebug/IntermediateBuildFilesPath/LegadoBookSource.build/Release-iphoneos/LegadoBookSource.build/Objects-normal/arm64/EncodingDetect.o -o /Users/runner/Library/Developer/Xcode/DerivedData/BookonDebug-ehazsigvxemoqzdtqumqzfgyfpkz/Build/Intermediates.noindex/ArchiveIntermediates/BookonDebug/IntermediateBuildFilesPath/LegadoBookSource.build/Release-iphoneos/LegadoBookSource.build/Objects-normal/arm64/ConcurrentRateLimiter.o -o /Users/runner/Library/Developer/Xcode/DerivedData/BookonDebug-ehazsigvxemoqzdtqumqzfgyfpkz/Build/Intermediates.noindex/ArchiveIntermediates/BookonDebug/IntermediateBuildFilesPath/LegadoBookSource.build/Release-iphoneos/LegadoBookSource.build/Objects-normal/arm64/CookieManager.o -o /Users/runner/Library/Developer/Xcode/DerivedData/BookonDebug-ehazsigvxemoqzdtqumqzfgyfpkz/Build/Intermediates.noindex/ArchiveIntermediates/BookonDebug/IntermediateBuildFilesPath/LegadoBookSource.build/Release-iphoneos/LegadoBookSource.build/Objects-normal/arm64/CookieStore.o -o /Users/runner/Library/Developer/Xcode/DerivedData/BookonDebug-ehazsigvxemoqzdtqumqzfgyfpkz/Build/Intermediates.noindex/ArchiveIntermediates/BookonDebug/IntermediateBuildFilesPath/LegadoBookSource.build/Release-iphoneos/LegadoBookSource.build/Objects-normal/arm64/GsonJSON.o -o /Users/runner/Library/Developer/Xcode/DerivedData/BookonDebug-ehazsigvxemoqzdtqumqzfgyfpkz/Build/Intermediates.noindex/ArchiveIntermediates/BookonDebug/IntermediateBuildFilesPath/LegadoBookSource.build/Release-iphoneos/LegadoBookSource.build/Objects-normal/arm64/HTTPTypes.o -o /Users/runner/Library/Developer/Xcode/DerivedData/BookonDebug-ehazsigvxemoqzdtqumqzfgyfpkz/Build/Intermediates.noindex/ArchiveIntermediates/BookonDebug/IntermediateBuildFilesPath/LegadoBookSource.build/Release-iphoneos/LegadoBookSource.build/Objects-normal/arm64/HttpUrl.o -o /Users/runner/Library/Developer/Xcode/DerivedData/BookonDebug-ehazsigvxemoqzdtqumqzfgyfpkz/Build/Intermediates.noindex/ArchiveIntermediates/BookonDebug/IntermediateBuildFilesPath/LegadoBookSource.build/Release-iphoneos/LegadoBookSource.build/Objects-normal/arm64/NetworkUtilsEncoding.o -o /Users/runner/Library/Developer/Xcode/DerivedData/BookonDebug-ehazsigvxemoqzdtqumqzfgyfpkz/Build/Intermediates.noindex/ArchiveIntermediates/BookonDebug/IntermediateBuildFilesPath/LegadoBookSource.build/Release-iphoneos/LegadoBookSource.build/Objects-normal/arm64/RealAjaxProvider.o -o /Users/runner/Library/Developer/Xcode/DerivedData/BookonDebug-ehazsigvxemoqzdtqumqzfgyfpkz/Build/Intermediates.noindex/ArchiveIntermediates/BookonDebug/IntermediateBuildFilesPath/LegadoBookSource.build/Release-iphoneos/LegadoBookSource.build/Objects-normal/arm64/RealJsNetworkExtensionsProvider.o -o /Users/runner/Library/Developer/Xcode/DerivedData/BookonDebug-ehazsigvxemoqzdtqumqzfgyfpkz/Build/Intermediates.noindex/ArchiveIntermediates/BookonDebug/IntermediateBuildFilesPath/LegadoBookSource.build/Release-iphoneos/LegadoBookSource.build/Objects-normal/arm64/URLSessionHTTPClient.o -o /Users/runner/Library/Developer/Xcode/DerivedData/BookonDebug-ehazsigvxemoqzdtqumqzfgyfpkz/Build/Intermediates.noindex/ArchiveIntermediates/BookonDebug/IntermediateBuildFilesPath/LegadoBookSource.build/Release-iphoneos/LegadoBookSource.build/Objects-normal/arm64/UrlOption.o -o /Users/runner/Library/Developer/Xcode/DerivedData/BookonDebug-ehazsigvxemoqzdtqumqzfgyfpkz/Build/Intermediates.noindex/ArchiveIntermediates/BookonDebug/IntermediateBuildFilesPath/LegadoBookSource.build/Release-iphoneos/LegadoBookSource.build/Objects-normal/arm64/BookInfoRule.o -o /Users/runner/Library/Developer/Xcode/DerivedData/BookonDebug-ehazsigvxemoqzdtqumqzfgyfpkz/Build/Intermediates.noindex/ArchiveIntermediates/BookonDebug/IntermediateBuildFilesPath/LegadoBookSource.build/Release-iphoneos/LegadoBookSource.build/Objects-normal/arm64/BookListRule.o -o /Users/runner/Library/Developer/Xcode/DerivedData/BookonDebug-ehazsigvxemoqzdtqumqzfgyfpkz/Build/Intermediates.noindex/ArchiveIntermediates/BookonDebug/IntermediateBuildFilesPath/LegadoBookSource.build/Release-iphoneos/LegadoBookSource.build/Objects-normal/arm64/ContentRule.o -o /Users/runner/Library/Developer/Xcode/DerivedData/BookonDebug-ehazsigvxemoqzdtqumqzfgyfpkz/Build/Intermediates.noindex/ArchiveIntermediates/BookonDebug/IntermediateBuildFilesPath/LegadoBookSource.build/Release-iphoneos/LegadoBookSource.build/Objects-normal/arm64/ExploreKind.o -o /Users/runner/Library/Developer/Xcode/DerivedData/BookonDebug-ehazsigvxemoqzdtqumqzfgyfpkz/Build/Intermediates.noindex/ArchiveIntermediates/BookonDebug/IntermediateBuildFilesPath/LegadoBookSource.build/Release-iphoneos/LegadoBookSource.build/Objects-normal/arm64/ExploreRule.o -o /Users/runner/Library/Developer/Xcode/DerivedData/BookonDebug-ehazsigvxemoqzdtqumqzfgyfpkz/Build/Intermediates.noindex/ArchiveIntermediates/BookonDebug/IntermediateBuildFilesPath/LegadoBookSource.build/Release-iphoneos/LegadoBookSource.build/Objects-normal/arm64/FlexChildStyle.o -o /Users/runner/Library/Developer/Xcode/DerivedData/BookonDebug-ehazsigvxemoqzdtqumqzfgyfpkz/Build/Intermediates.noindex/ArchiveIntermediates/BookonDebug/IntermediateBuildFilesPath/LegadoBookSource.build/Release-iphoneos/LegadoBookSource.build/Objects-normal/arm64/ReviewRule.o -o /Users/runner/Library/Developer/Xcode/DerivedData/BookonDebug-ehazsigvxemoqzdtqumqzfgyfpkz/Build/Intermediates.noindex/ArchiveIntermediates/BookonDebug/IntermediateBuildFilesPath/LegadoBookSource.build/Release-iphoneos/LegadoBookSource.build/Objects-normal/arm64/RowUi.o -o /Users/runner/Library/Developer/Xcode/DerivedData/BookonDebug-ehazsigvxemoqzdtqumqzfgyfpkz/Build/Intermediates.noindex/ArchiveIntermediates/BookonDebug/IntermediateBuildFilesPath/LegadoBookSource.build/Release-iphoneos/LegadoBookSource.build/Objects-normal/arm64/SearchRule.o -o /Users/runner/Library/Developer/Xcode/DerivedData/BookonDebug-ehazsigvxemoqzdtqumqzfgyfpkz/Build/Intermediates.noindex/ArchiveIntermediates/BookonDebug/IntermediateBuildFilesPath/LegadoBookSource.build/Release-iphoneos/LegadoBookSource.build/Objects-normal/arm64/TocRule.o -o /Users/runner/Library/Developer/Xcode/DerivedData/BookonDebug-ehazsigvxemoqzdtqumqzfgyfpkz/Build/Intermediates.noindex/ArchiveIntermediates/BookonDebug/IntermediateBuildFilesPath/LegadoBookSource.build/Release-iphoneos/LegadoBookSource.build/Objects-normal/arm64/AnalyzeByJSonPath.o -o /Users/runner/Library/Developer/Xcode/DerivedData/BookonDebug-ehazsigvxemoqzdtqumqzfgyfpkz/Build/Intermediates.noindex/ArchiveIntermediates/BookonDebug/IntermediateBuildFilesPath/LegadoBookSource.build/Release-iphoneos/LegadoBookSource.build/Objects-normal/arm64/AnalyzeByJSoup+Elements.o -o /Users/runner/Library/Developer/Xcode/DerivedData/BookonDebug-ehazsigvxemoqzdtqumqzfgyfpkz/Build/Intermediates.noindex/ArchiveIntermediates/BookonDebug/IntermediateBuildFilesPath/LegadoBookSource.build/Release-iphoneos/LegadoBookSource.build/Objects-normal/arm64/AnalyzeByJSoup.o -o /Users/runner/Library/Developer/Xcode/DerivedData/BookonDebug-ehazsigvxemoqzdtqumqzfgyfpkz/Build/Intermediates.noindex/ArchiveIntermediates/BookonDebug/IntermediateBuildFilesPath/LegadoBookSource.build/Release-iphoneos/LegadoBookSource.build/Objects-normal/arm64/AnalyzeByJSoupRules.o -o /Users/runner/Library/Developer/Xcode/DerivedData/BookonDebug-ehazsigvxemoqzdtqumqzfgyfpkz/Build/Intermediates.noindex/ArchiveIntermediates/BookonDebug/IntermediateBuildFilesPath/LegadoBookSource.build/Release-iphoneos/LegadoBookSource.build/Objects-normal/arm64/AnalyzeByRegex.o -o /Users/runner/Library/Developer/Xcode/DerivedData/BookonDebug-ehazsigvxemoqzdtqumqzfgyfpkz/Build/Intermediates.noindex/ArchiveIntermediates/BookonDebug/IntermediateBuildFilesPath/LegadoBookSource.build/Release-iphoneos/LegadoBookSource.build/Objects-normal/arm64/AnalyzeByXPath.o -o /Users/runner/Library/Developer/Xcode/DerivedData/BookonDebug-ehazsigvxemoqzdtqumqzfgyfpkz/Build/Intermediates.noindex/ArchiveIntermediates/BookonDebug/IntermediateBuildFilesPath/LegadoBookSource.build/Release-iphoneos/LegadoBookSource.build/Objects-normal/arm64/AnalyzeRule+Dispatch.o -o /Users/runner/Library/Developer/Xcode/DerivedData/BookonDebug-ehazsigvxemoqzdtqumqzfgyfpkz/Build/Intermediates.noindex/ArchiveIntermediates/BookonDebug/IntermediateBuildFilesPath/LegadoBookSource.build/Release-iphoneos/LegadoBookSource.build/Objects-normal/arm64/AnalyzeRule+JS.o -o /Users/runner/Library/Developer/Xcode/DerivedData/BookonDebug-ehazsigvxemoqzdtqumqzfgyfpkz/Build/Intermediates.noindex/ArchiveIntermediates/BookonDebug/IntermediateBuildFilesPath/LegadoBookSource.build/Release-iphoneos/LegadoBookSource.build/Objects-normal/arm64/AnalyzeRule+Rules.o -o /Users/runner/Library/Developer/Xcode/DerivedData/BookonDebug-ehazsigvxemoqzdtqumqzfgyfpkz/Build/Intermediates.noindex/ArchiveIntermediates/BookonDebug/IntermediateBuildFilesPath/LegadoBookSource.build/Release-iphoneos/LegadoBookSource.build/Objects-normal/arm64/AnalyzeRule.o -o /Users/runner/Library/Developer/Xcode/DerivedData/BookonDebug-ehazsigvxemoqzdtqumqzfgyfpkz/Build/Intermediates.noindex/ArchiveIntermediates/BookonDebug/IntermediateBuildFilesPath/LegadoBookSource.build/Release-iphoneos/LegadoBookSource.build/Objects-normal/arm64/AnalyzeRuleDependencies.o -o /Users/runner/Library/Developer/Xcode/DerivedData/BookonDebug-ehazsigvxemoqzdtqumqzfgyfpkz/Build/Intermediates.noindex/ArchiveIntermediates/BookonDebug/IntermediateBuildFilesPath/LegadoBookSource.build/Release-iphoneos/LegadoBookSource.build/Objects-normal/arm64/DebugLogger.o -o /Users/runner/Library/Developer/Xcode/DerivedData/BookonDebug-ehazsigvxemoqzdtqumqzfgyfpkz/Build/Intermediates.noindex/ArchiveIntermediates/BookonDebug/IntermediateBuildFilesPath/LegadoBookSource.build/Release-iphoneos/LegadoBookSource.build/Objects-normal/arm64/DefaultJSONPathEvaluator.o -o /Users/runner/Library/Developer/Xcode/DerivedData/BookonDebug-ehazsigvxemoqzdtqumqzfgyfpkz/Build/Intermediates.noindex/ArchiveIntermediates/BookonDebug/IntermediateBuildFilesPath/LegadoBookSource.build/Release-iphoneos/LegadoBookSource.build/Objects-normal/arm64/HtmlEntities.o -o /Users/runner/Library/Developer/Xcode/DerivedData/BookonDebug-ehazsigvxemoqzdtqumqzfgyfpkz/Build/Intermediates.noindex/ArchiveIntermediates/BookonDebug/IntermediateBuildFilesPath/LegadoBookSource.build/Release-iphoneos/LegadoBookSource.build/Objects-normal/arm64/HtmlFormatter.o -o /Users/runner/Library/Developer/Xcode/DerivedData/BookonDebug-ehazsigvxemoqzdtqumqzfgyfpkz/Build/Intermediates.noindex/ArchiveIntermediates/BookonDebug/IntermediateBuildFilesPath/LegadoBookSource.build/Release-iphoneos/LegadoBookSource.build/Objects-normal/arm64/HtmlUnescape.o -o /Users/runner/Library/Developer/Xcode/DerivedData/BookonDebug-ehazsigvxemoqzdtqumqzfgyfpkz/Build/Intermediates.noindex/ArchiveIntermediates/BookonDebug/IntermediateBuildFilesPath/LegadoBookSource.build/Release-iphoneos/LegadoBookSource.build/Objects-normal/arm64/JSEngine.o -o /Users/runner/Library/Developer/Xcode/DerivedData/BookonDebug-ehazsigvxemoqzdtqumqzfgyfpkz/Build/Intermediates.noindex/ArchiveIntermediates/BookonDebug/IntermediateBuildFilesPath/LegadoBookSource.build/Release-iphoneos/LegadoBookSource.build/Objects-normal/arm64/JSJavaBridge.o -o /Users/runner/Library/Developer/Xcode/DerivedData/BookonDebug-ehazsigvxemoqzdtqumqzfgyfpkz/Build/Intermediates.noindex/ArchiveIntermediates/BookonDebug/IntermediateBuildFilesPath/LegadoBookSource.build/Release-iphoneos/LegadoBookSource.build/Objects-normal/arm64/JSONPathEvaluator.o -o /Users/runner/Library/Developer/Xcode/DerivedData/BookonDebug-ehazsigvxemoqzdtqumqzfgyfpkz/Build/Intermediates.noindex/ArchiveIntermediates/BookonDebug/IntermediateBuildFilesPath/LegadoBookSource.build/Release-iphoneos/LegadoBookSource.build/Objects-normal/arm64/JSONPathParser.o -o /Users/runner/Library/Developer/Xcode/DerivedData/BookonDebug-ehazsigvxemoqzdtqumqzfgyfpkz/Build/Intermediates.noindex/ArchiveIntermediates/BookonDebug/IntermediateBuildFilesPath/LegadoBookSource.build/Release-iphoneos/LegadoBookSource.build/Objects-normal/arm64/JavaDoubleFormat.o -o /Users/runner/Library/Developer/Xcode/DerivedData/BookonDebug-ehazsigvxemoqzdtqumqzfgyfpkz/Build/Intermediates.noindex/ArchiveIntermediates/BookonDebug/IntermediateBuildFilesPath/LegadoBookSource.build/Release-iphoneos/LegadoBookSource.build/Objects-normal/arm64/JavaURLResolver.o -o /Users/runner/Library/Developer/Xcode/DerivedData/BookonDebug-ehazsigvxemoqzdtqumqzfgyfpkz/Build/Intermediates.noindex/ArchiveIntermediates/BookonDebug/IntermediateBuildFilesPath/LegadoBookSource.build/Release-iphoneos/LegadoBookSource.build/Objects-normal/arm64/JsExtensionsCatalog.o -o /Users/runner/Library/Developer/Xcode/DerivedData/BookonDebug-ehazsigvxemoqzdtqumqzfgyfpkz/Build/Intermediates.noindex/ArchiveIntermediates/BookonDebug/IntermediateBuildFilesPath/LegadoBookSource.build/Release-iphoneos/LegadoBookSource.build/Objects-normal/arm64/JsExtensionsCore.o -o /Users/runner/Library/Developer/Xcode/DerivedData/BookonDebug-ehazsigvxemoqzdtqumqzfgyfpkz/Build/Intermediates.noindex/ArchiveIntermediates/BookonDebug/IntermediateBuildFilesPath/LegadoBookSource.build/Release-iphoneos/LegadoBookSource.build/Objects-normal/arm64/JsExtensionsRuntime.o -o /Users/runner/Library/Developer/Xcode/DerivedData/BookonDebug-ehazsigvxemoqzdtqumqzfgyfpkz/Build/Intermediates.noindex/ArchiveIntermediates/BookonDebug/IntermediateBuildFilesPath/LegadoBookSource.build/Release-iphoneos/LegadoBookSource.build/Objects-normal/arm64/JsNumberFormat.o -o /Users/runner/Library/Developer/Xcode/DerivedData/BookonDebug-ehazsigvxemoqzdtqumqzfgyfpkz/Build/Intermediates.noindex/ArchiveIntermediates/BookonDebug/IntermediateBuildFilesPath/LegadoBookSource.build/Release-iphoneos/LegadoBookSource.build/Objects-normal/arm64/JsoupCompatSerializer.o -o /Users/runner/Library/Developer/Xcode/DerivedData/BookonDebug-ehazsigvxemoqzdtqumqzfgyfpkz/Build/Intermediates.noindex/ArchiveIntermediates/BookonDebug/IntermediateBuildFilesPath/LegadoBookSource.build/Release-iphoneos/LegadoBookSource.build/Objects-normal/arm64/JsoupJSBridge.o -o /Users/runner/Library/Developer/Xcode/DerivedData/BookonDebug-ehazsigvxemoqzdtqumqzfgyfpkz/Build/Intermediates.noindex/ArchiveIntermediates/BookonDebug/IntermediateBuildFilesPath/LegadoBookSource.build/Release-iphoneos/LegadoBookSource.build/Objects-normal/arm64/LegadoStringExtensions.o -o /Users/runner/Library/Developer/Xcode/DerivedData/BookonDebug-ehazsigvxemoqzdtqumqzfgyfpkz/Build/Intermediates.noindex/ArchiveIntermediates/BookonDebug/IntermediateBuildFilesPath/LegadoBookSource.build/Release-iphoneos/LegadoBookSource.build/Objects-normal/arm64/NetworkUtils.o -o /Users/runner/Library/Developer/Xcode/DerivedData/BookonDebug-ehazsigvxemoqzdtqumqzfgyfpkz/Build/Intermediates.noindex/ArchiveIntermediates/BookonDebug/IntermediateBuildFilesPath/LegadoBookSource.build/Release-iphoneos/LegadoBookSource.build/Objects-normal/arm64/OrderedJSONParser.o -o /Users/runner/Library/Developer/Xcode/DerivedData/BookonDebug-ehazsigvxemoqzdtqumqzfgyfpkz/Build/Intermediates.noindex/ArchiveIntermediates/BookonDebug/IntermediateBuildFilesPath/LegadoBookSource.build/Release-iphoneos/LegadoBookSource.build/Objects-normal/arm64/RegexTemplate.o -o /Users/runner/Library/Developer/Xcode/DerivedData/BookonDebug-ehazsigvxemoqzdtqumqzfgyfpkz/Build/Intermediates.noindex/ArchiveIntermediates/BookonDebug/IntermediateBuildFilesPath/LegadoBookSource.build/Release-iphoneos/LegadoBookSource.build/Objects-normal/arm64/RuleAnalyzer.o -o /Users/runner/Library/Developer/Xcode/DerivedData/BookonDebug-ehazsigvxemoqzdtqumqzfgyfpkz/Build/Intermediates.noindex/ArchiveIntermediates/BookonDebug/IntermediateBuildFilesPath/LegadoBookSource.build/Release-iphoneos/LegadoBookSource.build/Objects-normal/arm64/RuleEngineDiagnostics.o -o /Users/runner/Library/Developer/Xcode/DerivedData/BookonDebug-ehazsigvxemoqzdtqumqzfgyfpkz/Build/Intermediates.noindex/ArchiveIntermediates/BookonDebug/IntermediateBuildFilesPath/LegadoBookSource.build/Release-iphoneos/LegadoBookSource.build/Objects-normal/arm64/RuleEngineError.o -o /Users/runner/Library/Developer/Xcode/DerivedData/BookonDebug-ehazsigvxemoqzdtqumqzfgyfpkz/Build/Intermediates.noindex/ArchiveIntermediates/BookonDebug/IntermediateBuildFilesPath/LegadoBookSource.build/Release-iphoneos/LegadoBookSource.build/Objects-normal/arm64/RuleValue.o -o /Users/runner/Library/Developer/Xcode/DerivedData/BookonDebug-ehazsigvxemoqzdtqumqzfgyfpkz/Build/Intermediates.noindex/ArchiveIntermediates/BookonDebug/IntermediateBuildFilesPath/LegadoBookSource.build/Release-iphoneos/LegadoBookSource.build/Objects-normal/arm64/SourceRule.o -o /Users/runner/Library/Developer/Xcode/DerivedData/BookonDebug-ehazsigvxemoqzdtqumqzfgyfpkz/Build/Intermediates.noindex/ArchiveIntermediates/BookonDebug/IntermediateBuildFilesPath/LegadoBookSource.build/Release-iphoneos/LegadoBookSource.build/Objects-normal/arm64/StringUtils.o -o /Users/runner/Library/Developer/Xcode/DerivedData/BookonDebug-ehazsigvxemoqzdtqumqzfgyfpkz/Build/Intermediates.noindex/ArchiveIntermediates/BookonDebug/IntermediateBuildFilesPath/LegadoBookSource.build/Release-iphoneos/LegadoBookSource.build/Objects-normal/arm64/SwiftSoupElementsCompat.o -o /Users/runner/Library/Developer/Xcode/DerivedData/BookonDebug-ehazsigvxemoqzdtqumqzfgyfpkz/Build/Intermediates.noindex/ArchiveIntermediates/BookonDebug/IntermediateBuildFilesPath/LegadoBookSource.build/Release-iphoneos/LegadoBookSource.build/Objects-normal/arm64/SwiftSoupTextNormalizeFix.o -o /Users/runner/Library/Developer/Xcode/DerivedData/BookonDebug-ehazsigvxemoqzdtqumqzfgyfpkz/Build/Intermediates.noindex/ArchiveIntermediates/BookonDebug/IntermediateBuildFilesPath/LegadoBookSource.build/Release-iphoneos/LegadoBookSource.build/Objects-normal/arm64/SwiftSoupXPathEvaluator.o -o /Users/runner/Library/Developer/Xcode/DerivedData/BookonDebug-ehazsigvxemoqzdtqumqzfgyfpkz/Build/Intermediates.noindex/ArchiveIntermediates/BookonDebug/IntermediateBuildFilesPath/LegadoBookSource.build/Release-iphoneos/LegadoBookSource.build/Objects-normal/arm64/SwiftSoupXPathFunctions.o -o /Users/runner/Library/Developer/Xcode/DerivedData/BookonDebug-ehazsigvxemoqzdtqumqzfgyfpkz/Build/Intermediates.noindex/ArchiveIntermediates/BookonDebug/IntermediateBuildFilesPath/LegadoBookSource.build/Release-iphoneos/LegadoBookSource.build/Objects-normal/arm64/SwiftSoupXPathParser.o -o /Users/runner/Library/Developer/Xcode/DerivedData/BookonDebug-ehazsigvxemoqzdtqumqzfgyfpkz/Build/Intermediates.noindex/ArchiveIntermediates/BookonDebug/IntermediateBuildFilesPath/LegadoBookSource.build/Release-iphoneos/LegadoBookSource.build/Objects-normal/arm64/SwiftSoupXPathPredicate.o -o /Users/runner/Library/Developer/Xcode/DerivedData/BookonDebug-ehazsigvxemoqzdtqumqzfgyfpkz/Build/Intermediates.noindex/ArchiveIntermediates/BookonDebug/IntermediateBuildFilesPath/LegadoBookSource.build/Release-iphoneos/LegadoBookSource.build/Objects-normal/arm64/SwiftSoupXPathStepParser.o -o /Users/runner/Library/Developer/Xcode/DerivedData/BookonDebug-ehazsigvxemoqzdtqumqzfgyfpkz/Build/Intermediates.noindex/ArchiveIntermediates/BookonDebug/IntermediateBuildFilesPath/LegadoBookSource.build/Release-iphoneos/LegadoBookSource.build/Objects-normal/arm64/XPathEvaluator.o -o /Users/runner/Library/Developer/Xcode/DerivedData/BookonDebug-ehazsigvxemoqzdtqumqzfgyfpkz/Build/Intermediates.noindex/ArchiveIntermediates/BookonDebug/IntermediateBuildFilesPath/LegadoBookSource.build/Release-iphoneos/LegadoBookSource.build/Objects-normal/arm64/SearchBook.o -o /Users/runner/Library/Developer/Xcode/DerivedData/BookonDebug-ehazsigvxemoqzdtqumqzfgyfpkz/Build/Intermediates.noindex/ArchiveIntermediates/BookonDebug/IntermediateBuildFilesPath/LegadoBookSource.build/Release-iphoneos/LegadoBookSource.build/Objects-normal/arm64/StringOrObject.o -o /Users/runner/Library/Developer/Xcode/DerivedData/BookonDebug-ehazsigvxemoqzdtqumqzfgyfpkz/Build/Intermediates.noindex/ArchiveIntermediates/BookonDebug/IntermediateBuildFilesPath/LegadoBookSource.build/Release-iphoneos/LegadoBookSource.build/Objects-normal/arm64/BookChapterList.o -o /Users/runner/Library/Developer/Xcode/DerivedData/BookonDebug-ehazsigvxemoqzdtqumqzfgyfpkz/Build/Intermediates.noindex/ArchiveIntermediates/BookonDebug/IntermediateBuildFilesPath/LegadoBookSource.build/Release-iphoneos/LegadoBookSource.build/Objects-normal/arm64/BookContent.o -o /Users/runner/Library/Developer/Xcode/DerivedData/BookonDebug-ehazsigvxemoqzdtqumqzfgyfpkz/Build/Intermediates.noindex/ArchiveIntermediates/BookonDebug/IntermediateBuildFilesPath/LegadoBookSource.build/Release-iphoneos/LegadoBookSource.build/Objects-normal/arm64/BookInfo.o -o /Users/runner/Library/Developer/Xcode/DerivedData/BookonDebug-ehazsigvxemoqzdtqumqzfgyfpkz/Build/Intermediates.noindex/ArchiveIntermediates/BookonDebug/IntermediateBuildFilesPath/LegadoBookSource.build/Release-iphoneos/LegadoBookSource.build/Objects-normal/arm64/BookList.o -o /Users/runner/Library/Developer/Xcode/DerivedData/BookonDebug-ehazsigvxemoqzdtqumqzfgyfpkz/Build/Intermediates.noindex/ArchiveIntermediates/BookonDebug/IntermediateBuildFilesPath/LegadoBookSource.build/Release-iphoneos/LegadoBookSource.build/Objects-normal/arm64/Debug.o -o /Users/runner/Library/Developer/Xcode/DerivedData/BookonDebug-ehazsigvxemoqzdtqumqzfgyfpkz/Build/Intermediates.noindex/ArchiveIntermediates/BookonDebug/IntermediateBuildFilesPath/LegadoBookSource.build/Release-iphoneos/LegadoBookSource.build/Objects-normal/arm64/WebBook.o -o /Users/runner/Library/Developer/Xcode/DerivedData/BookonDebug-ehazsigvxemoqzdtqumqzfgyfpkz/Build/Intermediates.noindex/ArchiveIntermediates/BookonDebug/IntermediateBuildFilesPath/LegadoBookSource.build/Release-iphoneos/LegadoBookSource.build/Objects-normal/arm64/WebBookNetwork.o -o /Users/runner/Library/Developer/Xcode/DerivedData/BookonDebug-ehazsigvxemoqzdtqumqzfgyfpkz/Build/Intermediates.noindex/ArchiveIntermediates/BookonDebug/IntermediateBuildFilesPath/LegadoBookSource.build/Release-iphoneos/LegadoBookSource.build/Objects-normal/arm64/WebBookOptions.o -o /Users/runner/Library/Developer/Xcode/DerivedData/BookonDebug-ehazsigvxemoqzdtqumqzfgyfpkz/Build/Intermediates.noindex/ArchiveIntermediates/BookonDebug/IntermediateBuildFilesPath/LegadoBookSource.build/Release-iphoneos/LegadoBookSource.build/Objects-normal/arm64/WebBookSupport.o -index-unit-output-path /LegadoBookSource.build/Release-iphoneos/LegadoBookSource.build/Objects-normal/arm64/resource_bundle_accessor.o -index-unit-output-path /LegadoBookSource.build/Release-iphoneos/LegadoBookSource.build/Objects-normal/arm64/BaseBook.o -index-unit-output-path /LegadoBookSource.build/Release-iphoneos/LegadoBookSource.build/Objects-normal/arm64/BaseSource.o -index-unit-output-path /LegadoBookSource.build/Release-iphoneos/LegadoBookSource.build/Objects-normal/arm64/Book.o -index-unit-output-path /LegadoBookSource.build/Release-iphoneos/LegadoBookSource.build/Objects-normal/arm64/BookChapter.o -index-unit-output-path /LegadoBookSource.build/Release-iphoneos/LegadoBookSource.build/Objects-normal/arm64/BookSource.o -index-unit-output-path /LegadoBookSource.build/Release-iphoneos/LegadoBookSource.build/Objects-normal/arm64/BookSourceImporter.o -index-unit-output-path /LegadoBookSource.build/Release-iphoneos/LegadoBookSource.build/Objects-normal/arm64/BookSourceType.o -index-unit-output-path /LegadoBookSource.build/Release-iphoneos/LegadoBookSource.build/Objects-normal/arm64/BookType.o -index-unit-output-path /LegadoBookSource.build/Release-iphoneos/LegadoBookSource.build/Objects-normal/arm64/LegadoJSON.o -index-unit-output-path /LegadoBookSource.build/Release-iphoneos/LegadoBookSource.build/Objects-normal/arm64/LenientDecoding.o -index-unit-output-path /LegadoBookSource.build/Release-iphoneos/LegadoBookSource.build/Objects-normal/arm64/AnalyzeUrl.o -index-unit-output-path /LegadoBookSource.build/Release-iphoneos/LegadoBookSource.build/Objects-normal/arm64/CacheManager.o -index-unit-output-path /LegadoBookSource.build/Release-iphoneos/LegadoBookSource.build/Objects-normal/arm64/CharsetDetector.o -index-unit-output-path /LegadoBookSource.build/Release-iphoneos/LegadoBookSource.build/Objects-normal/arm64/CharsetMatch.o -index-unit-output-path /LegadoBookSource.build/Release-iphoneos/LegadoBookSource.build/Objects-normal/arm64/CharsetRecog2022.o -index-unit-output-path /LegadoBookSource.build/Release-iphoneos/LegadoBookSource.build/Objects-normal/arm64/CharsetRecogMBCS.o -index-unit-output-path /LegadoBookSource.build/Release-iphoneos/LegadoBookSource.build/Objects-normal/arm64/CharsetRecogSBCS.o -index-unit-output-path /LegadoBookSource.build/Release-iphoneos/LegadoBookSource.build/Objects-normal/arm64/CharsetRecogUTF8.o -index-unit-output-path /LegadoBookSource.build/Release-iphoneos/LegadoBookSource.build/Objects-normal/arm64/CharsetRecogUnicode.o -index-unit-output-path /LegadoBookSource.build/Release-iphoneos/LegadoBookSource.build/Objects-normal/arm64/CharsetRecognizer.o -index-unit-output-path /LegadoBookSource.build/Release-iphoneos/LegadoBookSource.build/Objects-normal/arm64/CharsetTables.o -index-unit-output-path /LegadoBookSource.build/Release-iphoneos/LegadoBookSource.build/Objects-normal/arm64/EncodingDetect.o -index-unit-output-path /LegadoBookSource.build/Release-iphoneos/LegadoBookSource.build/Objects-normal/arm64/ConcurrentRateLimiter.o -index-unit-output-path /LegadoBookSource.build/Release-iphoneos/LegadoBookSource.build/Objects-normal/arm64/CookieManager.o -index-unit-output-path /LegadoBookSource.build/Release-iphoneos/LegadoBookSource.build/Objects-normal/arm64/CookieStore.o -index-unit-output-path /LegadoBookSource.build/Release-iphoneos/LegadoBookSource.build/Objects-normal/arm64/GsonJSON.o -index-unit-output-path /LegadoBookSource.build/Release-iphoneos/LegadoBookSource.build/Objects-normal/arm64/HTTPTypes.o -index-unit-output-path /LegadoBookSource.build/Release-iphoneos/LegadoBookSource.build/Objects-normal/arm64/HttpUrl.o -index-unit-output-path /LegadoBookSource.build/Release-iphoneos/LegadoBookSource.build/Objects-normal/arm64/NetworkUtilsEncoding.o -index-unit-output-path /LegadoBookSource.build/Release-iphoneos/LegadoBookSource.build/Objects-normal/arm64/RealAjaxProvider.o -index-unit-output-path /LegadoBookSource.build/Release-iphoneos/LegadoBookSource.build/Objects-normal/arm64/RealJsNetworkExtensionsProvider.o -index-unit-output-path /LegadoBookSource.build/Release-iphoneos/LegadoBookSource.build/Objects-normal/arm64/URLSessionHTTPClient.o -index-unit-output-path /LegadoBookSource.build/Release-iphoneos/LegadoBookSource.build/Objects-normal/arm64/UrlOption.o -index-unit-output-path /LegadoBookSource.build/Release-iphoneos/LegadoBookSource.build/Objects-normal/arm64/BookInfoRule.o -index-unit-output-path /LegadoBookSource.build/Release-iphoneos/LegadoBookSource.build/Objects-normal/arm64/BookListRule.o -index-unit-output-path /LegadoBookSource.build/Release-iphoneos/LegadoBookSource.build/Objects-normal/arm64/ContentRule.o -index-unit-output-path /LegadoBookSource.build/Release-iphoneos/LegadoBookSource.build/Objects-normal/arm64/ExploreKind.o -index-unit-output-path /LegadoBookSource.build/Release-iphoneos/LegadoBookSource.build/Objects-normal/arm64/ExploreRule.o -index-unit-output-path /LegadoBookSource.build/Release-iphoneos/LegadoBookSource.build/Objects-normal/arm64/FlexChildStyle.o -index-unit-output-path /LegadoBookSource.build/Release-iphoneos/LegadoBookSource.build/Objects-normal/arm64/ReviewRule.o -index-unit-output-path /LegadoBookSource.build/Release-iphoneos/LegadoBookSource.build/Objects-normal/arm64/RowUi.o -index-unit-output-path /LegadoBookSource.build/Release-iphoneos/LegadoBookSource.build/Objects-normal/arm64/SearchRule.o -index-unit-output-path /LegadoBookSource.build/Release-iphoneos/LegadoBookSource.build/Objects-normal/arm64/TocRule.o -index-unit-output-path /LegadoBookSource.build/Release-iphoneos/LegadoBookSource.build/Objects-normal/arm64/AnalyzeByJSonPath.o -index-unit-output-path /LegadoBookSource.build/Release-iphoneos/LegadoBookSource.build/Objects-normal/arm64/AnalyzeByJSoup+Elements.o -index-unit-output-path /LegadoBookSource.build/Release-iphoneos/LegadoBookSource.build/Objects-normal/arm64/AnalyzeByJSoup.o -index-unit-output-path /LegadoBookSource.build/Release-iphoneos/LegadoBookSource.build/Objects-normal/arm64/AnalyzeByJSoupRules.o -index-unit-output-path /LegadoBookSource.build/Release-iphoneos/LegadoBookSource.build/Objects-normal/arm64/AnalyzeByRegex.o -index-unit-output-path /LegadoBookSource.build/Release-iphoneos/LegadoBookSource.build/Objects-normal/arm64/AnalyzeByXPath.o -index-unit-output-path /LegadoBookSource.build/Release-iphoneos/LegadoBookSource.build/Objects-normal/arm64/AnalyzeRule+Dispatch.o -index-unit-output-path /LegadoBookSource.build/Release-iphoneos/LegadoBookSource.build/Objects-normal/arm64/AnalyzeRule+JS.o -index-unit-output-path /LegadoBookSource.build/Release-iphoneos/LegadoBookSource.build/Objects-normal/arm64/AnalyzeRule+Rules.o -index-unit-output-path /LegadoBookSource.build/Release-iphoneos/LegadoBookSource.build/Objects-normal/arm64/AnalyzeRule.o -index-unit-output-path /LegadoBookSource.build/Release-iphoneos/LegadoBookSource.build/Objects-normal/arm64/AnalyzeRuleDependencies.o -index-unit-output-path /LegadoBookSource.build/Release-iphoneos/LegadoBookSource.build/Objects-normal/arm64/DebugLogger.o -index-unit-output-path /LegadoBookSource.build/Release-iphoneos/LegadoBookSource.build/Objects-normal/arm64/DefaultJSONPathEvaluator.o -index-unit-output-path /LegadoBookSource.build/Release-iphoneos/LegadoBookSource.build/Objects-normal/arm64/HtmlEntities.o -index-unit-output-path /LegadoBookSource.build/Release-iphoneos/LegadoBookSource.build/Objects-normal/arm64/HtmlFormatter.o -index-unit-output-path /LegadoBookSource.build/Release-iphoneos/LegadoBookSource.build/Objects-normal/arm64/HtmlUnescape.o -index-unit-output-path /LegadoBookSource.build/Release-iphoneos/LegadoBookSource.build/Objects-normal/arm64/JSEngine.o -index-unit-output-path /LegadoBookSource.build/Release-iphoneos/LegadoBookSource.build/Objects-normal/arm64/JSJavaBridge.o -index-unit-output-path /LegadoBookSource.build/Release-iphoneos/LegadoBookSource.build/Objects-normal/arm64/JSONPathEvaluator.o -index-unit-output-path /LegadoBookSource.build/Release-iphoneos/LegadoBookSource.build/Objects-normal/arm64/JSONPathParser.o -index-unit-output-path /LegadoBookSource.build/Release-iphoneos/LegadoBookSource.build/Objects-normal/arm64/JavaDoubleFormat.o -index-unit-output-path /LegadoBookSource.build/Release-iphoneos/LegadoBookSource.build/Objects-normal/arm64/JavaURLResolver.o -index-unit-output-path /LegadoBookSource.build/Release-iphoneos/LegadoBookSource.build/Objects-normal/arm64/JsExtensionsCatalog.o -index-unit-output-path /LegadoBookSource.build/Release-iphoneos/LegadoBookSource.build/Objects-normal/arm64/JsExtensionsCore.o -index-unit-output-path /LegadoBookSource.build/Release-iphoneos/LegadoBookSource.build/Objects-normal/arm64/JsExtensionsRuntime.o -index-unit-output-path /LegadoBookSource.build/Release-iphoneos/LegadoBookSource.build/Objects-normal/arm64/JsNumberFormat.o -index-unit-output-path /LegadoBookSource.build/Release-iphoneos/LegadoBookSource.build/Objects-normal/arm64/JsoupCompatSerializer.o -index-unit-output-path /LegadoBookSource.build/Release-iphoneos/LegadoBookSource.build/Objects-normal/arm64/JsoupJSBridge.o -index-unit-output-path /LegadoBookSource.build/Release-iphoneos/LegadoBookSource.build/Objects-normal/arm64/LegadoStringExtensions.o -index-unit-output-path /LegadoBookSource.build/Release-iphoneos/LegadoBookSource.build/Objects-normal/arm64/NetworkUtils.o -index-unit-output-path /LegadoBookSource.build/Release-iphoneos/LegadoBookSource.build/Objects-normal/arm64/OrderedJSONParser.o -index-unit-output-path /LegadoBookSource.build/Release-iphoneos/LegadoBookSource.build/Objects-normal/arm64/RegexTemplate.o -index-unit-output-path /LegadoBookSource.build/Release-iphoneos/LegadoBookSource.build/Objects-normal/arm64/RuleAnalyzer.o -index-unit-output-path /LegadoBookSource.build/Release-iphoneos/LegadoBookSource.build/Objects-normal/arm64/RuleEngineDiagnostics.o -index-unit-output-path /LegadoBookSource.build/Release-iphoneos/LegadoBookSource.build/Objects-normal/arm64/RuleEngineError.o -index-unit-output-path /LegadoBookSource.build/Release-iphoneos/LegadoBookSource.build/Objects-normal/arm64/RuleValue.o -index-unit-output-path /LegadoBookSource.build/Release-iphoneos/LegadoBookSource.build/Objects-normal/arm64/SourceRule.o -index-unit-output-path /LegadoBookSource.build/Release-iphoneos/LegadoBookSource.build/Objects-normal/arm64/StringUtils.o -index-unit-output-path /LegadoBookSource.build/Release-iphoneos/LegadoBookSource.build/Objects-normal/arm64/SwiftSoupElementsCompat.o -index-unit-output-path /LegadoBookSource.build/Release-iphoneos/LegadoBookSource.build/Objects-normal/arm64/SwiftSoupTextNormalizeFix.o -index-unit-output-path /LegadoBookSource.build/Release-iphoneos/LegadoBookSource.build/Objects-normal/arm64/SwiftSoupXPathEvaluator.o -index-unit-output-path /LegadoBookSource.build/Release-iphoneos/LegadoBookSource.build/Objects-normal/arm64/SwiftSoupXPathFunctions.o -index-unit-output-path /LegadoBookSource.build/Release-iphoneos/LegadoBookSource.build/Objects-normal/arm64/SwiftSoupXPathParser.o -index-unit-output-path /LegadoBookSource.build/Release-iphoneos/LegadoBookSource.build/Objects-normal/arm64/SwiftSoupXPathPredicate.o -index-unit-output-path /LegadoBookSource.build/Release-iphoneos/LegadoBookSource.build/Objects-normal/arm64/SwiftSoupXPathStepParser.o -index-unit-output-path /LegadoBookSource.build/Release-iphoneos/LegadoBookSource.build/Objects-normal/arm64/XPathEvaluator.o -index-unit-output-path /LegadoBookSource.build/Release-iphoneos/LegadoBookSource.build/Objects-normal/arm64/SearchBook.o -index-unit-output-path /LegadoBookSource.build/Release-iphoneos/LegadoBookSource.build/Objects-normal/arm64/StringOrObject.o -index-unit-output-path /LegadoBookSource.build/Release-iphoneos/LegadoBookSource.build/Objects-normal/arm64/BookChapterList.o -index-unit-output-path /LegadoBookSource.build/Release-iphoneos/LegadoBookSource.build/Objects-normal/arm64/BookContent.o -index-unit-output-path /LegadoBookSource.build/Release-iphoneos/LegadoBookSource.build/Objects-normal/arm64/BookInfo.o -index-unit-output-path /LegadoBookSource.build/Release-iphoneos/LegadoBookSource.build/Objects-normal/arm64/BookList.o -index-unit-output-path /LegadoBookSource.build/Release-iphoneos/LegadoBookSource.build/Objects-normal/arm64/Debug.o -index-unit-output-path /LegadoBookSource.build/Release-iphoneos/LegadoBookSource.build/Objects-normal/arm64/WebBook.o -index-unit-output-path /LegadoBookSource.build/Release-iphoneos/LegadoBookSource.build/Objects-normal/arm64/WebBookNetwork.o -index-unit-output-path /LegadoBookSource.build/Release-iphoneos/LegadoBookSource.build/Objects-normal/arm64/WebBookOptions.o -index-unit-output-path /LegadoBookSource.build/Release-iphoneos/LegadoBookSource.build/Objects-normal/arm64/WebBookSupport.o
2026-10-05T12:39:02.8305650Z 
2026-10-05T12:39:02.8306190Z CompileSwift normal arm64 (in target 'LegadoBookSource' from project 'LegadoBookSource')
2026-10-05T12:39:02.8306790Z     cd /Users/runner/work/bookon/bookon
2026-10-05T12:39:02.8525920Z     /Applications/Xcode_15.4.app/Contents/Developer/Toolchains/XcodeDefault.xctoolchain/usr/bin/swift-frontend -c /Users/runner/Library/Developer/Xcode/DerivedData/BookonDebug-ehazsigvxemoqzdtqumqzfgyfpkz/Build/Intermediates.noindex/ArchiveIntermediates/BookonDebug/IntermediateBuildFilesPath/LegadoBookSource.build/Release-iphoneos/LegadoBookSource.build/DerivedSources/resource_bundle_accessor.swift /Users/runner/work/bookon/bookon/Sources/LegadoBookSource/BaseBook.swift /Users/runner/work/bookon/bookon/Sources/LegadoBookSource/BaseSource.swift /Users/runner/work/bookon/bookon/Sources/LegadoBookSource/Book.swift /Users/runner/work/bookon/bookon/Sources/LegadoBookSource/BookChapter.swift /Users/runner/work/bookon/bookon/Sources/LegadoBookSource/BookSource.swift /Users/runner/work/bookon/bookon/Sources/LegadoBookSource/BookSourceImporter.swift /Users/runner/work/bookon/bookon/Sources/LegadoBookSource/Constant/BookSourceType.swift /Users/runner/work/bookon/bookon/Sources/LegadoBookSource/Constant/BookType.swift /Users/runner/work/bookon/bookon/Sources/LegadoBookSource/LegadoJSON.swift /Users/runner/work/bookon/bookon/Sources/LegadoBookSource/LenientDecoding.swift /Users/runner/work/bookon/bookon/Sources/LegadoBookSource/Network/AnalyzeUrl.swift /Users/runner/work/bookon/bookon/Sources/LegadoBookSource/Network/CacheManager.swift /Users/runner/work/bookon/bookon/Sources/LegadoBookSource/Network/CharsetDetector/CharsetDetector.swift /Users/runner/work/bookon/bookon/Sources/LegadoBookSource/Network/CharsetDetector/CharsetMatch.swift /Users/runner/work/bookon/bookon/Sources/LegadoBookSource/Network/CharsetDetector/CharsetRecog2022.swift /Users/runner/work/bookon/bookon/Sources/LegadoBookSource/Network/CharsetDetector/CharsetRecogMBCS.swift /Users/runner/work/bookon/bookon/Sources/LegadoBookSource/Network/CharsetDetector/CharsetRecogSBCS.swift /Users/runner/work/bookon/bookon/Sources/LegadoBookSource/Network/CharsetDetector/CharsetRecogUTF8.swift /Users/runner/work/bookon/bookon/Sources/LegadoBookSource/Network/CharsetDetector/CharsetRecogUnicode.swift /Users/runner/work/bookon/bookon/Sources/LegadoBookSource/Network/CharsetDetector/CharsetRecognizer.swift /Users/runner/work/bookon/bookon/Sources/LegadoBookSource/Network/CharsetDetector/CharsetTables.swift /Users/runner/work/bookon/bookon/Sources/LegadoBookSource/Network/CharsetDetector/EncodingDetect.swift /Users/runner/work/bookon/bookon/Sources/LegadoBookSource/Network/ConcurrentRateLimiter.swift /Users/runner/work/bookon/bookon/Sources/LegadoBookSource/Network/CookieManager.swift /Users/runner/work/bookon/bookon/Sources/LegadoBookSource/Network/CookieStore.swift /Users/runner/work/bookon/bookon/Sources/LegadoBookSource/Network/GsonJSON.swift /Users/runner/work/bookon/bookon/Sources/LegadoBookSource/Network/HTTPTypes.swift /Users/runner/work/bookon/bookon/Sources/LegadoBookSource/Network/HttpUrl.swift /Users/runner/work/bookon/bookon/Sources/LegadoBookSource/Network/NetworkUtilsEncoding.swift /Users/runner/work/bookon/bookon/Sources/LegadoBookSource/Network/RealAjaxProvider.swift /Users/runner/work/bookon/bookon/Sources/LegadoBookSource/Network/RealJsNetworkExtensionsProvider.swift /Users/runner/work/bookon/bookon/Sources/LegadoBookSource/Network/URLSessionHTTPClient.swift /Users/runner/work/bookon/bookon/Sources/LegadoBookSource/Network/UrlOption.swift /Users/runner/work/bookon/bookon/Sources/LegadoBookSource/Rule/BookInfoRule.swift /Users/runner/work/bookon/bookon/Sources/LegadoBookSource/Rule/BookListRule.swift /Users/runner/work/bookon/bookon/Sources/LegadoBookSource/Rule/ContentRule.swift /Users/runner/work/bookon/bookon/Sources/LegadoBookSource/Rule/ExploreKind.swift /Users/runner/work/bookon/bookon/Sources/LegadoBookSource/Rule/ExploreRule.swift /Users/runner/work/bookon/bookon/Sources/LegadoBookSource/Rule/FlexChildStyle.swift /Users/runner/work/bookon/bookon/Sources/LegadoBookSource/Rule/ReviewRule.swift /Users/runner/work/bookon/bookon/Sources/LegadoBookSource/Rule/RowUi.swift /Users/runner/work/bookon/bookon/Sources/LegadoBookSource/Rule/SearchRule.swift /Users/runner/work/bookon/bookon/Sources/LegadoBookSource/Rule/TocRule.swift /Users/runner/work/bookon/bookon/Sources/LegadoBookSource/RuleEngine/AnalyzeByJSonPath.swift /Users/runner/work/bookon/bookon/Sources/LegadoBookSource/RuleEngine/AnalyzeByJSoup+Elements.swift /Users/runner/work/bookon/bookon/Sources/LegadoBookSource/RuleEngine/AnalyzeByJSoup.swift /Users/runner/work/bookon/bookon/Sources/LegadoBookSource/RuleEngine/AnalyzeByJSoupRules.swift /Users/runner/work/bookon/bookon/Sources/LegadoBookSource/RuleEngine/AnalyzeByRegex.swift /Users/runner/work/bookon/bookon/Sources/LegadoBookSource/RuleEngine/AnalyzeByXPath.swift /Users/runner/work/bookon/bookon/Sources/LegadoBookSource/RuleEngine/AnalyzeRule+Dispatch.swift /Users/runner/work/bookon/bookon/Sources/LegadoBookSource/RuleEngine/AnalyzeRule+JS.swift /Users/runner/work/bookon/bookon/Sources/LegadoBookSource/RuleEngine/AnalyzeRule+Rules.swift /Users/runner/work/bookon/bookon/Sources/LegadoBookSource/RuleEngine/AnalyzeRule.swift /Users/runner/work/bookon/bookon/Sources/LegadoBookSource/RuleEngine/AnalyzeRuleDependencies.swift /Users/runner/work/bookon/bookon/Sources/LegadoBookSource/RuleEngine/DebugLogger.swift /Users/runner/work/bookon/bookon/Sources/LegadoBookSource/RuleEngine/DefaultJSONPathEvaluator.swift /Users/runner/work/bookon/bookon/Sources/LegadoBookSource/RuleEngine/HtmlEntities.swift /Users/runner/work/bookon/bookon/Sources/LegadoBookSource/RuleEngine/HtmlFormatter.swift /Users/runner/work/bookon/bookon/Sources/LegadoBookSource/RuleEngine/HtmlUnescape.swift /Users/runner/work/bookon/bookon/Sources/LegadoBookSource/RuleEngine/JSEngine.swift /Users/runner/work/bookon/bookon/Sources/LegadoBookSource/RuleEngine/JSJavaBridge.swift /Users/runner/work/bookon/bookon/Sources/LegadoBookSource/RuleEngine/JSONPathEvaluator.swift /Users/runner/work/bookon/bookon/Sources/LegadoBookSource/RuleEngine/JSONPathParser.swift /Users/runner/work/bookon/bookon/Sources/LegadoBookSource/RuleEngine/JavaDoubleFormat.swift /Users/runner/work/bookon/bookon/Sources/LegadoBookSource/RuleEngine/JavaURLResolver.swift /Users/runner/work/bookon/bookon/Sources/LegadoBookSource/RuleEngine/JsExtensionsCatalog.swift /Users/runner/work/bookon/bookon/Sources/LegadoBookSource/RuleEngine/JsExtensionsCore.swift /Users/runner/work/bookon/bookon/Sources/LegadoBookSource/RuleEngine/JsExtensionsRuntime.swift /Users/runner/work/bookon/bookon/Sources/LegadoBookSource/RuleEngine/JsNumberFormat.swift /Users/runner/work/bookon/bookon/Sources/LegadoBookSource/RuleEngine/JsoupCompatSerializer.swift /Users/runner/work/bookon/bookon/Sources/LegadoBookSource/RuleEngine/JsoupJSBridge.swift /Users/runner/work/bookon/bookon/Sources/LegadoBookSource/RuleEngine/LegadoStringExtensions.swift /Users/runner/work/bookon/bookon/Sources/LegadoBookSource/RuleEngine/NetworkUtils.swift /Users/runner/work/bookon/bookon/Sources/LegadoBookSource/RuleEngine/OrderedJSONParser.swift /Users/runner/work/bookon/bookon/Sources/LegadoBookSource/RuleEngine/RegexTemplate.swift /Users/runner/work/bookon/bookon/Sources/LegadoBookSource/RuleEngine/RuleAnalyzer.swift /Users/runner/work/bookon/bookon/Sources/LegadoBookSource/RuleEngine/RuleEngineDiagnostics.swift /Users/runner/work/bookon/bookon/Sources/LegadoBookSource/RuleEngine/RuleEngineError.swift /Users/runner/work/bookon/bookon/Sources/LegadoBookSource/RuleEngine/RuleValue.swift /Users/runner/work/bookon/bookon/Sources/LegadoBookSource/RuleEngine/SourceRule.swift /Users/runner/work/bookon/bookon/Sources/LegadoBookSource/RuleEngine/StringUtils.swift /Users/runner/work/bookon/bookon/Sources/LegadoBookSource/RuleEngine/SwiftSoupElementsCompat.swift /Users/runner/work/bookon/bookon/Sources/LegadoBookSource/RuleEngine/SwiftSoupTextNormalizeFix.swift /Users/runner/work/bookon/bookon/Sources/LegadoBookSource/RuleEngine/SwiftSoupXPathEvaluator.swift /Users/runner/work/bookon/bookon/Sources/LegadoBookSource/RuleEngine/SwiftSoupXPathFunctions.swift /Users/runner/work/bookon/bookon/Sources/LegadoBookSource/RuleEngine/SwiftSoupXPathParser.swift /Users/runner/work/bookon/bookon/Sources/LegadoBookSource/RuleEngine/SwiftSoupXPathPredicate.swift /Users/runner/work/bookon/bookon/Sources/LegadoBookSource/RuleEngine/SwiftSoupXPathStepParser.swift /Users/runner/work/bookon/bookon/Sources/LegadoBookSource/RuleEngine/XPathEvaluator.swift /Users/runner/work/bookon/bookon/Sources/LegadoBookSource/SearchBook.swift /Users/runner/work/bookon/bookon/Sources/LegadoBookSource/StringOrObject.swift /Users/runner/work/bookon/bookon/Sources/LegadoBookSource/WebBook/BookChapterList.swift /Users/runner/work/bookon/bookon/Sources/LegadoBookSource/WebBook/BookContent.swift /Users/runner/work/bookon/bookon/Sources/LegadoBookSource/WebBook/BookInfo.swift /Users/runner/work/bookon/bookon/Sources/LegadoBookSource/WebBook/BookList.swift /Users/runner/work/bookon/bookon/Sources/LegadoBookSource/WebBook/Debug.swift /Users/runner/work/bookon/bookon/Sources/LegadoBookSource/WebBook/WebBook.swift /Users/runner/work/bookon/bookon/Sources/LegadoBookSource/WebBook/WebBookNetwork.swift /Users/runner/work/bookon/bookon/Sources/LegadoBookSource/WebBook/WebBookOptions.swift /Users/runner/work/bookon/bookon/Sources/LegadoBookSource/WebBook/WebBookSupport.swift -supplementary-output-file-map /Users/runner/Library/Developer/Xcode/DerivedData/BookonDebug-ehazsigvxemoqzdtqumqzfgyfpkz/Build/Intermediates.noindex/ArchiveIntermediates/BookonDebug/IntermediateBuildFilesPath/LegadoBookSource.build/Release-iphoneos/LegadoBookSource.build/Objects-normal/arm64/supplementaryOutputs-2 -target arm64-apple-ios17.0 -Xllvm -aarch64-use-tbi -enable-objc-interop -stack-check -sdk /Applications/Xcode_15.4.app/Contents/Developer/Platforms/iPhoneOS.platform/Developer/SDKs/iPhoneOS17.5.sdk -I /Users/runner/Library/Developer/Xcode/DerivedData/BookonDebug-ehazsigvxemoqzdtqumqzfgyfpkz/Build/Intermediates.noindex/ArchiveIntermediates/BookonDebug/BuildProductsPath/Release-iphoneos -I /Applications/Xcode_15.4.app/Contents/Developer/Platforms/iPhoneOS.platform/Developer/usr/lib -F /Users/runner/Library/Developer/Xcode/DerivedData/BookonDebug-ehazsigvxemoqzdtqumqzfgyfpkz/Build/Intermediates.noindex/ArchiveIntermediates/BookonDebug/BuildProductsPath/Release-iphoneos/PackageFrameworks -F /Users/runner/Library/Developer/Xcode/DerivedData/BookonDebug-ehazsigvxemoqzdtqumqzfgyfpkz/Build/Intermediates.noindex/ArchiveIntermediates/BookonDebug/BuildProductsPath/Release-iphoneos -F /Applications/Xcode_15.4.app/Contents/Developer/Platforms/iPhoneOS.platform/Developer/Library/Frameworks -F /Applications/Xcode_15.4.app/Contents/Developer/Platforms/iPhoneOS.platform/Developer/SDKs/iPhoneOS17.5.sdk/Developer/Library/Frameworks -no-color-diagnostics -g -module-cache-path /Users/runner/Library/Developer/Xcode/DerivedData/ModuleCache.noindex -swift-version 5 -enforce-exclusivity\=checked -O -D SWIFT_PACKAGE -D Xcode -serialize-debugging-options -package-name bookon -const-gather-protocols-file /Users/runner/Library/Developer/Xcode/DerivedData/BookonDebug-ehazsigvxemoqzdtqumqzfgyfpkz/Build/Intermediates.noindex/ArchiveIntermediates/BookonDebug/IntermediateBuildFilesPath/LegadoBookSource.build/Release-iphoneos/LegadoBookSource.build/Objects-normal/arm64/LegadoBookSource_const_extract_protocols.json -empty-abi-descriptor -validate-clang-modules-once -clang-build-session-file /Users/runner/Library/Developer/Xcode/DerivedData/ModuleCache.noindex/Session.modulevalidation -Xcc -working-directory -Xcc /Users/runner/work/bookon/bookon -resource-dir /Applications/Xcode_15.4.app/Contents/Developer/Toolchains/XcodeDefault.xctoolchain/usr/lib/swift -Xcc -ivfsstatcache -Xcc /Users/runner/Library/Developer/Xcode/DerivedData/SDKStatCaches.noindex/iphoneos17.5-21F77-f0fa7969d082b13145125136a829df3a.sdkstatcache -Xcc -I/Users/runner/Library/Developer/Xcode/DerivedData/BookonDebug-ehazsigvxemoqzdtqumqzfgyfpkz/Build/Intermediates.noindex/ArchiveIntermediates/BookonDebug/IntermediateBuildFilesPath/LegadoBookSource.build/Release-iphoneos/LegadoBookSource.build/swift-overrides.hmap -Xcc -I/Users/runner/Library/Developer/Xcode/DerivedData/BookonDebug-ehazsigvxemoqzdtqumqzfgyfpkz/Build/Intermediates.noindex/ArchiveIntermediates/BookonDebug/BuildProductsPath/Release-iphoneos/include -Xcc -I/Users/runner/Library/Developer/Xcode/DerivedData/BookonDebug-ehazsigvxemoqzdtqumqzfgyfpkz/Build/Intermediates.noindex/ArchiveIntermediates/BookonDebug/IntermediateBuildFilesPath/LegadoBookSource.build/Release-iphoneos/LegadoBookSource.build/DerivedSources-normal/arm64 -Xcc -I/Users/runner/Library/Developer/Xcode/DerivedData/BookonDebug-ehazsigvxemoqzdtqumqzfgyfpkz/Build/Intermediates.noindex/ArchiveIntermediates/BookonDebug/IntermediateBuildFilesPath/LegadoBookSource.build/Release-iphoneos/LegadoBookSource.build/DerivedSources/arm64 -Xcc -I/Users/runner/Library/Developer/Xcode/DerivedData/BookonDebug-ehazsigvxemoqzdtqumqzfgyfpkz/Build/Intermediates.noindex/ArchiveIntermediates/BookonDebug/IntermediateBuildFilesPath/LegadoBookSource.build/Release-iphoneos/LegadoBookSource.build/DerivedSources -Xcc -DSWIFT_PACKAGE -module-name LegadoBookSource -frontend-parseable-output -disable-clang-spi -target-sdk-version 17.5 -target-sdk-name iphoneos17.5 -external-plugin-path /Applications/Xcode_15.4.app/Contents/Developer/Platforms/iPhoneOS.platform/Developer/SDKs/iPhoneOS17.5.sdk/usr/lib/swift/host/plugins\#/Applications/Xcode_15.4.app/Contents/Developer/Platforms/iPhoneOS.platform/Developer/SDKs/iPhoneOS17.5.sdk/usr/bin/swift-plugin-server -external-plugin-path /Applications/Xcode_15.4.app/Contents/Developer/Platforms/iPhoneOS.platform/Developer/SDKs/iPhoneOS17.5.sdk/usr/local/lib/swift/host/plugins\#/Applications/Xcode_15.4.app/Contents/Developer/Platforms/iPhoneOS.platform/Developer/SDKs/iPhoneOS17.5.sdk/usr/bin/swift-plugin-server -external-plugin-path /Applications/Xcode_15.4.app/Contents/Developer/Platforms/iPhoneOS.platform/Developer/usr/lib/swift/host/plugins\#/Applications/Xcode_15.4.app/Contents/Developer/Platforms/iPhoneOS.platform/Developer/usr/bin/swift-plugin-server -external-plugin-path /Applications/Xcode_15.4.app/Contents/Developer/Platforms/iPhoneOS.platform/Developer/usr/local/lib/swift/host/plugins\#/Applications/Xcode_15.4.app/Contents/Developer/Platforms/iPhoneOS.platform/Developer/usr/bin/swift-plugin-server -plugin-path /Applications/Xcode_15.4.app/Contents/Developer/Toolchains/XcodeDefault.xctoolchain/usr/lib/swift/host/plugins -plugin-path /Applications/Xcode_15.4.app/Contents/Developer/Toolchains/XcodeDefault.xctoolchain/usr/local/lib/swift/host/plugins -enable-default-cmo -num-threads 3 -o /Users/runner/Library/Developer/Xcode/DerivedData/BookonDebug-ehazsigvxemoqzdtqumqzfgyfpkz/Build/Intermediates.noindex/ArchiveIntermediates/BookonDebug/IntermediateBuildFilesPath/LegadoBookSource.build/Release-iphoneos/LegadoBookSource.build/Objects-normal/arm64/resource_bundle_accessor.o -o /Users/runner/Library/Developer/Xcode/DerivedData/BookonDebug-ehazsigvxemoqzdtqumqzfgyfpkz/Build/Intermediates.noindex/ArchiveIntermediates/BookonDebug/IntermediateBuildFilesPath/LegadoBookSource.build/Release-iphoneos/LegadoBookSource.build/Objects-normal/arm64/BaseBook.o -o /Users/runner/Library/Developer/Xcode/DerivedData/BookonDebug-ehazsigvxemoqzdtqumqzfgyfpkz/Build/Intermediates.noindex/ArchiveIntermediates/BookonDebug/IntermediateBuildFilesPath/LegadoBookSource.build/Release-iphoneos/LegadoBookSource.build/Objects-normal/arm64/BaseSource.o -o /Users/runner/Library/Developer/Xcode/DerivedData/BookonDebug-ehazsigvxemoqzdtqumqzfgyfpkz/Build/Intermediates.noindex/ArchiveIntermediates/BookonDebug/IntermediateBuildFilesPath/LegadoBookSource.build/Release-iphoneos/LegadoBookSource.build/Objects-normal/arm64/Book.o -o /Users/runner/Library/Developer/Xcode/DerivedData/BookonDebug-ehazsigvxemoqzdtqumqzfgyfpkz/Build/Intermediates.noindex/ArchiveIntermediates/BookonDebug/IntermediateBuildFilesPath/LegadoBookSource.build/Release-iphoneos/LegadoBookSource.build/Objects-normal/arm64/BookChapter.o -o /Users/runner/Library/Developer/Xcode/DerivedData/BookonDebug-ehazsigvxemoqzdtqumqzfgyfpkz/Build/Intermediates.noindex/ArchiveIntermediates/BookonDebug/IntermediateBuildFilesPath/LegadoBookSource.build/Release-iphoneos/LegadoBookSource.build/Objects-normal/arm64/BookSource.o -o /Users/runner/Library/Developer/Xcode/DerivedData/BookonDebug-ehazsigvxemoqzdtqumqzfgyfpkz/Build/Intermediates.noindex/ArchiveIntermediates/BookonDebug/IntermediateBuildFilesPath/LegadoBookSource.build/Release-iphoneos/LegadoBookSource.build/Objects-normal/arm64/BookSourceImporter.o -o /Users/runner/Library/Developer/Xcode/DerivedData/BookonDebug-ehazsigvxemoqzdtqumqzfgyfpkz/Build/Intermediates.noindex/ArchiveIntermediates/BookonDebug/IntermediateBuildFilesPath/LegadoBookSource.build/Release-iphoneos/LegadoBookSource.build/Objects-normal/arm64/BookSourceType.o -o /Users/runner/Library/Developer/Xcode/DerivedData/BookonDebug-ehazsigvxemoqzdtqumqzfgyfpkz/Build/Intermediates.noindex/ArchiveIntermediates/BookonDebug/IntermediateBuildFilesPath/LegadoBookSource.build/Release-iphoneos/LegadoBookSource.build/Objects-normal/arm64/BookType.o -o /Users/runner/Library/Developer/Xcode/DerivedData/BookonDebug-ehazsigvxemoqzdtqumqzfgyfpkz/Build/Intermediates.noindex/ArchiveIntermediates/BookonDebug/IntermediateBuildFilesPath/LegadoBookSource.build/Release-iphoneos/LegadoBookSource.build/Objects-normal/arm64/LegadoJSON.o -o /Users/runner/Library/Developer/Xcode/DerivedData/BookonDebug-ehazsigvxemoqzdtqumqzfgyfpkz/Build/Intermediates.noindex/ArchiveIntermediates/BookonDebug/IntermediateBuildFilesPath/LegadoBookSource.build/Release-iphoneos/LegadoBookSource.build/Objects-normal/arm64/LenientDecoding.o -o /Users/runner/Library/Developer/Xcode/DerivedData/BookonDebug-ehazsigvxemoqzdtqumqzfgyfpkz/Build/Intermediates.noindex/ArchiveIntermediates/BookonDebug/IntermediateBuildFilesPath/LegadoBookSource.build/Release-iphoneos/LegadoBookSource.build/Objects-normal/arm64/AnalyzeUrl.o -o /Users/runner/Library/Developer/Xcode/DerivedData/BookonDebug-ehazsigvxemoqzdtqumqzfgyfpkz/Build/Intermediates.noindex/ArchiveIntermediates/BookonDebug/IntermediateBuildFilesPath/LegadoBookSource.build/Release-iphoneos/LegadoBookSource.build/Objects-normal/arm64/CacheManager.o -o /Users/runner/Library/Developer/Xcode/DerivedData/BookonDebug-ehazsigvxemoqzdtqumqzfgyfpkz/Build/Intermediates.noindex/ArchiveIntermediates/BookonDebug/IntermediateBuildFilesPath/LegadoBookSource.build/Release-iphoneos/LegadoBookSource.build/Objects-normal/arm64/CharsetDetector.o -o /Users/runner/Library/Developer/Xcode/DerivedData/BookonDebug-ehazsigvxemoqzdtqumqzfgyfpkz/Build/Intermediates.noindex/ArchiveIntermediates/BookonDebug/IntermediateBuildFilesPath/LegadoBookSource.build/Release-iphoneos/LegadoBookSource.build/Objects-normal/arm64/CharsetMatch.o -o /Users/runner/Library/Developer/Xcode/DerivedData/BookonDebug-ehazsigvxemoqzdtqumqzfgyfpkz/Build/Intermediates.noindex/ArchiveIntermediates/BookonDebug/IntermediateBuildFilesPath/LegadoBookSource.build/Release-iphoneos/LegadoBookSource.build/Objects-normal/arm64/CharsetRecog2022.o -o /Users/runner/Library/Developer/Xcode/DerivedData/BookonDebug-ehazsigvxemoqzdtqumqzfgyfpkz/Build/Intermediates.noindex/ArchiveIntermediates/BookonDebug/IntermediateBuildFilesPath/LegadoBookSource.build/Release-iphoneos/LegadoBookSource.build/Objects-normal/arm64/CharsetRecogMBCS.o -o /Users/runner/Library/Developer/Xcode/DerivedData/BookonDebug-ehazsigvxemoqzdtqumqzfgyfpkz/Build/Intermediates.noindex/ArchiveIntermediates/BookonDebug/IntermediateBuildFilesPath/LegadoBookSource.build/Release-iphoneos/LegadoBookSource.build/Objects-normal/arm64/CharsetRecogSBCS.o -o /Users/runner/Library/Developer/Xcode/DerivedData/BookonDebug-ehazsigvxemoqzdtqumqzfgyfpkz/Build/Intermediates.noindex/ArchiveIntermediates/BookonDebug/IntermediateBuildFilesPath/LegadoBookSource.build/Release-iphoneos/LegadoBookSource.build/Objects-normal/arm64/CharsetRecogUTF8.o -o /Users/runner/Library/Developer/Xcode/DerivedData/BookonDebug-ehazsigvxemoqzdtqumqzfgyfpkz/Build/Intermediates.noindex/ArchiveIntermediates/BookonDebug/IntermediateBuildFilesPath/LegadoBookSource.build/Release-iphoneos/LegadoBookSource.build/Objects-normal/arm64/CharsetRecogUnicode.o -o /Users/runner/Library/Developer/Xcode/DerivedData/BookonDebug-ehazsigvxemoqzdtqumqzfgyfpkz/Build/Intermediates.noindex/ArchiveIntermediates/BookonDebug/IntermediateBuildFilesPath/LegadoBookSource.build/Release-iphoneos/LegadoBookSource.build/Objects-normal/arm64/CharsetRecognizer.o -o /Users/runner/Library/Developer/Xcode/DerivedData/BookonDebug-ehazsigvxemoqzdtqumqzfgyfpkz/Build/Intermediates.noindex/ArchiveIntermediates/BookonDebug/IntermediateBuildFilesPath/LegadoBookSource.build/Release-iphoneos/LegadoBookSource.build/Objects-normal/arm64/CharsetTables.o -o /Users/runner/Library/Developer/Xcode/DerivedData/BookonDebug-ehazsigvxemoqzdtqumqzfgyfpkz/Build/Intermediates.noindex/ArchiveIntermediates/BookonDebug/IntermediateBuildFilesPath/LegadoBookSource.build/Release-iphoneos/LegadoBookSource.build/Objects-normal/arm64/EncodingDetect.o -o /Users/runner/Library/Developer/Xcode/DerivedData/BookonDebug-ehazsigvxemoqzdtqumqzfgyfpkz/Build/Intermediates.noindex/ArchiveIntermediates/BookonDebug/IntermediateBuildFilesPath/LegadoBookSource.build/Release-iphoneos/LegadoBookSource.build/Objects-normal/arm64/ConcurrentRateLimiter.o -o /Users/runner/Library/Developer/Xcode/DerivedData/BookonDebug-ehazsigvxemoqzdtqumqzfgyfpkz/Build/Intermediates.noindex/ArchiveIntermediates/BookonDebug/IntermediateBuildFilesPath/LegadoBookSource.build/Release-iphoneos/LegadoBookSource.build/Objects-normal/arm64/CookieManager.o -o /Users/runner/Library/Developer/Xcode/DerivedData/BookonDebug-ehazsigvxemoqzdtqumqzfgyfpkz/Build/Intermediates.noindex/ArchiveIntermediates/BookonDebug/IntermediateBuildFilesPath/LegadoBookSource.build/Release-iphoneos/LegadoBookSource.build/Objects-normal/arm64/CookieStore.o -o /Users/runner/Library/Developer/Xcode/DerivedData/BookonDebug-ehazsigvxemoqzdtqumqzfgyfpkz/Build/Intermediates.noindex/ArchiveIntermediates/BookonDebug/IntermediateBuildFilesPath/LegadoBookSource.build/Release-iphoneos/LegadoBookSource.build/Objects-normal/arm64/GsonJSON.o -o /Users/runner/Library/Developer/Xcode/DerivedData/BookonDebug-ehazsigvxemoqzdtqumqzfgyfpkz/Build/Intermediates.noindex/ArchiveIntermediates/BookonDebug/IntermediateBuildFilesPath/LegadoBookSource.build/Release-iphoneos/LegadoBookSource.build/Objects-normal/arm64/HTTPTypes.o -o /Users/runner/Library/Developer/Xcode/DerivedData/BookonDebug-ehazsigvxemoqzdtqumqzfgyfpkz/Build/Intermediates.noindex/ArchiveIntermediates/BookonDebug/IntermediateBuildFilesPath/LegadoBookSource.build/Release-iphoneos/LegadoBookSource.build/Objects-normal/arm64/HttpUrl.o -o /Users/runner/Library/Developer/Xcode/DerivedData/BookonDebug-ehazsigvxemoqzdtqumqzfgyfpkz/Build/Intermediates.noindex/ArchiveIntermediates/BookonDebug/IntermediateBuildFilesPath/LegadoBookSource.build/Release-iphoneos/LegadoBookSource.build/Objects-normal/arm64/NetworkUtilsEncoding.o -o /Users/runner/Library/Developer/Xcode/DerivedData/BookonDebug-ehazsigvxemoqzdtqumqzfgyfpkz/Build/Intermediates.noindex/ArchiveIntermediates/BookonDebug/IntermediateBuildFilesPath/LegadoBookSource.build/Release-iphoneos/LegadoBookSource.build/Objects-normal/arm64/RealAjaxProvider.o -o /Users/runner/Library/Developer/Xcode/DerivedData/BookonDebug-ehazsigvxemoqzdtqumqzfgyfpkz/Build/Intermediates.noindex/ArchiveIntermediates/BookonDebug/IntermediateBuildFilesPath/LegadoBookSource.build/Release-iphoneos/LegadoBookSource.build/Objects-normal/arm64/RealJsNetworkExtensionsProvider.o -o /Users/runner/Library/Developer/Xcode/DerivedData/BookonDebug-ehazsigvxemoqzdtqumqzfgyfpkz/Build/Intermediates.noindex/ArchiveIntermediates/BookonDebug/IntermediateBuildFilesPath/LegadoBookSource.build/Release-iphoneos/LegadoBookSource.build/Objects-normal/arm64/URLSessionHTTPClient.o -o /Users/runner/Library/Developer/Xcode/DerivedData/BookonDebug-ehazsigvxemoqzdtqumqzfgyfpkz/Build/Intermediates.noindex/ArchiveIntermediates/BookonDebug/IntermediateBuildFilesPath/LegadoBookSource.build/Release-iphoneos/LegadoBookSource.build/Objects-normal/arm64/UrlOption.o -o /Users/runner/Library/Developer/Xcode/DerivedData/BookonDebug-ehazsigvxemoqzdtqumqzfgyfpkz/Build/Intermediates.noindex/ArchiveIntermediates/BookonDebug/IntermediateBuildFilesPath/LegadoBookSource.build/Release-iphoneos/LegadoBookSource.build/Objects-normal/arm64/BookInfoRule.o -o /Users/runner/Library/Developer/Xcode/DerivedData/BookonDebug-ehazsigvxemoqzdtqumqzfgyfpkz/Build/Intermediates.noindex/ArchiveIntermediates/BookonDebug/IntermediateBuildFilesPath/LegadoBookSource.build/Release-iphoneos/LegadoBookSource.build/Objects-normal/arm64/BookListRule.o -o /Users/runner/Library/Developer/Xcode/DerivedData/BookonDebug-ehazsigvxemoqzdtqumqzfgyfpkz/Build/Intermediates.noindex/ArchiveIntermediates/BookonDebug/IntermediateBuildFilesPath/LegadoBookSource.build/Release-iphoneos/LegadoBookSource.build/Objects-normal/arm64/ContentRule.o -o /Users/runner/Library/Developer/Xcode/DerivedData/BookonDebug-ehazsigvxemoqzdtqumqzfgyfpkz/Build/Intermediates.noindex/ArchiveIntermediates/BookonDebug/IntermediateBuildFilesPath/LegadoBookSource.build/Release-iphoneos/LegadoBookSource.build/Objects-normal/arm64/ExploreKind.o -o /Users/runner/Library/Developer/Xcode/DerivedData/BookonDebug-ehazsigvxemoqzdtqumqzfgyfpkz/Build/Intermediates.noindex/ArchiveIntermediates/BookonDebug/IntermediateBuildFilesPath/LegadoBookSource.build/Release-iphoneos/LegadoBookSource.build/Objects-normal/arm64/ExploreRule.o -o /Users/runner/Library/Developer/Xcode/DerivedData/BookonDebug-ehazsigvxemoqzdtqumqzfgyfpkz/Build/Intermediates.noindex/ArchiveIntermediates/BookonDebug/IntermediateBuildFilesPath/LegadoBookSource.build/Release-iphoneos/LegadoBookSource.build/Objects-normal/arm64/FlexChildStyle.o -o /Users/runner/Library/Developer/Xcode/DerivedData/BookonDebug-ehazsigvxemoqzdtqumqzfgyfpkz/Build/Intermediates.noindex/ArchiveIntermediates/BookonDebug/IntermediateBuildFilesPath/LegadoBookSource.build/Release-iphoneos/LegadoBookSource.build/Objects-normal/arm64/ReviewRule.o -o /Users/runner/Library/Developer/Xcode/DerivedData/BookonDebug-ehazsigvxemoqzdtqumqzfgyfpkz/Build/Intermediates.noindex/ArchiveIntermediates/BookonDebug/IntermediateBuildFilesPath/LegadoBookSource.build/Release-iphoneos/LegadoBookSource.build/Objects-normal/arm64/RowUi.o -o /Users/runner/Library/Developer/Xcode/DerivedData/BookonDebug-ehazsigvxemoqzdtqumqzfgyfpkz/Build/Intermediates.noindex/ArchiveIntermediates/BookonDebug/IntermediateBuildFilesPath/LegadoBookSource.build/Release-iphoneos/LegadoBookSource.build/Objects-normal/arm64/SearchRule.o -o /Users/runner/Library/Developer/Xcode/DerivedData/BookonDebug-ehazsigvxemoqzdtqumqzfgyfpkz/Build/Intermediates.noindex/ArchiveIntermediates/BookonDebug/IntermediateBuildFilesPath/LegadoBookSource.build/Release-iphoneos/LegadoBookSource.build/Objects-normal/arm64/TocRule.o -o /Users/runner/Library/Developer/Xcode/DerivedData/BookonDebug-ehazsigvxemoqzdtqumqzfgyfpkz/Build/Intermediates.noindex/ArchiveIntermediates/BookonDebug/IntermediateBuildFilesPath/LegadoBookSource.build/Release-iphoneos/LegadoBookSource.build/Objects-normal/arm64/AnalyzeByJSonPath.o -o /Users/runner/Library/Developer/Xcode/DerivedData/BookonDebug-ehazsigvxemoqzdtqumqzfgyfpkz/Build/Intermediates.noindex/ArchiveIntermediates/BookonDebug/IntermediateBuildFilesPath/LegadoBookSource.build/Release-iphoneos/LegadoBookSource.build/Objects-normal/arm64/AnalyzeByJSoup+Elements.o -o /Users/runner/Library/Developer/Xcode/DerivedData/BookonDebug-ehazsigvxemoqzdtqumqzfgyfpkz/Build/Intermediates.noindex/ArchiveIntermediates/BookonDebug/IntermediateBuildFilesPath/LegadoBookSource.build/Release-iphoneos/LegadoBookSource.build/Objects-normal/arm64/AnalyzeByJSoup.o -o /Users/runner/Library/Developer/Xcode/DerivedData/BookonDebug-ehazsigvxemoqzdtqumqzfgyfpkz/Build/Intermediates.noindex/ArchiveIntermediates/BookonDebug/IntermediateBuildFilesPath/LegadoBookSource.build/Release-iphoneos/LegadoBookSource.build/Objects-normal/arm64/AnalyzeByJSoupRules.o -o /Users/runner/Library/Developer/Xcode/DerivedData/BookonDebug-ehazsigvxemoqzdtqumqzfgyfpkz/Build/Intermediates.noindex/ArchiveIntermediates/BookonDebug/IntermediateBuildFilesPath/LegadoBookSource.build/Release-iphoneos/LegadoBookSource.build/Objects-normal/arm64/AnalyzeByRegex.o -o /Users/runner/Library/Developer/Xcode/DerivedData/BookonDebug-ehazsigvxemoqzdtqumqzfgyfpkz/Build/Intermediates.noindex/ArchiveIntermediates/BookonDebug/IntermediateBuildFilesPath/LegadoBookSource.build/Release-iphoneos/LegadoBookSource.build/Objects-normal/arm64/AnalyzeByXPath.o -o /Users/runner/Library/Developer/Xcode/DerivedData/BookonDebug-ehazsigvxemoqzdtqumqzfgyfpkz/Build/Intermediates.noindex/ArchiveIntermediates/BookonDebug/IntermediateBuildFilesPath/LegadoBookSource.build/Release-iphoneos/LegadoBookSource.build/Objects-normal/arm64/AnalyzeRule+Dispatch.o -o /Users/runner/Library/Developer/Xcode/DerivedData/BookonDebug-ehazsigvxemoqzdtqumqzfgyfpkz/Build/Intermediates.noindex/ArchiveIntermediates/BookonDebug/IntermediateBuildFilesPath/LegadoBookSource.build/Release-iphoneos/LegadoBookSource.build/Objects-normal/arm64/AnalyzeRule+JS.o -o /Users/runner/Library/Developer/Xcode/DerivedData/BookonDebug-ehazsigvxemoqzdtqumqzfgyfpkz/Build/Intermediates.noindex/ArchiveIntermediates/BookonDebug/IntermediateBuildFilesPath/LegadoBookSource.build/Release-iphoneos/LegadoBookSource.build/Objects-normal/arm64/AnalyzeRule+Rules.o -o /Users/runner/Library/Developer/Xcode/DerivedData/BookonDebug-ehazsigvxemoqzdtqumqzfgyfpkz/Build/Intermediates.noindex/ArchiveIntermediates/BookonDebug/IntermediateBuildFilesPath/LegadoBookSource.build/Release-iphoneos/LegadoBookSource.build/Objects-normal/arm64/AnalyzeRule.o -o /Users/runner/Library/Developer/Xcode/DerivedData/BookonDebug-ehazsigvxemoqzdtqumqzfgyfpkz/Build/Intermediates.noindex/ArchiveIntermediates/BookonDebug/IntermediateBuildFilesPath/LegadoBookSource.build/Release-iphoneos/LegadoBookSource.build/Objects-normal/arm64/AnalyzeRuleDependencies.o -o /Users/runner/Library/Developer/Xcode/DerivedData/BookonDebug-ehazsigvxemoqzdtqumqzfgyfpkz/Build/Intermediates.noindex/ArchiveIntermediates/BookonDebug/IntermediateBuildFilesPath/LegadoBookSource.build/Release-iphoneos/LegadoBookSource.build/Objects-normal/arm64/DebugLogger.o -o /Users/runner/Library/Developer/Xcode/DerivedData/BookonDebug-ehazsigvxemoqzdtqumqzfgyfpkz/Build/Intermediates.noindex/ArchiveIntermediates/BookonDebug/IntermediateBuildFilesPath/LegadoBookSource.build/Release-iphoneos/LegadoBookSource.build/Objects-normal/arm64/DefaultJSONPathEvaluator.o -o /Users/runner/Library/Developer/Xcode/DerivedData/BookonDebug-ehazsigvxemoqzdtqumqzfgyfpkz/Build/Intermediates.noindex/ArchiveIntermediates/BookonDebug/IntermediateBuildFilesPath/LegadoBookSource.build/Release-iphoneos/LegadoBookSource.build/Objects-normal/arm64/HtmlEntities.o -o /Users/runner/Library/Developer/Xcode/DerivedData/BookonDebug-ehazsigvxemoqzdtqumqzfgyfpkz/Build/Intermediates.noindex/ArchiveIntermediates/BookonDebug/IntermediateBuildFilesPath/LegadoBookSource.build/Release-iphoneos/LegadoBookSource.build/Objects-normal/arm64/HtmlFormatter.o -o /Users/runner/Library/Developer/Xcode/DerivedData/BookonDebug-ehazsigvxemoqzdtqumqzfgyfpkz/Build/Intermediates.noindex/ArchiveIntermediates/BookonDebug/IntermediateBuildFilesPath/LegadoBookSource.build/Release-iphoneos/LegadoBookSource.build/Objects-normal/arm64/HtmlUnescape.o -o /Users/runner/Library/Developer/Xcode/DerivedData/BookonDebug-ehazsigvxemoqzdtqumqzfgyfpkz/Build/Intermediates.noindex/ArchiveIntermediates/BookonDebug/IntermediateBuildFilesPath/LegadoBookSource.build/Release-iphoneos/LegadoBookSource.build/Objects-normal/arm64/JSEngine.o -o /Users/runner/Library/Developer/Xcode/DerivedData/BookonDebug-ehazsigvxemoqzdtqumqzfgyfpkz/Build/Intermediates.noindex/ArchiveIntermediates/BookonDebug/IntermediateBuildFilesPath/LegadoBookSource.build/Release-iphoneos/LegadoBookSource.build/Objects-normal/arm64/JSJavaBridge.o -o /Users/runner/Library/Developer/Xcode/DerivedData/BookonDebug-ehazsigvxemoqzdtqumqzfgyfpkz/Build/Intermediates.noindex/ArchiveIntermediates/BookonDebug/IntermediateBuildFilesPath/LegadoBookSource.build/Release-iphoneos/LegadoBookSource.build/Objects-normal/arm64/JSONPathEvaluator.o -o /Users/runner/Library/Developer/Xcode/DerivedData/BookonDebug-ehazsigvxemoqzdtqumqzfgyfpkz/Build/Intermediates.noindex/ArchiveIntermediates/BookonDebug/IntermediateBuildFilesPath/LegadoBookSource.build/Release-iphoneos/LegadoBookSource.build/Objects-normal/arm64/JSONPathParser.o -o /Users/runner/Library/Developer/Xcode/DerivedData/BookonDebug-ehazsigvxemoqzdtqumqzfgyfpkz/Build/Intermediates.noindex/ArchiveIntermediates/BookonDebug/IntermediateBuildFilesPath/LegadoBookSource.build/Release-iphoneos/LegadoBookSource.build/Objects-normal/arm64/JavaDoubleFormat.o -o /Users/runner/Library/Developer/Xcode/DerivedData/BookonDebug-ehazsigvxemoqzdtqumqzfgyfpkz/Build/Intermediates.noindex/ArchiveIntermediates/BookonDebug/IntermediateBuildFilesPath/LegadoBookSource.build/Release-iphoneos/LegadoBookSource.build/Objects-normal/arm64/JavaURLResolver.o -o /Users/runner/Library/Developer/Xcode/DerivedData/BookonDebug-ehazsigvxemoqzdtqumqzfgyfpkz/Build/Intermediates.noindex/ArchiveIntermediates/BookonDebug/IntermediateBuildFilesPath/LegadoBookSource.build/Release-iphoneos/LegadoBookSource.build/Objects-normal/arm64/JsExtensionsCatalog.o -o /Users/runner/Library/Developer/Xcode/DerivedData/BookonDebug-ehazsigvxemoqzdtqumqzfgyfpkz/Build/Intermediates.noindex/ArchiveIntermediates/BookonDebug/IntermediateBuildFilesPath/LegadoBookSource.build/Release-iphoneos/LegadoBookSource.build/Objects-normal/arm64/JsExtensionsCore.o -o /Users/runner/Library/Developer/Xcode/DerivedData/BookonDebug-ehazsigvxemoqzdtqumqzfgyfpkz/Build/Intermediates.noindex/ArchiveIntermediates/BookonDebug/IntermediateBuildFilesPath/LegadoBookSource.build/Release-iphoneos/LegadoBookSource.build/Objects-normal/arm64/JsExtensionsRuntime.o -o /Users/runner/Library/Developer/Xcode/DerivedData/BookonDebug-ehazsigvxemoqzdtqumqzfgyfpkz/Build/Intermediates.noindex/ArchiveIntermediates/BookonDebug/IntermediateBuildFilesPath/LegadoBookSource.build/Release-iphoneos/LegadoBookSource.build/Objects-normal/arm64/JsNumberFormat.o -o /Users/runner/Library/Developer/Xcode/DerivedData/BookonDebug-ehazsigvxemoqzdtqumqzfgyfpkz/Build/Intermediates.noindex/ArchiveIntermediates/BookonDebug/IntermediateBuildFilesPath/LegadoBookSource.build/Release-iphoneos/LegadoBookSource.build/Objects-normal/arm64/JsoupCompatSerializer.o -o /Users/runner/Library/Developer/Xcode/DerivedData/BookonDebug-ehazsigvxemoqzdtqumqzfgyfpkz/Build/Intermediates.noindex/ArchiveIntermediates/BookonDebug/IntermediateBuildFilesPath/LegadoBookSource.build/Release-iphoneos/LegadoBookSource.build/Objects-normal/arm64/JsoupJSBridge.o -o /Users/runner/Library/Developer/Xcode/DerivedData/BookonDebug-ehazsigvxemoqzdtqumqzfgyfpkz/Build/Intermediates.noindex/ArchiveIntermediates/BookonDebug/IntermediateBuildFilesPath/LegadoBookSource.build/Release-iphoneos/LegadoBookSource.build/Objects-normal/arm64/LegadoStringExtensions.o -o /Users/runner/Library/Developer/Xcode/DerivedData/BookonDebug-ehazsigvxemoqzdtqumqzfgyfpkz/Build/Intermediates.noindex/ArchiveIntermediates/BookonDebug/IntermediateBuildFilesPath/LegadoBookSource.build/Release-iphoneos/LegadoBookSource.build/Objects-normal/arm64/NetworkUtils.o -o /Users/runner/Library/Developer/Xcode/DerivedData/BookonDebug-ehazsigvxemoqzdtqumqzfgyfpkz/Build/Intermediates.noindex/ArchiveIntermediates/BookonDebug/IntermediateBuildFilesPath/LegadoBookSource.build/Release-iphoneos/LegadoBookSource.build/Objects-normal/arm64/OrderedJSONParser.o -o /Users/runner/Library/Developer/Xcode/DerivedData/BookonDebug-ehazsigvxemoqzdtqumqzfgyfpkz/Build/Intermediates.noindex/ArchiveIntermediates/BookonDebug/IntermediateBuildFilesPath/LegadoBookSource.build/Release-iphoneos/LegadoBookSource.build/Objects-normal/arm64/RegexTemplate.o -o /Users/runner/Library/Developer/Xcode/DerivedData/BookonDebug-ehazsigvxemoqzdtqumqzfgyfpkz/Build/Intermediates.noindex/ArchiveIntermediates/BookonDebug/IntermediateBuildFilesPath/LegadoBookSource.build/Release-iphoneos/LegadoBookSource.build/Objects-normal/arm64/RuleAnalyzer.o -o /Users/runner/Library/Developer/Xcode/DerivedData/BookonDebug-ehazsigvxemoqzdtqumqzfgyfpkz/Build/Intermediates.noindex/ArchiveIntermediates/BookonDebug/IntermediateBuildFilesPath/LegadoBookSource.build/Release-iphoneos/LegadoBookSource.build/Objects-normal/arm64/RuleEngineDiagnostics.o -o /Users/runner/Library/Developer/Xcode/DerivedData/BookonDebug-ehazsigvxemoqzdtqumqzfgyfpkz/Build/Intermediates.noindex/ArchiveIntermediates/BookonDebug/IntermediateBuildFilesPath/LegadoBookSource.build/Release-iphoneos/LegadoBookSource.build/Objects-normal/arm64/RuleEngineError.o -o /Users/runner/Library/Developer/Xcode/DerivedData/BookonDebug-ehazsigvxemoqzdtqumqzfgyfpkz/Build/Intermediates.noindex/ArchiveIntermediates/BookonDebug/IntermediateBuildFilesPath/LegadoBookSource.build/Release-iphoneos/LegadoBookSource.build/Objects-normal/arm64/RuleValue.o -o /Users/runner/Library/Developer/Xcode/DerivedData/BookonDebug-ehazsigvxemoqzdtqumqzfgyfpkz/Build/Intermediates.noindex/ArchiveIntermediates/BookonDebug/IntermediateBuildFilesPath/LegadoBookSource.build/Release-iphoneos/LegadoBookSource.build/Objects-normal/arm64/SourceRule.o -o /Users/runner/Library/Developer/Xcode/DerivedData/BookonDebug-ehazsigvxemoqzdtqumqzfgyfpkz/Build/Intermediates.noindex/ArchiveIntermediates/BookonDebug/IntermediateBuildFilesPath/LegadoBookSource.build/Release-iphoneos/LegadoBookSource.build/Objects-normal/arm64/StringUtils.o -o /Users/runner/Library/Developer/Xcode/DerivedData/BookonDebug-ehazsigvxemoqzdtqumqzfgyfpkz/Build/Intermediates.noindex/ArchiveIntermediates/BookonDebug/IntermediateBuildFilesPath/LegadoBookSource.build/Release-iphoneos/LegadoBookSource.build/Objects-normal/arm64/SwiftSoupElementsCompat.o -o /Users/runner/Library/Developer/Xcode/DerivedData/BookonDebug-ehazsigvxemoqzdtqumqzfgyfpkz/Build/Intermediates.noindex/ArchiveIntermediates/BookonDebug/IntermediateBuildFilesPath/LegadoBookSource.build/Release-iphoneos/LegadoBookSource.build/Objects-normal/arm64/SwiftSoupTextNormalizeFix.o -o /Users/runner/Library/Developer/Xcode/DerivedData/BookonDebug-ehazsigvxemoqzdtqumqzfgyfpkz/Build/Intermediates.noindex/ArchiveIntermediates/BookonDebug/IntermediateBuildFilesPath/LegadoBookSource.build/Release-iphoneos/LegadoBookSource.build/Objects-normal/arm64/SwiftSoupXPathEvaluator.o -o /Users/runner/Library/Developer/Xcode/DerivedData/BookonDebug-ehazsigvxemoqzdtqumqzfgyfpkz/Build/Intermediates.noindex/ArchiveIntermediates/BookonDebug/IntermediateBuildFilesPath/LegadoBookSource.build/Release-iphoneos/LegadoBookSource.build/Objects-normal/arm64/SwiftSoupXPathFunctions.o -o /Users/runner/Library/Developer/Xcode/DerivedData/BookonDebug-ehazsigvxemoqzdtqumqzfgyfpkz/Build/Intermediates.noindex/ArchiveIntermediates/BookonDebug/IntermediateBuildFilesPath/LegadoBookSource.build/Release-iphoneos/LegadoBookSource.build/Objects-normal/arm64/SwiftSoupXPathParser.o -o /Users/runner/Library/Developer/Xcode/DerivedData/BookonDebug-ehazsigvxemoqzdtqumqzfgyfpkz/Build/Intermediates.noindex/ArchiveIntermediates/BookonDebug/IntermediateBuildFilesPath/LegadoBookSource.build/Release-iphoneos/LegadoBookSource.build/Objects-normal/arm64/SwiftSoupXPathPredicate.o -o /Users/runner/Library/Developer/Xcode/DerivedData/BookonDebug-ehazsigvxemoqzdtqumqzfgyfpkz/Build/Intermediates.noindex/ArchiveIntermediates/BookonDebug/IntermediateBuildFilesPath/LegadoBookSource.build/Release-iphoneos/LegadoBookSource.build/Objects-normal/arm64/SwiftSoupXPathStepParser.o -o /Users/runner/Library/Developer/Xcode/DerivedData/BookonDebug-ehazsigvxemoqzdtqumqzfgyfpkz/Build/Intermediates.noindex/ArchiveIntermediates/BookonDebug/IntermediateBuildFilesPath/LegadoBookSource.build/Release-iphoneos/LegadoBookSource.build/Objects-normal/arm64/XPathEvaluator.o -o /Users/runner/Library/Developer/Xcode/DerivedData/BookonDebug-ehazsigvxemoqzdtqumqzfgyfpkz/Build/Intermediates.noindex/ArchiveIntermediates/BookonDebug/IntermediateBuildFilesPath/LegadoBookSource.build/Release-iphoneos/LegadoBookSource.build/Objects-normal/arm64/SearchBook.o -o /Users/runner/Library/Developer/Xcode/DerivedData/BookonDebug-ehazsigvxemoqzdtqumqzfgyfpkz/Build/Intermediates.noindex/ArchiveIntermediates/BookonDebug/IntermediateBuildFilesPath/LegadoBookSource.build/Release-iphoneos/LegadoBookSource.build/Objects-normal/arm64/StringOrObject.o -o /Users/runner/Library/Developer/Xcode/DerivedData/BookonDebug-ehazsigvxemoqzdtqumqzfgyfpkz/Build/Intermediates.noindex/ArchiveIntermediates/BookonDebug/IntermediateBuildFilesPath/LegadoBookSource.build/Release-iphoneos/LegadoBookSource.build/Objects-normal/arm64/BookChapterList.o -o /Users/runner/Library/Developer/Xcode/DerivedData/BookonDebug-ehazsigvxemoqzdtqumqzfgyfpkz/Build/Intermediates.noindex/ArchiveIntermediates/BookonDebug/IntermediateBuildFilesPath/LegadoBookSource.build/Release-iphoneos/LegadoBookSource.build/Objects-normal/arm64/BookContent.o -o /Users/runner/Library/Developer/Xcode/DerivedData/BookonDebug-ehazsigvxemoqzdtqumqzfgyfpkz/Build/Intermediates.noindex/ArchiveIntermediates/BookonDebug/IntermediateBuildFilesPath/LegadoBookSource.build/Release-iphoneos/LegadoBookSource.build/Objects-normal/arm64/BookInfo.o -o /Users/runner/Library/Developer/Xcode/DerivedData/BookonDebug-ehazsigvxemoqzdtqumqzfgyfpkz/Build/Intermediates.noindex/ArchiveIntermediates/BookonDebug/IntermediateBuildFilesPath/LegadoBookSource.build/Release-iphoneos/LegadoBookSource.build/Objects-normal/arm64/BookList.o -o /Users/runner/Library/Developer/Xcode/DerivedData/BookonDebug-ehazsigvxemoqzdtqumqzfgyfpkz/Build/Intermediates.noindex/ArchiveIntermediates/BookonDebug/IntermediateBuildFilesPath/LegadoBookSource.build/Release-iphoneos/LegadoBookSource.build/Objects-normal/arm64/Debug.o -o /Users/runner/Library/Developer/Xcode/DerivedData/BookonDebug-ehazsigvxemoqzdtqumqzfgyfpkz/Build/Intermediates.noindex/ArchiveIntermediates/BookonDebug/IntermediateBuildFilesPath/LegadoBookSource.build/Release-iphoneos/LegadoBookSource.build/Objects-normal/arm64/WebBook.o -o /Users/runner/Library/Developer/Xcode/DerivedData/BookonDebug-ehazsigvxemoqzdtqumqzfgyfpkz/Build/Intermediates.noindex/ArchiveIntermediates/BookonDebug/IntermediateBuildFilesPath/LegadoBookSource.build/Release-iphoneos/LegadoBookSource.build/Objects-normal/arm64/WebBookNetwork.o -o /Users/runner/Library/Developer/Xcode/DerivedData/BookonDebug-ehazsigvxemoqzdtqumqzfgyfpkz/Build/Intermediates.noindex/ArchiveIntermediates/BookonDebug/IntermediateBuildFilesPath/LegadoBookSource.build/Release-iphoneos/LegadoBookSource.build/Objects-normal/arm64/WebBookOptions.o -o /Users/runner/Library/Developer/Xcode/DerivedData/BookonDebug-ehazsigvxemoqzdtqumqzfgyfpkz/Build/Intermediates.noindex/ArchiveIntermediates/BookonDebug/IntermediateBuildFilesPath/LegadoBookSource.build/Release-iphoneos/LegadoBookSource.build/Objects-normal/arm64/WebBookSupport.o -index-unit-output-path /LegadoBookSource.build/Release-iphoneos/LegadoBookSource.build/Objects-normal/arm64/resource_bundle_accessor.o -index-unit-output-path /LegadoBookSource.build/Release-iphoneos/LegadoBookSource.build/Objects-normal/arm64/BaseBook.o -index-unit-output-path /LegadoBookSource.build/Release-iphoneos/LegadoBookSource.build/Objects-normal/arm64/BaseSource.o -index-unit-output-path /LegadoBookSource.build/Release-iphoneos/LegadoBookSource.build/Objects-normal/arm64/Book.o -index-unit-output-path /LegadoBookSource.build/Release-iphoneos/LegadoBookSource.build/Objects-normal/arm64/BookChapter.o -index-unit-output-path /LegadoBookSource.build/Release-iphoneos/LegadoBookSource.build/Objects-normal/arm64/BookSource.o -index-unit-output-path /LegadoBookSource.build/Release-iphoneos/LegadoBookSource.build/Objects-normal/arm64/BookSourceImporter.o -index-unit-output-path /LegadoBookSource.build/Release-iphoneos/LegadoBookSource.build/Objects-normal/arm64/BookSourceType.o -index-unit-output-path /LegadoBookSource.build/Release-iphoneos/LegadoBookSource.build/Objects-normal/arm64/BookType.o -index-unit-output-path /LegadoBookSource.build/Release-iphoneos/LegadoBookSource.build/Objects-normal/arm64/LegadoJSON.o -index-unit-output-path /LegadoBookSource.build/Release-iphoneos/LegadoBookSource.build/Objects-normal/arm64/LenientDecoding.o -index-unit-output-path /LegadoBookSource.build/Release-iphoneos/LegadoBookSource.build/Objects-normal/arm64/AnalyzeUrl.o -index-unit-output-path /LegadoBookSource.build/Release-iphoneos/LegadoBookSource.build/Objects-normal/arm64/CacheManager.o -index-unit-output-path /LegadoBookSource.build/Release-iphoneos/LegadoBookSource.build/Objects-normal/arm64/CharsetDetector.o -index-unit-output-path /LegadoBookSource.build/Release-iphoneos/LegadoBookSource.build/Objects-normal/arm64/CharsetMatch.o -index-unit-output-path /LegadoBookSource.build/Release-iphoneos/LegadoBookSource.build/Objects-normal/arm64/CharsetRecog2022.o -index-unit-output-path /LegadoBookSource.build/Release-iphoneos/LegadoBookSource.build/Objects-normal/arm64/CharsetRecogMBCS.o -index-unit-output-path /LegadoBookSource.build/Release-iphoneos/LegadoBookSource.build/Objects-normal/arm64/CharsetRecogSBCS.o -index-unit-output-path /LegadoBookSource.build/Release-iphoneos/LegadoBookSource.build/Objects-normal/arm64/CharsetRecogUTF8.o -index-unit-output-path /LegadoBookSource.build/Release-iphoneos/LegadoBookSource.build/Objects-normal/arm64/CharsetRecogUnicode.o -index-unit-output-path /LegadoBookSource.build/Release-iphoneos/LegadoBookSource.build/Objects-normal/arm64/CharsetRecognizer.o -index-unit-output-path /LegadoBookSource.build/Release-iphoneos/LegadoBookSource.build/Objects-normal/arm64/CharsetTables.o -index-unit-output-path /LegadoBookSource.build/Release-iphoneos/LegadoBookSource.build/Objects-normal/arm64/EncodingDetect.o -index-unit-output-path /LegadoBookSource.build/Release-iphoneos/LegadoBookSource.build/Objects-normal/arm64/ConcurrentRateLimiter.o -index-unit-output-path /LegadoBookSource.build/Release-iphoneos/LegadoBookSource.build/Objects-normal/arm64/CookieManager.o -index-unit-output-path /LegadoBookSource.build/Release-iphoneos/LegadoBookSource.build/Objects-normal/arm64/CookieStore.o -index-unit-output-path /LegadoBookSource.build/Release-iphoneos/LegadoBookSource.build/Objects-normal/arm64/GsonJSON.o -index-unit-output-path /LegadoBookSource.build/Release-iphoneos/LegadoBookSource.build/Objects-normal/arm64/HTTPTypes.o -index-unit-output-path /LegadoBookSource.build/Release-iphoneos/LegadoBookSource.build/Objects-normal/arm64/HttpUrl.o -index-unit-output-path /LegadoBookSource.build/Release-iphoneos/LegadoBookSource.build/Objects-normal/arm64/NetworkUtilsEncoding.o -index-unit-output-path /LegadoBookSource.build/Release-iphoneos/LegadoBookSource.build/Objects-normal/arm64/RealAjaxProvider.o -index-unit-output-path /LegadoBookSource.build/Release-iphoneos/LegadoBookSource.build/Objects-normal/arm64/RealJsNetworkExtensionsProvider.o -index-unit-output-path /LegadoBookSource.build/Release-iphoneos/LegadoBookSource.build/Objects-normal/arm64/URLSessionHTTPClient.o -index-unit-output-path /LegadoBookSource.build/Release-iphoneos/LegadoBookSource.build/Objects-normal/arm64/UrlOption.o -index-unit-output-path /LegadoBookSource.build/Release-iphoneos/LegadoBookSource.build/Objects-normal/arm64/BookInfoRule.o -index-unit-output-path /LegadoBookSource.build/Release-iphoneos/LegadoBookSource.build/Objects-normal/arm64/BookListRule.o -index-unit-output-path /LegadoBookSource.build/Release-iphoneos/LegadoBookSource.build/Objects-normal/arm64/ContentRule.o -index-unit-output-path /LegadoBookSource.build/Release-iphoneos/LegadoBookSource.build/Objects-normal/arm64/ExploreKind.o -index-unit-output-path /LegadoBookSource.build/Release-iphoneos/LegadoBookSource.build/Objects-normal/arm64/ExploreRule.o -index-unit-output-path /LegadoBookSource.build/Release-iphoneos/LegadoBookSource.build/Objects-normal/arm64/FlexChildStyle.o -index-unit-output-path /LegadoBookSource.build/Release-iphoneos/LegadoBookSource.build/Objects-normal/arm64/ReviewRule.o -index-unit-output-path /LegadoBookSource.build/Release-iphoneos/LegadoBookSource.build/Objects-normal/arm64/RowUi.o -index-unit-output-path /LegadoBookSource.build/Release-iphoneos/LegadoBookSource.build/Objects-normal/arm64/SearchRule.o -index-unit-output-path /LegadoBookSource.build/Release-iphoneos/LegadoBookSource.build/Objects-normal/arm64/TocRule.o -index-unit-output-path /LegadoBookSource.build/Release-iphoneos/LegadoBookSource.build/Objects-normal/arm64/AnalyzeByJSonPath.o -index-unit-output-path /LegadoBookSource.build/Release-iphoneos/LegadoBookSource.build/Objects-normal/arm64/AnalyzeByJSoup+Elements.o -index-unit-output-path /LegadoBookSource.build/Release-iphoneos/LegadoBookSource.build/Objects-normal/arm64/AnalyzeByJSoup.o -index-unit-output-path /LegadoBookSource.build/Release-iphoneos/LegadoBookSource.build/Objects-normal/arm64/AnalyzeByJSoupRules.o -index-unit-output-path /LegadoBookSource.build/Release-iphoneos/LegadoBookSource.build/Objects-normal/arm64/AnalyzeByRegex.o -index-unit-output-path /LegadoBookSource.build/Release-iphoneos/LegadoBookSource.build/Objects-normal/arm64/AnalyzeByXPath.o -index-unit-output-path /LegadoBookSource.build/Release-iphoneos/LegadoBookSource.build/Objects-normal/arm64/AnalyzeRule+Dispatch.o -index-unit-output-path /LegadoBookSource.build/Release-iphoneos/LegadoBookSource.build/Objects-normal/arm64/AnalyzeRule+JS.o -index-unit-output-path /LegadoBookSource.build/Release-iphoneos/LegadoBookSource.build/Objects-normal/arm64/AnalyzeRule+Rules.o -index-unit-output-path /LegadoBookSource.build/Release-iphoneos/LegadoBookSource.build/Objects-normal/arm64/AnalyzeRule.o -index-unit-output-path /LegadoBookSource.build/Release-iphoneos/LegadoBookSource.build/Objects-normal/arm64/AnalyzeRuleDependencies.o -index-unit-output-path /LegadoBookSource.build/Release-iphoneos/LegadoBookSource.build/Objects-normal/arm64/DebugLogger.o -index-unit-output-path /LegadoBookSource.build/Release-iphoneos/LegadoBookSource.build/Objects-normal/arm64/DefaultJSONPathEvaluator.o -index-unit-output-path /LegadoBookSource.build/Release-iphoneos/LegadoBookSource.build/Objects-normal/arm64/HtmlEntities.o -index-unit-output-path /LegadoBookSource.build/Release-iphoneos/LegadoBookSource.build/Objects-normal/arm64/HtmlFormatter.o -index-unit-output-path /LegadoBookSource.build/Release-iphoneos/LegadoBookSource.build/Objects-normal/arm64/HtmlUnescape.o -index-unit-output-path /LegadoBookSource.build/Release-iphoneos/LegadoBookSource.build/Objects-normal/arm64/JSEngine.o -index-unit-output-path /LegadoBookSource.build/Release-iphoneos/LegadoBookSource.build/Objects-normal/arm64/JSJavaBridge.o -index-unit-output-path /LegadoBookSource.build/Release-iphoneos/LegadoBookSource.build/Objects-normal/arm64/JSONPathEvaluator.o -index-unit-output-path /LegadoBookSource.build/Release-iphoneos/LegadoBookSource.build/Objects-normal/arm64/JSONPathParser.o -index-unit-output-path /LegadoBookSource.build/Release-iphoneos/LegadoBookSource.build/Objects-normal/arm64/JavaDoubleFormat.o -index-unit-output-path /LegadoBookSource.build/Release-iphoneos/LegadoBookSource.build/Objects-normal/arm64/JavaURLResolver.o -index-unit-output-path /LegadoBookSource.build/Release-iphoneos/LegadoBookSource.build/Objects-normal/arm64/JsExtensionsCatalog.o -index-unit-output-path /LegadoBookSource.build/Release-iphoneos/LegadoBookSource.build/Objects-normal/arm64/JsExtensionsCore.o -index-unit-output-path /LegadoBookSource.build/Release-iphoneos/LegadoBookSource.build/Objects-normal/arm64/JsExtensionsRuntime.o -index-unit-output-path /LegadoBookSource.build/Release-iphoneos/LegadoBookSource.build/Objects-normal/arm64/JsNumberFormat.o -index-unit-output-path /LegadoBookSource.build/Release-iphoneos/LegadoBookSource.build/Objects-normal/arm64/JsoupCompatSerializer.o -index-unit-output-path /LegadoBookSource.build/Release-iphoneos/LegadoBookSource.build/Objects-normal/arm64/JsoupJSBridge.o -index-unit-output-path /LegadoBookSource.build/Release-iphoneos/LegadoBookSource.build/Objects-normal/arm64/LegadoStringExtensions.o -index-unit-output-path /LegadoBookSource.build/Release-iphoneos/LegadoBookSource.build/Objects-normal/arm64/NetworkUtils.o -index-unit-output-path /LegadoBookSource.build/Release-iphoneos/LegadoBookSource.build/Objects-normal/arm64/OrderedJSONParser.o -index-unit-output-path /LegadoBookSource.build/Release-iphoneos/LegadoBookSource.build/Objects-normal/arm64/RegexTemplate.o -index-unit-output-path /LegadoBookSource.build/Release-iphoneos/LegadoBookSource.build/Objects-normal/arm64/RuleAnalyzer.o -index-unit-output-path /LegadoBookSource.build/Release-iphoneos/LegadoBookSource.build/Objects-normal/arm64/RuleEngineDiagnostics.o -index-unit-output-path /LegadoBookSource.build/Release-iphoneos/LegadoBookSource.build/Objects-normal/arm64/RuleEngineError.o -index-unit-output-path /LegadoBookSource.build/Release-iphoneos/LegadoBookSource.build/Objects-normal/arm64/RuleValue.o -index-unit-output-path /LegadoBookSource.build/Release-iphoneos/LegadoBookSource.build/Objects-normal/arm64/SourceRule.o -index-unit-output-path /LegadoBookSource.build/Release-iphoneos/LegadoBookSource.build/Objects-normal/arm64/StringUtils.o -index-unit-output-path /LegadoBookSource.build/Release-iphoneos/LegadoBookSource.build/Objects-normal/arm64/SwiftSoupElementsCompat.o -index-unit-output-path /LegadoBookSource.build/Release-iphoneos/LegadoBookSource.build/Objects-normal/arm64/SwiftSoupTextNormalizeFix.o -index-unit-output-path /LegadoBookSource.build/Release-iphoneos/LegadoBookSource.build/Objects-normal/arm64/SwiftSoupXPathEvaluator.o -index-unit-output-path /LegadoBookSource.build/Release-iphoneos/LegadoBookSource.build/Objects-normal/arm64/SwiftSoupXPathFunctions.o -index-unit-output-path /LegadoBookSource.build/Release-iphoneos/LegadoBookSource.build/Objects-normal/arm64/SwiftSoupXPathParser.o -index-unit-output-path /LegadoBookSource.build/Release-iphoneos/LegadoBookSource.build/Objects-normal/arm64/SwiftSoupXPathPredicate.o -index-unit-output-path /LegadoBookSource.build/Release-iphoneos/LegadoBookSource.build/Objects-normal/arm64/SwiftSoupXPathStepParser.o -index-unit-output-path /LegadoBookSource.build/Release-iphoneos/LegadoBookSource.build/Objects-normal/arm64/XPathEvaluator.o -index-unit-output-path /LegadoBookSource.build/Release-iphoneos/LegadoBookSource.build/Objects-normal/arm64/SearchBook.o -index-unit-output-path /LegadoBookSource.build/Release-iphoneos/LegadoBookSource.build/Objects-normal/arm64/StringOrObject.o -index-unit-output-path /LegadoBookSource.build/Release-iphoneos/LegadoBookSource.build/Objects-normal/arm64/BookChapterList.o -index-unit-output-path /LegadoBookSource.build/Release-iphoneos/LegadoBookSource.build/Objects-normal/arm64/BookContent.o -index-unit-output-path /LegadoBookSource.build/Release-iphoneos/LegadoBookSource.build/Objects-normal/arm64/BookInfo.o -index-unit-output-path /LegadoBookSource.build/Release-iphoneos/LegadoBookSource.build/Objects-normal/arm64/BookList.o -index-unit-output-path /LegadoBookSource.build/Release-iphoneos/LegadoBookSource.build/Objects-normal/arm64/Debug.o -index-unit-output-path /LegadoBookSource.build/Release-iphoneos/LegadoBookSource.build/Objects-normal/arm64/WebBook.o -index-unit-output-path /LegadoBookSource.build/Release-iphoneos/LegadoBookSource.build/Objects-normal/arm64/WebBookNetwork.o -index-unit-output-path /LegadoBookSource.build/Release-iphoneos/LegadoBookSource.build/Objects-normal/arm64/WebBookOptions.o -index-unit-output-path /LegadoBookSource.build/Release-iphoneos/LegadoBookSource.build/Objects-normal/arm64/WebBookSupport.o
2026-10-05T12:39:40.8347800Z /Users/runner/work/bookon/bookon/Sources/LegadoBookSource/Network/AnalyzeUrl.swift:577:13: warning: variable 'headers' was never mutated; consider changing to 'let' constant
2026-10-05T12:39:40.8371650Z         var headers = headerMap
2026-10-05T12:39:40.8423320Z         ~~~ ^
2026-10-05T12:39:40.8460050Z         let
2026-10-05T12:39:40.8504010Z /Users/runner/work/bookon/bookon/Sources/LegadoBookSource/Network/HTTPTypes.swift:230:14: warning: instance method 'lock' is unavailable from asynchronous contexts; Use async-safe scoped locking instead; this is an error in Swift 6
2026-10-05T12:39:40.8515020Z         lock.lock()
2026-10-05T12:39:40.8544720Z              ^
2026-10-05T12:39:40.8551320Z Foundation.NSLock:11:15: note: 'lock()' declared here
2026-10-05T12:39:40.8552180Z     open func lock()
2026-10-05T12:39:40.8552530Z               ^
2026-10-05T12:39:40.8553620Z /Users/runner/work/bookon/bookon/Sources/LegadoBookSource/Network/HTTPTypes.swift:233:14: warning: instance method 'unlock' is unavailable from asynchronous contexts; Use async-safe scoped locking instead; this is an error in Swift 6
2026-10-05T12:39:40.8554790Z         lock.unlock()
2026-10-05T12:39:40.8555050Z              ^
2026-10-05T12:39:40.8555370Z Foundation.NSLock:12:15: note: 'unlock()' declared here
2026-10-05T12:39:40.8555720Z     open func unlock()
2026-10-05T12:39:40.8556490Z               ^
2026-10-05T12:39:40.8569950Z /Users/runner/work/bookon/bookon/Sources/LegadoBookSource/Network/URLSessionHTTPClient.swift:113:34: warning: no 'async' operations occur within 'await' expression
2026-10-05T12:39:40.8570950Z                 let result = try await webJSProvider.eval(js: request.webJs ?? "",
2026-10-05T12:39:40.8571340Z                                  ^
2026-10-05T12:39:40.8573170Z /Users/runner/work/bookon/bookon/Sources/LegadoBookSource/RuleEngine/JsExtensionsRuntime.swift:58:27: warning: no calls to throwing functions occur within 'try' expression
2026-10-05T12:39:40.8574120Z                 return ok(try putFn(stringArg(arguments, 0), stringArg(arguments, 1)))
2026-10-05T12:39:40.8592830Z                           ^
2026-10-05T12:39:40.8597040Z /Users/runner/work/bookon/bookon/Sources/LegadoBookSource/RuleEngine/JsoupCompatSerializer.swift:429:42: warning: conditional downcast from 'Element?' to 'Element' does nothing
2026-10-05T12:39:40.8597970Z         if let parent = element.parent() as? Element {
2026-10-05T12:39:40.8598690Z                         ~~~~~~~~~~~~~~~~~^~~~~~~~~~~
2026-10-05T12:39:40.8599210Z                                         
2026-10-05T12:39:40.8601170Z /Users/runner/work/bookon/bookon/Sources/LegadoBookSource/RuleEngine/JsoupCompatSerializer.swift:444:34: warning: conditional downcast from 'Element?' to 'Element' does nothing
2026-10-05T12:39:40.8602330Z         if let parentEl = parent as? Element {
2026-10-05T12:39:40.8602890Z                           ~~~~~~~^~~~~~~~~~~
2026-10-05T12:39:40.8603350Z                                 
2026-10-05T12:39:40.8604220Z /Users/runner/work/bookon/bookon/Sources/LegadoBookSource/RuleEngine/JsoupJSBridge.swift:89:21: warning: variable 'all' was never mutated; consider changing to 'let' constant
2026-10-05T12:39:40.8606180Z                 var all = Elements()
2026-10-05T12:39:40.8607180Z                 ~~~ ^
2026-10-05T12:39:40.8608210Z                 let
2026-10-05T12:39:40.8609620Z /Users/runner/work/bookon/bookon/Sources/LegadoBookSource/RuleEngine/RegexTemplate.swift:54:25: warning: variable 'j' was never mutated; consider changing to 'let' constant
2026-10-05T12:39:40.8610620Z                     var j = i + 2
2026-10-05T12:39:40.8611030Z                     ~~~ ^
2026-10-05T12:39:40.8611410Z                     let
2026-10-05T12:39:40.8613470Z /Users/runner/work/bookon/bookon/Sources/LegadoBookSource/RuleEngine/SourceRule.swift:17:5: warning: 'internal(set)' modifier is redundant for an internal property
2026-10-05T12:39:40.8615050Z     internal(set) var replaceRegex = ""
2026-10-05T12:39:40.8615590Z     ^~~~~~~~~~~~~~
2026-10-05T12:39:40.8615950Z     
2026-10-05T12:39:40.8617350Z /Users/runner/work/bookon/bookon/Sources/LegadoBookSource/RuleEngine/SourceRule.swift:18:5: warning: 'internal(set)' modifier is redundant for an internal property
2026-10-05T12:39:40.8619000Z     internal(set) var replacement = ""
2026-10-05T12:39:40.8620180Z     ^~~~~~~~~~~~~~
2026-10-05T12:39:40.8620640Z     
2026-10-05T12:39:40.8621500Z /Users/runner/work/bookon/bookon/Sources/LegadoBookSource/RuleEngine/SourceRule.swift:19:5: warning: 'internal(set)' modifier is redundant for an internal property
2026-10-05T12:39:40.8622810Z     internal(set) var replaceFirst = false
2026-10-05T12:39:40.8624470Z     ^~~~~~~~~~~~~~
2026-10-05T12:39:40.8625100Z     
2026-10-05T12:39:40.8625850Z /Users/runner/work/bookon/bookon/Sources/LegadoBookSource/RuleEngine/StringUtils.swift:150:13: warning: variable 'cn' was never mutated; consider changing to 'let' constant
2026-10-05T12:39:40.8628360Z         var cn = Array(chNum)
2026-10-05T12:39:40.8628980Z         ~~~ ^
2026-10-05T12:39:40.8629600Z         let
2026-10-05T12:39:40.8630910Z /Users/runner/work/bookon/bookon/Sources/LegadoBookSource/RuleEngine/StringUtils.swift:245:13: warning: variable 'chars' was never mutated; consider changing to 'let' constant
2026-10-05T12:39:40.8631960Z         var chars = Array(s)
2026-10-05T12:39:40.8632340Z         ~~~ ^
2026-10-05T12:39:40.8632760Z         let
2026-10-05T12:39:40.8644520Z /Users/runner/work/bookon/bookon/Sources/LegadoBookSource/WebBook/WebBookNetwork.swift:81:14: warning: instance method 'lock' is unavailable from asynchronous contexts; Use async-safe scoped locking instead; this is an error in Swift 6
2026-10-05T12:39:40.8646710Z         lock.lock()
2026-10-05T12:39:40.8648080Z              ^
2026-10-05T12:39:40.8649210Z Foundation.NSLock:11:15: note: 'lock()' declared here
2026-10-05T12:39:40.8649910Z     open func lock()
2026-10-05T12:39:40.8650410Z               ^
2026-10-05T12:39:40.8652210Z /Users/runner/work/bookon/bookon/Sources/LegadoBookSource/WebBook/WebBookNetwork.swift:83:14: warning: instance method 'unlock' is unavailable from asynchronous contexts; Use async-safe scoped locking instead; this is an error in Swift 6
2026-10-05T12:39:40.8654840Z         lock.unlock()
2026-10-05T12:39:40.8655670Z              ^
2026-10-05T12:39:40.8656000Z Foundation.NSLock:12:15: note: 'unlock()' declared here
2026-10-05T12:39:40.8656390Z     open func unlock()
2026-10-05T12:39:40.8656620Z               ^
2026-10-05T12:39:40.8656830Z 
2026-10-05T12:39:40.8709950Z SetOwnerAndGroup runner:staff /Users/runner/Library/Developer/Xcode/DerivedData/BookonDebug-ehazsigvxemoqzdtqumqzfgyfpkz/Build/Intermediates.noindex/ArchiveIntermediates/BookonDebug/IntermediateBuildFilesPath/UninstalledProducts/iphoneos/SwiftSoup.o (in target 'SwiftSoup' from project 'SwiftSoup')
2026-10-05T12:39:40.8735930Z     cd /Users/runner/Library/Developer/Xcode/DerivedData/BookonDebug-ehazsigvxemoqzdtqumqzfgyfpkz/SourcePackages/checkouts/SwiftSoup
2026-10-05T12:39:40.8747160Z     /usr/sbin/chown -RH runner:staff /Users/runner/Library/Developer/Xcode/DerivedData/BookonDebug-ehazsigvxemoqzdtqumqzfgyfpkz/Build/Intermediates.noindex/ArchiveIntermediates/BookonDebug/IntermediateBuildFilesPath/UninstalledProducts/iphoneos/SwiftSoup.o
2026-10-05T12:39:40.8750140Z 
2026-10-05T12:39:40.8759490Z SetMode u+w,go-w,a+rX /Users/runner/Library/Developer/Xcode/DerivedData/BookonDebug-ehazsigvxemoqzdtqumqzfgyfpkz/Build/Intermediates.noindex/ArchiveIntermediates/BookonDebug/IntermediateBuildFilesPath/UninstalledProducts/iphoneos/SwiftSoup.o (in target 'SwiftSoup' from project 'SwiftSoup')
2026-10-05T12:39:40.8779560Z     cd /Users/runner/Library/Developer/Xcode/DerivedData/BookonDebug-ehazsigvxemoqzdtqumqzfgyfpkz/SourcePackages/checkouts/SwiftSoup
2026-10-05T12:39:40.8791500Z     /bin/chmod -RH u+w,go-w,a+rX /Users/runner/Library/Developer/Xcode/DerivedData/BookonDebug-ehazsigvxemoqzdtqumqzfgyfpkz/Build/Intermediates.noindex/ArchiveIntermediates/BookonDebug/IntermediateBuildFilesPath/UninstalledProducts/iphoneos/SwiftSoup.o
2026-10-05T12:39:40.8793440Z 
2026-10-05T12:39:40.8794790Z RegisterExecutionPolicyException /Users/runner/Library/Developer/Xcode/DerivedData/BookonDebug-ehazsigvxemoqzdtqumqzfgyfpkz/Build/Intermediates.noindex/ArchiveIntermediates/BookonDebug/IntermediateBuildFilesPath/UninstalledProducts/iphoneos/SwiftSoup.o (in target 'SwiftSoup' from project 'SwiftSoup')
2026-10-05T12:39:40.8797400Z     cd /Users/runner/Library/Developer/Xcode/DerivedData/BookonDebug-ehazsigvxemoqzdtqumqzfgyfpkz/SourcePackages/checkouts/SwiftSoup
2026-10-05T12:39:40.8799130Z     builtin-RegisterExecutionPolicyException /Users/runner/Library/Developer/Xcode/DerivedData/BookonDebug-ehazsigvxemoqzdtqumqzfgyfpkz/Build/Intermediates.noindex/ArchiveIntermediates/BookonDebug/IntermediateBuildFilesPath/UninstalledProducts/iphoneos/SwiftSoup.o
2026-10-05T12:39:40.8800030Z 
2026-10-05T12:39:40.8801710Z WriteAuxiliaryFile /Users/runner/Library/Developer/Xcode/DerivedData/BookonDebug-ehazsigvxemoqzdtqumqzfgyfpkz/Build/Intermediates.noindex/ArchiveIntermediates/BookonDebug/IntermediateBuildFilesPath/LegadoBookSource.build/Release-iphoneos/LegadoBookSource.build/Objects-normal/arm64/LegadoBookSource.LinkFileList (in target 'LegadoBookSource' from project 'LegadoBookSource')
2026-10-05T12:39:40.8803040Z     cd /Users/runner/work/bookon/bookon
2026-10-05T12:39:40.8804100Z     write-file /Users/runner/Library/Developer/Xcode/DerivedData/BookonDebug-ehazsigvxemoqzdtqumqzfgyfpkz/Build/Intermediates.noindex/ArchiveIntermediates/BookonDebug/IntermediateBuildFilesPath/LegadoBookSource.build/Release-iphoneos/LegadoBookSource.build/Objects-normal/arm64/LegadoBookSource.LinkFileList
2026-10-05T12:39:40.8806020Z 
2026-10-05T12:39:40.8815530Z SwiftDriverJobDiscovery normal arm64 Compiling resource_bundle_accessor.swift, BaseBook.swift, BaseSource.swift, Book.swift, BookChapter.swift, BookSource.swift, BookSourceImporter.swift, BookSourceType.swift, BookType.swift, LegadoJSON.swift, LenientDecoding.swift, AnalyzeUrl.swift, CacheManager.swift, CharsetDetector.swift, CharsetMatch.swift, CharsetRecog2022.swift, CharsetRecogMBCS.swift, CharsetRecogSBCS.swift, CharsetRecogUTF8.swift, CharsetRecogUnicode.swift, CharsetRecognizer.swift, CharsetTables.swift, EncodingDetect.swift, ConcurrentRateLimiter.swift, CookieManager.swift, CookieStore.swift, GsonJSON.swift, HTTPTypes.swift, HttpUrl.swift, NetworkUtilsEncoding.swift, RealAjaxProvider.swift, RealJsNetworkExtensionsProvider.swift, URLSessionHTTPClient.swift, UrlOption.swift, BookInfoRule.swift, BookListRule.swift, ContentRule.swift, ExploreKind.swift, ExploreRule.swift, FlexChildStyle.swift, ReviewRule.swift, RowUi.swift, SearchRule.swift, TocRule.swift, AnalyzeByJSonPath.swift, AnalyzeByJSoup+Elements.swift, AnalyzeByJSoup.swift, AnalyzeByJSoupRules.swift, AnalyzeByRegex.swift, AnalyzeByXPath.swift, AnalyzeRule+Dispatch.swift, AnalyzeRule+JS.swift, AnalyzeRule+Rules.swift, AnalyzeRule.swift, AnalyzeRuleDependencies.swift, DebugLogger.swift, DefaultJSONPathEvaluator.swift, HtmlEntities.swift, HtmlFormatter.swift, HtmlUnescape.swift, JSEngine.swift, JSJavaBridge.swift, JSONPathEvaluator.swift, JSONPathParser.swift, JavaDoubleFormat.swift, JavaURLResolver.swift, JsExtensionsCatalog.swift, JsExtensionsCore.swift, JsExtensionsRuntime.swift, JsNumberFormat.swift, JsoupCompatSerializer.swift, JsoupJSBridge.swift, LegadoStringExtensions.swift, NetworkUtils.swift, OrderedJSONParser.swift, RegexTemplate.swift, RuleAnalyzer.swift, RuleEngineDiagnostics.swift, RuleEngineError.swift, RuleValue.swift, SourceRule.swift, StringUtils.swift, SwiftSoupElementsCompat.swift, SwiftSoupTextNormalizeFix.swift, SwiftSoupXPathEvaluator.swift, SwiftSoupXPathFunctions.swift, SwiftSoupXPathParser.swift, SwiftSoupXPathPredicate.swift, SwiftSoupXPathStepParser.swift, XPathEvaluator.swift, SearchBook.swift, StringOrObject.swift, BookChapterList.swift, BookContent.swift, BookInfo.swift, BookList.swift, Debug.swift, WebBook.swift, WebBookNetwork.swift, WebBookOptions.swift, WebBookSupport.swift (in target 'LegadoBookSource' from project 'LegadoBookSource')
2026-10-05T12:39:40.8824730Z 
2026-10-05T12:39:40.8826110Z SwiftDriver\ Compilation\ Requirements LegadoBookSource normal arm64 com.apple.xcode.tools.swift.compiler (in target 'LegadoBookSource' from project 'LegadoBookSource')
2026-10-05T12:39:40.8826870Z     cd /Users/runner/work/bookon/bookon
2026-10-05T12:39:40.8843600Z     builtin-Swift-Compilation-Requirements -- /Applications/Xcode_15.4.app/Contents/Developer/Toolchains/XcodeDefault.xctoolchain/usr/bin/swiftc -module-name LegadoBookSource -O -whole-module-optimization -enforce-exclusivity\=checked @/Users/runner/Library/Developer/Xcode/DerivedData/BookonDebug-ehazsigvxemoqzdtqumqzfgyfpkz/Build/Intermediates.noindex/ArchiveIntermediates/BookonDebug/IntermediateBuildFilesPath/LegadoBookSource.build/Release-iphoneos/LegadoBookSource.build/Objects-normal/arm64/LegadoBookSource.SwiftFileList -DSWIFT_PACKAGE -DXcode -sdk /Applications/Xcode_15.4.app/Contents/Developer/Platforms/iPhoneOS.platform/Developer/SDKs/iPhoneOS17.5.sdk -target arm64-apple-ios17.0 -g -module-cache-path /Users/runner/Library/Developer/Xcode/DerivedData/ModuleCache.noindex -Xfrontend -serialize-debugging-options -swift-version 5 -I /Users/runner/Library/Developer/Xcode/DerivedData/BookonDebug-ehazsigvxemoqzdtqumqzfgyfpkz/Build/Intermediates.noindex/ArchiveIntermediates/BookonDebug/BuildProductsPath/Release-iphoneos -I /Applications/Xcode_15.4.app/Contents/Developer/Platforms/iPhoneOS.platform/Developer/usr/lib -F /Users/runner/Library/Developer/Xcode/DerivedData/BookonDebug-ehazsigvxemoqzdtqumqzfgyfpkz/Build/Intermediates.noindex/ArchiveIntermediates/BookonDebug/BuildProductsPath/Release-iphoneos/PackageFrameworks -F /Users/runner/Library/Developer/Xcode/DerivedData/BookonDebug-ehazsigvxemoqzdtqumqzfgyfpkz/Build/Intermediates.noindex/ArchiveIntermediates/BookonDebug/BuildProductsPath/Release-iphoneos -F /Applications/Xcode_15.4.app/Contents/Developer/Platforms/iPhoneOS.platform/Developer/Library/Frameworks -F /Applications/Xcode_15.4.app/Contents/Developer/Platforms/iPhoneOS.platform/Developer/SDKs/iPhoneOS17.5.sdk/Developer/Library/Frameworks -c -num-threads 3 -Xcc -ivfsstatcache -Xcc /Users/runner/Library/Developer/Xcode/DerivedData/SDKStatCaches.noindex/iphoneos17.5-21F77-f0fa7969d082b13145125136a829df3a.sdkstatcache -output-file-map /Users/runner/Library/Developer/Xcode/DerivedData/BookonDebug-ehazsigvxemoqzdtqumqzfgyfpkz/Build/Intermediates.noindex/ArchiveIntermediates/BookonDebug/IntermediateBuildFilesPath/LegadoBookSource.build/Release-iphoneos/LegadoBookSource.build/Objects-normal/arm64/LegadoBookSource-OutputFileMap.json -use-frontend-parseable-output -save-temps -no-color-diagnostics -serialize-diagnostics -emit-dependencies -emit-module -emit-module-path /Users/runner/Library/Developer/Xcode/DerivedData/BookonDebug-ehazsigvxemoqzdtqumqzfgyfpkz/Build/Intermediates.noindex/ArchiveIntermediates/BookonDebug/IntermediateBuildFilesPath/LegadoBookSource.build/Release-iphoneos/LegadoBookSource.build/Objects-normal/arm64/LegadoBookSource.swiftmodule -validate-clang-modules-once -clang-build-session-file /Users/runner/Library/Developer/Xcode/DerivedData/ModuleCache.noindex/Session.modulevalidation -Xfrontend -package-name -Xfrontend bookon -Xcc -I/Users/runner/Library/Developer/Xcode/DerivedData/BookonDebug-ehazsigvxemoqzdtqumqzfgyfpkz/Build/Intermediates.noindex/ArchiveIntermediates/BookonDebug/IntermediateBuildFilesPath/LegadoBookSource.build/Release-iphoneos/LegadoBookSource.build/swift-overrides.hmap -emit-const-values -Xfrontend -const-gather-protocols-file -Xfrontend /Users/runner/Library/Developer/Xcode/DerivedData/BookonDebug-ehazsigvxemoqzdtqumqzfgyfpkz/Build/Intermediates.noindex/ArchiveIntermediates/BookonDebug/IntermediateBuildFilesPath/LegadoBookSource.build/Release-iphoneos/LegadoBookSource.build/Objects-normal/arm64/LegadoBookSource_const_extract_protocols.json -Xcc -I/Users/runner/Library/Developer/Xcode/DerivedData/BookonDebug-ehazsigvxemoqzdtqumqzfgyfpkz/Build/Intermediates.noindex/ArchiveIntermediates/BookonDebug/BuildProductsPath/Release-iphoneos/include -Xcc -I/Users/runner/Library/Developer/Xcode/DerivedData/BookonDebug-ehazsigvxemoqzdtqumqzfgyfpkz/Build/Intermediates.noindex/ArchiveIntermediates/BookonDebug/IntermediateBuildFilesPath/LegadoBookSource.build/Release-iphoneos/LegadoBookSource.build/DerivedSources-normal/arm64 -Xcc -I/Users/runner/Library/Developer/Xcode/DerivedData/BookonDebug-ehazsigvxemoqzdtqumqzfgyfpkz/Build/Intermediates.noindex/ArchiveIntermediates/BookonDebug/IntermediateBuildFilesPath/LegadoBookSource.build/Release-iphoneos/LegadoBookSource.build/DerivedSources/arm64 -Xcc -I/Users/runner/Library/Developer/Xcode/DerivedData/BookonDebug-ehazsigvxemoqzdtqumqzfgyfpkz/Build/Intermediates.noindex/ArchiveIntermediates/BookonDebug/IntermediateBuildFilesPath/LegadoBookSource.build/Release-iphoneos/LegadoBookSource.build/DerivedSources -Xcc -DSWIFT_PACKAGE -emit-objc-header -emit-objc-header-path /Users/runner/Library/Developer/Xcode/DerivedData/BookonDebug-ehazsigvxemoqzdtqumqzfgyfpkz/Build/Intermediates.noindex/ArchiveIntermediates/BookonDebug/IntermediateBuildFilesPath/LegadoBookSource.build/Release-iphoneos/LegadoBookSource.build/Objects-normal/arm64/LegadoBookSource-Swift.h -working-directory /Users/runner/work/bookon/bookon -no-emit-module-separately-wmo
2026-10-05T12:39:40.8958420Z 
2026-10-05T12:39:40.9025530Z SwiftMergeGeneratedHeaders /Users/runner/Library/Developer/Xcode/DerivedData/BookonDebug-ehazsigvxemoqzdtqumqzfgyfpkz/Build/Intermediates.noindex/ArchiveIntermediates/BookonDebug/IntermediateBuildFilesPath/GeneratedModuleMaps-iphoneos/LegadoBookSource-Swift.h /Users/runner/Library/Developer/Xcode/DerivedData/BookonDebug-ehazsigvxemoqzdtqumqzfgyfpkz/Build/Intermediates.noindex/ArchiveIntermediates/BookonDebug/IntermediateBuildFilesPath/LegadoBookSource.build/Release-iphoneos/LegadoBookSource.build/Objects-normal/arm64/LegadoBookSource-Swift.h (in target 'LegadoBookSource' from project 'LegadoBookSource')
2026-10-05T12:39:40.9035710Z     cd /Users/runner/work/bookon/bookon
2026-10-05T12:39:40.9038790Z     builtin-swiftHeaderTool -arch arm64 /Users/runner/Library/Developer/Xcode/DerivedData/BookonDebug-ehazsigvxemoqzdtqumqzfgyfpkz/Build/Intermediates.noindex/ArchiveIntermediates/BookonDebug/IntermediateBuildFilesPath/LegadoBookSource.build/Release-iphoneos/LegadoBookSource.build/Objects-normal/arm64/LegadoBookSource-Swift.h -o /Users/runner/Library/Developer/Xcode/DerivedData/BookonDebug-ehazsigvxemoqzdtqumqzfgyfpkz/Build/Intermediates.noindex/ArchiveIntermediates/BookonDebug/IntermediateBuildFilesPath/GeneratedModuleMaps-iphoneos/LegadoBookSource-Swift.h
2026-10-05T12:39:40.9041480Z 
2026-10-05T12:39:40.9044300Z Copy /Users/runner/Library/Developer/Xcode/DerivedData/BookonDebug-ehazsigvxemoqzdtqumqzfgyfpkz/Build/Intermediates.noindex/ArchiveIntermediates/BookonDebug/BuildProductsPath/Release-iphoneos/LegadoBookSource.swiftmodule/arm64-apple-ios.swiftmodule /Users/runner/Library/Developer/Xcode/DerivedData/BookonDebug-ehazsigvxemoqzdtqumqzfgyfpkz/Build/Intermediates.noindex/ArchiveIntermediates/BookonDebug/IntermediateBuildFilesPath/LegadoBookSource.build/Release-iphoneos/LegadoBookSource.build/Objects-normal/arm64/LegadoBookSource.swiftmodule (in target 'LegadoBookSource' from project 'LegadoBookSource')
2026-10-05T12:39:40.9046600Z     cd /Users/runner/work/bookon/bookon
2026-10-05T12:39:40.9050770Z     builtin-copy -exclude .DS_Store -exclude CVS -exclude .svn -exclude .git -exclude .hg -strip-unsigned-binaries -strip-deterministic -strip-tool /Applications/Xcode_15.4.app/Contents/Developer/Toolchains/XcodeDefault.xctoolchain/usr/bin/strip -resolve-src-symlinks -rename /Users/runner/Library/Developer/Xcode/DerivedData/BookonDebug-ehazsigvxemoqzdtqumqzfgyfpkz/Build/Intermediates.noindex/ArchiveIntermediates/BookonDebug/IntermediateBuildFilesPath/LegadoBookSource.build/Release-iphoneos/LegadoBookSource.build/Objects-normal/arm64/LegadoBookSource.swiftmodule /Users/runner/Library/Developer/Xcode/DerivedData/BookonDebug-ehazsigvxemoqzdtqumqzfgyfpkz/Build/Intermediates.noindex/ArchiveIntermediates/BookonDebug/BuildProductsPath/Release-iphoneos/LegadoBookSource.swiftmodule/arm64-apple-ios.swiftmodule
2026-10-05T12:39:40.9161040Z 
2026-10-05T12:39:40.9265770Z Copy /Users/runner/Library/Developer/Xcode/DerivedData/BookonDebug-ehazsigvxemoqzdtqumqzfgyfpkz/Build/Intermediates.noindex/ArchiveIntermediates/BookonDebug/BuildProductsPath/Release-iphoneos/LegadoBookSource.swiftmodule/arm64-apple-ios.swiftdoc /Users/runner/Library/Developer/Xcode/DerivedData/BookonDebug-ehazsigvxemoqzdtqumqzfgyfpkz/Build/Intermediates.noindex/ArchiveIntermediates/BookonDebug/IntermediateBuildFilesPath/LegadoBookSource.build/Release-iphoneos/LegadoBookSource.build/Objects-normal/arm64/LegadoBookSource.swiftdoc (in target 'LegadoBookSource' from project 'LegadoBookSource')
2026-10-05T12:39:40.9314250Z     cd /Users/runner/work/bookon/bookon
2026-10-05T12:39:40.9320550Z     builtin-copy -exclude .DS_Store -exclude CVS -exclude .svn -exclude .git -exclude .hg -strip-unsigned-binaries -strip-deterministic -strip-tool /Applications/Xcode_15.4.app/Contents/Developer/Toolchains/XcodeDefault.xctoolchain/usr/bin/strip -resolve-src-symlinks -rename /Users/runner/Library/Developer/Xcode/DerivedData/BookonDebug-ehazsigvxemoqzdtqumqzfgyfpkz/Build/Intermediates.noindex/ArchiveIntermediates/BookonDebug/IntermediateBuildFilesPath/LegadoBookSource.build/Release-iphoneos/LegadoBookSource.build/Objects-normal/arm64/LegadoBookSource.swiftdoc /Users/runner/Library/Developer/Xcode/DerivedData/BookonDebug-ehazsigvxemoqzdtqumqzfgyfpkz/Build/Intermediates.noindex/ArchiveIntermediates/BookonDebug/BuildProductsPath/Release-iphoneos/LegadoBookSource.swiftmodule/arm64-apple-ios.swiftdoc
2026-10-05T12:39:40.9323650Z 
2026-10-05T12:39:40.9325810Z Copy /Users/runner/Library/Developer/Xcode/DerivedData/BookonDebug-ehazsigvxemoqzdtqumqzfgyfpkz/Build/Intermediates.noindex/ArchiveIntermediates/BookonDebug/BuildProductsPath/Release-iphoneos/LegadoBookSource.swiftmodule/arm64-apple-ios.abi.json /Users/runner/Library/Developer/Xcode/DerivedData/BookonDebug-ehazsigvxemoqzdtqumqzfgyfpkz/Build/Intermediates.noindex/ArchiveIntermediates/BookonDebug/IntermediateBuildFilesPath/LegadoBookSource.build/Release-iphoneos/LegadoBookSource.build/Objects-normal/arm64/LegadoBookSource.abi.json (in target 'LegadoBookSource' from project 'LegadoBookSource')
2026-10-05T12:39:40.9328030Z     cd /Users/runner/work/bookon/bookon
2026-10-05T12:39:40.9332190Z     builtin-copy -exclude .DS_Store -exclude CVS -exclude .svn -exclude .git -exclude .hg -strip-unsigned-binaries -strip-deterministic -strip-tool /Applications/Xcode_15.4.app/Contents/Developer/Toolchains/XcodeDefault.xctoolchain/usr/bin/strip -resolve-src-symlinks -rename /Users/runner/Library/Developer/Xcode/DerivedData/BookonDebug-ehazsigvxemoqzdtqumqzfgyfpkz/Build/Intermediates.noindex/ArchiveIntermediates/BookonDebug/IntermediateBuildFilesPath/LegadoBookSource.build/Release-iphoneos/LegadoBookSource.build/Objects-normal/arm64/LegadoBookSource.abi.json /Users/runner/Library/Developer/Xcode/DerivedData/BookonDebug-ehazsigvxemoqzdtqumqzfgyfpkz/Build/Intermediates.noindex/ArchiveIntermediates/BookonDebug/BuildProductsPath/Release-iphoneos/LegadoBookSource.swiftmodule/arm64-apple-ios.abi.json
2026-10-05T12:39:40.9335000Z 
2026-10-05T12:39:40.9336020Z Ld /Users/runner/Library/Developer/Xcode/DerivedData/BookonDebug-ehazsigvxemoqzdtqumqzfgyfpkz/Build/Intermediates.noindex/ArchiveIntermediates/BookonDebug/IntermediateBuildFilesPath/UninstalledProducts/iphoneos/LegadoBookSource.o normal (in target 'LegadoBookSource' from project 'LegadoBookSource')
2026-10-05T12:39:40.9337260Z     cd /Users/runner/work/bookon/bookon
2026-10-05T12:39:40.9349240Z     /Applications/Xcode_15.4.app/Contents/Developer/Toolchains/XcodeDefault.xctoolchain/usr/bin/clang -Xlinker -reproducible -target arm64-apple-ios17.0 -r -isysroot /Applications/Xcode_15.4.app/Contents/Developer/Platforms/iPhoneOS.platform/Developer/SDKs/iPhoneOS17.5.sdk -Os -L/Users/runner/Library/Developer/Xcode/DerivedData/BookonDebug-ehazsigvxemoqzdtqumqzfgyfpkz/Build/Intermediates.noindex/ArchiveIntermediates/BookonDebug/IntermediateBuildFilesPath/EagerLinkingTBDs/Release-iphoneos -L/Users/runner/Library/Developer/Xcode/DerivedData/BookonDebug-ehazsigvxemoqzdtqumqzfgyfpkz/Build/Intermediates.noindex/ArchiveIntermediates/BookonDebug/BuildProductsPath/Release-iphoneos -L/Applications/Xcode_15.4.app/Contents/Developer/Platforms/iPhoneOS.platform/Developer/usr/lib -F/Users/runner/Library/Developer/Xcode/DerivedData/BookonDebug-ehazsigvxemoqzdtqumqzfgyfpkz/Build/Intermediates.noindex/ArchiveIntermediates/BookonDebug/IntermediateBuildFilesPath/EagerLinkingTBDs/Release-iphoneos -F/Users/runner/Library/Developer/Xcode/DerivedData/BookonDebug-ehazsigvxemoqzdtqumqzfgyfpkz/Build/Intermediates.noindex/ArchiveIntermediates/BookonDebug/BuildProductsPath/Release-iphoneos/PackageFrameworks -F/Users/runner/Library/Developer/Xcode/DerivedData/BookonDebug-ehazsigvxemoqzdtqumqzfgyfpkz/Build/Intermediates.noindex/ArchiveIntermediates/BookonDebug/BuildProductsPath/Release-iphoneos -iframework /Applications/Xcode_15.4.app/Contents/Developer/Platforms/iPhoneOS.platform/Developer/Library/Frameworks -iframework /Applications/Xcode_15.4.app/Contents/Developer/Platforms/iPhoneOS.platform/Developer/SDKs/iPhoneOS17.5.sdk/Developer/Library/Frameworks -filelist /Users/runner/Library/Developer/Xcode/DerivedData/BookonDebug-ehazsigvxemoqzdtqumqzfgyfpkz/Build/Intermediates.noindex/ArchiveIntermediates/BookonDebug/IntermediateBuildFilesPath/LegadoBookSource.build/Release-iphoneos/LegadoBookSource.build/Objects-normal/arm64/LegadoBookSource.LinkFileList -nostdlib -Xlinker -object_path_lto -Xlinker /Users/runner/Library/Developer/Xcode/DerivedData/BookonDebug-ehazsigvxemoqzdtqumqzfgyfpkz/Build/Intermediates.noindex/ArchiveIntermediates/BookonDebug/IntermediateBuildFilesPath/LegadoBookSource.build/Release-iphoneos/LegadoBookSource.build/Objects-normal/arm64/LegadoBookSource_lto.o -fobjc-link-runtime -L/Applications/Xcode_15.4.app/Contents/Developer/Toolchains/XcodeDefault.xctoolchain/usr/lib/swift/iphoneos -L/usr/lib/swift -Xlinker -add_ast_path -Xlinker /Users/runner/Library/Developer/Xcode/DerivedData/BookonDebug-ehazsigvxemoqzdtqumqzfgyfpkz/Build/Intermediates.noindex/ArchiveIntermediates/BookonDebug/IntermediateBuildFilesPath/LegadoBookSource.build/Release-iphoneos/LegadoBookSource.build/Objects-normal/arm64/LegadoBookSource.swiftmodule -Xlinker -dependency_info -Xlinker /Users/runner/Library/Developer/Xcode/DerivedData/BookonDebug-ehazsigvxemoqzdtqumqzfgyfpkz/Build/Intermediates.noindex/ArchiveIntermediates/BookonDebug/IntermediateBuildFilesPath/LegadoBookSource.build/Release-iphoneos/LegadoBookSource.build/Objects-normal/arm64/LegadoBookSource_dependency_info.dat -o /Users/runner/Library/Developer/Xcode/DerivedData/BookonDebug-ehazsigvxemoqzdtqumqzfgyfpkz/Build/Intermediates.noindex/ArchiveIntermediates/BookonDebug/IntermediateBuildFilesPath/UninstalledProducts/iphoneos/LegadoBookSource.o
2026-10-05T12:39:41.0135370Z 
2026-10-05T12:39:41.0140750Z WriteAuxiliaryFile /Users/runner/Library/Developer/Xcode/DerivedData/BookonDebug-ehazsigvxemoqzdtqumqzfgyfpkz/Build/Intermediates.noindex/ArchiveIntermediates/BookonDebug/IntermediateBuildFilesPath/LegadoBookSource.build/Release-iphoneos/BookonDebugKit.build/BookonDebugKit.modulemap (in target 'BookonDebugKit' from project 'LegadoBookSource')
2026-10-05T12:39:41.0143710Z     cd /Users/runner/work/bookon/bookon
2026-10-05T12:39:41.0146190Z     write-file /Users/runner/Library/Developer/Xcode/DerivedData/BookonDebug-ehazsigvxemoqzdtqumqzfgyfpkz/Build/Intermediates.noindex/ArchiveIntermediates/BookonDebug/IntermediateBuildFilesPath/LegadoBookSource.build/Release-iphoneos/BookonDebugKit.build/BookonDebugKit.modulemap
2026-10-05T12:39:41.0147520Z 
2026-10-05T12:39:41.0149300Z Copy /Users/runner/Library/Developer/Xcode/DerivedData/BookonDebug-ehazsigvxemoqzdtqumqzfgyfpkz/Build/Intermediates.noindex/ArchiveIntermediates/BookonDebug/IntermediateBuildFilesPath/GeneratedModuleMaps-iphoneos/BookonDebugKit.modulemap /Users/runner/Library/Developer/Xcode/DerivedData/BookonDebug-ehazsigvxemoqzdtqumqzfgyfpkz/Build/Intermediates.noindex/ArchiveIntermediates/BookonDebug/IntermediateBuildFilesPath/LegadoBookSource.build/Release-iphoneos/BookonDebugKit.build/BookonDebugKit.modulemap (in target 'BookonDebugKit' from project 'LegadoBookSource')
2026-10-05T12:39:41.0151260Z     cd /Users/runner/work/bookon/bookon
2026-10-05T12:39:41.0153670Z     builtin-copy -exclude .DS_Store -exclude CVS -exclude .svn -exclude .git -exclude .hg -strip-unsigned-binaries -strip-deterministic -strip-tool /Applications/Xcode_15.4.app/Contents/Developer/Toolchains/XcodeDefault.xctoolchain/usr/bin/strip -resolve-src-symlinks /Users/runner/Library/Developer/Xcode/DerivedData/BookonDebug-ehazsigvxemoqzdtqumqzfgyfpkz/Build/Intermediates.noindex/ArchiveIntermediates/BookonDebug/IntermediateBuildFilesPath/LegadoBookSource.build/Release-iphoneos/BookonDebugKit.build/BookonDebugKit.modulemap /Users/runner/Library/Developer/Xcode/DerivedData/BookonDebug-ehazsigvxemoqzdtqumqzfgyfpkz/Build/Intermediates.noindex/ArchiveIntermediates/BookonDebug/IntermediateBuildFilesPath/GeneratedModuleMaps-iphoneos
2026-10-05T12:39:41.0156090Z 
2026-10-05T12:39:41.0157340Z WriteAuxiliaryFile /Users/runner/Library/Developer/Xcode/DerivedData/BookonDebug-ehazsigvxemoqzdtqumqzfgyfpkz/Build/Intermediates.noindex/ArchiveIntermediates/BookonDebug/IntermediateBuildFilesPath/LegadoBookSource.build/Release-iphoneos/BookonDebugKit.build/Objects-normal/arm64/BookonDebugKit_const_extract_protocols.json (in target 'BookonDebugKit' from project 'LegadoBookSource')
2026-10-05T12:39:41.0160240Z     cd /Users/runner/work/bookon/bookon
2026-10-05T12:39:41.0162160Z     write-file /Users/runner/Library/Developer/Xcode/DerivedData/BookonDebug-ehazsigvxemoqzdtqumqzfgyfpkz/Build/Intermediates.noindex/ArchiveIntermediates/BookonDebug/IntermediateBuildFilesPath/LegadoBookSource.build/Release-iphoneos/BookonDebugKit.build/Objects-normal/arm64/BookonDebugKit_const_extract_protocols.json
2026-10-05T12:39:41.0163260Z 
2026-10-05T12:39:41.0166860Z WriteAuxiliaryFile /Users/runner/Library/Developer/Xcode/DerivedData/BookonDebug-ehazsigvxemoqzdtqumqzfgyfpkz/Build/Intermediates.noindex/ArchiveIntermediates/BookonDebug/IntermediateBuildFilesPath/LegadoBookSource.build/Release-iphoneos/BookonDebugKit.build/Objects-normal/arm64/BookonDebugKit.SwiftFileList (in target 'BookonDebugKit' from project 'LegadoBookSource')
2026-10-05T12:39:41.0168400Z     cd /Users/runner/work/bookon/bookon
2026-10-05T12:39:41.0169580Z     write-file /Users/runner/Library/Developer/Xcode/DerivedData/BookonDebug-ehazsigvxemoqzdtqumqzfgyfpkz/Build/Intermediates.noindex/ArchiveIntermediates/BookonDebug/IntermediateBuildFilesPath/LegadoBookSource.build/Release-iphoneos/BookonDebugKit.build/Objects-normal/arm64/BookonDebugKit.SwiftFileList
2026-10-05T12:39:41.0170590Z 
2026-10-05T12:39:41.0171780Z WriteAuxiliaryFile /Users/runner/Library/Developer/Xcode/DerivedData/BookonDebug-ehazsigvxemoqzdtqumqzfgyfpkz/Build/Intermediates.noindex/ArchiveIntermediates/BookonDebug/IntermediateBuildFilesPath/LegadoBookSource.build/Release-iphoneos/BookonDebugKit.build/Objects-normal/arm64/BookonDebugKit-OutputFileMap.json (in target 'BookonDebugKit' from project 'LegadoBookSource')
2026-10-05T12:39:41.0173160Z     cd /Users/runner/work/bookon/bookon
2026-10-05T12:39:41.0174360Z     write-file /Users/runner/Library/Developer/Xcode/DerivedData/BookonDebug-ehazsigvxemoqzdtqumqzfgyfpkz/Build/Intermediates.noindex/ArchiveIntermediates/BookonDebug/IntermediateBuildFilesPath/LegadoBookSource.build/Release-iphoneos/BookonDebugKit.build/Objects-normal/arm64/BookonDebugKit-OutputFileMap.json
2026-10-05T12:39:41.0175430Z 
2026-10-05T12:39:41.0175880Z SwiftDriver BookonDebugKit normal arm64 com.apple.xcode.tools.swift.compiler (in target 'BookonDebugKit' from project 'LegadoBookSource')
2026-10-05T12:39:41.0176460Z     cd /Users/runner/work/bookon/bookon
2026-10-05T12:39:41.0194990Z     builtin-SwiftDriver -- /Applications/Xcode_15.4.app/Contents/Developer/Toolchains/XcodeDefault.xctoolchain/usr/bin/swiftc -module-name BookonDebugKit -O -whole-module-optimization -enforce-exclusivity\=checked @/Users/runner/Library/Developer/Xcode/DerivedData/BookonDebug-ehazsigvxemoqzdtqumqzfgyfpkz/Build/Intermediates.noindex/ArchiveIntermediates/BookonDebug/IntermediateBuildFilesPath/LegadoBookSource.build/Release-iphoneos/BookonDebugKit.build/Objects-normal/arm64/BookonDebugKit.SwiftFileList -DSWIFT_PACKAGE -DXcode -sdk /Applications/Xcode_15.4.app/Contents/Developer/Platforms/iPhoneOS.platform/Developer/SDKs/iPhoneOS17.5.sdk -target arm64-apple-ios17.0 -g -module-cache-path /Users/runner/Library/Developer/Xcode/DerivedData/ModuleCache.noindex -Xfrontend -serialize-debugging-options -swift-version 5 -I /Users/runner/Library/Developer/Xcode/DerivedData/BookonDebug-ehazsigvxemoqzdtqumqzfgyfpkz/Build/Intermediates.noindex/ArchiveIntermediates/BookonDebug/BuildProductsPath/Release-iphoneos -I /Applications/Xcode_15.4.app/Contents/Developer/Platforms/iPhoneOS.platform/Developer/usr/lib -F /Users/runner/Library/Developer/Xcode/DerivedData/BookonDebug-ehazsigvxemoqzdtqumqzfgyfpkz/Build/Intermediates.noindex/ArchiveIntermediates/BookonDebug/BuildProductsPath/Release-iphoneos/PackageFrameworks -F /Users/runner/Library/Developer/Xcode/DerivedData/BookonDebug-ehazsigvxemoqzdtqumqzfgyfpkz/Build/Intermediates.noindex/ArchiveIntermediates/BookonDebug/BuildProductsPath/Release-iphoneos/PackageFrameworks -F /Users/runner/Library/Developer/Xcode/DerivedData/BookonDebug-ehazsigvxemoqzdtqumqzfgyfpkz/Build/Intermediates.noindex/ArchiveIntermediates/BookonDebug/BuildProductsPath/Release-iphoneos -F /Applications/Xcode_15.4.app/Contents/Developer/Platforms/iPhoneOS.platform/Developer/Library/Frameworks -F /Applications/Xcode_15.4.app/Contents/Developer/Platforms/iPhoneOS.platform/Developer/SDKs/iPhoneOS17.5.sdk/Developer/Library/Frameworks -c -num-threads 3 -Xcc -ivfsstatcache -Xcc /Users/runner/Library/Developer/Xcode/DerivedData/SDKStatCaches.noindex/iphoneos17.5-21F77-f0fa7969d082b13145125136a829df3a.sdkstatcache -output-file-map /Users/runner/Library/Developer/Xcode/DerivedData/BookonDebug-ehazsigvxemoqzdtqumqzfgyfpkz/Build/Intermediates.noindex/ArchiveIntermediates/BookonDebug/IntermediateBuildFilesPath/LegadoBookSource.build/Release-iphoneos/BookonDebugKit.build/Objects-normal/arm64/BookonDebugKit-OutputFileMap.json -use-frontend-parseable-output -save-temps -no-color-diagnostics -serialize-diagnostics -emit-dependencies -emit-module -emit-module-path /Users/runner/Library/Developer/Xcode/DerivedData/BookonDebug-ehazsigvxemoqzdtqumqzfgyfpkz/Build/Intermediates.noindex/ArchiveIntermediates/BookonDebug/IntermediateBuildFilesPath/LegadoBookSource.build/Release-iphoneos/BookonDebugKit.build/Objects-normal/arm64/BookonDebugKit.swiftmodule -validate-clang-modules-once -clang-build-session-file /Users/runner/Library/Developer/Xcode/DerivedData/ModuleCache.noindex/Session.modulevalidation -Xfrontend -package-name -Xfrontend bookon -Xcc -I/Users/runner/Library/Developer/Xcode/DerivedData/BookonDebug-ehazsigvxemoqzdtqumqzfgyfpkz/Build/Intermediates.noindex/ArchiveIntermediates/BookonDebug/IntermediateBuildFilesPath/LegadoBookSource.build/Release-iphoneos/BookonDebugKit.build/swift-overrides.hmap -emit-const-values -Xfrontend -const-gather-protocols-file -Xfrontend /Users/runner/Library/Developer/Xcode/DerivedData/BookonDebug-ehazsigvxemoqzdtqumqzfgyfpkz/Build/Intermediates.noindex/ArchiveIntermediates/BookonDebug/IntermediateBuildFilesPath/LegadoBookSource.build/Release-iphoneos/BookonDebugKit.build/Objects-normal/arm64/BookonDebugKit_const_extract_protocols.json -Xcc -I/Users/runner/Library/Developer/Xcode/DerivedData/BookonDebug-ehazsigvxemoqzdtqumqzfgyfpkz/Build/Intermediates.noindex/ArchiveIntermediates/BookonDebug/BuildProductsPath/Release-iphoneos/include -Xcc -I/Users/runner/Library/Developer/Xcode/DerivedData/BookonDebug-ehazsigvxemoqzdtqumqzfgyfpkz/Build/Intermediates.noindex/ArchiveIntermediates/BookonDebug/IntermediateBuildFilesPath/LegadoBookSource.build/Release-iphoneos/BookonDebugKit.build/DerivedSources-normal/arm64 -Xcc -I/Users/runner/Library/Developer/Xcode/DerivedData/BookonDebug-ehazsigvxemoqzdtqumqzfgyfpkz/Build/Intermediates.noindex/ArchiveIntermediates/BookonDebug/IntermediateBuildFilesPath/LegadoBookSource.build/Release-iphoneos/BookonDebugKit.build/DerivedSources/arm64 -Xcc -I/Users/runner/Library/Developer/Xcode/DerivedData/BookonDebug-ehazsigvxemoqzdtqumqzfgyfpkz/Build/Intermediates.noindex/ArchiveIntermediates/BookonDebug/IntermediateBuildFilesPath/LegadoBookSource.build/Release-iphoneos/BookonDebugKit.build/DerivedSources -Xcc -DSWIFT_PACKAGE -emit-objc-header -emit-objc-header-path /Users/runner/Library/Developer/Xcode/DerivedData/BookonDebug-ehazsigvxemoqzdtqumqzfgyfpkz/Build/Intermediates.noindex/ArchiveIntermediates/BookonDebug/IntermediateBuildFilesPath/LegadoBookSource.build/Release-iphoneos/BookonDebugKit.build/Objects-normal/arm64/BookonDebugKit-Swift.h -working-directory /Users/runner/work/bookon/bookon -no-emit-module-separately-wmo
2026-10-05T12:39:41.0221490Z 
2026-10-05T12:39:41.0222000Z SwiftDriver\ Compilation BookonDebugKit normal arm64 com.apple.xcode.tools.swift.compiler (in target 'BookonDebugKit' from project 'LegadoBookSource')
2026-10-05T12:39:41.0222680Z     cd /Users/runner/work/bookon/bookon
2026-10-05T12:39:41.0248100Z     builtin-Swift-Compilation -- /Applications/Xcode_15.4.app/Contents/Developer/Toolchains/XcodeDefault.xctoolchain/usr/bin/swiftc -module-name BookonDebugKit -O -whole-module-optimization -enforce-exclusivity\=checked @/Users/runner/Library/Developer/Xcode/DerivedData/BookonDebug-ehazsigvxemoqzdtqumqzfgyfpkz/Build/Intermediates.noindex/ArchiveIntermediates/BookonDebug/IntermediateBuildFilesPath/LegadoBookSource.build/Release-iphoneos/BookonDebugKit.build/Objects-normal/arm64/BookonDebugKit.SwiftFileList -DSWIFT_PACKAGE -DXcode -sdk /Applications/Xcode_15.4.app/Contents/Developer/Platforms/iPhoneOS.platform/Developer/SDKs/iPhoneOS17.5.sdk -target arm64-apple-ios17.0 -g -module-cache-path /Users/runner/Library/Developer/Xcode/DerivedData/ModuleCache.noindex -Xfrontend -serialize-debugging-options -swift-version 5 -I /Users/runner/Library/Developer/Xcode/DerivedData/BookonDebug-ehazsigvxemoqzdtqumqzfgyfpkz/Build/Intermediates.noindex/ArchiveIntermediates/BookonDebug/BuildProductsPath/Release-iphoneos -I /Applications/Xcode_15.4.app/Contents/Developer/Platforms/iPhoneOS.platform/Developer/usr/lib -F /Users/runner/Library/Developer/Xcode/DerivedData/BookonDebug-ehazsigvxemoqzdtqumqzfgyfpkz/Build/Intermediates.noindex/ArchiveIntermediates/BookonDebug/BuildProductsPath/Release-iphoneos/PackageFrameworks -F /Users/runner/Library/Developer/Xcode/DerivedData/BookonDebug-ehazsigvxemoqzdtqumqzfgyfpkz/Build/Intermediates.noindex/ArchiveIntermediates/BookonDebug/BuildProductsPath/Release-iphoneos/PackageFrameworks -F /Users/runner/Library/Developer/Xcode/DerivedData/BookonDebug-ehazsigvxemoqzdtqumqzfgyfpkz/Build/Intermediates.noindex/ArchiveIntermediates/BookonDebug/BuildProductsPath/Release-iphoneos -F /Applications/Xcode_15.4.app/Contents/Developer/Platforms/iPhoneOS.platform/Developer/Library/Frameworks -F /Applications/Xcode_15.4.app/Contents/Developer/Platforms/iPhoneOS.platform/Developer/SDKs/iPhoneOS17.5.sdk/Developer/Library/Frameworks -c -num-threads 3 -Xcc -ivfsstatcache -Xcc /Users/runner/Library/Developer/Xcode/DerivedData/SDKStatCaches.noindex/iphoneos17.5-21F77-f0fa7969d082b13145125136a829df3a.sdkstatcache -output-file-map /Users/runner/Library/Developer/Xcode/DerivedData/BookonDebug-ehazsigvxemoqzdtqumqzfgyfpkz/Build/Intermediates.noindex/ArchiveIntermediates/BookonDebug/IntermediateBuildFilesPath/LegadoBookSource.build/Release-iphoneos/BookonDebugKit.build/Objects-normal/arm64/BookonDebugKit-OutputFileMap.json -use-frontend-parseable-output -save-temps -no-color-diagnostics -serialize-diagnostics -emit-dependencies -emit-module -emit-module-path /Users/runner/Library/Developer/Xcode/DerivedData/BookonDebug-ehazsigvxemoqzdtqumqzfgyfpkz/Build/Intermediates.noindex/ArchiveIntermediates/BookonDebug/IntermediateBuildFilesPath/LegadoBookSource.build/Release-iphoneos/BookonDebugKit.build/Objects-normal/arm64/BookonDebugKit.swiftmodule -validate-clang-modules-once -clang-build-session-file /Users/runner/Library/Developer/Xcode/DerivedData/ModuleCache.noindex/Session.modulevalidation -Xfrontend -package-name -Xfrontend bookon -Xcc -I/Users/runner/Library/Developer/Xcode/DerivedData/BookonDebug-ehazsigvxemoqzdtqumqzfgyfpkz/Build/Intermediates.noindex/ArchiveIntermediates/BookonDebug/IntermediateBuildFilesPath/LegadoBookSource.build/Release-iphoneos/BookonDebugKit.build/swift-overrides.hmap -emit-const-values -Xfrontend -const-gather-protocols-file -Xfrontend /Users/runner/Library/Developer/Xcode/DerivedData/BookonDebug-ehazsigvxemoqzdtqumqzfgyfpkz/Build/Intermediates.noindex/ArchiveIntermediates/BookonDebug/IntermediateBuildFilesPath/LegadoBookSource.build/Release-iphoneos/BookonDebugKit.build/Objects-normal/arm64/BookonDebugKit_const_extract_protocols.json -Xcc -I/Users/runner/Library/Developer/Xcode/DerivedData/BookonDebug-ehazsigvxemoqzdtqumqzfgyfpkz/Build/Intermediates.noindex/ArchiveIntermediates/BookonDebug/BuildProductsPath/Release-iphoneos/include -Xcc -I/Users/runner/Library/Developer/Xcode/DerivedData/BookonDebug-ehazsigvxemoqzdtqumqzfgyfpkz/Build/Intermediates.noindex/ArchiveIntermediates/BookonDebug/IntermediateBuildFilesPath/LegadoBookSource.build/Release-iphoneos/BookonDebugKit.build/DerivedSources-normal/arm64 -Xcc -I/Users/runner/Library/Developer/Xcode/DerivedData/BookonDebug-ehazsigvxemoqzdtqumqzfgyfpkz/Build/Intermediates.noindex/ArchiveIntermediates/BookonDebug/IntermediateBuildFilesPath/LegadoBookSource.build/Release-iphoneos/BookonDebugKit.build/DerivedSources/arm64 -Xcc -I/Users/runner/Library/Developer/Xcode/DerivedData/BookonDebug-ehazsigvxemoqzdtqumqzfgyfpkz/Build/Intermediates.noindex/ArchiveIntermediates/BookonDebug/IntermediateBuildFilesPath/LegadoBookSource.build/Release-iphoneos/BookonDebugKit.build/DerivedSources -Xcc -DSWIFT_PACKAGE -emit-objc-header -emit-objc-header-path /Users/runner/Library/Developer/Xcode/DerivedData/BookonDebug-ehazsigvxemoqzdtqumqzfgyfpkz/Build/Intermediates.noindex/ArchiveIntermediates/BookonDebug/IntermediateBuildFilesPath/LegadoBookSource.build/Release-iphoneos/BookonDebugKit.build/Objects-normal/arm64/BookonDebugKit-Swift.h -working-directory /Users/runner/work/bookon/bookon -no-emit-module-separately-wmo
2026-10-05T12:39:41.0305920Z 
2026-10-05T12:39:41.0312290Z SwiftCompile normal arm64 Compiling\ BookSourceRepository.swift,\ DebugEnvironment.swift,\ DebugLogStore.swift,\ DebugSession.swift,\ DebugSettings.swift /Users/runner/work/bookon/bookon/Sources/BookonDebugKit/BookSourceRepository.swift /Users/runner/work/bookon/bookon/Sources/BookonDebugKit/DebugEnvironment.swift /Users/runner/work/bookon/bookon/Sources/BookonDebugKit/DebugLogStore.swift /Users/runner/work/bookon/bookon/Sources/BookonDebugKit/DebugSession.swift /Users/runner/work/bookon/bookon/Sources/BookonDebugKit/DebugSettings.swift (in target 'BookonDebugKit' from project 'LegadoBookSource')
2026-10-05T12:39:41.0318890Z     cd /Users/runner/work/bookon/bookon
2026-10-05T12:39:41.0386880Z     builtin-swiftTaskExecution -- /Applications/Xcode_15.4.app/Contents/Developer/Toolchains/XcodeDefault.xctoolchain/usr/bin/swift-frontend -frontend -c /Users/runner/work/bookon/bookon/Sources/BookonDebugKit/BookSourceRepository.swift /Users/runner/work/bookon/bookon/Sources/BookonDebugKit/DebugEnvironment.swift /Users/runner/work/bookon/bookon/Sources/BookonDebugKit/DebugLogStore.swift /Users/runner/work/bookon/bookon/Sources/BookonDebugKit/DebugSession.swift /Users/runner/work/bookon/bookon/Sources/BookonDebugKit/DebugSettings.swift -supplementary-output-file-map /Users/runner/Library/Developer/Xcode/DerivedData/BookonDebug-ehazsigvxemoqzdtqumqzfgyfpkz/Build/Intermediates.noindex/ArchiveIntermediates/BookonDebug/IntermediateBuildFilesPath/LegadoBookSource.build/Release-iphoneos/BookonDebugKit.build/Objects-normal/arm64/supplementaryOutputs-3 -target arm64-apple-ios17.0 -Xllvm -aarch64-use-tbi -enable-objc-interop -stack-check -sdk /Applications/Xcode_15.4.app/Contents/Developer/Platforms/iPhoneOS.platform/Developer/SDKs/iPhoneOS17.5.sdk -I /Users/runner/Library/Developer/Xcode/DerivedData/BookonDebug-ehazsigvxemoqzdtqumqzfgyfpkz/Build/Intermediates.noindex/ArchiveIntermediates/BookonDebug/BuildProductsPath/Release-iphoneos -I /Applications/Xcode_15.4.app/Contents/Developer/Platforms/iPhoneOS.platform/Developer/usr/lib -F /Users/runner/Library/Developer/Xcode/DerivedData/BookonDebug-ehazsigvxemoqzdtqumqzfgyfpkz/Build/Intermediates.noindex/ArchiveIntermediates/BookonDebug/BuildProductsPath/Release-iphoneos/PackageFrameworks -F /Users/runner/Library/Developer/Xcode/DerivedData/BookonDebug-ehazsigvxemoqzdtqumqzfgyfpkz/Build/Intermediates.noindex/ArchiveIntermediates/BookonDebug/BuildProductsPath/Release-iphoneos/PackageFrameworks -F /Users/runner/Library/Developer/Xcode/DerivedData/BookonDebug-ehazsigvxemoqzdtqumqzfgyfpkz/Build/Intermediates.noindex/ArchiveIntermediates/BookonDebug/BuildProductsPath/Release-iphoneos -F /Applications/Xcode_15.4.app/Contents/Developer/Platforms/iPhoneOS.platform/Developer/Library/Frameworks -F /Applications/Xcode_15.4.app/Contents/Developer/Platforms/iPhoneOS.platform/Developer/SDKs/iPhoneOS17.5.sdk/Developer/Library/Frameworks -no-color-diagnostics -g -module-cache-path /Users/runner/Library/Developer/Xcode/DerivedData/ModuleCache.noindex -swift-version 5 -enforce-exclusivity\=checked -O -D SWIFT_PACKAGE -D Xcode -serialize-debugging-options -package-name bookon -const-gather-protocols-file /Users/runner/Library/Developer/Xcode/DerivedData/BookonDebug-ehazsigvxemoqzdtqumqzfgyfpkz/Build/Intermediates.noindex/ArchiveIntermediates/BookonDebug/IntermediateBuildFilesPath/LegadoBookSource.build/Release-iphoneos/BookonDebugKit.build/Objects-normal/arm64/BookonDebugKit_const_extract_protocols.json -empty-abi-descriptor -validate-clang-modules-once -clang-build-session-file /Users/runner/Library/Developer/Xcode/DerivedData/ModuleCache.noindex/Session.modulevalidation -Xcc -working-directory -Xcc /Users/runner/work/bookon/bookon -resource-dir /Applications/Xcode_15.4.app/Contents/Developer/Toolchains/XcodeDefault.xctoolchain/usr/lib/swift -Xcc -ivfsstatcache -Xcc /Users/runner/Library/Developer/Xcode/DerivedData/SDKStatCaches.noindex/iphoneos17.5-21F77-f0fa7969d082b13145125136a829df3a.sdkstatcache -Xcc -I/Users/runner/Library/Developer/Xcode/DerivedData/BookonDebug-ehazsigvxemoqzdtqumqzfgyfpkz/Build/Intermediates.noindex/ArchiveIntermediates/BookonDebug/IntermediateBuildFilesPath/LegadoBookSource.build/Release-iphoneos/BookonDebugKit.build/swift-overrides.hmap -Xcc -I/Users/runner/Library/Developer/Xcode/DerivedData/BookonDebug-ehazsigvxemoqzdtqumqzfgyfpkz/Build/Intermediates.noindex/ArchiveIntermediates/BookonDebug/BuildProductsPath/Release-iphoneos/include -Xcc -I/Users/runner/Library/Developer/Xcode/DerivedData/BookonDebug-ehazsigvxemoqzdtqumqzfgyfpkz/Build/Intermediates.noindex/ArchiveIntermediates/BookonDebug/IntermediateBuildFilesPath/LegadoBookSource.build/Release-iphoneos/BookonDebugKit.build/DerivedSources-normal/arm64 -Xcc -I/Users/runner/Library/Developer/Xcode/DerivedData/BookonDebug-ehazsigvxemoqzdtqumqzfgyfpkz/Build/Intermediates.noindex/ArchiveIntermediates/BookonDebug/IntermediateBuildFilesPath/LegadoBookSource.build/Release-iphoneos/BookonDebugKit.build/DerivedSources/arm64 -Xcc -I/Users/runner/Library/Developer/Xcode/DerivedData/BookonDebug-ehazsigvxemoqzdtqumqzfgyfpkz/Build/Intermediates.noindex/ArchiveIntermediates/BookonDebug/IntermediateBuildFilesPath/LegadoBookSource.build/Release-iphoneos/BookonDebugKit.build/DerivedSources -Xcc -DSWIFT_PACKAGE -module-name BookonDebugKit -frontend-parseable-output -disable-clang-spi -target-sdk-version 17.5 -target-sdk-name iphoneos17.5 -external-plugin-path /Applications/Xcode_15.4.app/Contents/Developer/Platforms/iPhoneOS.platform/Developer/SDKs/iPhoneOS17.5.sdk/usr/lib/swift/host/plugins\#/Applications/Xcode_15.4.app/Contents/Developer/Platforms/iPhoneOS.platform/Developer/SDKs/iPhoneOS17.5.sdk/usr/bin/swift-plugin-server -external-plugin-path /Applications/Xcode_15.4.app/Contents/Developer/Platforms/iPhoneOS.platform/Developer/SDKs/iPhoneOS17.5.sdk/usr/local/lib/swift/host/plugins\#/Applications/Xcode_15.4.app/Contents/Developer/Platforms/iPhoneOS.platform/Developer/SDKs/iPhoneOS17.5.sdk/usr/bin/swift-plugin-server -external-plugin-path /Applications/Xcode_15.4.app/Contents/Developer/Platforms/iPhoneOS.platform/Developer/usr/lib/swift/host/plugins\#/Applications/Xcode_15.4.app/Contents/Developer/Platforms/iPhoneOS.platform/Developer/usr/bin/swift-plugin-server -external-plugin-path /Applications/Xcode_15.4.app/Contents/Developer/Platforms/iPhoneOS.platform/Developer/usr/local/lib/swift/host/plugins\#/Applications/Xcode_15.4.app/Contents/Developer/Platforms/iPhoneOS.platform/Developer/usr/bin/swift-plugin-server -plugin-path /Applications/Xcode_15.4.app/Contents/Developer/Toolchains/XcodeDefault.xctoolchain/usr/lib/swift/host/plugins -plugin-path /Applications/Xcode_15.4.app/Contents/Developer/Toolchains/XcodeDefault.xctoolchain/usr/local/lib/swift/host/plugins -enable-default-cmo -num-threads 3 -o /Users/runner/Library/Developer/Xcode/DerivedData/BookonDebug-ehazsigvxemoqzdtqumqzfgyfpkz/Build/Intermediates.noindex/ArchiveIntermediates/BookonDebug/IntermediateBuildFilesPath/LegadoBookSource.build/Release-iphoneos/BookonDebugKit.build/Objects-normal/arm64/BookSourceRepository.o -o /Users/runner/Library/Developer/Xcode/DerivedData/BookonDebug-ehazsigvxemoqzdtqumqzfgyfpkz/Build/Intermediates.noindex/ArchiveIntermediates/BookonDebug/IntermediateBuildFilesPath/LegadoBookSource.build/Release-iphoneos/BookonDebugKit.build/Objects-normal/arm64/DebugEnvironment.o -o /Users/runner/Library/Developer/Xcode/DerivedData/BookonDebug-ehazsigvxemoqzdtqumqzfgyfpkz/Build/Intermediates.noindex/ArchiveIntermediates/BookonDebug/IntermediateBuildFilesPath/LegadoBookSource.build/Release-iphoneos/BookonDebugKit.build/Objects-normal/arm64/DebugLogStore.o -o /Users/runner/Library/Developer/Xcode/DerivedData/BookonDebug-ehazsigvxemoqzdtqumqzfgyfpkz/Build/Intermediates.noindex/ArchiveIntermediates/BookonDebug/IntermediateBuildFilesPath/LegadoBookSource.build/Release-iphoneos/BookonDebugKit.build/Objects-normal/arm64/DebugSession.o -o /Users/runner/Library/Developer/Xcode/DerivedData/BookonDebug-ehazsigvxemoqzdtqumqzfgyfpkz/Build/Intermediates.noindex/ArchiveIntermediates/BookonDebug/IntermediateBuildFilesPath/LegadoBookSource.build/Release-iphoneos/BookonDebugKit.build/Objects-normal/arm64/DebugSettings.o -index-unit-output-path /LegadoBookSource.build/Release-iphoneos/BookonDebugKit.build/Objects-normal/arm64/BookSourceRepository.o -index-unit-output-path /LegadoBookSource.build/Release-iphoneos/BookonDebugKit.build/Objects-normal/arm64/DebugEnvironment.o -index-unit-output-path /LegadoBookSource.build/Release-iphoneos/BookonDebugKit.build/Objects-normal/arm64/DebugLogStore.o -index-unit-output-path /LegadoBookSource.build/Release-iphoneos/BookonDebugKit.build/Objects-normal/arm64/DebugSession.o -index-unit-output-path /LegadoBookSource.build/Release-iphoneos/BookonDebugKit.build/Objects-normal/arm64/DebugSettings.o
2026-10-05T12:39:41.0421290Z CompileSwift normal arm64 (in target 'BookonDebugKit' from project 'LegadoBookSource')
2026-10-05T12:39:41.0421920Z     cd /Users/runner/work/bookon/bookon
2026-10-05T12:39:41.0453530Z     /Applications/Xcode_15.4.app/Contents/Developer/Toolchains/XcodeDefault.xctoolchain/usr/bin/swift-frontend -c /Users/runner/work/bookon/bookon/Sources/BookonDebugKit/BookSourceRepository.swift /Users/runner/work/bookon/bookon/Sources/BookonDebugKit/DebugEnvironment.swift /Users/runner/work/bookon/bookon/Sources/BookonDebugKit/DebugLogStore.swift /Users/runner/work/bookon/bookon/Sources/BookonDebugKit/DebugSession.swift /Users/runner/work/bookon/bookon/Sources/BookonDebugKit/DebugSettings.swift -supplementary-output-file-map /Users/runner/Library/Developer/Xcode/DerivedData/BookonDebug-ehazsigvxemoqzdtqumqzfgyfpkz/Build/Intermediates.noindex/ArchiveIntermediates/BookonDebug/IntermediateBuildFilesPath/LegadoBookSource.build/Release-iphoneos/BookonDebugKit.build/Objects-normal/arm64/supplementaryOutputs-3 -target arm64-apple-ios17.0 -Xllvm -aarch64-use-tbi -enable-objc-interop -stack-check -sdk /Applications/Xcode_15.4.app/Contents/Developer/Platforms/iPhoneOS.platform/Developer/SDKs/iPhoneOS17.5.sdk -I /Users/runner/Library/Developer/Xcode/DerivedData/BookonDebug-ehazsigvxemoqzdtqumqzfgyfpkz/Build/Intermediates.noindex/ArchiveIntermediates/BookonDebug/BuildProductsPath/Release-iphoneos -I /Applications/Xcode_15.4.app/Contents/Developer/Platforms/iPhoneOS.platform/Developer/usr/lib -F /Users/runner/Library/Developer/Xcode/DerivedData/BookonDebug-ehazsigvxemoqzdtqumqzfgyfpkz/Build/Intermediates.noindex/ArchiveIntermediates/BookonDebug/BuildProductsPath/Release-iphoneos/PackageFrameworks -F /Users/runner/Library/Developer/Xcode/DerivedData/BookonDebug-ehazsigvxemoqzdtqumqzfgyfpkz/Build/Intermediates.noindex/ArchiveIntermediates/BookonDebug/BuildProductsPath/Release-iphoneos/PackageFrameworks -F /Users/runner/Library/Developer/Xcode/DerivedData/BookonDebug-ehazsigvxemoqzdtqumqzfgyfpkz/Build/Intermediates.noindex/ArchiveIntermediates/BookonDebug/BuildProductsPath/Release-iphoneos -F /Applications/Xcode_15.4.app/Contents/Developer/Platforms/iPhoneOS.platform/Developer/Library/Frameworks -F /Applications/Xcode_15.4.app/Contents/Developer/Platforms/iPhoneOS.platform/Developer/SDKs/iPhoneOS17.5.sdk/Developer/Library/Frameworks -no-color-diagnostics -g -module-cache-path /Users/runner/Library/Developer/Xcode/DerivedData/ModuleCache.noindex -swift-version 5 -enforce-exclusivity\=checked -O -D SWIFT_PACKAGE -D Xcode -serialize-debugging-options -package-name bookon -const-gather-protocols-file /Users/runner/Library/Developer/Xcode/DerivedData/BookonDebug-ehazsigvxemoqzdtqumqzfgyfpkz/Build/Intermediates.noindex/ArchiveIntermediates/BookonDebug/IntermediateBuildFilesPath/LegadoBookSource.build/Release-iphoneos/BookonDebugKit.build/Objects-normal/arm64/BookonDebugKit_const_extract_protocols.json -empty-abi-descriptor -validate-clang-modules-once -clang-build-session-file /Users/runner/Library/Developer/Xcode/DerivedData/ModuleCache.noindex/Session.modulevalidation -Xcc -working-directory -Xcc /Users/runner/work/bookon/bookon -resource-dir /Applications/Xcode_15.4.app/Contents/Developer/Toolchains/XcodeDefault.xctoolchain/usr/lib/swift -Xcc -ivfsstatcache -Xcc /Users/runner/Library/Developer/Xcode/DerivedData/SDKStatCaches.noindex/iphoneos17.5-21F77-f0fa7969d082b13145125136a829df3a.sdkstatcache -Xcc -I/Users/runner/Library/Developer/Xcode/DerivedData/BookonDebug-ehazsigvxemoqzdtqumqzfgyfpkz/Build/Intermediates.noindex/ArchiveIntermediates/BookonDebug/IntermediateBuildFilesPath/LegadoBookSource.build/Release-iphoneos/BookonDebugKit.build/swift-overrides.hmap -Xcc -I/Users/runner/Library/Developer/Xcode/DerivedData/BookonDebug-ehazsigvxemoqzdtqumqzfgyfpkz/Build/Intermediates.noindex/ArchiveIntermediates/BookonDebug/BuildProductsPath/Release-iphoneos/include -Xcc -I/Users/runner/Library/Developer/Xcode/DerivedData/BookonDebug-ehazsigvxemoqzdtqumqzfgyfpkz/Build/Intermediates.noindex/ArchiveIntermediates/BookonDebug/IntermediateBuildFilesPath/LegadoBookSource.build/Release-iphoneos/BookonDebugKit.build/DerivedSources-normal/arm64 -Xcc -I/Users/runner/Library/Developer/Xcode/DerivedData/BookonDebug-ehazsigvxemoqzdtqumqzfgyfpkz/Build/Intermediates.noindex/ArchiveIntermediates/BookonDebug/IntermediateBuildFilesPath/LegadoBookSource.build/Release-iphoneos/BookonDebugKit.build/DerivedSources/arm64 -Xcc -I/Users/runner/Library/Developer/Xcode/DerivedData/BookonDebug-ehazsigvxemoqzdtqumqzfgyfpkz/Build/Intermediates.noindex/ArchiveIntermediates/BookonDebug/IntermediateBuildFilesPath/LegadoBookSource.build/Release-iphoneos/BookonDebugKit.build/DerivedSources -Xcc -DSWIFT_PACKAGE -module-name BookonDebugKit -frontend-parseable-output -disable-clang-spi -target-sdk-version 17.5 -target-sdk-name iphoneos17.5 -external-plugin-path /Applications/Xcode_15.4.app/Contents/Developer/Platforms/iPhoneOS.platform/Developer/SDKs/iPhoneOS17.5.sdk/usr/lib/swift/host/plugins\#/Applications/Xcode_15.4.app/Contents/Developer/Platforms/iPhoneOS.platform/Developer/SDKs/iPhoneOS17.5.sdk/usr/bin/swift-plugin-server -external-plugin-path /Applications/Xcode_15.4.app/Contents/Developer/Platforms/iPhoneOS.platform/Developer/SDKs/iPhoneOS17.5.sdk/usr/local/lib/swift/host/plugins\#/Applications/Xcode_15.4.app/Contents/Developer/Platforms/iPhoneOS.platform/Developer/SDKs/iPhoneOS17.5.sdk/usr/bin/swift-plugin-server -external-plugin-path /Applications/Xcode_15.4.app/Contents/Developer/Platforms/iPhoneOS.platform/Developer/usr/lib/swift/host/plugins\#/Applications/Xcode_15.4.app/Contents/Developer/Platforms/iPhoneOS.platform/Developer/usr/bin/swift-plugin-server -external-plugin-path /Applications/Xcode_15.4.app/Contents/Developer/Platforms/iPhoneOS.platform/Developer/usr/local/lib/swift/host/plugins\#/Applications/Xcode_15.4.app/Contents/Developer/Platforms/iPhoneOS.platform/Developer/usr/bin/swift-plugin-server -plugin-path /Applications/Xcode_15.4.app/Contents/Developer/Toolchains/XcodeDefault.xctoolchain/usr/lib/swift/host/plugins -plugin-path /Applications/Xcode_15.4.app/Contents/Developer/Toolchains/XcodeDefault.xctoolchain/usr/local/lib/swift/host/plugins -enable-default-cmo -num-threads 3 -o /Users/runner/Library/Developer/Xcode/DerivedData/BookonDebug-ehazsigvxemoqzdtqumqzfgyfpkz/Build/Intermediates.noindex/ArchiveIntermediates/BookonDebug/IntermediateBuildFilesPath/LegadoBookSource.build/Release-iphoneos/BookonDebugKit.build/Objects-normal/arm64/BookSourceRepository.o -o /Users/runner/Library/Developer/Xcode/DerivedData/BookonDebug-ehazsigvxemoqzdtqumqzfgyfpkz/Build/Intermediates.noindex/ArchiveIntermediates/BookonDebug/IntermediateBuildFilesPath/LegadoBookSource.build/Release-iphoneos/BookonDebugKit.build/Objects-normal/arm64/DebugEnvironment.o -o /Users/runner/Library/Developer/Xcode/DerivedData/BookonDebug-ehazsigvxemoqzdtqumqzfgyfpkz/Build/Intermediates.noindex/ArchiveIntermediates/BookonDebug/IntermediateBuildFilesPath/LegadoBookSource.build/Release-iphoneos/BookonDebugKit.build/Objects-normal/arm64/DebugLogStore.o -o /Users/runner/Library/Developer/Xcode/DerivedData/BookonDebug-ehazsigvxemoqzdtqumqzfgyfpkz/Build/Intermediates.noindex/ArchiveIntermediates/BookonDebug/IntermediateBuildFilesPath/LegadoBookSource.build/Release-iphoneos/BookonDebugKit.build/Objects-normal/arm64/DebugSession.o -o /Users/runner/Library/Developer/Xcode/DerivedData/BookonDebug-ehazsigvxemoqzdtqumqzfgyfpkz/Build/Intermediates.noindex/ArchiveIntermediates/BookonDebug/IntermediateBuildFilesPath/LegadoBookSource.build/Release-iphoneos/BookonDebugKit.build/Objects-normal/arm64/DebugSettings.o -index-unit-output-path /LegadoBookSource.build/Release-iphoneos/BookonDebugKit.build/Objects-normal/arm64/BookSourceRepository.o -index-unit-output-path /LegadoBookSource.build/Release-iphoneos/BookonDebugKit.build/Objects-normal/arm64/DebugEnvironment.o -index-unit-output-path /LegadoBookSource.build/Release-iphoneos/BookonDebugKit.build/Objects-normal/arm64/DebugLogStore.o -index-unit-output-path /LegadoBookSource.build/Release-iphoneos/BookonDebugKit.build/Objects-normal/arm64/DebugSession.o -index-unit-output-path /LegadoBookSource.build/Release-iphoneos/BookonDebugKit.build/Objects-normal/arm64/DebugSettings.o
2026-10-05T12:39:45.4598800Z 
2026-10-05T12:39:45.4766790Z SetOwnerAndGroup runner:staff /Users/runner/Library/Developer/Xcode/DerivedData/BookonDebug-ehazsigvxemoqzdtqumqzfgyfpkz/Build/Intermediates.noindex/ArchiveIntermediates/BookonDebug/IntermediateBuildFilesPath/UninstalledProducts/iphoneos/LegadoBookSource.o (in target 'LegadoBookSource' from project 'LegadoBookSource')
2026-10-05T12:39:45.4768340Z     cd /Users/runner/work/bookon/bookon
2026-10-05T12:39:45.4770400Z     /usr/sbin/chown -RH runner:staff /Users/runner/Library/Developer/Xcode/DerivedData/BookonDebug-ehazsigvxemoqzdtqumqzfgyfpkz/Build/Intermediates.noindex/ArchiveIntermediates/BookonDebug/IntermediateBuildFilesPath/UninstalledProducts/iphoneos/LegadoBookSource.o
2026-10-05T12:39:45.4772870Z 
2026-10-05T12:39:45.4773940Z SetMode u+w,go-w,a+rX /Users/runner/Library/Developer/Xcode/DerivedData/BookonDebug-ehazsigvxemoqzdtqumqzfgyfpkz/Build/Intermediates.noindex/ArchiveIntermediates/BookonDebug/IntermediateBuildFilesPath/UninstalledProducts/iphoneos/LegadoBookSource.o (in target 'LegadoBookSource' from project 'LegadoBookSource')
2026-10-05T12:39:45.4775190Z     cd /Users/runner/work/bookon/bookon
2026-10-05T12:39:45.4777280Z     /bin/chmod -RH u+w,go-w,a+rX /Users/runner/Library/Developer/Xcode/DerivedData/BookonDebug-ehazsigvxemoqzdtqumqzfgyfpkz/Build/Intermediates.noindex/ArchiveIntermediates/BookonDebug/IntermediateBuildFilesPath/UninstalledProducts/iphoneos/LegadoBookSource.o
2026-10-05T12:39:45.4778170Z 
2026-10-05T12:39:45.4782470Z RegisterExecutionPolicyException /Users/runner/Library/Developer/Xcode/DerivedData/BookonDebug-ehazsigvxemoqzdtqumqzfgyfpkz/Build/Intermediates.noindex/ArchiveIntermediates/BookonDebug/IntermediateBuildFilesPath/UninstalledProducts/iphoneos/LegadoBookSource.o (in target 'LegadoBookSource' from project 'LegadoBookSource')
2026-10-05T12:39:45.4783770Z     cd /Users/runner/work/bookon/bookon
2026-10-05T12:39:45.4903780Z     builtin-RegisterExecutionPolicyException /Users/runner/Library/Developer/Xcode/DerivedData/BookonDebug-ehazsigvxemoqzdtqumqzfgyfpkz/Build/Intermediates.noindex/ArchiveIntermediates/BookonDebug/IntermediateBuildFilesPath/UninstalledProducts/iphoneos/LegadoBookSource.o
2026-10-05T12:39:45.4904850Z 
2026-10-05T12:39:45.4905960Z WriteAuxiliaryFile /Users/runner/Library/Developer/Xcode/DerivedData/BookonDebug-ehazsigvxemoqzdtqumqzfgyfpkz/Build/Intermediates.noindex/ArchiveIntermediates/BookonDebug/IntermediateBuildFilesPath/LegadoBookSource.build/Release-iphoneos/BookonDebugKit.build/Objects-normal/arm64/BookonDebugKit.LinkFileList (in target 'BookonDebugKit' from project 'LegadoBookSource')
2026-10-05T12:39:45.4908010Z     cd /Users/runner/work/bookon/bookon
2026-10-05T12:39:45.4909080Z     write-file /Users/runner/Library/Developer/Xcode/DerivedData/BookonDebug-ehazsigvxemoqzdtqumqzfgyfpkz/Build/Intermediates.noindex/ArchiveIntermediates/BookonDebug/IntermediateBuildFilesPath/LegadoBookSource.build/Release-iphoneos/BookonDebugKit.build/Objects-normal/arm64/BookonDebugKit.LinkFileList
2026-10-05T12:39:45.4910080Z 
2026-10-05T12:39:45.4910780Z SwiftDriverJobDiscovery normal arm64 Compiling BookSourceRepository.swift, DebugEnvironment.swift, DebugLogStore.swift, DebugSession.swift, DebugSettings.swift (in target 'BookonDebugKit' from project 'LegadoBookSource')
2026-10-05T12:39:45.4911900Z 
2026-10-05T12:39:45.4916050Z SwiftDriver\ Compilation\ Requirements BookonDebugKit normal arm64 com.apple.xcode.tools.swift.compiler (in target 'BookonDebugKit' from project 'LegadoBookSource')
2026-10-05T12:39:45.4917860Z     cd /Users/runner/work/bookon/bookon
2026-10-05T12:39:45.4945430Z     builtin-Swift-Compilation-Requirements -- /Applications/Xcode_15.4.app/Contents/Developer/Toolchains/XcodeDefault.xctoolchain/usr/bin/swiftc -module-name BookonDebugKit -O -whole-module-optimization -enforce-exclusivity\=checked @/Users/runner/Library/Developer/Xcode/DerivedData/BookonDebug-ehazsigvxemoqzdtqumqzfgyfpkz/Build/Intermediates.noindex/ArchiveIntermediates/BookonDebug/IntermediateBuildFilesPath/LegadoBookSource.build/Release-iphoneos/BookonDebugKit.build/Objects-normal/arm64/BookonDebugKit.SwiftFileList -DSWIFT_PACKAGE -DXcode -sdk /Applications/Xcode_15.4.app/Contents/Developer/Platforms/iPhoneOS.platform/Developer/SDKs/iPhoneOS17.5.sdk -target arm64-apple-ios17.0 -g -module-cache-path /Users/runner/Library/Developer/Xcode/DerivedData/ModuleCache.noindex -Xfrontend -serialize-debugging-options -swift-version 5 -I /Users/runner/Library/Developer/Xcode/DerivedData/BookonDebug-ehazsigvxemoqzdtqumqzfgyfpkz/Build/Intermediates.noindex/ArchiveIntermediates/BookonDebug/BuildProductsPath/Release-iphoneos -I /Applications/Xcode_15.4.app/Contents/Developer/Platforms/iPhoneOS.platform/Developer/usr/lib -F /Users/runner/Library/Developer/Xcode/DerivedData/BookonDebug-ehazsigvxemoqzdtqumqzfgyfpkz/Build/Intermediates.noindex/ArchiveIntermediates/BookonDebug/BuildProductsPath/Release-iphoneos/PackageFrameworks -F /Users/runner/Library/Developer/Xcode/DerivedData/BookonDebug-ehazsigvxemoqzdtqumqzfgyfpkz/Build/Intermediates.noindex/ArchiveIntermediates/BookonDebug/BuildProductsPath/Release-iphoneos/PackageFrameworks -F /Users/runner/Library/Developer/Xcode/DerivedData/BookonDebug-ehazsigvxemoqzdtqumqzfgyfpkz/Build/Intermediates.noindex/ArchiveIntermediates/BookonDebug/BuildProductsPath/Release-iphoneos -F /Applications/Xcode_15.4.app/Contents/Developer/Platforms/iPhoneOS.platform/Developer/Library/Frameworks -F /Applications/Xcode_15.4.app/Contents/Developer/Platforms/iPhoneOS.platform/Developer/SDKs/iPhoneOS17.5.sdk/Developer/Library/Frameworks -c -num-threads 3 -Xcc -ivfsstatcache -Xcc /Users/runner/Library/Developer/Xcode/DerivedData/SDKStatCaches.noindex/iphoneos17.5-21F77-f0fa7969d082b13145125136a829df3a.sdkstatcache -output-file-map /Users/runner/Library/Developer/Xcode/DerivedData/BookonDebug-ehazsigvxemoqzdtqumqzfgyfpkz/Build/Intermediates.noindex/ArchiveIntermediates/BookonDebug/IntermediateBuildFilesPath/LegadoBookSource.build/Release-iphoneos/BookonDebugKit.build/Objects-normal/arm64/BookonDebugKit-OutputFileMap.json -use-frontend-parseable-output -save-temps -no-color-diagnostics -serialize-diagnostics -emit-dependencies -emit-module -emit-module-path /Users/runner/Library/Developer/Xcode/DerivedData/BookonDebug-ehazsigvxemoqzdtqumqzfgyfpkz/Build/Intermediates.noindex/ArchiveIntermediates/BookonDebug/IntermediateBuildFilesPath/LegadoBookSource.build/Release-iphoneos/BookonDebugKit.build/Objects-normal/arm64/BookonDebugKit.swiftmodule -validate-clang-modules-once -clang-build-session-file /Users/runner/Library/Developer/Xcode/DerivedData/ModuleCache.noindex/Session.modulevalidation -Xfrontend -package-name -Xfrontend bookon -Xcc -I/Users/runner/Library/Developer/Xcode/DerivedData/BookonDebug-ehazsigvxemoqzdtqumqzfgyfpkz/Build/Intermediates.noindex/ArchiveIntermediates/BookonDebug/IntermediateBuildFilesPath/LegadoBookSource.build/Release-iphoneos/BookonDebugKit.build/swift-overrides.hmap -emit-const-values -Xfrontend -const-gather-protocols-file -Xfrontend /Users/runner/Library/Developer/Xcode/DerivedData/BookonDebug-ehazsigvxemoqzdtqumqzfgyfpkz/Build/Intermediates.noindex/ArchiveIntermediates/BookonDebug/IntermediateBuildFilesPath/LegadoBookSource.build/Release-iphoneos/BookonDebugKit.build/Objects-normal/arm64/BookonDebugKit_const_extract_protocols.json -Xcc -I/Users/runner/Library/Developer/Xcode/DerivedData/BookonDebug-ehazsigvxemoqzdtqumqzfgyfpkz/Build/Intermediates.noindex/ArchiveIntermediates/BookonDebug/BuildProductsPath/Release-iphoneos/include -Xcc -I/Users/runner/Library/Developer/Xcode/DerivedData/BookonDebug-ehazsigvxemoqzdtqumqzfgyfpkz/Build/Intermediates.noindex/ArchiveIntermediates/BookonDebug/IntermediateBuildFilesPath/LegadoBookSource.build/Release-iphoneos/BookonDebugKit.build/DerivedSources-normal/arm64 -Xcc -I/Users/runner/Library/Developer/Xcode/DerivedData/BookonDebug-ehazsigvxemoqzdtqumqzfgyfpkz/Build/Intermediates.noindex/ArchiveIntermediates/BookonDebug/IntermediateBuildFilesPath/LegadoBookSource.build/Release-iphoneos/BookonDebugKit.build/DerivedSources/arm64 -Xcc -I/Users/runner/Library/Developer/Xcode/DerivedData/BookonDebug-ehazsigvxemoqzdtqumqzfgyfpkz/Build/Intermediates.noindex/ArchiveIntermediates/BookonDebug/IntermediateBuildFilesPath/LegadoBookSource.build/Release-iphoneos/BookonDebugKit.build/DerivedSources -Xcc -DSWIFT_PACKAGE -emit-objc-header -emit-objc-header-path /Users/runner/Library/Developer/Xcode/DerivedData/BookonDebug-ehazsigvxemoqzdtqumqzfgyfpkz/Build/Intermediates.noindex/ArchiveIntermediates/BookonDebug/IntermediateBuildFilesPath/LegadoBookSource.build/Release-iphoneos/BookonDebugKit.build/Objects-normal/arm64/BookonDebugKit-Swift.h -working-directory /Users/runner/work/bookon/bookon -no-emit-module-separately-wmo
2026-10-05T12:39:45.4962840Z 
2026-10-05T12:39:45.4965640Z SwiftMergeGeneratedHeaders /Users/runner/Library/Developer/Xcode/DerivedData/BookonDebug-ehazsigvxemoqzdtqumqzfgyfpkz/Build/Intermediates.noindex/ArchiveIntermediates/BookonDebug/IntermediateBuildFilesPath/GeneratedModuleMaps-iphoneos/BookonDebugKit-Swift.h /Users/runner/Library/Developer/Xcode/DerivedData/BookonDebug-ehazsigvxemoqzdtqumqzfgyfpkz/Build/Intermediates.noindex/ArchiveIntermediates/BookonDebug/IntermediateBuildFilesPath/LegadoBookSource.build/Release-iphoneos/BookonDebugKit.build/Objects-normal/arm64/BookonDebugKit-Swift.h (in target 'BookonDebugKit' from project 'LegadoBookSource')
2026-10-05T12:39:45.5017140Z     cd /Users/runner/work/bookon/bookon
2026-10-05T12:39:45.5120280Z     builtin-swiftHeaderTool -arch arm64 /Users/runner/Library/Developer/Xcode/DerivedData/BookonDebug-ehazsigvxemoqzdtqumqzfgyfpkz/Build/Intermediates.noindex/ArchiveIntermediates/BookonDebug/IntermediateBuildFilesPath/LegadoBookSource.build/Release-iphoneos/BookonDebugKit.build/Objects-normal/arm64/BookonDebugKit-Swift.h -o /Users/runner/Library/Developer/Xcode/DerivedData/BookonDebug-ehazsigvxemoqzdtqumqzfgyfpkz/Build/Intermediates.noindex/ArchiveIntermediates/BookonDebug/IntermediateBuildFilesPath/GeneratedModuleMaps-iphoneos/BookonDebugKit-Swift.h
2026-10-05T12:39:45.5223160Z 
2026-10-05T12:39:45.5273910Z Copy /Users/runner/Library/Developer/Xcode/DerivedData/BookonDebug-ehazsigvxemoqzdtqumqzfgyfpkz/Build/Intermediates.noindex/ArchiveIntermediates/BookonDebug/BuildProductsPath/Release-iphoneos/BookonDebugKit.swiftmodule/arm64-apple-ios.swiftmodule /Users/runner/Library/Developer/Xcode/DerivedData/BookonDebug-ehazsigvxemoqzdtqumqzfgyfpkz/Build/Intermediates.noindex/ArchiveIntermediates/BookonDebug/IntermediateBuildFilesPath/LegadoBookSource.build/Release-iphoneos/BookonDebugKit.build/Objects-normal/arm64/BookonDebugKit.swiftmodule (in target 'BookonDebugKit' from project 'LegadoBookSource')
2026-10-05T12:39:45.5284280Z     cd /Users/runner/work/bookon/bookon
2026-10-05T12:39:45.5289980Z     builtin-copy -exclude .DS_Store -exclude CVS -exclude .svn -exclude .git -exclude .hg -strip-unsigned-binaries -strip-deterministic -strip-tool /Applications/Xcode_15.4.app/Contents/Developer/Toolchains/XcodeDefault.xctoolchain/usr/bin/strip -resolve-src-symlinks -rename /Users/runner/Library/Developer/Xcode/DerivedData/BookonDebug-ehazsigvxemoqzdtqumqzfgyfpkz/Build/Intermediates.noindex/ArchiveIntermediates/BookonDebug/IntermediateBuildFilesPath/LegadoBookSource.build/Release-iphoneos/BookonDebugKit.build/Objects-normal/arm64/BookonDebugKit.swiftmodule /Users/runner/Library/Developer/Xcode/DerivedData/BookonDebug-ehazsigvxemoqzdtqumqzfgyfpkz/Build/Intermediates.noindex/ArchiveIntermediates/BookonDebug/BuildProductsPath/Release-iphoneos/BookonDebugKit.swiftmodule/arm64-apple-ios.swiftmodule
2026-10-05T12:39:45.5294220Z 
2026-10-05T12:39:45.5312450Z Copy /Users/runner/Library/Developer/Xcode/DerivedData/BookonDebug-ehazsigvxemoqzdtqumqzfgyfpkz/Build/Intermediates.noindex/ArchiveIntermediates/BookonDebug/BuildProductsPath/Release-iphoneos/BookonDebugKit.swiftmodule/arm64-apple-ios.swiftdoc /Users/runner/Library/Developer/Xcode/DerivedData/BookonDebug-ehazsigvxemoqzdtqumqzfgyfpkz/Build/Intermediates.noindex/ArchiveIntermediates/BookonDebug/IntermediateBuildFilesPath/LegadoBookSource.build/Release-iphoneos/BookonDebugKit.build/Objects-normal/arm64/BookonDebugKit.swiftdoc (in target 'BookonDebugKit' from project 'LegadoBookSource')
2026-10-05T12:39:45.5315540Z     cd /Users/runner/work/bookon/bookon
2026-10-05T12:39:45.5321560Z     builtin-copy -exclude .DS_Store -exclude CVS -exclude .svn -exclude .git -exclude .hg -strip-unsigned-binaries -strip-deterministic -strip-tool /Applications/Xcode_15.4.app/Contents/Developer/Toolchains/XcodeDefault.xctoolchain/usr/bin/strip -resolve-src-symlinks -rename /Users/runner/Library/Developer/Xcode/DerivedData/BookonDebug-ehazsigvxemoqzdtqumqzfgyfpkz/Build/Intermediates.noindex/ArchiveIntermediates/BookonDebug/IntermediateBuildFilesPath/LegadoBookSource.build/Release-iphoneos/BookonDebugKit.build/Objects-normal/arm64/BookonDebugKit.swiftdoc /Users/runner/Library/Developer/Xcode/DerivedData/BookonDebug-ehazsigvxemoqzdtqumqzfgyfpkz/Build/Intermediates.noindex/ArchiveIntermediates/BookonDebug/BuildProductsPath/Release-iphoneos/BookonDebugKit.swiftmodule/arm64-apple-ios.swiftdoc
2026-10-05T12:39:45.5326810Z 
2026-10-05T12:39:45.5329430Z Copy /Users/runner/Library/Developer/Xcode/DerivedData/BookonDebug-ehazsigvxemoqzdtqumqzfgyfpkz/Build/Intermediates.noindex/ArchiveIntermediates/BookonDebug/BuildProductsPath/Release-iphoneos/BookonDebugKit.swiftmodule/arm64-apple-ios.abi.json /Users/runner/Library/Developer/Xcode/DerivedData/BookonDebug-ehazsigvxemoqzdtqumqzfgyfpkz/Build/Intermediates.noindex/ArchiveIntermediates/BookonDebug/IntermediateBuildFilesPath/LegadoBookSource.build/Release-iphoneos/BookonDebugKit.build/Objects-normal/arm64/BookonDebugKit.abi.json (in target 'BookonDebugKit' from project 'LegadoBookSource')
2026-10-05T12:39:45.5332990Z     cd /Users/runner/work/bookon/bookon
2026-10-05T12:39:45.5335780Z     builtin-copy -exclude .DS_Store -exclude CVS -exclude .svn -exclude .git -exclude .hg -strip-unsigned-binaries -strip-deterministic -strip-tool /Applications/Xcode_15.4.app/Contents/Developer/Toolchains/XcodeDefault.xctoolchain/usr/bin/strip -resolve-src-symlinks -rename /Users/runner/Library/Developer/Xcode/DerivedData/BookonDebug-ehazsigvxemoqzdtqumqzfgyfpkz/Build/Intermediates.noindex/ArchiveIntermediates/BookonDebug/IntermediateBuildFilesPath/LegadoBookSource.build/Release-iphoneos/BookonDebugKit.build/Objects-normal/arm64/BookonDebugKit.abi.json /Users/runner/Library/Developer/Xcode/DerivedData/BookonDebug-ehazsigvxemoqzdtqumqzfgyfpkz/Build/Intermediates.noindex/ArchiveIntermediates/BookonDebug/BuildProductsPath/Release-iphoneos/BookonDebugKit.swiftmodule/arm64-apple-ios.abi.json
2026-10-05T12:39:45.5338280Z 
2026-10-05T12:39:45.5339190Z Ld /Users/runner/Library/Developer/Xcode/DerivedData/BookonDebug-ehazsigvxemoqzdtqumqzfgyfpkz/Build/Intermediates.noindex/ArchiveIntermediates/BookonDebug/IntermediateBuildFilesPath/UninstalledProducts/iphoneos/BookonDebugKit.o normal (in target 'BookonDebugKit' from project 'LegadoBookSource')
2026-10-05T12:39:45.5340660Z     cd /Users/runner/work/bookon/bookon
2026-10-05T12:39:45.5352160Z     /Applications/Xcode_15.4.app/Contents/Developer/Toolchains/XcodeDefault.xctoolchain/usr/bin/clang -Xlinker -reproducible -target arm64-apple-ios17.0 -r -isysroot /Applications/Xcode_15.4.app/Contents/Developer/Platforms/iPhoneOS.platform/Developer/SDKs/iPhoneOS17.5.sdk -Os -L/Users/runner/Library/Developer/Xcode/DerivedData/BookonDebug-ehazsigvxemoqzdtqumqzfgyfpkz/Build/Intermediates.noindex/ArchiveIntermediates/BookonDebug/IntermediateBuildFilesPath/EagerLinkingTBDs/Release-iphoneos -L/Users/runner/Library/Developer/Xcode/DerivedData/BookonDebug-ehazsigvxemoqzdtqumqzfgyfpkz/Build/Intermediates.noindex/ArchiveIntermediates/BookonDebug/BuildProductsPath/Release-iphoneos -L/Applications/Xcode_15.4.app/Contents/Developer/Platforms/iPhoneOS.platform/Developer/usr/lib -F/Users/runner/Library/Developer/Xcode/DerivedData/BookonDebug-ehazsigvxemoqzdtqumqzfgyfpkz/Build/Intermediates.noindex/ArchiveIntermediates/BookonDebug/IntermediateBuildFilesPath/EagerLinkingTBDs/Release-iphoneos -F/Users/runner/Library/Developer/Xcode/DerivedData/BookonDebug-ehazsigvxemoqzdtqumqzfgyfpkz/Build/Intermediates.noindex/ArchiveIntermediates/BookonDebug/BuildProductsPath/Release-iphoneos/PackageFrameworks -F/Users/runner/Library/Developer/Xcode/DerivedData/BookonDebug-ehazsigvxemoqzdtqumqzfgyfpkz/Build/Intermediates.noindex/ArchiveIntermediates/BookonDebug/BuildProductsPath/Release-iphoneos/PackageFrameworks -F/Users/runner/Library/Developer/Xcode/DerivedData/BookonDebug-ehazsigvxemoqzdtqumqzfgyfpkz/Build/Intermediates.noindex/ArchiveIntermediates/BookonDebug/BuildProductsPath/Release-iphoneos -iframework /Applications/Xcode_15.4.app/Contents/Developer/Platforms/iPhoneOS.platform/Developer/Library/Frameworks -iframework /Applications/Xcode_15.4.app/Contents/Developer/Platforms/iPhoneOS.platform/Developer/SDKs/iPhoneOS17.5.sdk/Developer/Library/Frameworks -filelist /Users/runner/Library/Developer/Xcode/DerivedData/BookonDebug-ehazsigvxemoqzdtqumqzfgyfpkz/Build/Intermediates.noindex/ArchiveIntermediates/BookonDebug/IntermediateBuildFilesPath/LegadoBookSource.build/Release-iphoneos/BookonDebugKit.build/Objects-normal/arm64/BookonDebugKit.LinkFileList -nostdlib -Xlinker -object_path_lto -Xlinker /Users/runner/Library/Developer/Xcode/DerivedData/BookonDebug-ehazsigvxemoqzdtqumqzfgyfpkz/Build/Intermediates.noindex/ArchiveIntermediates/BookonDebug/IntermediateBuildFilesPath/LegadoBookSource.build/Release-iphoneos/BookonDebugKit.build/Objects-normal/arm64/BookonDebugKit_lto.o -fobjc-link-runtime -L/Applications/Xcode_15.4.app/Contents/Developer/Toolchains/XcodeDefault.xctoolchain/usr/lib/swift/iphoneos -L/usr/lib/swift -Xlinker -add_ast_path -Xlinker /Users/runner/Library/Developer/Xcode/DerivedData/BookonDebug-ehazsigvxemoqzdtqumqzfgyfpkz/Build/Intermediates.noindex/ArchiveIntermediates/BookonDebug/IntermediateBuildFilesPath/LegadoBookSource.build/Release-iphoneos/BookonDebugKit.build/Objects-normal/arm64/BookonDebugKit.swiftmodule -Xlinker -dependency_info -Xlinker /Users/runner/Library/Developer/Xcode/DerivedData/BookonDebug-ehazsigvxemoqzdtqumqzfgyfpkz/Build/Intermediates.noindex/ArchiveIntermediates/BookonDebug/IntermediateBuildFilesPath/LegadoBookSource.build/Release-iphoneos/BookonDebugKit.build/Objects-normal/arm64/BookonDebugKit_dependency_info.dat -o /Users/runner/Library/Developer/Xcode/DerivedData/BookonDebug-ehazsigvxemoqzdtqumqzfgyfpkz/Build/Intermediates.noindex/ArchiveIntermediates/BookonDebug/IntermediateBuildFilesPath/UninstalledProducts/iphoneos/BookonDebugKit.o
2026-10-05T12:39:45.5389970Z 
2026-10-05T12:39:45.5392860Z WriteAuxiliaryFile /Users/runner/Library/Developer/Xcode/DerivedData/BookonDebug-ehazsigvxemoqzdtqumqzfgyfpkz/Build/Intermediates.noindex/ArchiveIntermediates/BookonDebug/IntermediateBuildFilesPath/BookonDebug.build/Release-iphoneos/BookonDebug.build/all-product-headers.yaml (in target 'BookonDebug' from project 'BookonDebug')
2026-10-05T12:39:45.5397030Z     cd /Users/runner/work/bookon/bookon
2026-10-05T12:39:45.5400070Z     write-file /Users/runner/Library/Developer/Xcode/DerivedData/BookonDebug-ehazsigvxemoqzdtqumqzfgyfpkz/Build/Intermediates.noindex/ArchiveIntermediates/BookonDebug/IntermediateBuildFilesPath/BookonDebug.build/Release-iphoneos/BookonDebug.build/all-product-headers.yaml
2026-10-05T12:39:45.5402600Z 
2026-10-05T12:39:45.5406330Z WriteAuxiliaryFile /Users/runner/Library/Developer/Xcode/DerivedData/BookonDebug-ehazsigvxemoqzdtqumqzfgyfpkz/Build/Intermediates.noindex/ArchiveIntermediates/BookonDebug/IntermediateBuildFilesPath/BookonDebug.build/Release-iphoneos/BookonDebug.build/BookonDebug.hmap (in target 'BookonDebug' from project 'BookonDebug')
2026-10-05T12:39:45.5413360Z     cd /Users/runner/work/bookon/bookon
2026-10-05T12:39:45.5416310Z     write-file /Users/runner/Library/Developer/Xcode/DerivedData/BookonDebug-ehazsigvxemoqzdtqumqzfgyfpkz/Build/Intermediates.noindex/ArchiveIntermediates/BookonDebug/IntermediateBuildFilesPath/BookonDebug.build/Release-iphoneos/BookonDebug.build/BookonDebug.hmap
2026-10-05T12:39:45.5418690Z 
2026-10-05T12:39:45.5421520Z WriteAuxiliaryFile /Users/runner/Library/Developer/Xcode/DerivedData/BookonDebug-ehazsigvxemoqzdtqumqzfgyfpkz/Build/Intermediates.noindex/ArchiveIntermediates/BookonDebug/IntermediateBuildFilesPath/BookonDebug.build/Release-iphoneos/BookonDebug.build/BookonDebug-project-headers.hmap (in target 'BookonDebug' from project 'BookonDebug')
2026-10-05T12:39:45.5425250Z     cd /Users/runner/work/bookon/bookon
2026-10-05T12:39:45.5428820Z     write-file /Users/runner/Library/Developer/Xcode/DerivedData/BookonDebug-ehazsigvxemoqzdtqumqzfgyfpkz/Build/Intermediates.noindex/ArchiveIntermediates/BookonDebug/IntermediateBuildFilesPath/BookonDebug.build/Release-iphoneos/BookonDebug.build/BookonDebug-project-headers.hmap
2026-10-05T12:39:45.5431400Z 
2026-10-05T12:39:45.5434320Z WriteAuxiliaryFile /Users/runner/Library/Developer/Xcode/DerivedData/BookonDebug-ehazsigvxemoqzdtqumqzfgyfpkz/Build/Intermediates.noindex/ArchiveIntermediates/BookonDebug/IntermediateBuildFilesPath/BookonDebug.build/Release-iphoneos/BookonDebug.build/BookonDebug-own-target-headers.hmap (in target 'BookonDebug' from project 'BookonDebug')
2026-10-05T12:39:45.5437710Z     cd /Users/runner/work/bookon/bookon
2026-10-05T12:39:45.5442830Z     write-file /Users/runner/Library/Developer/Xcode/DerivedData/BookonDebug-ehazsigvxemoqzdtqumqzfgyfpkz/Build/Intermediates.noindex/ArchiveIntermediates/BookonDebug/IntermediateBuildFilesPath/BookonDebug.build/Release-iphoneos/BookonDebug.build/BookonDebug-own-target-headers.hmap
2026-10-05T12:39:45.5445460Z 
2026-10-05T12:39:45.5448380Z WriteAuxiliaryFile /Users/runner/Library/Developer/Xcode/DerivedData/BookonDebug-ehazsigvxemoqzdtqumqzfgyfpkz/Build/Intermediates.noindex/ArchiveIntermediates/BookonDebug/IntermediateBuildFilesPath/BookonDebug.build/Release-iphoneos/BookonDebug.build/BookonDebug-generated-files.hmap (in target 'BookonDebug' from project 'BookonDebug')
2026-10-05T12:39:45.5451640Z     cd /Users/runner/work/bookon/bookon
2026-10-05T12:39:45.5457380Z     write-file /Users/runner/Library/Developer/Xcode/DerivedData/BookonDebug-ehazsigvxemoqzdtqumqzfgyfpkz/Build/Intermediates.noindex/ArchiveIntermediates/BookonDebug/IntermediateBuildFilesPath/BookonDebug.build/Release-iphoneos/BookonDebug.build/BookonDebug-generated-files.hmap
2026-10-05T12:39:45.5460550Z 
2026-10-05T12:39:45.5463820Z WriteAuxiliaryFile /Users/runner/Library/Developer/Xcode/DerivedData/BookonDebug-ehazsigvxemoqzdtqumqzfgyfpkz/Build/Intermediates.noindex/ArchiveIntermediates/BookonDebug/IntermediateBuildFilesPath/BookonDebug.build/Release-iphoneos/BookonDebug.build/BookonDebug-all-target-headers.hmap (in target 'BookonDebug' from project 'BookonDebug')
2026-10-05T12:39:45.5467200Z     cd /Users/runner/work/bookon/bookon
2026-10-05T12:39:45.5470520Z     write-file /Users/runner/Library/Developer/Xcode/DerivedData/BookonDebug-ehazsigvxemoqzdtqumqzfgyfpkz/Build/Intermediates.noindex/ArchiveIntermediates/BookonDebug/IntermediateBuildFilesPath/BookonDebug.build/Release-iphoneos/BookonDebug.build/BookonDebug-all-target-headers.hmap
2026-10-05T12:39:45.5474020Z 
2026-10-05T12:39:45.5477080Z WriteAuxiliaryFile /Users/runner/Library/Developer/Xcode/DerivedData/BookonDebug-ehazsigvxemoqzdtqumqzfgyfpkz/Build/Intermediates.noindex/ArchiveIntermediates/BookonDebug/IntermediateBuildFilesPath/BookonDebug.build/Release-iphoneos/BookonDebug.build/BookonDebug-all-non-framework-target-headers.hmap (in target 'BookonDebug' from project 'BookonDebug')
2026-10-05T12:39:45.5481010Z     cd /Users/runner/work/bookon/bookon
2026-10-05T12:39:45.5482190Z     write-file /Users/runner/Library/Developer/Xcode/DerivedData/BookonDebug-ehazsigvxemoqzdtqumqzfgyfpkz/Build/Intermediates.noindex/ArchiveIntermediates/BookonDebug/IntermediateBuildFilesPath/BookonDebug.build/Release-iphoneos/BookonDebug.build/BookonDebug-all-non-framework-target-headers.hmap
2026-10-05T12:39:45.5483300Z 
2026-10-05T12:39:45.5484420Z WriteAuxiliaryFile /Users/runner/Library/Developer/Xcode/DerivedData/BookonDebug-ehazsigvxemoqzdtqumqzfgyfpkz/Build/Intermediates.noindex/ArchiveIntermediates/BookonDebug/IntermediateBuildFilesPath/BookonDebug.build/Release-iphoneos/BookonDebug.build/Objects-normal/arm64/BookonDebug_const_extract_protocols.json (in target 'BookonDebug' from project 'BookonDebug')
2026-10-05T12:39:45.5485720Z     cd /Users/runner/work/bookon/bookon
2026-10-05T12:39:45.5486920Z     write-file /Users/runner/Library/Developer/Xcode/DerivedData/BookonDebug-ehazsigvxemoqzdtqumqzfgyfpkz/Build/Intermediates.noindex/ArchiveIntermediates/BookonDebug/IntermediateBuildFilesPath/BookonDebug.build/Release-iphoneos/BookonDebug.build/Objects-normal/arm64/BookonDebug_const_extract_protocols.json
2026-10-05T12:39:45.5487960Z 
2026-10-05T12:39:45.5489110Z WriteAuxiliaryFile /Users/runner/Library/Developer/Xcode/DerivedData/BookonDebug-ehazsigvxemoqzdtqumqzfgyfpkz/Build/Intermediates.noindex/ArchiveIntermediates/BookonDebug/IntermediateBuildFilesPath/BookonDebug.build/Release-iphoneos/BookonDebug.build/Objects-normal/arm64/BookonDebug.SwiftFileList (in target 'BookonDebug' from project 'BookonDebug')
2026-10-05T12:39:45.5490370Z     cd /Users/runner/work/bookon/bookon
2026-10-05T12:39:45.5491510Z     write-file /Users/runner/Library/Developer/Xcode/DerivedData/BookonDebug-ehazsigvxemoqzdtqumqzfgyfpkz/Build/Intermediates.noindex/ArchiveIntermediates/BookonDebug/IntermediateBuildFilesPath/BookonDebug.build/Release-iphoneos/BookonDebug.build/Objects-normal/arm64/BookonDebug.SwiftFileList
2026-10-05T12:39:45.5492500Z 
2026-10-05T12:39:45.5493620Z WriteAuxiliaryFile /Users/runner/Library/Developer/Xcode/DerivedData/BookonDebug-ehazsigvxemoqzdtqumqzfgyfpkz/Build/Intermediates.noindex/ArchiveIntermediates/BookonDebug/IntermediateBuildFilesPath/BookonDebug.build/Release-iphoneos/BookonDebug.build/Objects-normal/arm64/BookonDebug-OutputFileMap.json (in target 'BookonDebug' from project 'BookonDebug')
2026-10-05T12:39:45.5494900Z     cd /Users/runner/work/bookon/bookon
2026-10-05T12:39:45.5495990Z     write-file /Users/runner/Library/Developer/Xcode/DerivedData/BookonDebug-ehazsigvxemoqzdtqumqzfgyfpkz/Build/Intermediates.noindex/ArchiveIntermediates/BookonDebug/IntermediateBuildFilesPath/BookonDebug.build/Release-iphoneos/BookonDebug.build/Objects-normal/arm64/BookonDebug-OutputFileMap.json
2026-10-05T12:39:45.5496990Z 
2026-10-05T12:39:45.5497320Z SwiftDriver BookonDebug normal arm64 com.apple.xcode.tools.swift.compiler (in target 'BookonDebug' from project 'BookonDebug')
2026-10-05T12:39:45.5497900Z     cd /Users/runner/work/bookon/bookon
2026-10-05T12:39:45.5526080Z     builtin-SwiftDriver -- /Applications/Xcode_15.4.app/Contents/Developer/Toolchains/XcodeDefault.xctoolchain/usr/bin/swiftc -module-name BookonDebug -O -whole-module-optimization -enforce-exclusivity\=checked @/Users/runner/Library/Developer/Xcode/DerivedData/BookonDebug-ehazsigvxemoqzdtqumqzfgyfpkz/Build/Intermediates.noindex/ArchiveIntermediates/BookonDebug/IntermediateBuildFilesPath/BookonDebug.build/Release-iphoneos/BookonDebug.build/Objects-normal/arm64/BookonDebug.SwiftFileList -sdk /Applications/Xcode_15.4.app/Contents/Developer/Platforms/iPhoneOS.platform/Developer/SDKs/iPhoneOS17.5.sdk -target arm64-apple-ios17.0 -enable-bare-slash-regex -g -module-cache-path /Users/runner/Library/Developer/Xcode/DerivedData/ModuleCache.noindex -Xfrontend -serialize-debugging-options -swift-version 5 -I /Users/runner/Library/Developer/Xcode/DerivedData/BookonDebug-ehazsigvxemoqzdtqumqzfgyfpkz/Build/Intermediates.noindex/ArchiveIntermediates/BookonDebug/BuildProductsPath/Release-iphoneos -F /Users/runner/Library/Developer/Xcode/DerivedData/BookonDebug-ehazsigvxemoqzdtqumqzfgyfpkz/Build/Intermediates.noindex/ArchiveIntermediates/BookonDebug/BuildProductsPath/Release-iphoneos/PackageFrameworks -F /Users/runner/Library/Developer/Xcode/DerivedData/BookonDebug-ehazsigvxemoqzdtqumqzfgyfpkz/Build/Intermediates.noindex/ArchiveIntermediates/BookonDebug/BuildProductsPath/Release-iphoneos/PackageFrameworks -F /Users/runner/Library/Developer/Xcode/DerivedData/BookonDebug-ehazsigvxemoqzdtqumqzfgyfpkz/Build/Intermediates.noindex/ArchiveIntermediates/BookonDebug/BuildProductsPath/Release-iphoneos/PackageFrameworks -F /Users/runner/Library/Developer/Xcode/DerivedData/BookonDebug-ehazsigvxemoqzdtqumqzfgyfpkz/Build/Intermediates.noindex/ArchiveIntermediates/BookonDebug/BuildProductsPath/Release-iphoneos -c -num-threads 3 -Xcc -ivfsstatcache -Xcc /Users/runner/Library/Developer/Xcode/DerivedData/SDKStatCaches.noindex/iphoneos17.5-21F77-f0fa7969d082b13145125136a829df3a.sdkstatcache -output-file-map /Users/runner/Library/Developer/Xcode/DerivedData/BookonDebug-ehazsigvxemoqzdtqumqzfgyfpkz/Build/Intermediates.noindex/ArchiveIntermediates/BookonDebug/IntermediateBuildFilesPath/BookonDebug.build/Release-iphoneos/BookonDebug.build/Objects-normal/arm64/BookonDebug-OutputFileMap.json -use-frontend-parseable-output -save-temps -no-color-diagnostics -serialize-diagnostics -emit-dependencies -emit-module -emit-module-path /Users/runner/Library/Developer/Xcode/DerivedData/BookonDebug-ehazsigvxemoqzdtqumqzfgyfpkz/Build/Intermediates.noindex/ArchiveIntermediates/BookonDebug/IntermediateBuildFilesPath/BookonDebug.build/Release-iphoneos/BookonDebug.build/Objects-normal/arm64/BookonDebug.swiftmodule -validate-clang-modules-once -clang-build-session-file /Users/runner/Library/Developer/Xcode/DerivedData/ModuleCache.noindex/Session.modulevalidation -Xcc -I/Users/runner/Library/Developer/Xcode/DerivedData/BookonDebug-ehazsigvxemoqzdtqumqzfgyfpkz/Build/Intermediates.noindex/ArchiveIntermediates/BookonDebug/IntermediateBuildFilesPath/BookonDebug.build/Release-iphoneos/BookonDebug.build/swift-overrides.hmap -emit-const-values -Xfrontend -const-gather-protocols-file -Xfrontend /Users/runner/Library/Developer/Xcode/DerivedData/BookonDebug-ehazsigvxemoqzdtqumqzfgyfpkz/Build/Intermediates.noindex/ArchiveIntermediates/BookonDebug/IntermediateBuildFilesPath/BookonDebug.build/Release-iphoneos/BookonDebug.build/Objects-normal/arm64/BookonDebug_const_extract_protocols.json -Xcc -iquote -Xcc /Users/runner/Library/Developer/Xcode/DerivedData/BookonDebug-ehazsigvxemoqzdtqumqzfgyfpkz/Build/Intermediates.noindex/ArchiveIntermediates/BookonDebug/IntermediateBuildFilesPath/BookonDebug.build/Release-iphoneos/BookonDebug.build/BookonDebug-generated-files.hmap -Xcc -I/Users/runner/Library/Developer/Xcode/DerivedData/BookonDebug-ehazsigvxemoqzdtqumqzfgyfpkz/Build/Intermediates.noindex/ArchiveIntermediates/BookonDebug/IntermediateBuildFilesPath/BookonDebug.build/Release-iphoneos/BookonDebug.build/BookonDebug-own-target-headers.hmap -Xcc -I/Users/runner/Library/Developer/Xcode/DerivedData/BookonDebug-ehazsigvxemoqzdtqumqzfgyfpkz/Build/Intermediates.noindex/ArchiveIntermediates/BookonDebug/IntermediateBuildFilesPath/BookonDebug.build/Release-iphoneos/BookonDebug.build/BookonDebug-all-non-framework-target-headers.hmap -Xcc -ivfsoverlay -Xcc /Users/runner/Library/Developer/Xcode/DerivedData/BookonDebug-ehazsigvxemoqzdtqumqzfgyfpkz/Build/Intermediates.noindex/ArchiveIntermediates/BookonDebug/IntermediateBuildFilesPath/BookonDebug.build/Release-iphoneos/BookonDebug.build/all-product-headers.yaml -Xcc -iquote -Xcc /Users/runner/Library/Developer/Xcode/DerivedData/BookonDebug-ehazsigvxemoqzdtqumqzfgyfpkz/Build/Intermediates.noindex/ArchiveIntermediates/BookonDebug/IntermediateBuildFilesPath/BookonDebug.build/Release-iphoneos/BookonDebug.build/BookonDebug-project-headers.hmap -Xcc -I/Users/runner/Library/Developer/Xcode/DerivedData/BookonDebug-ehazsigvxemoqzdtqumqzfgyfpkz/Build/Intermediates.noindex/ArchiveIntermediates/BookonDebug/BuildProductsPath/Release-iphoneos/include -Xcc -I/Users/runner/Library/Developer/Xcode/DerivedData/BookonDebug-ehazsigvxemoqzdtqumqzfgyfpkz/Build/Intermediates.noindex/ArchiveIntermediates/BookonDebug/IntermediateBuildFilesPath/BookonDebug.build/Release-iphoneos/BookonDebug.build/DerivedSources-normal/arm64 -Xcc -I/Users/runner/Library/Developer/Xcode/DerivedData/BookonDebug-ehazsigvxemoqzdtqumqzfgyfpkz/Build/Intermediates.noindex/ArchiveIntermediates/BookonDebug/IntermediateBuildFilesPath/BookonDebug.build/Release-iphoneos/BookonDebug.build/DerivedSources/arm64 -Xcc -I/Users/runner/Library/Developer/Xcode/DerivedData/BookonDebug-ehazsigvxemoqzdtqumqzfgyfpkz/Build/Intermediates.noindex/ArchiveIntermediates/BookonDebug/IntermediateBuildFilesPath/BookonDebug.build/Release-iphoneos/BookonDebug.build/DerivedSources -emit-objc-header -emit-objc-header-path /Users/runner/Library/Developer/Xcode/DerivedData/BookonDebug-ehazsigvxemoqzdtqumqzfgyfpkz/Build/Intermediates.noindex/ArchiveIntermediates/BookonDebug/IntermediateBuildFilesPath/BookonDebug.build/Release-iphoneos/BookonDebug.build/Objects-normal/arm64/BookonDebug-Swift.h -working-directory /Users/runner/work/bookon/bookon -no-emit-module-separately-wmo
2026-10-05T12:39:45.5546730Z 
2026-10-05T12:39:45.5547190Z SwiftDriver\ Compilation BookonDebug normal arm64 com.apple.xcode.tools.swift.compiler (in target 'BookonDebug' from project 'BookonDebug')
2026-10-05T12:39:45.5547820Z     cd /Users/runner/work/bookon/bookon
2026-10-05T12:39:45.5671520Z     builtin-Swift-Compilation -- /Applications/Xcode_15.4.app/Contents/Developer/Toolchains/XcodeDefault.xctoolchain/usr/bin/swiftc -module-name BookonDebug -O -whole-module-optimization -enforce-exclusivity\=checked @/Users/runner/Library/Developer/Xcode/DerivedData/BookonDebug-ehazsigvxemoqzdtqumqzfgyfpkz/Build/Intermediates.noindex/ArchiveIntermediates/BookonDebug/IntermediateBuildFilesPath/BookonDebug.build/Release-iphoneos/BookonDebug.build/Objects-normal/arm64/BookonDebug.SwiftFileList -sdk /Applications/Xcode_15.4.app/Contents/Developer/Platforms/iPhoneOS.platform/Developer/SDKs/iPhoneOS17.5.sdk -target arm64-apple-ios17.0 -enable-bare-slash-regex -g -module-cache-path /Users/runner/Library/Developer/Xcode/DerivedData/ModuleCache.noindex -Xfrontend -serialize-debugging-options -swift-version 5 -I /Users/runner/Library/Developer/Xcode/DerivedData/BookonDebug-ehazsigvxemoqzdtqumqzfgyfpkz/Build/Intermediates.noindex/ArchiveIntermediates/BookonDebug/BuildProductsPath/Release-iphoneos -F /Users/runner/Library/Developer/Xcode/DerivedData/BookonDebug-ehazsigvxemoqzdtqumqzfgyfpkz/Build/Intermediates.noindex/ArchiveIntermediates/BookonDebug/BuildProductsPath/Release-iphoneos/PackageFrameworks -F /Users/runner/Library/Developer/Xcode/DerivedData/BookonDebug-ehazsigvxemoqzdtqumqzfgyfpkz/Build/Intermediates.noindex/ArchiveIntermediates/BookonDebug/BuildProductsPath/Release-iphoneos/PackageFrameworks -F /Users/runner/Library/Developer/Xcode/DerivedData/BookonDebug-ehazsigvxemoqzdtqumqzfgyfpkz/Build/Intermediates.noindex/ArchiveIntermediates/BookonDebug/BuildProductsPath/Release-iphoneos/PackageFrameworks -F /Users/runner/Library/Developer/Xcode/DerivedData/BookonDebug-ehazsigvxemoqzdtqumqzfgyfpkz/Build/Intermediates.noindex/ArchiveIntermediates/BookonDebug/BuildProductsPath/Release-iphoneos -c -num-threads 3 -Xcc -ivfsstatcache -Xcc /Users/runner/Library/Developer/Xcode/DerivedData/SDKStatCaches.noindex/iphoneos17.5-21F77-f0fa7969d082b13145125136a829df3a.sdkstatcache -output-file-map /Users/runner/Library/Developer/Xcode/DerivedData/BookonDebug-ehazsigvxemoqzdtqumqzfgyfpkz/Build/Intermediates.noindex/ArchiveIntermediates/BookonDebug/IntermediateBuildFilesPath/BookonDebug.build/Release-iphoneos/BookonDebug.build/Objects-normal/arm64/BookonDebug-OutputFileMap.json -use-frontend-parseable-output -save-temps -no-color-diagnostics -serialize-diagnostics -emit-dependencies -emit-module -emit-module-path /Users/runner/Library/Developer/Xcode/DerivedData/BookonDebug-ehazsigvxemoqzdtqumqzfgyfpkz/Build/Intermediates.noindex/ArchiveIntermediates/BookonDebug/IntermediateBuildFilesPath/BookonDebug.build/Release-iphoneos/BookonDebug.build/Objects-normal/arm64/BookonDebug.swiftmodule -validate-clang-modules-once -clang-build-session-file /Users/runner/Library/Developer/Xcode/DerivedData/ModuleCache.noindex/Session.modulevalidation -Xcc -I/Users/runner/Library/Developer/Xcode/DerivedData/BookonDebug-ehazsigvxemoqzdtqumqzfgyfpkz/Build/Intermediates.noindex/ArchiveIntermediates/BookonDebug/IntermediateBuildFilesPath/BookonDebug.build/Release-iphoneos/BookonDebug.build/swift-overrides.hmap -emit-const-values -Xfrontend -const-gather-protocols-file -Xfrontend /Users/runner/Library/Developer/Xcode/DerivedData/BookonDebug-ehazsigvxemoqzdtqumqzfgyfpkz/Build/Intermediates.noindex/ArchiveIntermediates/BookonDebug/IntermediateBuildFilesPath/BookonDebug.build/Release-iphoneos/BookonDebug.build/Objects-normal/arm64/BookonDebug_const_extract_protocols.json -Xcc -iquote -Xcc /Users/runner/Library/Developer/Xcode/DerivedData/BookonDebug-ehazsigvxemoqzdtqumqzfgyfpkz/Build/Intermediates.noindex/ArchiveIntermediates/BookonDebug/IntermediateBuildFilesPath/BookonDebug.build/Release-iphoneos/BookonDebug.build/BookonDebug-generated-files.hmap -Xcc -I/Users/runner/Library/Developer/Xcode/DerivedData/BookonDebug-ehazsigvxemoqzdtqumqzfgyfpkz/Build/Intermediates.noindex/ArchiveIntermediates/BookonDebug/IntermediateBuildFilesPath/BookonDebug.build/Release-iphoneos/BookonDebug.build/BookonDebug-own-target-headers.hmap -Xcc -I/Users/runner/Library/Developer/Xcode/DerivedData/BookonDebug-ehazsigvxemoqzdtqumqzfgyfpkz/Build/Intermediates.noindex/ArchiveIntermediates/BookonDebug/IntermediateBuildFilesPath/BookonDebug.build/Release-iphoneos/BookonDebug.build/BookonDebug-all-non-framework-target-headers.hmap -Xcc -ivfsoverlay -Xcc /Users/runner/Library/Developer/Xcode/DerivedData/BookonDebug-ehazsigvxemoqzdtqumqzfgyfpkz/Build/Intermediates.noindex/ArchiveIntermediates/BookonDebug/IntermediateBuildFilesPath/BookonDebug.build/Release-iphoneos/BookonDebug.build/all-product-headers.yaml -Xcc -iquote -Xcc /Users/runner/Library/Developer/Xcode/DerivedData/BookonDebug-ehazsigvxemoqzdtqumqzfgyfpkz/Build/Intermediates.noindex/ArchiveIntermediates/BookonDebug/IntermediateBuildFilesPath/BookonDebug.build/Release-iphoneos/BookonDebug.build/BookonDebug-project-headers.hmap -Xcc -I/Users/runner/Library/Developer/Xcode/DerivedData/BookonDebug-ehazsigvxemoqzdtqumqzfgyfpkz/Build/Intermediates.noindex/ArchiveIntermediates/BookonDebug/BuildProductsPath/Release-iphoneos/include -Xcc -I/Users/runner/Library/Developer/Xcode/DerivedData/BookonDebug-ehazsigvxemoqzdtqumqzfgyfpkz/Build/Intermediates.noindex/ArchiveIntermediates/BookonDebug/IntermediateBuildFilesPath/BookonDebug.build/Release-iphoneos/BookonDebug.build/DerivedSources-normal/arm64 -Xcc -I/Users/runner/Library/Developer/Xcode/DerivedData/BookonDebug-ehazsigvxemoqzdtqumqzfgyfpkz/Build/Intermediates.noindex/ArchiveIntermediates/BookonDebug/IntermediateBuildFilesPath/BookonDebug.build/Release-iphoneos/BookonDebug.build/DerivedSources/arm64 -Xcc -I/Users/runner/Library/Developer/Xcode/DerivedData/BookonDebug-ehazsigvxemoqzdtqumqzfgyfpkz/Build/Intermediates.noindex/ArchiveIntermediates/BookonDebug/IntermediateBuildFilesPath/BookonDebug.build/Release-iphoneos/BookonDebug.build/DerivedSources -emit-objc-header -emit-objc-header-path /Users/runner/Library/Developer/Xcode/DerivedData/BookonDebug-ehazsigvxemoqzdtqumqzfgyfpkz/Build/Intermediates.noindex/ArchiveIntermediates/BookonDebug/IntermediateBuildFilesPath/BookonDebug.build/Release-iphoneos/BookonDebug.build/Objects-normal/arm64/BookonDebug-Swift.h -working-directory /Users/runner/work/bookon/bookon -no-emit-module-separately-wmo
2026-10-05T12:39:45.5695700Z 
2026-10-05T12:39:45.5697600Z SwiftCompile normal arm64 Compiling\ BookonDebugApp.swift,\ ContentView.swift,\ DebugView.swift,\ SettingsView.swift,\ SourceListView.swift /Users/runner/work/bookon/bookon/App/BookonDebugApp.swift /Users/runner/work/bookon/bookon/App/ContentView.swift /Users/runner/work/bookon/bookon/App/DebugView.swift /Users/runner/work/bookon/bookon/App/SettingsView.swift /Users/runner/work/bookon/bookon/App/SourceListView.swift (in target 'BookonDebug' from project 'BookonDebug')
2026-10-05T12:39:45.5708160Z     cd /Users/runner/work/bookon/bookon
2026-10-05T12:39:45.5752750Z     builtin-swiftTaskExecution -- /Applications/Xcode_15.4.app/Contents/Developer/Toolchains/XcodeDefault.xctoolchain/usr/bin/swift-frontend -frontend -c /Users/runner/work/bookon/bookon/App/BookonDebugApp.swift /Users/runner/work/bookon/bookon/App/ContentView.swift /Users/runner/work/bookon/bookon/App/DebugView.swift /Users/runner/work/bookon/bookon/App/SettingsView.swift /Users/runner/work/bookon/bookon/App/SourceListView.swift -supplementary-output-file-map /Users/runner/Library/Developer/Xcode/DerivedData/BookonDebug-ehazsigvxemoqzdtqumqzfgyfpkz/Build/Intermediates.noindex/ArchiveIntermediates/BookonDebug/IntermediateBuildFilesPath/BookonDebug.build/Release-iphoneos/BookonDebug.build/Objects-normal/arm64/supplementaryOutputs-4 -target arm64-apple-ios17.0 -Xllvm -aarch64-use-tbi -enable-objc-interop -stack-check -sdk /Applications/Xcode_15.4.app/Contents/Developer/Platforms/iPhoneOS.platform/Developer/SDKs/iPhoneOS17.5.sdk -I /Users/runner/Library/Developer/Xcode/DerivedData/BookonDebug-ehazsigvxemoqzdtqumqzfgyfpkz/Build/Intermediates.noindex/ArchiveIntermediates/BookonDebug/BuildProductsPath/Release-iphoneos -F /Users/runner/Library/Developer/Xcode/DerivedData/BookonDebug-ehazsigvxemoqzdtqumqzfgyfpkz/Build/Intermediates.noindex/ArchiveIntermediates/BookonDebug/BuildProductsPath/Release-iphoneos/PackageFrameworks -F /Users/runner/Library/Developer/Xcode/DerivedData/BookonDebug-ehazsigvxemoqzdtqumqzfgyfpkz/Build/Intermediates.noindex/ArchiveIntermediates/BookonDebug/BuildProductsPath/Release-iphoneos/PackageFrameworks -F /Users/runner/Library/Developer/Xcode/DerivedData/BookonDebug-ehazsigvxemoqzdtqumqzfgyfpkz/Build/Intermediates.noindex/ArchiveIntermediates/BookonDebug/BuildProductsPath/Release-iphoneos/PackageFrameworks -F /Users/runner/Library/Developer/Xcode/DerivedData/BookonDebug-ehazsigvxemoqzdtqumqzfgyfpkz/Build/Intermediates.noindex/ArchiveIntermediates/BookonDebug/BuildProductsPath/Release-iphoneos -no-color-diagnostics -g -module-cache-path /Users/runner/Library/Developer/Xcode/DerivedData/ModuleCache.noindex -swift-version 5 -enforce-exclusivity\=checked -O -serialize-debugging-options -const-gather-protocols-file /Users/runner/Library/Developer/Xcode/DerivedData/BookonDebug-ehazsigvxemoqzdtqumqzfgyfpkz/Build/Intermediates.noindex/ArchiveIntermediates/BookonDebug/IntermediateBuildFilesPath/BookonDebug.build/Release-iphoneos/BookonDebug.build/Objects-normal/arm64/BookonDebug_const_extract_protocols.json -enable-bare-slash-regex -empty-abi-descriptor -validate-clang-modules-once -clang-build-session-file /Users/runner/Library/Developer/Xcode/DerivedData/ModuleCache.noindex/Session.modulevalidation -Xcc -working-directory -Xcc /Users/runner/work/bookon/bookon -resource-dir /Applications/Xcode_15.4.app/Contents/Developer/Toolchains/XcodeDefault.xctoolchain/usr/lib/swift -Xcc -ivfsstatcache -Xcc /Users/runner/Library/Developer/Xcode/DerivedData/SDKStatCaches.noindex/iphoneos17.5-21F77-f0fa7969d082b13145125136a829df3a.sdkstatcache -Xcc -I/Users/runner/Library/Developer/Xcode/DerivedData/BookonDebug-ehazsigvxemoqzdtqumqzfgyfpkz/Build/Intermediates.noindex/ArchiveIntermediates/BookonDebug/IntermediateBuildFilesPath/BookonDebug.build/Release-iphoneos/BookonDebug.build/swift-overrides.hmap -Xcc -iquote -Xcc /Users/runner/Library/Developer/Xcode/DerivedData/BookonDebug-ehazsigvxemoqzdtqumqzfgyfpkz/Build/Intermediates.noindex/ArchiveIntermediates/BookonDebug/IntermediateBuildFilesPath/BookonDebug.build/Release-iphoneos/BookonDebug.build/BookonDebug-generated-files.hmap -Xcc -I/Users/runner/Library/Developer/Xcode/DerivedData/BookonDebug-ehazsigvxemoqzdtqumqzfgyfpkz/Build/Intermediates.noindex/ArchiveIntermediates/BookonDebug/IntermediateBuildFilesPath/BookonDebug.build/Release-iphoneos/BookonDebug.build/BookonDebug-own-target-headers.hmap -Xcc -I/Users/runner/Library/Developer/Xcode/DerivedData/BookonDebug-ehazsigvxemoqzdtqumqzfgyfpkz/Build/Intermediates.noindex/ArchiveIntermediates/BookonDebug/IntermediateBuildFilesPath/BookonDebug.build/Release-iphoneos/BookonDebug.build/BookonDebug-all-non-framework-target-headers.hmap -Xcc -ivfsoverlay -Xcc /Users/runner/Library/Developer/Xcode/DerivedData/BookonDebug-ehazsigvxemoqzdtqumqzfgyfpkz/Build/Intermediates.noindex/ArchiveIntermediates/BookonDebug/IntermediateBuildFilesPath/BookonDebug.build/Release-iphoneos/BookonDebug.build/all-product-headers.yaml -Xcc -iquote -Xcc /Users/runner/Library/Developer/Xcode/DerivedData/BookonDebug-ehazsigvxemoqzdtqumqzfgyfpkz/Build/Intermediates.noindex/ArchiveIntermediates/BookonDebug/IntermediateBuildFilesPath/BookonDebug.build/Release-iphoneos/BookonDebug.build/BookonDebug-project-headers.hmap -Xcc -I/Users/runner/Library/Developer/Xcode/DerivedData/BookonDebug-ehazsigvxemoqzdtqumqzfgyfpkz/Build/Intermediates.noindex/ArchiveIntermediates/BookonDebug/BuildProductsPath/Release-iphoneos/include -Xcc -I/Users/runner/Library/Developer/Xcode/DerivedData/BookonDebug-ehazsigvxemoqzdtqumqzfgyfpkz/Build/Intermediates.noindex/ArchiveIntermediates/BookonDebug/IntermediateBuildFilesPath/BookonDebug.build/Release-iphoneos/BookonDebug.build/DerivedSources-normal/arm64 -Xcc -I/Users/runner/Library/Developer/Xcode/DerivedData/BookonDebug-ehazsigvxemoqzdtqumqzfgyfpkz/Build/Intermediates.noindex/ArchiveIntermediates/BookonDebug/IntermediateBuildFilesPath/BookonDebug.build/Release-iphoneos/BookonDebug.build/DerivedSources/arm64 -Xcc -I/Users/runner/Library/Developer/Xcode/DerivedData/BookonDebug-ehazsigvxemoqzdtqumqzfgyfpkz/Build/Intermediates.noindex/ArchiveIntermediates/BookonDebug/IntermediateBuildFilesPath/BookonDebug.build/Release-iphoneos/BookonDebug.build/DerivedSources -module-name BookonDebug -frontend-parseable-output -disable-clang-spi -target-sdk-version 17.5 -target-sdk-name iphoneos17.5 -external-plugin-path /Applications/Xcode_15.4.app/Contents/Developer/Platforms/iPhoneOS.platform/Developer/SDKs/iPhoneOS17.5.sdk/usr/lib/swift/host/plugins\#/Applications/Xcode_15.4.app/Contents/Developer/Platforms/iPhoneOS.platform/Developer/SDKs/iPhoneOS17.5.sdk/usr/bin/swift-plugin-server -external-plugin-path /Applications/Xcode_15.4.app/Contents/Developer/Platforms/iPhoneOS.platform/Developer/SDKs/iPhoneOS17.5.sdk/usr/local/lib/swift/host/plugins\#/Applications/Xcode_15.4.app/Contents/Developer/Platforms/iPhoneOS.platform/Developer/SDKs/iPhoneOS17.5.sdk/usr/bin/swift-plugin-server -external-plugin-path /Applications/Xcode_15.4.app/Contents/Developer/Platforms/iPhoneOS.platform/Developer/usr/lib/swift/host/plugins\#/Applications/Xcode_15.4.app/Contents/Developer/Platforms/iPhoneOS.platform/Developer/usr/bin/swift-plugin-server -external-plugin-path /Applications/Xcode_15.4.app/Contents/Developer/Platforms/iPhoneOS.platform/Developer/usr/local/lib/swift/host/plugins\#/Applications/Xcode_15.4.app/Contents/Developer/Platforms/iPhoneOS.platform/Developer/usr/bin/swift-plugin-server -plugin-path /Applications/Xcode_15.4.app/Contents/Developer/Toolchains/XcodeDefault.xctoolchain/usr/lib/swift/host/plugins -plugin-path /Applications/Xcode_15.4.app/Contents/Developer/Toolchains/XcodeDefault.xctoolchain/usr/local/lib/swift/host/plugins -enable-default-cmo -num-threads 3 -o /Users/runner/Library/Developer/Xcode/DerivedData/BookonDebug-ehazsigvxemoqzdtqumqzfgyfpkz/Build/Intermediates.noindex/ArchiveIntermediates/BookonDebug/IntermediateBuildFilesPath/BookonDebug.build/Release-iphoneos/BookonDebug.build/Objects-normal/arm64/BookonDebugApp.o -o /Users/runner/Library/Developer/Xcode/DerivedData/BookonDebug-ehazsigvxemoqzdtqumqzfgyfpkz/Build/Intermediates.noindex/ArchiveIntermediates/BookonDebug/IntermediateBuildFilesPath/BookonDebug.build/Release-iphoneos/BookonDebug.build/Objects-normal/arm64/ContentView.o -o /Users/runner/Library/Developer/Xcode/DerivedData/BookonDebug-ehazsigvxemoqzdtqumqzfgyfpkz/Build/Intermediates.noindex/ArchiveIntermediates/BookonDebug/IntermediateBuildFilesPath/BookonDebug.build/Release-iphoneos/BookonDebug.build/Objects-normal/arm64/DebugView.o -o /Users/runner/Library/Developer/Xcode/DerivedData/BookonDebug-ehazsigvxemoqzdtqumqzfgyfpkz/Build/Intermediates.noindex/ArchiveIntermediates/BookonDebug/IntermediateBuildFilesPath/BookonDebug.build/Release-iphoneos/BookonDebug.build/Objects-normal/arm64/SettingsView.o -o /Users/runner/Library/Developer/Xcode/DerivedData/BookonDebug-ehazsigvxemoqzdtqumqzfgyfpkz/Build/Intermediates.noindex/ArchiveIntermediates/BookonDebug/IntermediateBuildFilesPath/BookonDebug.build/Release-iphoneos/BookonDebug.build/Objects-normal/arm64/SourceListView.o -index-unit-output-path /BookonDebug.build/Release-iphoneos/BookonDebug.build/Objects-normal/arm64/BookonDebugApp.o -index-unit-output-path /BookonDebug.build/Release-iphoneos/BookonDebug.build/Objects-normal/arm64/ContentView.o -index-unit-output-path /BookonDebug.build/Release-iphoneos/BookonDebug.build/Objects-normal/arm64/DebugView.o -index-unit-output-path /BookonDebug.build/Release-iphoneos/BookonDebug.build/Objects-normal/arm64/SettingsView.o -index-unit-output-path /BookonDebug.build/Release-iphoneos/BookonDebug.build/Objects-normal/arm64/SourceListView.o
2026-10-05T12:39:45.5881830Z 
2026-10-05T12:39:45.5882520Z CompileSwift normal arm64 (in target 'BookonDebug' from project 'BookonDebug')
2026-10-05T12:39:45.5883130Z     cd /Users/runner/work/bookon/bookon
2026-10-05T12:39:45.5917630Z     /Applications/Xcode_15.4.app/Contents/Developer/Toolchains/XcodeDefault.xctoolchain/usr/bin/swift-frontend -c /Users/runner/work/bookon/bookon/App/BookonDebugApp.swift /Users/runner/work/bookon/bookon/App/ContentView.swift /Users/runner/work/bookon/bookon/App/DebugView.swift /Users/runner/work/bookon/bookon/App/SettingsView.swift /Users/runner/work/bookon/bookon/App/SourceListView.swift -supplementary-output-file-map /Users/runner/Library/Developer/Xcode/DerivedData/BookonDebug-ehazsigvxemoqzdtqumqzfgyfpkz/Build/Intermediates.noindex/ArchiveIntermediates/BookonDebug/IntermediateBuildFilesPath/BookonDebug.build/Release-iphoneos/BookonDebug.build/Objects-normal/arm64/supplementaryOutputs-4 -target arm64-apple-ios17.0 -Xllvm -aarch64-use-tbi -enable-objc-interop -stack-check -sdk /Applications/Xcode_15.4.app/Contents/Developer/Platforms/iPhoneOS.platform/Developer/SDKs/iPhoneOS17.5.sdk -I /Users/runner/Library/Developer/Xcode/DerivedData/BookonDebug-ehazsigvxemoqzdtqumqzfgyfpkz/Build/Intermediates.noindex/ArchiveIntermediates/BookonDebug/BuildProductsPath/Release-iphoneos -F /Users/runner/Library/Developer/Xcode/DerivedData/BookonDebug-ehazsigvxemoqzdtqumqzfgyfpkz/Build/Intermediates.noindex/ArchiveIntermediates/BookonDebug/BuildProductsPath/Release-iphoneos/PackageFrameworks -F /Users/runner/Library/Developer/Xcode/DerivedData/BookonDebug-ehazsigvxemoqzdtqumqzfgyfpkz/Build/Intermediates.noindex/ArchiveIntermediates/BookonDebug/BuildProductsPath/Release-iphoneos/PackageFrameworks -F /Users/runner/Library/Developer/Xcode/DerivedData/BookonDebug-ehazsigvxemoqzdtqumqzfgyfpkz/Build/Intermediates.noindex/ArchiveIntermediates/BookonDebug/BuildProductsPath/Release-iphoneos/PackageFrameworks -F /Users/runner/Library/Developer/Xcode/DerivedData/BookonDebug-ehazsigvxemoqzdtqumqzfgyfpkz/Build/Intermediates.noindex/ArchiveIntermediates/BookonDebug/BuildProductsPath/Release-iphoneos -no-color-diagnostics -g -module-cache-path /Users/runner/Library/Developer/Xcode/DerivedData/ModuleCache.noindex -swift-version 5 -enforce-exclusivity\=checked -O -serialize-debugging-options -const-gather-protocols-file /Users/runner/Library/Developer/Xcode/DerivedData/BookonDebug-ehazsigvxemoqzdtqumqzfgyfpkz/Build/Intermediates.noindex/ArchiveIntermediates/BookonDebug/IntermediateBuildFilesPath/BookonDebug.build/Release-iphoneos/BookonDebug.build/Objects-normal/arm64/BookonDebug_const_extract_protocols.json -enable-bare-slash-regex -empty-abi-descriptor -validate-clang-modules-once -clang-build-session-file /Users/runner/Library/Developer/Xcode/DerivedData/ModuleCache.noindex/Session.modulevalidation -Xcc -working-directory -Xcc /Users/runner/work/bookon/bookon -resource-dir /Applications/Xcode_15.4.app/Contents/Developer/Toolchains/XcodeDefault.xctoolchain/usr/lib/swift -Xcc -ivfsstatcache -Xcc /Users/runner/Library/Developer/Xcode/DerivedData/SDKStatCaches.noindex/iphoneos17.5-21F77-f0fa7969d082b13145125136a829df3a.sdkstatcache -Xcc -I/Users/runner/Library/Developer/Xcode/DerivedData/BookonDebug-ehazsigvxemoqzdtqumqzfgyfpkz/Build/Intermediates.noindex/ArchiveIntermediates/BookonDebug/IntermediateBuildFilesPath/BookonDebug.build/Release-iphoneos/BookonDebug.build/swift-overrides.hmap -Xcc -iquote -Xcc /Users/runner/Library/Developer/Xcode/DerivedData/BookonDebug-ehazsigvxemoqzdtqumqzfgyfpkz/Build/Intermediates.noindex/ArchiveIntermediates/BookonDebug/IntermediateBuildFilesPath/BookonDebug.build/Release-iphoneos/BookonDebug.build/BookonDebug-generated-files.hmap -Xcc -I/Users/runner/Library/Developer/Xcode/DerivedData/BookonDebug-ehazsigvxemoqzdtqumqzfgyfpkz/Build/Intermediates.noindex/ArchiveIntermediates/BookonDebug/IntermediateBuildFilesPath/BookonDebug.build/Release-iphoneos/BookonDebug.build/BookonDebug-own-target-headers.hmap -Xcc -I/Users/runner/Library/Developer/Xcode/DerivedData/BookonDebug-ehazsigvxemoqzdtqumqzfgyfpkz/Build/Intermediates.noindex/ArchiveIntermediates/BookonDebug/IntermediateBuildFilesPath/BookonDebug.build/Release-iphoneos/BookonDebug.build/BookonDebug-all-non-framework-target-headers.hmap -Xcc -ivfsoverlay -Xcc /Users/runner/Library/Developer/Xcode/DerivedData/BookonDebug-ehazsigvxemoqzdtqumqzfgyfpkz/Build/Intermediates.noindex/ArchiveIntermediates/BookonDebug/IntermediateBuildFilesPath/BookonDebug.build/Release-iphoneos/BookonDebug.build/all-product-headers.yaml -Xcc -iquote -Xcc /Users/runner/Library/Developer/Xcode/DerivedData/BookonDebug-ehazsigvxemoqzdtqumqzfgyfpkz/Build/Intermediates.noindex/ArchiveIntermediates/BookonDebug/IntermediateBuildFilesPath/BookonDebug.build/Release-iphoneos/BookonDebug.build/BookonDebug-project-headers.hmap -Xcc -I/Users/runner/Library/Developer/Xcode/DerivedData/BookonDebug-ehazsigvxemoqzdtqumqzfgyfpkz/Build/Intermediates.noindex/ArchiveIntermediates/BookonDebug/BuildProductsPath/Release-iphoneos/include -Xcc -I/Users/runner/Library/Developer/Xcode/DerivedData/BookonDebug-ehazsigvxemoqzdtqumqzfgyfpkz/Build/Intermediates.noindex/ArchiveIntermediates/BookonDebug/IntermediateBuildFilesPath/BookonDebug.build/Release-iphoneos/BookonDebug.build/DerivedSources-normal/arm64 -Xcc -I/Users/runner/Library/Developer/Xcode/DerivedData/BookonDebug-ehazsigvxemoqzdtqumqzfgyfpkz/Build/Intermediates.noindex/ArchiveIntermediates/BookonDebug/IntermediateBuildFilesPath/BookonDebug.build/Release-iphoneos/BookonDebug.build/DerivedSources/arm64 -Xcc -I/Users/runner/Library/Developer/Xcode/DerivedData/BookonDebug-ehazsigvxemoqzdtqumqzfgyfpkz/Build/Intermediates.noindex/ArchiveIntermediates/BookonDebug/IntermediateBuildFilesPath/BookonDebug.build/Release-iphoneos/BookonDebug.build/DerivedSources -module-name BookonDebug -frontend-parseable-output -disable-clang-spi -target-sdk-version 17.5 -target-sdk-name iphoneos17.5 -external-plugin-path /Applications/Xcode_15.4.app/Contents/Developer/Platforms/iPhoneOS.platform/Developer/SDKs/iPhoneOS17.5.sdk/usr/lib/swift/host/plugins\#/Applications/Xcode_15.4.app/Contents/Developer/Platforms/iPhoneOS.platform/Developer/SDKs/iPhoneOS17.5.sdk/usr/bin/swift-plugin-server -external-plugin-path /Applications/Xcode_15.4.app/Contents/Developer/Platforms/iPhoneOS.platform/Developer/SDKs/iPhoneOS17.5.sdk/usr/local/lib/swift/host/plugins\#/Applications/Xcode_15.4.app/Contents/Developer/Platforms/iPhoneOS.platform/Developer/SDKs/iPhoneOS17.5.sdk/usr/bin/swift-plugin-server -external-plugin-path /Applications/Xcode_15.4.app/Contents/Developer/Platforms/iPhoneOS.platform/Developer/usr/lib/swift/host/plugins\#/Applications/Xcode_15.4.app/Contents/Developer/Platforms/iPhoneOS.platform/Developer/usr/bin/swift-plugin-server -external-plugin-path /Applications/Xcode_15.4.app/Contents/Developer/Platforms/iPhoneOS.platform/Developer/usr/local/lib/swift/host/plugins\#/Applications/Xcode_15.4.app/Contents/Developer/Platforms/iPhoneOS.platform/Developer/usr/bin/swift-plugin-server -plugin-path /Applications/Xcode_15.4.app/Contents/Developer/Toolchains/XcodeDefault.xctoolchain/usr/lib/swift/host/plugins -plugin-path /Applications/Xcode_15.4.app/Contents/Developer/Toolchains/XcodeDefault.xctoolchain/usr/local/lib/swift/host/plugins -enable-default-cmo -num-threads 3 -o /Users/runner/Library/Developer/Xcode/DerivedData/BookonDebug-ehazsigvxemoqzdtqumqzfgyfpkz/Build/Intermediates.noindex/ArchiveIntermediates/BookonDebug/IntermediateBuildFilesPath/BookonDebug.build/Release-iphoneos/BookonDebug.build/Objects-normal/arm64/BookonDebugApp.o -o /Users/runner/Library/Developer/Xcode/DerivedData/BookonDebug-ehazsigvxemoqzdtqumqzfgyfpkz/Build/Intermediates.noindex/ArchiveIntermediates/BookonDebug/IntermediateBuildFilesPath/BookonDebug.build/Release-iphoneos/BookonDebug.build/Objects-normal/arm64/ContentView.o -o /Users/runner/Library/Developer/Xcode/DerivedData/BookonDebug-ehazsigvxemoqzdtqumqzfgyfpkz/Build/Intermediates.noindex/ArchiveIntermediates/BookonDebug/IntermediateBuildFilesPath/BookonDebug.build/Release-iphoneos/BookonDebug.build/Objects-normal/arm64/DebugView.o -o /Users/runner/Library/Developer/Xcode/DerivedData/BookonDebug-ehazsigvxemoqzdtqumqzfgyfpkz/Build/Intermediates.noindex/ArchiveIntermediates/BookonDebug/IntermediateBuildFilesPath/BookonDebug.build/Release-iphoneos/BookonDebug.build/Objects-normal/arm64/SettingsView.o -o /Users/runner/Library/Developer/Xcode/DerivedData/BookonDebug-ehazsigvxemoqzdtqumqzfgyfpkz/Build/Intermediates.noindex/ArchiveIntermediates/BookonDebug/IntermediateBuildFilesPath/BookonDebug.build/Release-iphoneos/BookonDebug.build/Objects-normal/arm64/SourceListView.o -index-unit-output-path /BookonDebug.build/Release-iphoneos/BookonDebug.build/Objects-normal/arm64/BookonDebugApp.o -index-unit-output-path /BookonDebug.build/Release-iphoneos/BookonDebug.build/Objects-normal/arm64/ContentView.o -index-unit-output-path /BookonDebug.build/Release-iphoneos/BookonDebug.build/Objects-normal/arm64/DebugView.o -index-unit-output-path /BookonDebug.build/Release-iphoneos/BookonDebug.build/Objects-normal/arm64/SettingsView.o -index-unit-output-path /BookonDebug.build/Release-iphoneos/BookonDebug.build/Objects-normal/arm64/SourceListView.o
2026-10-05T12:39:51.4197770Z /Users/runner/work/bookon/bookon/App/DebugView.swift:99:9: warning: result of 'try?' is unused
2026-10-05T12:39:51.4201000Z         try? logStore.saveLog(sourceName: source.bookSourceName, content: content)
2026-10-05T12:39:51.4201930Z         ^~~~~~~~~~~~~~~~~~~~~~~~~~~~~~~~~~~~~~~~~~~~~~~~~~~~~~~~~~~~~~~~~~~~~~~~~~
2026-10-05T12:39:51.4202290Z 
2026-10-05T12:39:51.4330780Z SetOwnerAndGroup runner:staff /Users/runner/Library/Developer/Xcode/DerivedData/BookonDebug-ehazsigvxemoqzdtqumqzfgyfpkz/Build/Intermediates.noindex/ArchiveIntermediates/BookonDebug/IntermediateBuildFilesPath/UninstalledProducts/iphoneos/BookonDebugKit.o (in target 'BookonDebugKit' from project 'LegadoBookSource')
2026-10-05T12:39:51.4334880Z     cd /Users/runner/work/bookon/bookon
2026-10-05T12:39:51.4337530Z     /usr/sbin/chown -RH runner:staff /Users/runner/Library/Developer/Xcode/DerivedData/BookonDebug-ehazsigvxemoqzdtqumqzfgyfpkz/Build/Intermediates.noindex/ArchiveIntermediates/BookonDebug/IntermediateBuildFilesPath/UninstalledProducts/iphoneos/BookonDebugKit.o
2026-10-05T12:39:51.4339960Z 
2026-10-05T12:39:51.4342450Z SetMode u+w,go-w,a+rX /Users/runner/Library/Developer/Xcode/DerivedData/BookonDebug-ehazsigvxemoqzdtqumqzfgyfpkz/Build/Intermediates.noindex/ArchiveIntermediates/BookonDebug/IntermediateBuildFilesPath/UninstalledProducts/iphoneos/BookonDebugKit.o (in target 'BookonDebugKit' from project 'LegadoBookSource')
2026-10-05T12:39:51.4346710Z     cd /Users/runner/work/bookon/bookon
2026-10-05T12:39:51.4349320Z     /bin/chmod -RH u+w,go-w,a+rX /Users/runner/Library/Developer/Xcode/DerivedData/BookonDebug-ehazsigvxemoqzdtqumqzfgyfpkz/Build/Intermediates.noindex/ArchiveIntermediates/BookonDebug/IntermediateBuildFilesPath/UninstalledProducts/iphoneos/BookonDebugKit.o
2026-10-05T12:39:51.4351690Z 
2026-10-05T12:39:51.4355170Z RegisterExecutionPolicyException /Users/runner/Library/Developer/Xcode/DerivedData/BookonDebug-ehazsigvxemoqzdtqumqzfgyfpkz/Build/Intermediates.noindex/ArchiveIntermediates/BookonDebug/IntermediateBuildFilesPath/UninstalledProducts/iphoneos/BookonDebugKit.o (in target 'BookonDebugKit' from project 'LegadoBookSource')
2026-10-05T12:39:51.4358450Z     cd /Users/runner/work/bookon/bookon
2026-10-05T12:39:51.4361080Z     builtin-RegisterExecutionPolicyException /Users/runner/Library/Developer/Xcode/DerivedData/BookonDebug-ehazsigvxemoqzdtqumqzfgyfpkz/Build/Intermediates.noindex/ArchiveIntermediates/BookonDebug/IntermediateBuildFilesPath/UninstalledProducts/iphoneos/BookonDebugKit.o
2026-10-05T12:39:51.4363520Z 
2026-10-05T12:39:51.4366680Z WriteAuxiliaryFile /Users/runner/Library/Developer/Xcode/DerivedData/BookonDebug-ehazsigvxemoqzdtqumqzfgyfpkz/Build/Intermediates.noindex/ArchiveIntermediates/BookonDebug/IntermediateBuildFilesPath/BookonDebug.build/Release-iphoneos/BookonDebug.build/Objects-normal/arm64/BookonDebug.LinkFileList (in target 'BookonDebug' from project 'BookonDebug')
2026-10-05T12:39:51.4370190Z     cd /Users/runner/work/bookon/bookon
2026-10-05T12:39:51.4373520Z     write-file /Users/runner/Library/Developer/Xcode/DerivedData/BookonDebug-ehazsigvxemoqzdtqumqzfgyfpkz/Build/Intermediates.noindex/ArchiveIntermediates/BookonDebug/IntermediateBuildFilesPath/BookonDebug.build/Release-iphoneos/BookonDebug.build/Objects-normal/arm64/BookonDebug.LinkFileList
2026-10-05T12:39:51.4376850Z 
2026-10-05T12:39:51.4378820Z Copy /Users/runner/Library/Developer/Xcode/DerivedData/BookonDebug-ehazsigvxemoqzdtqumqzfgyfpkz/Build/Intermediates.noindex/ArchiveIntermediates/BookonDebug/InstallationBuildProductsLocation/Applications/BookonDebug.app/LegadoBookSource_LegadoBookSource.bundle /Users/runner/Library/Developer/Xcode/DerivedData/BookonDebug-ehazsigvxemoqzdtqumqzfgyfpkz/Build/Intermediates.noindex/ArchiveIntermediates/BookonDebug/BuildProductsPath/Release-iphoneos/LegadoBookSource_LegadoBookSource.bundle (in target 'BookonDebug' from project 'BookonDebug')
2026-10-05T12:39:51.4380840Z     cd /Users/runner/work/bookon/bookon
2026-10-05T12:39:51.4384740Z     builtin-copy -exclude .DS_Store -exclude CVS -exclude .svn -exclude .git -exclude .hg -resolve-src-symlinks /Users/runner/Library/Developer/Xcode/DerivedData/BookonDebug-ehazsigvxemoqzdtqumqzfgyfpkz/Build/Intermediates.noindex/ArchiveIntermediates/BookonDebug/BuildProductsPath/Release-iphoneos/LegadoBookSource_LegadoBookSource.bundle /Users/runner/Library/Developer/Xcode/DerivedData/BookonDebug-ehazsigvxemoqzdtqumqzfgyfpkz/Build/Intermediates.noindex/ArchiveIntermediates/BookonDebug/InstallationBuildProductsLocation/Applications/BookonDebug.app
2026-10-05T12:39:51.4389670Z 
2026-10-05T12:39:51.4390840Z ProcessInfoPlistFile /Users/runner/Library/Developer/Xcode/DerivedData/BookonDebug-ehazsigvxemoqzdtqumqzfgyfpkz/Build/Intermediates.noindex/ArchiveIntermediates/BookonDebug/InstallationBuildProductsLocation/Applications/BookonDebug.app/Info.plist /Users/runner/work/bookon/bookon/App/Info.plist (in target 'BookonDebug' from project 'BookonDebug')
2026-10-05T12:39:51.4392310Z     cd /Users/runner/work/bookon/bookon
2026-10-05T12:39:51.4396320Z     builtin-infoPlistUtility /Users/runner/work/bookon/bookon/App/Info.plist -producttype com.apple.product-type.application -genpkginfo /Users/runner/Library/Developer/Xcode/DerivedData/BookonDebug-ehazsigvxemoqzdtqumqzfgyfpkz/Build/Intermediates.noindex/ArchiveIntermediates/BookonDebug/InstallationBuildProductsLocation/Applications/BookonDebug.app/PkgInfo -expandbuildsettings -format binary -platform iphoneos -scanforprivacyfile /Users/runner/Library/Developer/Xcode/DerivedData/BookonDebug-ehazsigvxemoqzdtqumqzfgyfpkz/Build/Intermediates.noindex/ArchiveIntermediates/BookonDebug/InstallationBuildProductsLocation/Applications/BookonDebug.app/LegadoBookSource_LegadoBookSource.bundle -requiredArchitecture arm64 -o /Users/runner/Library/Developer/Xcode/DerivedData/BookonDebug-ehazsigvxemoqzdtqumqzfgyfpkz/Build/Intermediates.noindex/ArchiveIntermediates/BookonDebug/InstallationBuildProductsLocation/Applications/BookonDebug.app/Info.plist
2026-10-05T12:39:51.4400000Z 
2026-10-05T12:39:51.4400600Z SwiftDriverJobDiscovery normal arm64 Compiling BookonDebugApp.swift, ContentView.swift, DebugView.swift, SettingsView.swift, SourceListView.swift (in target 'BookonDebug' from project 'BookonDebug')
2026-10-05T12:39:51.4401270Z 
2026-10-05T12:39:51.4401780Z SwiftDriver\ Compilation\ Requirements BookonDebug normal arm64 com.apple.xcode.tools.swift.compiler (in target 'BookonDebug' from project 'BookonDebug')
2026-10-05T12:39:51.4402390Z     cd /Users/runner/work/bookon/bookon
2026-10-05T12:39:51.4427250Z     builtin-Swift-Compilation-Requirements -- /Applications/Xcode_15.4.app/Contents/Developer/Toolchains/XcodeDefault.xctoolchain/usr/bin/swiftc -module-name BookonDebug -O -whole-module-optimization -enforce-exclusivity\=checked @/Users/runner/Library/Developer/Xcode/DerivedData/BookonDebug-ehazsigvxemoqzdtqumqzfgyfpkz/Build/Intermediates.noindex/ArchiveIntermediates/BookonDebug/IntermediateBuildFilesPath/BookonDebug.build/Release-iphoneos/BookonDebug.build/Objects-normal/arm64/BookonDebug.SwiftFileList -sdk /Applications/Xcode_15.4.app/Contents/Developer/Platforms/iPhoneOS.platform/Developer/SDKs/iPhoneOS17.5.sdk -target arm64-apple-ios17.0 -enable-bare-slash-regex -g -module-cache-path /Users/runner/Library/Developer/Xcode/DerivedData/ModuleCache.noindex -Xfrontend -serialize-debugging-options -swift-version 5 -I /Users/runner/Library/Developer/Xcode/DerivedData/BookonDebug-ehazsigvxemoqzdtqumqzfgyfpkz/Build/Intermediates.noindex/ArchiveIntermediates/BookonDebug/BuildProductsPath/Release-iphoneos -F /Users/runner/Library/Developer/Xcode/DerivedData/BookonDebug-ehazsigvxemoqzdtqumqzfgyfpkz/Build/Intermediates.noindex/ArchiveIntermediates/BookonDebug/BuildProductsPath/Release-iphoneos/PackageFrameworks -F /Users/runner/Library/Developer/Xcode/DerivedData/BookonDebug-ehazsigvxemoqzdtqumqzfgyfpkz/Build/Intermediates.noindex/ArchiveIntermediates/BookonDebug/BuildProductsPath/Release-iphoneos/PackageFrameworks -F /Users/runner/Library/Developer/Xcode/DerivedData/BookonDebug-ehazsigvxemoqzdtqumqzfgyfpkz/Build/Intermediates.noindex/ArchiveIntermediates/BookonDebug/BuildProductsPath/Release-iphoneos/PackageFrameworks -F /Users/runner/Library/Developer/Xcode/DerivedData/BookonDebug-ehazsigvxemoqzdtqumqzfgyfpkz/Build/Intermediates.noindex/ArchiveIntermediates/BookonDebug/BuildProductsPath/Release-iphoneos -c -num-threads 3 -Xcc -ivfsstatcache -Xcc /Users/runner/Library/Developer/Xcode/DerivedData/SDKStatCaches.noindex/iphoneos17.5-21F77-f0fa7969d082b13145125136a829df3a.sdkstatcache -output-file-map /Users/runner/Library/Developer/Xcode/DerivedData/BookonDebug-ehazsigvxemoqzdtqumqzfgyfpkz/Build/Intermediates.noindex/ArchiveIntermediates/BookonDebug/IntermediateBuildFilesPath/BookonDebug.build/Release-iphoneos/BookonDebug.build/Objects-normal/arm64/BookonDebug-OutputFileMap.json -use-frontend-parseable-output -save-temps -no-color-diagnostics -serialize-diagnostics -emit-dependencies -emit-module -emit-module-path /Users/runner/Library/Developer/Xcode/DerivedData/BookonDebug-ehazsigvxemoqzdtqumqzfgyfpkz/Build/Intermediates.noindex/ArchiveIntermediates/BookonDebug/IntermediateBuildFilesPath/BookonDebug.build/Release-iphoneos/BookonDebug.build/Objects-normal/arm64/BookonDebug.swiftmodule -validate-clang-modules-once -clang-build-session-file /Users/runner/Library/Developer/Xcode/DerivedData/ModuleCache.noindex/Session.modulevalidation -Xcc -I/Users/runner/Library/Developer/Xcode/DerivedData/BookonDebug-ehazsigvxemoqzdtqumqzfgyfpkz/Build/Intermediates.noindex/ArchiveIntermediates/BookonDebug/IntermediateBuildFilesPath/BookonDebug.build/Release-iphoneos/BookonDebug.build/swift-overrides.hmap -emit-const-values -Xfrontend -const-gather-protocols-file -Xfrontend /Users/runner/Library/Developer/Xcode/DerivedData/BookonDebug-ehazsigvxemoqzdtqumqzfgyfpkz/Build/Intermediates.noindex/ArchiveIntermediates/BookonDebug/IntermediateBuildFilesPath/BookonDebug.build/Release-iphoneos/BookonDebug.build/Objects-normal/arm64/BookonDebug_const_extract_protocols.json -Xcc -iquote -Xcc /Users/runner/Library/Developer/Xcode/DerivedData/BookonDebug-ehazsigvxemoqzdtqumqzfgyfpkz/Build/Intermediates.noindex/ArchiveIntermediates/BookonDebug/IntermediateBuildFilesPath/BookonDebug.build/Release-iphoneos/BookonDebug.build/BookonDebug-generated-files.hmap -Xcc -I/Users/runner/Library/Developer/Xcode/DerivedData/BookonDebug-ehazsigvxemoqzdtqumqzfgyfpkz/Build/Intermediates.noindex/ArchiveIntermediates/BookonDebug/IntermediateBuildFilesPath/BookonDebug.build/Release-iphoneos/BookonDebug.build/BookonDebug-own-target-headers.hmap -Xcc -I/Users/runner/Library/Developer/Xcode/DerivedData/BookonDebug-ehazsigvxemoqzdtqumqzfgyfpkz/Build/Intermediates.noindex/ArchiveIntermediates/BookonDebug/IntermediateBuildFilesPath/BookonDebug.build/Release-iphoneos/BookonDebug.build/BookonDebug-all-non-framework-target-headers.hmap -Xcc -ivfsoverlay -Xcc /Users/runner/Library/Developer/Xcode/DerivedData/BookonDebug-ehazsigvxemoqzdtqumqzfgyfpkz/Build/Intermediates.noindex/ArchiveIntermediates/BookonDebug/IntermediateBuildFilesPath/BookonDebug.build/Release-iphoneos/BookonDebug.build/all-product-headers.yaml -Xcc -iquote -Xcc /Users/runner/Library/Developer/Xcode/DerivedData/BookonDebug-ehazsigvxemoqzdtqumqzfgyfpkz/Build/Intermediates.noindex/ArchiveIntermediates/BookonDebug/IntermediateBuildFilesPath/BookonDebug.build/Release-iphoneos/BookonDebug.build/BookonDebug-project-headers.hmap -Xcc -I/Users/runner/Library/Developer/Xcode/DerivedData/BookonDebug-ehazsigvxemoqzdtqumqzfgyfpkz/Build/Intermediates.noindex/ArchiveIntermediates/BookonDebug/BuildProductsPath/Release-iphoneos/include -Xcc -I/Users/runner/Library/Developer/Xcode/DerivedData/BookonDebug-ehazsigvxemoqzdtqumqzfgyfpkz/Build/Intermediates.noindex/ArchiveIntermediates/BookonDebug/IntermediateBuildFilesPath/BookonDebug.build/Release-iphoneos/BookonDebug.build/DerivedSources-normal/arm64 -Xcc -I/Users/runner/Library/Developer/Xcode/DerivedData/BookonDebug-ehazsigvxemoqzdtqumqzfgyfpkz/Build/Intermediates.noindex/ArchiveIntermediates/BookonDebug/IntermediateBuildFilesPath/BookonDebug.build/Release-iphoneos/BookonDebug.build/DerivedSources/arm64 -Xcc -I/Users/runner/Library/Developer/Xcode/DerivedData/BookonDebug-ehazsigvxemoqzdtqumqzfgyfpkz/Build/Intermediates.noindex/ArchiveIntermediates/BookonDebug/IntermediateBuildFilesPath/BookonDebug.build/Release-iphoneos/BookonDebug.build/DerivedSources -emit-objc-header -emit-objc-header-path /Users/runner/Library/Developer/Xcode/DerivedData/BookonDebug-ehazsigvxemoqzdtqumqzfgyfpkz/Build/Intermediates.noindex/ArchiveIntermediates/BookonDebug/IntermediateBuildFilesPath/BookonDebug.build/Release-iphoneos/BookonDebug.build/Objects-normal/arm64/BookonDebug-Swift.h -working-directory /Users/runner/work/bookon/bookon -no-emit-module-separately-wmo
2026-10-05T12:39:51.4448560Z 
2026-10-05T12:39:51.4450500Z Copy /Users/runner/Library/Developer/Xcode/DerivedData/BookonDebug-ehazsigvxemoqzdtqumqzfgyfpkz/Build/Intermediates.noindex/ArchiveIntermediates/BookonDebug/BuildProductsPath/Release-iphoneos/BookonDebug.swiftmodule/arm64-apple-ios.swiftmodule /Users/runner/Library/Developer/Xcode/DerivedData/BookonDebug-ehazsigvxemoqzdtqumqzfgyfpkz/Build/Intermediates.noindex/ArchiveIntermediates/BookonDebug/IntermediateBuildFilesPath/BookonDebug.build/Release-iphoneos/BookonDebug.build/Objects-normal/arm64/BookonDebug.swiftmodule (in target 'BookonDebug' from project 'BookonDebug')
2026-10-05T12:39:51.4452710Z     cd /Users/runner/work/bookon/bookon
2026-10-05T12:39:51.4454920Z     builtin-copy -exclude .DS_Store -exclude CVS -exclude .svn -exclude .git -exclude .hg -resolve-src-symlinks -rename /Users/runner/Library/Developer/Xcode/DerivedData/BookonDebug-ehazsigvxemoqzdtqumqzfgyfpkz/Build/Intermediates.noindex/ArchiveIntermediates/BookonDebug/IntermediateBuildFilesPath/BookonDebug.build/Release-iphoneos/BookonDebug.build/Objects-normal/arm64/BookonDebug.swiftmodule /Users/runner/Library/Developer/Xcode/DerivedData/BookonDebug-ehazsigvxemoqzdtqumqzfgyfpkz/Build/Intermediates.noindex/ArchiveIntermediates/BookonDebug/BuildProductsPath/Release-iphoneos/BookonDebug.swiftmodule/arm64-apple-ios.swiftmodule
2026-10-05T12:39:51.4457020Z 
2026-10-05T12:39:51.4458830Z Copy /Users/runner/Library/Developer/Xcode/DerivedData/BookonDebug-ehazsigvxemoqzdtqumqzfgyfpkz/Build/Intermediates.noindex/ArchiveIntermediates/BookonDebug/BuildProductsPath/Release-iphoneos/BookonDebug.swiftmodule/arm64-apple-ios.swiftdoc /Users/runner/Library/Developer/Xcode/DerivedData/BookonDebug-ehazsigvxemoqzdtqumqzfgyfpkz/Build/Intermediates.noindex/ArchiveIntermediates/BookonDebug/IntermediateBuildFilesPath/BookonDebug.build/Release-iphoneos/BookonDebug.build/Objects-normal/arm64/BookonDebug.swiftdoc (in target 'BookonDebug' from project 'BookonDebug')
2026-10-05T12:39:51.4460750Z     cd /Users/runner/work/bookon/bookon
2026-10-05T12:39:51.4462790Z     builtin-copy -exclude .DS_Store -exclude CVS -exclude .svn -exclude .git -exclude .hg -resolve-src-symlinks -rename /Users/runner/Library/Developer/Xcode/DerivedData/BookonDebug-ehazsigvxemoqzdtqumqzfgyfpkz/Build/Intermediates.noindex/ArchiveIntermediates/BookonDebug/IntermediateBuildFilesPath/BookonDebug.build/Release-iphoneos/BookonDebug.build/Objects-normal/arm64/BookonDebug.swiftdoc /Users/runner/Library/Developer/Xcode/DerivedData/BookonDebug-ehazsigvxemoqzdtqumqzfgyfpkz/Build/Intermediates.noindex/ArchiveIntermediates/BookonDebug/BuildProductsPath/Release-iphoneos/BookonDebug.swiftmodule/arm64-apple-ios.swiftdoc
2026-10-05T12:39:51.4465230Z 
2026-10-05T12:39:51.4467220Z SwiftMergeGeneratedHeaders /Users/runner/Library/Developer/Xcode/DerivedData/BookonDebug-ehazsigvxemoqzdtqumqzfgyfpkz/Build/Intermediates.noindex/ArchiveIntermediates/BookonDebug/IntermediateBuildFilesPath/BookonDebug.build/Release-iphoneos/BookonDebug.build/DerivedSources/BookonDebug-Swift.h /Users/runner/Library/Developer/Xcode/DerivedData/BookonDebug-ehazsigvxemoqzdtqumqzfgyfpkz/Build/Intermediates.noindex/ArchiveIntermediates/BookonDebug/IntermediateBuildFilesPath/BookonDebug.build/Release-iphoneos/BookonDebug.build/Objects-normal/arm64/BookonDebug-Swift.h (in target 'BookonDebug' from project 'BookonDebug')
2026-10-05T12:39:51.4469450Z     cd /Users/runner/work/bookon/bookon
2026-10-05T12:39:51.4471380Z     builtin-swiftHeaderTool -arch arm64 /Users/runner/Library/Developer/Xcode/DerivedData/BookonDebug-ehazsigvxemoqzdtqumqzfgyfpkz/Build/Intermediates.noindex/ArchiveIntermediates/BookonDebug/IntermediateBuildFilesPath/BookonDebug.build/Release-iphoneos/BookonDebug.build/Objects-normal/arm64/BookonDebug-Swift.h -o /Users/runner/Library/Developer/Xcode/DerivedData/BookonDebug-ehazsigvxemoqzdtqumqzfgyfpkz/Build/Intermediates.noindex/ArchiveIntermediates/BookonDebug/IntermediateBuildFilesPath/BookonDebug.build/Release-iphoneos/BookonDebug.build/DerivedSources/BookonDebug-Swift.h
2026-10-05T12:39:51.4473230Z 
2026-10-05T12:39:51.4474960Z Copy /Users/runner/Library/Developer/Xcode/DerivedData/BookonDebug-ehazsigvxemoqzdtqumqzfgyfpkz/Build/Intermediates.noindex/ArchiveIntermediates/BookonDebug/BuildProductsPath/Release-iphoneos/BookonDebug.swiftmodule/arm64-apple-ios.abi.json /Users/runner/Library/Developer/Xcode/DerivedData/BookonDebug-ehazsigvxemoqzdtqumqzfgyfpkz/Build/Intermediates.noindex/ArchiveIntermediates/BookonDebug/IntermediateBuildFilesPath/BookonDebug.build/Release-iphoneos/BookonDebug.build/Objects-normal/arm64/BookonDebug.abi.json (in target 'BookonDebug' from project 'BookonDebug')
2026-10-05T12:39:51.4477180Z     cd /Users/runner/work/bookon/bookon
2026-10-05T12:39:51.4479300Z     builtin-copy -exclude .DS_Store -exclude CVS -exclude .svn -exclude .git -exclude .hg -resolve-src-symlinks -rename /Users/runner/Library/Developer/Xcode/DerivedData/BookonDebug-ehazsigvxemoqzdtqumqzfgyfpkz/Build/Intermediates.noindex/ArchiveIntermediates/BookonDebug/IntermediateBuildFilesPath/BookonDebug.build/Release-iphoneos/BookonDebug.build/Objects-normal/arm64/BookonDebug.abi.json /Users/runner/Library/Developer/Xcode/DerivedData/BookonDebug-ehazsigvxemoqzdtqumqzfgyfpkz/Build/Intermediates.noindex/ArchiveIntermediates/BookonDebug/BuildProductsPath/Release-iphoneos/BookonDebug.swiftmodule/arm64-apple-ios.abi.json
2026-10-05T12:39:51.4481390Z 
2026-10-05T12:39:51.4482320Z Ld /Users/runner/Library/Developer/Xcode/DerivedData/BookonDebug-ehazsigvxemoqzdtqumqzfgyfpkz/Build/Intermediates.noindex/ArchiveIntermediates/BookonDebug/InstallationBuildProductsLocation/Applications/BookonDebug.app/BookonDebug normal (in target 'BookonDebug' from project 'BookonDebug')
2026-10-05T12:39:51.4483910Z     cd /Users/runner/work/bookon/bookon
2026-10-05T12:39:51.4510970Z     /Applications/Xcode_15.4.app/Contents/Developer/Toolchains/XcodeDefault.xctoolchain/usr/bin/clang -Xlinker -reproducible -target arm64-apple-ios17.0 -isysroot /Applications/Xcode_15.4.app/Contents/Developer/Platforms/iPhoneOS.platform/Developer/SDKs/iPhoneOS17.5.sdk -Os -L/Users/runner/Library/Developer/Xcode/DerivedData/BookonDebug-ehazsigvxemoqzdtqumqzfgyfpkz/Build/Intermediates.noindex/ArchiveIntermediates/BookonDebug/IntermediateBuildFilesPath/EagerLinkingTBDs/Release-iphoneos -L/Users/runner/Library/Developer/Xcode/DerivedData/BookonDebug-ehazsigvxemoqzdtqumqzfgyfpkz/Build/Intermediates.noindex/ArchiveIntermediates/BookonDebug/BuildProductsPath/Release-iphoneos -F/Users/runner/Library/Developer/Xcode/DerivedData/BookonDebug-ehazsigvxemoqzdtqumqzfgyfpkz/Build/Intermediates.noindex/ArchiveIntermediates/BookonDebug/IntermediateBuildFilesPath/EagerLinkingTBDs/Release-iphoneos -F/Users/runner/Library/Developer/Xcode/DerivedData/BookonDebug-ehazsigvxemoqzdtqumqzfgyfpkz/Build/Intermediates.noindex/ArchiveIntermediates/BookonDebug/BuildProductsPath/Release-iphoneos/PackageFrameworks -F/Users/runner/Library/Developer/Xcode/DerivedData/BookonDebug-ehazsigvxemoqzdtqumqzfgyfpkz/Build/Intermediates.noindex/ArchiveIntermediates/BookonDebug/BuildProductsPath/Release-iphoneos/PackageFrameworks -F/Users/runner/Library/Developer/Xcode/DerivedData/BookonDebug-ehazsigvxemoqzdtqumqzfgyfpkz/Build/Intermediates.noindex/ArchiveIntermediates/BookonDebug/BuildProductsPath/Release-iphoneos/PackageFrameworks -F/Users/runner/Library/Developer/Xcode/DerivedData/BookonDebug-ehazsigvxemoqzdtqumqzfgyfpkz/Build/Intermediates.noindex/ArchiveIntermediates/BookonDebug/BuildProductsPath/Release-iphoneos -filelist /Users/runner/Library/Developer/Xcode/DerivedData/BookonDebug-ehazsigvxemoqzdtqumqzfgyfpkz/Build/Intermediates.noindex/ArchiveIntermediates/BookonDebug/IntermediateBuildFilesPath/BookonDebug.build/Release-iphoneos/BookonDebug.build/Objects-normal/arm64/BookonDebug.LinkFileList -Xlinker -rpath -Xlinker @executable_path/Frameworks -dead_strip -Xlinker -object_path_lto -Xlinker /Users/runner/Library/Developer/Xcode/DerivedData/BookonDebug-ehazsigvxemoqzdtqumqzfgyfpkz/Build/Intermediates.noindex/ArchiveIntermediates/BookonDebug/IntermediateBuildFilesPath/BookonDebug.build/Release-iphoneos/BookonDebug.build/Objects-normal/arm64/BookonDebug_lto.o -Xlinker -final_output -Xlinker /Applications/BookonDebug.app/BookonDebug -fobjc-link-runtime -L/Applications/Xcode_15.4.app/Contents/Developer/Toolchains/XcodeDefault.xctoolchain/usr/lib/swift/iphoneos -L/usr/lib/swift -Xlinker -add_ast_path -Xlinker /Users/runner/Library/Developer/Xcode/DerivedData/BookonDebug-ehazsigvxemoqzdtqumqzfgyfpkz/Build/Intermediates.noindex/ArchiveIntermediates/BookonDebug/IntermediateBuildFilesPath/BookonDebug.build/Release-iphoneos/BookonDebug.build/Objects-normal/arm64/BookonDebug.swiftmodule -Wl,-no_warn_duplicate_libraries -Wl,-no_warn_duplicate_libraries -Wl,-no_warn_duplicate_libraries -Xlinker -dependency_info -Xlinker /Users/runner/Library/Developer/Xcode/DerivedData/BookonDebug-ehazsigvxemoqzdtqumqzfgyfpkz/Build/Intermediates.noindex/ArchiveIntermediates/BookonDebug/IntermediateBuildFilesPath/BookonDebug.build/Release-iphoneos/BookonDebug.build/Objects-normal/arm64/BookonDebug_dependency_info.dat -o /Users/runner/Library/Developer/Xcode/DerivedData/BookonDebug-ehazsigvxemoqzdtqumqzfgyfpkz/Build/Intermediates.noindex/ArchiveIntermediates/BookonDebug/InstallationBuildProductsLocation/Applications/BookonDebug.app/BookonDebug -Xlinker -add_ast_path -Xlinker /Users/runner/Library/Developer/Xcode/DerivedData/BookonDebug-ehazsigvxemoqzdtqumqzfgyfpkz/Build/Intermediates.noindex/ArchiveIntermediates/BookonDebug/IntermediateBuildFilesPath/LegadoBookSource.build/Release-iphoneos/BookonDebugKit.build/Objects-normal/arm64/BookonDebugKit.swiftmodule -Xlinker -add_ast_path -Xlinker /Users/runner/Library/Developer/Xcode/DerivedData/BookonDebug-ehazsigvxemoqzdtqumqzfgyfpkz/Build/Intermediates.noindex/ArchiveIntermediates/BookonDebug/IntermediateBuildFilesPath/SwiftSoup.build/Release-iphoneos/SwiftSoup.build/Objects-normal/arm64/SwiftSoup.swiftmodule -Xlinker -add_ast_path -Xlinker /Users/runner/Library/Developer/Xcode/DerivedData/BookonDebug-ehazsigvxemoqzdtqumqzfgyfpkz/Build/Intermediates.noindex/ArchiveIntermediates/BookonDebug/IntermediateBuildFilesPath/LegadoBookSource.build/Release-iphoneos/LegadoBookSource.build/Objects-normal/arm64/LegadoBookSource.swiftmodule
2026-10-05T12:39:51.7878200Z 
2026-10-05T12:39:51.7924130Z CopySwiftLibs /Users/runner/Library/Developer/Xcode/DerivedData/BookonDebug-ehazsigvxemoqzdtqumqzfgyfpkz/Build/Intermediates.noindex/ArchiveIntermediates/BookonDebug/InstallationBuildProductsLocation/Applications/BookonDebug.app (in target 'BookonDebug' from project 'BookonDebug')
2026-10-05T12:39:51.7937830Z     cd /Users/runner/work/bookon/bookon
2026-10-05T12:39:51.8015760Z     builtin-swiftStdLibTool --copy --verbose --scan-executable /Users/runner/Library/Developer/Xcode/DerivedData/BookonDebug-ehazsigvxemoqzdtqumqzfgyfpkz/Build/Intermediates.noindex/ArchiveIntermediates/BookonDebug/InstallationBuildProductsLocation/Applications/BookonDebug.app/BookonDebug --scan-folder /Users/runner/Library/Developer/Xcode/DerivedData/BookonDebug-ehazsigvxemoqzdtqumqzfgyfpkz/Build/Intermediates.noindex/ArchiveIntermediates/BookonDebug/InstallationBuildProductsLocation/Applications/BookonDebug.app/Frameworks --scan-folder /Users/runner/Library/Developer/Xcode/DerivedData/BookonDebug-ehazsigvxemoqzdtqumqzfgyfpkz/Build/Intermediates.noindex/ArchiveIntermediates/BookonDebug/InstallationBuildProductsLocation/Applications/BookonDebug.app/PlugIns --scan-folder /Users/runner/Library/Developer/Xcode/DerivedData/BookonDebug-ehazsigvxemoqzdtqumqzfgyfpkz/Build/Intermediates.noindex/ArchiveIntermediates/BookonDebug/InstallationBuildProductsLocation/Applications/BookonDebug.app/SystemExtensions --scan-folder /Users/runner/Library/Developer/Xcode/DerivedData/BookonDebug-ehazsigvxemoqzdtqumqzfgyfpkz/Build/Intermediates.noindex/ArchiveIntermediates/BookonDebug/InstallationBuildProductsLocation/Applications/BookonDebug.app/Extensions --platform iphoneos --toolchain /Applications/Xcode_15.4.app/Contents/Developer/Toolchains/XcodeDefault.xctoolchain --destination /Users/runner/Library/Developer/Xcode/DerivedData/BookonDebug-ehazsigvxemoqzdtqumqzfgyfpkz/Build/Intermediates.noindex/ArchiveIntermediates/BookonDebug/InstallationBuildProductsLocation/Applications/BookonDebug.app/Frameworks --unsigned-destination /Users/runner/Library/Developer/Xcode/DerivedData/BookonDebug-ehazsigvxemoqzdtqumqzfgyfpkz/Build/Intermediates.noindex/ArchiveIntermediates/BookonDebug/BuildProductsPath/SwiftSupport --strip-bitcode --strip-bitcode-tool /Applications/Xcode_15.4.app/Contents/Developer/Toolchains/XcodeDefault.xctoolchain/usr/bin/bitcode_strip --emit-dependency-info /Users/runner/Library/Developer/Xcode/DerivedData/BookonDebug-ehazsigvxemoqzdtqumqzfgyfpkz/Build/Intermediates.noindex/ArchiveIntermediates/BookonDebug/IntermediateBuildFilesPath/BookonDebug.build/Release-iphoneos/BookonDebug.build/SwiftStdLibToolInputDependencies.dep --filter-for-swift-os
2026-10-05T12:39:52.0731250Z Ignoring --strip-bitcode because --sign was not passed
2026-10-05T12:39:52.0734250Z 
2026-10-05T12:39:52.0736410Z WriteAuxiliaryFile /Users/runner/Library/Developer/Xcode/DerivedData/BookonDebug-ehazsigvxemoqzdtqumqzfgyfpkz/Build/Intermediates.noindex/ArchiveIntermediates/BookonDebug/IntermediateBuildFilesPath/BookonDebug.build/Release-iphoneos/BookonDebug.build/Objects-normal/arm64/BookonDebug.SwiftConstValuesFileList (in target 'BookonDebug' from project 'BookonDebug')
2026-10-05T12:39:52.0738200Z     cd /Users/runner/work/bookon/bookon
2026-10-05T12:39:52.0739550Z     write-file /Users/runner/Library/Developer/Xcode/DerivedData/BookonDebug-ehazsigvxemoqzdtqumqzfgyfpkz/Build/Intermediates.noindex/ArchiveIntermediates/BookonDebug/IntermediateBuildFilesPath/BookonDebug.build/Release-iphoneos/BookonDebug.build/Objects-normal/arm64/BookonDebug.SwiftConstValuesFileList
2026-10-05T12:39:52.0740700Z 
2026-10-05T12:39:52.0742660Z GenerateDSYMFile /Users/runner/Library/Developer/Xcode/DerivedData/BookonDebug-ehazsigvxemoqzdtqumqzfgyfpkz/Build/Intermediates.noindex/ArchiveIntermediates/BookonDebug/BuildProductsPath/Release-iphoneos/BookonDebug.app.dSYM /Users/runner/Library/Developer/Xcode/DerivedData/BookonDebug-ehazsigvxemoqzdtqumqzfgyfpkz/Build/Intermediates.noindex/ArchiveIntermediates/BookonDebug/InstallationBuildProductsLocation/Applications/BookonDebug.app/BookonDebug (in target 'BookonDebug' from project 'BookonDebug')
2026-10-05T12:39:52.0744610Z     cd /Users/runner/work/bookon/bookon
2026-10-05T12:39:52.0747060Z     /Applications/Xcode_15.4.app/Contents/Developer/Toolchains/XcodeDefault.xctoolchain/usr/bin/dsymutil /Users/runner/Library/Developer/Xcode/DerivedData/BookonDebug-ehazsigvxemoqzdtqumqzfgyfpkz/Build/Intermediates.noindex/ArchiveIntermediates/BookonDebug/InstallationBuildProductsLocation/Applications/BookonDebug.app/BookonDebug -o /Users/runner/Library/Developer/Xcode/DerivedData/BookonDebug-ehazsigvxemoqzdtqumqzfgyfpkz/Build/Intermediates.noindex/ArchiveIntermediates/BookonDebug/BuildProductsPath/Release-iphoneos/BookonDebug.app.dSYM
2026-10-05T12:39:52.6815710Z 
2026-10-05T12:39:52.6819610Z ExtractAppIntentsMetadata (in target 'BookonDebug' from project 'BookonDebug')
2026-10-05T12:39:52.6820150Z     cd /Users/runner/work/bookon/bookon
2026-10-05T12:39:52.6832290Z     /Applications/Xcode_15.4.app/Contents/Developer/Toolchains/XcodeDefault.xctoolchain/usr/bin/appintentsmetadataprocessor --output /Users/runner/Library/Developer/Xcode/DerivedData/BookonDebug-ehazsigvxemoqzdtqumqzfgyfpkz/Build/Intermediates.noindex/ArchiveIntermediates/BookonDebug/InstallationBuildProductsLocation/Applications/BookonDebug.app --toolchain-dir /Applications/Xcode_15.4.app/Contents/Developer/Toolchains/XcodeDefault.xctoolchain --module-name BookonDebug --sdk-root /Applications/Xcode_15.4.app/Contents/Developer/Platforms/iPhoneOS.platform/Developer/SDKs/iPhoneOS17.5.sdk --xcode-version 15F31d --platform-family iOS --deployment-target 17.0 --target-triple arm64-apple-ios17.0 --binary-file /Users/runner/Library/Developer/Xcode/DerivedData/BookonDebug-ehazsigvxemoqzdtqumqzfgyfpkz/Build/Intermediates.noindex/ArchiveIntermediates/BookonDebug/InstallationBuildProductsLocation/Applications/BookonDebug.app/BookonDebug --dependency-file /Users/runner/Library/Developer/Xcode/DerivedData/BookonDebug-ehazsigvxemoqzdtqumqzfgyfpkz/Build/Intermediates.noindex/ArchiveIntermediates/BookonDebug/IntermediateBuildFilesPath/BookonDebug.build/Release-iphoneos/BookonDebug.build/Objects-normal/arm64/BookonDebug_dependency_info.dat --stringsdata-file /Users/runner/Library/Developer/Xcode/DerivedData/BookonDebug-ehazsigvxemoqzdtqumqzfgyfpkz/Build/Intermediates.noindex/ArchiveIntermediates/BookonDebug/IntermediateBuildFilesPath/BookonDebug.build/Release-iphoneos/BookonDebug.build/Objects-normal/arm64/ExtractedAppShortcutsMetadata.stringsdata --source-file-list /Users/runner/Library/Developer/Xcode/DerivedData/BookonDebug-ehazsigvxemoqzdtqumqzfgyfpkz/Build/Intermediates.noindex/ArchiveIntermediates/BookonDebug/IntermediateBuildFilesPath/BookonDebug.build/Release-iphoneos/BookonDebug.build/Objects-normal/arm64/BookonDebug.SwiftFileList --swift-const-vals-list /Users/runner/Library/Developer/Xcode/DerivedData/BookonDebug-ehazsigvxemoqzdtqumqzfgyfpkz/Build/Intermediates.noindex/ArchiveIntermediates/BookonDebug/IntermediateBuildFilesPath/BookonDebug.build/Release-iphoneos/BookonDebug.build/Objects-normal/arm64/BookonDebug.SwiftConstValuesFileList --compile-time-extraction --deployment-aware-processing
2026-10-05T12:39:52.6841190Z note: Metadata extraction skipped. No AppIntents.framework dependency found. (in target 'BookonDebug' from project 'BookonDebug')
2026-10-05T12:39:52.6842440Z 
2026-10-05T12:39:52.6842730Z AppIntentsSSUTraining (in target 'BookonDebug' from project 'BookonDebug')
2026-10-05T12:39:52.6843270Z     cd /Users/runner/work/bookon/bookon
2026-10-05T12:39:52.6849190Z     /Applications/Xcode_15.4.app/Contents/Developer/Toolchains/XcodeDefault.xctoolchain/usr/bin/appintentsnltrainingprocessor --infoplist-path /Users/runner/Library/Developer/Xcode/DerivedData/BookonDebug-ehazsigvxemoqzdtqumqzfgyfpkz/Build/Intermediates.noindex/ArchiveIntermediates/BookonDebug/InstallationBuildProductsLocation/Applications/BookonDebug.app/Info.plist --temp-dir-path /Users/runner/Library/Developer/Xcode/DerivedData/BookonDebug-ehazsigvxemoqzdtqumqzfgyfpkz/Build/Intermediates.noindex/ArchiveIntermediates/BookonDebug/IntermediateBuildFilesPath/BookonDebug.build/Release-iphoneos/BookonDebug.build/ssu --bundle-id com.bookon.debug --product-path /Users/runner/Library/Developer/Xcode/DerivedData/BookonDebug-ehazsigvxemoqzdtqumqzfgyfpkz/Build/Intermediates.noindex/ArchiveIntermediates/BookonDebug/InstallationBuildProductsLocation/Applications/BookonDebug.app --extracted-metadata-path /Users/runner/Library/Developer/Xcode/DerivedData/BookonDebug-ehazsigvxemoqzdtqumqzfgyfpkz/Build/Intermediates.noindex/ArchiveIntermediates/BookonDebug/InstallationBuildProductsLocation/Applications/BookonDebug.app/Metadata.appintents --deployment-postprocessing --archive-ssu-assets
2026-10-05T12:39:52.6856340Z 2026-10-05 12:39:52.125 appintentsnltrainingprocessor[4250:14864] Parsing options for appintentsnltrainingprocessor
2026-10-05T12:39:52.6858130Z 2026-10-05 12:39:52.128 appintentsnltrainingprocessor[4250:14864] No AppShortcuts found - Skipping.
2026-10-05T12:39:52.6858670Z 
2026-10-05T12:39:52.6859590Z Strip /Users/runner/Library/Developer/Xcode/DerivedData/BookonDebug-ehazsigvxemoqzdtqumqzfgyfpkz/Build/Intermediates.noindex/ArchiveIntermediates/BookonDebug/InstallationBuildProductsLocation/Applications/BookonDebug.app/BookonDebug (in target 'BookonDebug' from project 'BookonDebug')
2026-10-05T12:39:52.6862000Z     cd /Users/runner/work/bookon/bookon
2026-10-05T12:39:52.6864210Z     /Applications/Xcode_15.4.app/Contents/Developer/Toolchains/XcodeDefault.xctoolchain/usr/bin/strip -D /Users/runner/Library/Developer/Xcode/DerivedData/BookonDebug-ehazsigvxemoqzdtqumqzfgyfpkz/Build/Intermediates.noindex/ArchiveIntermediates/BookonDebug/InstallationBuildProductsLocation/Applications/BookonDebug.app/BookonDebug
2026-10-05T12:39:52.7056390Z 
2026-10-05T12:39:52.7059650Z SetOwnerAndGroup runner:staff /Users/runner/Library/Developer/Xcode/DerivedData/BookonDebug-ehazsigvxemoqzdtqumqzfgyfpkz/Build/Intermediates.noindex/ArchiveIntermediates/BookonDebug/InstallationBuildProductsLocation/Applications/BookonDebug.app (in target 'BookonDebug' from project 'BookonDebug')
2026-10-05T12:39:52.7060880Z     cd /Users/runner/work/bookon/bookon
2026-10-05T12:39:52.7061960Z     /usr/sbin/chown -RH runner:staff /Users/runner/Library/Developer/Xcode/DerivedData/BookonDebug-ehazsigvxemoqzdtqumqzfgyfpkz/Build/Intermediates.noindex/ArchiveIntermediates/BookonDebug/InstallationBuildProductsLocation/Applications/BookonDebug.app
2026-10-05T12:39:52.7108900Z 
2026-10-05T12:39:52.7111670Z SetMode u+w,go-w,a+rX /Users/runner/Library/Developer/Xcode/DerivedData/BookonDebug-ehazsigvxemoqzdtqumqzfgyfpkz/Build/Intermediates.noindex/ArchiveIntermediates/BookonDebug/InstallationBuildProductsLocation/Applications/BookonDebug.app (in target 'BookonDebug' from project 'BookonDebug')
2026-10-05T12:39:52.7112880Z     cd /Users/runner/work/bookon/bookon
2026-10-05T12:39:52.7113880Z     /bin/chmod -RH u+w,go-w,a+rX /Users/runner/Library/Developer/Xcode/DerivedData/BookonDebug-ehazsigvxemoqzdtqumqzfgyfpkz/Build/Intermediates.noindex/ArchiveIntermediates/BookonDebug/InstallationBuildProductsLocation/Applications/BookonDebug.app
2026-10-05T12:39:52.7127330Z 
2026-10-05T12:39:52.7133370Z RegisterExecutionPolicyException /Users/runner/Library/Developer/Xcode/DerivedData/BookonDebug-ehazsigvxemoqzdtqumqzfgyfpkz/Build/Intermediates.noindex/ArchiveIntermediates/BookonDebug/InstallationBuildProductsLocation/Applications/BookonDebug.app (in target 'BookonDebug' from project 'BookonDebug')
2026-10-05T12:39:52.7136140Z     cd /Users/runner/work/bookon/bookon
2026-10-05T12:39:52.7137260Z     builtin-RegisterExecutionPolicyException /Users/runner/Library/Developer/Xcode/DerivedData/BookonDebug-ehazsigvxemoqzdtqumqzfgyfpkz/Build/Intermediates.noindex/ArchiveIntermediates/BookonDebug/InstallationBuildProductsLocation/Applications/BookonDebug.app
2026-10-05T12:39:52.7187230Z 
2026-10-05T12:39:52.7189700Z Validate /Users/runner/Library/Developer/Xcode/DerivedData/BookonDebug-ehazsigvxemoqzdtqumqzfgyfpkz/Build/Intermediates.noindex/ArchiveIntermediates/BookonDebug/InstallationBuildProductsLocation/Applications/BookonDebug.app (in target 'BookonDebug' from project 'BookonDebug')
2026-10-05T12:39:52.7191170Z     cd /Users/runner/work/bookon/bookon
2026-10-05T12:39:52.7192180Z     builtin-validationUtility /Users/runner/Library/Developer/Xcode/DerivedData/BookonDebug-ehazsigvxemoqzdtqumqzfgyfpkz/Build/Intermediates.noindex/ArchiveIntermediates/BookonDebug/InstallationBuildProductsLocation/Applications/BookonDebug.app
2026-10-05T12:39:52.7195590Z 
2026-10-05T12:39:52.7198800Z Touch /Users/runner/Library/Developer/Xcode/DerivedData/BookonDebug-ehazsigvxemoqzdtqumqzfgyfpkz/Build/Intermediates.noindex/ArchiveIntermediates/BookonDebug/InstallationBuildProductsLocation/Applications/BookonDebug.app (in target 'BookonDebug' from project 'BookonDebug')
2026-10-05T12:39:52.7200290Z     cd /Users/runner/work/bookon/bookon
2026-10-05T12:39:52.7201340Z     /usr/bin/touch -c /Users/runner/Library/Developer/Xcode/DerivedData/BookonDebug-ehazsigvxemoqzdtqumqzfgyfpkz/Build/Intermediates.noindex/ArchiveIntermediates/BookonDebug/InstallationBuildProductsLocation/Applications/BookonDebug.app
2026-10-05T12:39:52.7248310Z 
2026-10-05T12:39:52.7940520Z ** ARCHIVE SUCCEEDED **
2026-10-05T12:39:52.7941120Z 
2026-10-05T12:39:52.8368640Z == 3/4 校验 Info.plist（MinimumOSVersion 必须为 17.0）==
2026-10-05T12:39:52.8530570Z   "BuildCIRun" => "37310649613"
2026-10-05T12:39:52.8530990Z   "BuildCommit" => "7ad1589fe73266d7db5ef244c6ef3c7cda0167fa"
2026-10-05T12:39:52.8531460Z   "MinimumOSVersion" => "17.0"
2026-10-05T12:39:52.8596010Z MinimumOSVersion = 17.0 ✓
2026-10-05T12:39:52.8598010Z == 4/4 打包 IPA ==
2026-10-05T12:39:53.1714000Z IPA 已生成: build/BookonDebug.ipa
2026-10-05T12:39:53.1769740Z -rw-r--r--  1 runner  staff  1810407 Oct  5 12:39 build/BookonDebug.ipa
2026-10-05T12:39:53.1937520Z ##[group]Run actions/upload-artifact@v4
2026-10-05T12:39:53.1937760Z with:
2026-10-05T12:39:53.1937910Z   name: bookon-debug-ipa
2026-10-05T12:39:53.1938170Z   path: build/BookonDebug.ipa
2026-10-05T12:39:53.1938360Z   if-no-files-found: error
2026-10-05T12:39:53.1938560Z   compression-level: 6
2026-10-05T12:39:53.1938720Z   overwrite: false
2026-10-05T12:39:53.1938880Z   include-hidden-files: false
2026-10-05T12:39:53.1939060Z ##[endgroup]
2026-10-05T12:39:53.6838760Z (node:4269) [DEP0040] DeprecationWarning: The `punycode` module is deprecated. Please use a userland alternative instead.
2026-10-05T12:39:53.6839500Z (Use `node --trace-deprecation ...` to show where the warning was created)
2026-10-05T12:39:53.6901730Z With the provided path, there will be 1 file uploaded
2026-10-05T12:39:53.6906470Z Artifact name is valid!
2026-10-05T12:39:53.6906940Z Root directory input is valid!
2026-10-05T12:39:54.1057930Z Beginning upload of artifact content to blob storage
2026-10-05T12:39:54.2011490Z (node:4269) [DEP0169] DeprecationWarning: `url.parse()` behavior is not standardized and prone to errors that have security implications. Use the WHATWG URL API instead. CVEs are not issued for `url.parse()` vulnerabilities.
2026-10-05T12:39:54.9709230Z Uploaded bytes 1806528
2026-10-05T12:39:55.0499750Z Finished uploading artifact content to blob storage!
2026-10-05T12:39:55.0500500Z SHA256 digest of uploaded artifact zip is b9c534cff9dc1b8645e838bcb0b609117bdd8f34785f7363fd196a6ac5cd7f54
2026-10-05T12:39:55.0501160Z Finalizing artifact upload
2026-10-05T12:39:55.3639760Z Artifact bookon-debug-ipa.zip successfully finalized. Artifact ID 11346295410
2026-10-05T12:39:55.3643030Z Artifact bookon-debug-ipa has been successfully uploaded! Final size is 1806528 bytes. Artifact ID is 11346295410
2026-10-05T12:39:55.3647270Z Artifact download URL: https://github.com/zhuof725/bookon/actions/runs/37310649613/artifacts/11346295410
2026-10-05T12:39:55.3881220Z Post job cleanup.
2026-10-05T12:39:55.5175930Z [command]/opt/homebrew/bin/git version
2026-10-05T12:39:55.5458410Z git version 2.55.0
2026-10-05T12:39:55.5483310Z Copying '/Users/runner/.gitconfig' to '/Users/runner/work/_temp/388572bb-adca-4356-8d90-55ac2d7d3be3/.gitconfig'
2026-10-05T12:39:55.5493440Z Temporarily overriding HOME='/Users/runner/work/_temp/388572bb-adca-4356-8d90-55ac2d7d3be3' before making global git config changes
2026-10-05T12:39:55.5494410Z Adding repository directory to the temporary git global config as a safe directory
2026-10-05T12:39:55.5497300Z [command]/opt/homebrew/bin/git config --global --add safe.directory /Users/runner/work/bookon/bookon
2026-10-05T12:39:55.5606900Z [command]/opt/homebrew/bin/git config --local --name-only --get-regexp core\.sshCommand
2026-10-05T12:39:55.5669630Z [command]/opt/homebrew/bin/git submodule foreach --recursive sh -c "git config --local --name-only --get-regexp 'core\.sshCommand' && git config --local --unset-all 'core.sshCommand' || :"
2026-10-05T12:39:55.6885350Z [command]/opt/homebrew/bin/git config --local --name-only --get-regexp http\.https\:\/\/github\.com\/\.extraheader
2026-10-05T12:39:55.6936620Z http.https://github.com/.extraheader
2026-10-05T12:39:55.6945740Z [command]/opt/homebrew/bin/git config --local --unset-all http.https://github.com/.extraheader
2026-10-05T12:39:55.7022270Z [command]/opt/homebrew/bin/git submodule foreach --recursive sh -c "git config --local --name-only --get-regexp 'http\.https\:\/\/github\.com\/\.extraheader' && git config --local --unset-all 'http.https://github.com/.extraheader' || :"
2026-10-05T12:39:55.7925460Z [command]/opt/homebrew/bin/git config --local --name-only --get-regexp ^includeIf\.gitdir:
2026-10-05T12:39:55.7983100Z [command]/opt/homebrew/bin/git submodule foreach --recursive git config --local --show-origin --name-only --get-regexp remote.origin.url
2026-10-05T12:39:55.9119400Z Cleaning up orphan processes
2026-10-05T12:39:56.5525160Z ##[warning]Node.js 20 is deprecated. The following actions target Node.js 20 but are being forced to run on Node.js 24: actions/checkout@v4, actions/upload-artifact@v4. For more information see: https://github.blog/changelog/2025-09-19-deprecation-of-node-20-on-github-actions-runners/
